time,router,count,metric_type
2026-07-16 12:26:30+00:00,br-koramangala,0,routing
2026-07-16 12:26:30+00:00,zo-bengaluru,0,routing
2026-07-16 12:26:30+00:00,br-whitefield,0,routing
2026-07-16 12:26:30+00:00,ho-chennai,0,routing
2026-07-16 12:27:00+00:00,br-whitefield,0,routing
2026-07-16 12:27:00+00:00,ho-chennai,0,routing
2026-07-16 12:27:00+00:00,br-koramangala,0,routing
2026-07-16 12:27:00+00:00,zo-bengaluru,0,routing
2026-07-16 12:27:30+00:00,br-koramangala,0,routing
2026-07-16 12:27:30+00:00,zo-bengaluru,0,routing
2026-07-16 12:27:30+00:00,br-whitefield,0,routing
2026-07-16 12:27:30+00:00,ho-chennai,0,routing
2026-07-16 12:28:00+00:00,br-whitefield,0,routing
2026-07-16 12:28:00+00:00,ho-chennai,0,routing
2026-07-16 12:28:00+00:00,br-koramangala,0,routing
2026-07-16 12:28:00+00:00,zo-bengaluru,0,routing
2026-07-16 12:28:30+00:00,br-koramangala,0,routing
2026-07-16 12:28:30+00:00,zo-bengaluru,0,routing
2026-07-16 12:28:30+00:00,br-whitefield,0,routing
2026-07-16 12:28:30+00:00,ho-chennai,0,routing
2026-07-16 12:29:00+00:00,br-whitefield,0,routing
2026-07-16 12:29:00+00:00,ho-chennai,0,routing
2026-07-16 12:29:00+00:00,br-koramangala,0,routing
2026-07-16 12:29:00+00:00,zo-bengaluru,0,routing
2026-07-16 12:29:30+00:00,br-koramangala,0,routing
2026-07-16 12:29:30+00:00,zo-bengaluru,0,routing
2026-07-16 12:29:30+00:00,br-whitefield,0,routing
2026-07-16 12:29:30+00:00,ho-chennai,0,routing
2026-07-16 12:30:00+00:00,br-whitefield,0,routing
2026-07-16 12:30:00+00:00,ho-chennai,0,routing
2026-07-16 12:30:00+00:00,br-koramangala,0,routing
2026-07-16 12:30:00+00:00,zo-bengaluru,0,routing
2026-07-16 12:30:30+00:00,br-koramangala,0,routing
2026-07-16 12:30:30+00:00,zo-bengaluru,0,routing
2026-07-16 12:30:30+00:00,br-whitefield,0,routing
2026-07-16 12:30:30+00:00,ho-chennai,0,routing
2026-07-16 12:31:00+00:00,br-whitefield,0,routing
2026-07-16 12:31:00+00:00,ho-chennai,0,routing
2026-07-16 12:31:00+00:00,br-koramangala,0,routing
2026-07-16 12:31:00+00:00,zo-bengaluru,0,routing
2026-07-16 12:31:30+00:00,br-koramangala,0,routing
2026-07-16 12:31:30+00:00,zo-bengaluru,0,routing
2026-07-16 12:31:30+00:00,br-whitefield,0,routing
2026-07-16 12:31:30+00:00,ho-chennai,0,routing
2026-07-16 12:32:00+00:00,br-whitefield,0,routing
2026-07-16 12:32:00+00:00,ho-chennai,0,routing
2026-07-16 12:32:00+00:00,br-koramangala,0,routing
2026-07-16 12:32:00+00:00,zo-bengaluru,0,routing
2026-07-16 12:32:30+00:00,br-koramangala,0,routing
2026-07-16 12:32:30+00:00,zo-bengaluru,0,routing
2026-07-16 12:32:30+00:00,br-whitefield,0,routing
2026-07-16 12:32:30+00:00,ho-chennai,0,routing
2026-07-16 12:33:00+00:00,br-whitefield,0,routing
2026-07-16 12:33:00+00:00,ho-chennai,0,routing
2026-07-16 12:33:00+00:00,br-koramangala,0,routing
2026-07-16 12:33:00+00:00,zo-bengaluru,0,routing
2026-07-16 12:33:30+00:00,br-koramangala,0,routing
2026-07-16 12:33:30+00:00,zo-bengaluru,0,routing
2026-07-16 12:33:30+00:00,br-whitefield,0,routing
2026-07-16 12:33:30+00:00,ho-chennai,0,routing
2026-07-16 12:34:00+00:00,br-whitefield,0,routing
2026-07-16 12:34:00+00:00,ho-chennai,0,routing
2026-07-16 12:34:00+00:00,br-koramangala,0,routing
2026-07-16 12:34:00+00:00,zo-bengaluru,0,routing
2026-07-16 12:34:30+00:00,br-koramangala,0,routing
2026-07-16 12:34:30+00:00,zo-bengaluru,0,routing
2026-07-16 12:34:30+00:00,br-whitefield,0,routing
2026-07-16 12:34:30+00:00,ho-chennai,0,routing
2026-07-16 12:35:00+00:00,br-whitefield,0,routing
2026-07-16 12:35:00+00:00,ho-chennai,0,routing
2026-07-16 12:35:00+00:00,br-koramangala,0,routing
2026-07-16 12:35:00+00:00,zo-bengaluru,0,routing
2026-07-16 12:35:30+00:00,br-koramangala,0,routing
2026-07-16 12:35:30+00:00,zo-bengaluru,0,routing
2026-07-16 12:35:30+00:00,br-whitefield,0,routing
2026-07-16 12:35:30+00:00,ho-chennai,0,routing
2026-07-16 12:36:00+00:00,br-whitefield,0,routing
2026-07-16 12:36:00+00:00,ho-chennai,0,routing
2026-07-16 12:36:00+00:00,br-koramangala,0,routing
2026-07-16 12:36:00+00:00,zo-bengaluru,0,routing
2026-07-16 12:36:30+00:00,br-koramangala,0,routing
2026-07-16 12:36:30+00:00,zo-bengaluru,0,routing
2026-07-16 12:36:30+00:00,br-whitefield,0,routing
2026-07-16 12:36:30+00:00,ho-chennai,0,routing
2026-07-16 12:37:00+00:00,br-whitefield,0,routing
2026-07-16 12:37:00+00:00,ho-chennai,0,routing
2026-07-16 12:37:00+00:00,br-koramangala,0,routing
2026-07-16 12:37:00+00:00,zo-bengaluru,0,routing
2026-07-16 12:37:30+00:00,br-koramangala,0,routing
2026-07-16 12:37:30+00:00,zo-bengaluru,0,routing
2026-07-16 12:37:30+00:00,br-whitefield,0,routing
2026-07-16 12:37:30+00:00,ho-chennai,0,routing
2026-07-16 12:38:00+00:00,br-whitefield,0,routing
2026-07-16 12:38:00+00:00,ho-chennai,0,routing
2026-07-16 12:38:00+00:00,br-koramangala,0,routing
2026-07-16 12:38:00+00:00,zo-bengaluru,0,routing
2026-07-16 12:38:30+00:00,br-koramangala,0,routing
2026-07-16 12:38:30+00:00,zo-bengaluru,0,routing
2026-07-16 12:38:30+00:00,br-whitefield,0,routing
2026-07-16 12:38:30+00:00,ho-chennai,0,routing
2026-07-16 12:39:00+00:00,br-whitefield,0,routing
2026-07-16 12:39:00+00:00,ho-chennai,0,routing
2026-07-16 12:39:00+00:00,br-koramangala,0,routing
2026-07-16 12:39:00+00:00,zo-bengaluru,0,routing
2026-07-16 12:39:30+00:00,br-koramangala,0,routing
2026-07-16 12:39:30+00:00,zo-bengaluru,0,routing
2026-07-16 12:39:30+00:00,br-whitefield,0,routing
2026-07-16 12:39:30+00:00,ho-chennai,0,routing
2026-07-16 12:40:00+00:00,br-whitefield,0,routing
2026-07-16 12:40:00+00:00,ho-chennai,0,routing
2026-07-16 12:40:00+00:00,br-koramangala,0,routing
2026-07-16 12:40:00+00:00,zo-bengaluru,0,routing
2026-07-16 12:40:30+00:00,br-koramangala,0,routing
2026-07-16 12:40:30+00:00,zo-bengaluru,0,routing
2026-07-16 12:40:30+00:00,br-whitefield,0,routing
2026-07-16 12:40:30+00:00,ho-chennai,0,routing
2026-07-16 12:41:00+00:00,br-whitefield,0,routing
2026-07-16 12:41:00+00:00,ho-chennai,0,routing
2026-07-16 12:41:00+00:00,br-koramangala,0,routing
2026-07-16 12:41:00+00:00,zo-bengaluru,0,routing
2026-07-16 12:41:30+00:00,br-koramangala,0,routing
2026-07-16 12:41:30+00:00,zo-bengaluru,0,routing
2026-07-16 12:41:30+00:00,br-whitefield,0,routing
2026-07-16 12:41:30+00:00,ho-chennai,0,routing
2026-07-16 12:42:00+00:00,br-whitefield,0,routing
2026-07-16 12:42:00+00:00,ho-chennai,0,routing
2026-07-16 12:42:00+00:00,br-koramangala,0,routing
2026-07-16 12:42:00+00:00,zo-bengaluru,0,routing
2026-07-16 12:42:30+00:00,br-koramangala,0,routing
2026-07-16 12:42:30+00:00,zo-bengaluru,0,routing
2026-07-16 12:42:30+00:00,br-whitefield,0,routing
2026-07-16 12:42:30+00:00,ho-chennai,0,routing
2026-07-16 12:43:00+00:00,br-whitefield,0,routing
2026-07-16 12:43:00+00:00,ho-chennai,0,routing
2026-07-16 12:43:00+00:00,br-koramangala,0,routing
2026-07-16 12:43:00+00:00,zo-bengaluru,0,routing
2026-07-16 12:43:30+00:00,br-koramangala,0,routing
2026-07-16 12:43:30+00:00,zo-bengaluru,0,routing
2026-07-16 12:43:30+00:00,br-whitefield,0,routing
2026-07-16 12:43:30+00:00,ho-chennai,0,routing
2026-07-16 12:44:00+00:00,br-whitefield,0,routing
2026-07-16 12:44:00+00:00,ho-chennai,0,routing
2026-07-16 12:44:00+00:00,br-koramangala,0,routing
2026-07-16 12:44:00+00:00,zo-bengaluru,0,routing
2026-07-16 12:44:30+00:00,br-koramangala,0,routing
2026-07-16 12:44:30+00:00,zo-bengaluru,0,routing
2026-07-16 12:44:30+00:00,br-whitefield,0,routing
2026-07-16 12:44:30+00:00,ho-chennai,0,routing
2026-07-16 12:45:00+00:00,br-whitefield,0,routing
2026-07-16 12:45:00+00:00,ho-chennai,0,routing
2026-07-16 12:45:00+00:00,br-koramangala,0,routing
2026-07-16 12:45:00+00:00,zo-bengaluru,0,routing
2026-07-16 12:45:30+00:00,br-koramangala,0,routing
2026-07-16 12:45:30+00:00,zo-bengaluru,0,routing
2026-07-16 12:45:30+00:00,br-whitefield,0,routing
2026-07-16 12:45:30+00:00,ho-chennai,0,routing
2026-07-16 12:46:00+00:00,br-whitefield,0,routing
2026-07-16 12:46:00+00:00,ho-chennai,0,routing
2026-07-16 12:46:00+00:00,br-koramangala,0,routing
2026-07-16 12:46:00+00:00,zo-bengaluru,0,routing
2026-07-16 12:46:30+00:00,br-koramangala,0,routing
2026-07-16 12:46:30+00:00,zo-bengaluru,0,routing
2026-07-16 12:46:30+00:00,br-whitefield,0,routing
2026-07-16 12:46:30+00:00,ho-chennai,0,routing
2026-07-16 12:47:00+00:00,br-whitefield,0,routing
2026-07-16 12:47:00+00:00,ho-chennai,0,routing
2026-07-16 12:47:00+00:00,br-koramangala,0,routing
2026-07-16 12:47:00+00:00,zo-bengaluru,0,routing
2026-07-16 12:47:30+00:00,br-koramangala,0,routing
2026-07-16 12:47:30+00:00,zo-bengaluru,0,routing
2026-07-16 12:47:30+00:00,br-whitefield,0,routing
2026-07-16 12:47:30+00:00,ho-chennai,0,routing
2026-07-16 12:48:00+00:00,br-whitefield,0,routing
2026-07-16 12:48:00+00:00,ho-chennai,0,routing
2026-07-16 12:48:00+00:00,br-koramangala,0,routing
2026-07-16 12:48:00+00:00,zo-bengaluru,0,routing
2026-07-16 12:48:30+00:00,br-koramangala,0,routing
2026-07-16 12:48:30+00:00,zo-bengaluru,0,routing
2026-07-16 12:48:30+00:00,br-whitefield,0,routing
2026-07-16 12:48:30+00:00,ho-chennai,0,routing
2026-07-16 12:49:00+00:00,br-whitefield,0,routing
2026-07-16 12:49:00+00:00,ho-chennai,0,routing
2026-07-16 12:49:00+00:00,br-koramangala,0,routing
2026-07-16 12:49:00+00:00,zo-bengaluru,0,routing
2026-07-16 12:49:30+00:00,br-koramangala,0,routing
2026-07-16 12:49:30+00:00,zo-bengaluru,0,routing
2026-07-16 12:49:30+00:00,br-whitefield,0,routing
2026-07-16 12:49:30+00:00,ho-chennai,0,routing
2026-07-16 12:50:00+00:00,br-whitefield,0,routing
2026-07-16 12:50:00+00:00,ho-chennai,0,routing
2026-07-16 12:50:00+00:00,br-koramangala,0,routing
2026-07-16 12:50:00+00:00,zo-bengaluru,0,routing
2026-07-16 12:50:30+00:00,br-koramangala,0,routing
2026-07-16 12:50:30+00:00,zo-bengaluru,0,routing
2026-07-16 12:50:30+00:00,br-whitefield,0,routing
2026-07-16 12:50:30+00:00,ho-chennai,0,routing
2026-07-16 12:51:00+00:00,br-whitefield,0,routing
2026-07-16 12:51:00+00:00,ho-chennai,0,routing
2026-07-16 12:51:00+00:00,br-koramangala,0,routing
2026-07-16 12:51:00+00:00,zo-bengaluru,0,routing
2026-07-16 12:51:30+00:00,br-koramangala,0,routing
2026-07-16 12:51:30+00:00,zo-bengaluru,0,routing
2026-07-16 12:51:30+00:00,br-whitefield,0,routing
2026-07-16 12:51:30+00:00,ho-chennai,0,routing
2026-07-16 12:52:00+00:00,br-whitefield,0,routing
2026-07-16 12:52:00+00:00,ho-chennai,0,routing
2026-07-16 12:52:00+00:00,br-koramangala,0,routing
2026-07-16 12:52:00+00:00,zo-bengaluru,0,routing
2026-07-16 12:52:30+00:00,br-koramangala,0,routing
2026-07-16 12:52:30+00:00,zo-bengaluru,0,routing
2026-07-16 12:52:30+00:00,br-whitefield,0,routing
2026-07-16 12:52:30+00:00,ho-chennai,0,routing
2026-07-16 12:53:00+00:00,br-whitefield,0,routing
2026-07-16 12:53:00+00:00,ho-chennai,0,routing
2026-07-16 12:53:00+00:00,br-koramangala,0,routing
2026-07-16 12:53:00+00:00,zo-bengaluru,0,routing
2026-07-16 12:53:30+00:00,br-koramangala,0,routing
2026-07-16 12:53:30+00:00,zo-bengaluru,0,routing
2026-07-16 12:53:30+00:00,br-whitefield,0,routing
2026-07-16 12:53:30+00:00,ho-chennai,0,routing
2026-07-16 12:54:00+00:00,br-whitefield,0,routing
2026-07-16 12:54:00+00:00,ho-chennai,0,routing
2026-07-16 12:54:00+00:00,br-koramangala,0,routing
2026-07-16 12:54:00+00:00,zo-bengaluru,0,routing
2026-07-16 12:54:30+00:00,br-koramangala,0,routing
2026-07-16 12:54:30+00:00,zo-bengaluru,0,routing
2026-07-16 12:54:30+00:00,br-whitefield,0,routing
2026-07-16 12:54:30+00:00,ho-chennai,0,routing
2026-07-16 12:55:00+00:00,br-whitefield,0,routing
2026-07-16 12:55:00+00:00,ho-chennai,0,routing
2026-07-16 12:55:00+00:00,br-koramangala,0,routing
2026-07-16 12:55:00+00:00,zo-bengaluru,0,routing
2026-07-16 12:55:30+00:00,br-koramangala,0,routing
2026-07-16 12:55:30+00:00,zo-bengaluru,0,routing
2026-07-16 12:55:30+00:00,br-whitefield,0,routing
2026-07-16 12:55:30+00:00,ho-chennai,0,routing
2026-07-16 12:56:00+00:00,br-whitefield,0,routing
2026-07-16 12:56:00+00:00,ho-chennai,0,routing
2026-07-16 12:56:00+00:00,br-koramangala,0,routing
2026-07-16 12:56:00+00:00,zo-bengaluru,0,routing
2026-07-16 12:56:30+00:00,br-koramangala,0,routing
2026-07-16 12:56:30+00:00,zo-bengaluru,0,routing
2026-07-16 12:56:30+00:00,br-whitefield,0,routing
2026-07-16 12:56:30+00:00,ho-chennai,0,routing
2026-07-16 12:57:00+00:00,br-whitefield,0,routing
2026-07-16 12:57:00+00:00,ho-chennai,0,routing
2026-07-16 12:57:00+00:00,br-koramangala,0,routing
2026-07-16 12:57:00+00:00,zo-bengaluru,0,routing
2026-07-16 12:57:30+00:00,br-koramangala,0,routing
2026-07-16 12:57:30+00:00,zo-bengaluru,0,routing
2026-07-16 12:57:30+00:00,br-whitefield,0,routing
2026-07-16 12:57:30+00:00,ho-chennai,0,routing
2026-07-16 12:58:00+00:00,br-whitefield,0,routing
2026-07-16 12:58:00+00:00,ho-chennai,0,routing
2026-07-16 12:58:00+00:00,br-koramangala,0,routing
2026-07-16 12:58:00+00:00,zo-bengaluru,0,routing
2026-07-16 12:58:30+00:00,br-koramangala,0,routing
2026-07-16 12:58:30+00:00,zo-bengaluru,0,routing
2026-07-16 12:58:30+00:00,br-whitefield,0,routing
2026-07-16 12:58:30+00:00,ho-chennai,0,routing
2026-07-16 12:59:00+00:00,br-whitefield,0,routing
2026-07-16 12:59:00+00:00,ho-chennai,0,routing
2026-07-16 12:59:00+00:00,br-koramangala,0,routing
2026-07-16 12:59:00+00:00,zo-bengaluru,0,routing
2026-07-16 12:59:30+00:00,br-koramangala,0,routing
2026-07-16 12:59:30+00:00,zo-bengaluru,0,routing
2026-07-16 12:59:30+00:00,br-whitefield,0,routing
2026-07-16 12:59:30+00:00,ho-chennai,0,routing
2026-07-16 13:00:00+00:00,br-whitefield,0,routing
2026-07-16 13:00:00+00:00,ho-chennai,0,routing
2026-07-16 13:00:00+00:00,br-koramangala,0,routing
2026-07-16 13:00:00+00:00,zo-bengaluru,0,routing
2026-07-16 14:58:30+00:00,br-koramangala,0,routing
2026-07-16 14:58:30+00:00,zo-bengaluru,0,routing
2026-07-16 14:58:30+00:00,br-whitefield,0,routing
2026-07-16 14:58:30+00:00,ho-chennai,0,routing
2026-07-16 14:59:00+00:00,br-whitefield,0,routing
2026-07-16 14:59:00+00:00,ho-chennai,0,routing
2026-07-16 14:59:00+00:00,br-koramangala,0,routing
2026-07-16 14:59:00+00:00,zo-bengaluru,0,routing
2026-07-16 14:59:30+00:00,br-koramangala,0,routing
2026-07-16 14:59:30+00:00,zo-bengaluru,0,routing
2026-07-16 14:59:30+00:00,br-whitefield,0,routing
2026-07-16 14:59:30+00:00,ho-chennai,0,routing
2026-07-16 15:00:00+00:00,br-whitefield,0,routing
2026-07-16 15:00:00+00:00,ho-chennai,0,routing
2026-07-16 15:00:00+00:00,br-koramangala,0,routing
2026-07-16 15:00:00+00:00,zo-bengaluru,0,routing
2026-07-16 15:00:30+00:00,br-koramangala,0,routing
2026-07-16 15:00:30+00:00,zo-bengaluru,0,routing
2026-07-16 15:00:30+00:00,br-whitefield,0,routing
2026-07-16 15:00:30+00:00,ho-chennai,0,routing
2026-07-16 15:01:00+00:00,br-whitefield,0,routing
2026-07-16 15:01:00+00:00,ho-chennai,0,routing
2026-07-16 15:01:00+00:00,br-koramangala,0,routing
2026-07-16 15:01:00+00:00,zo-bengaluru,0,routing
2026-07-16 15:01:30+00:00,br-koramangala,0,routing
2026-07-16 15:01:30+00:00,zo-bengaluru,0,routing
2026-07-16 15:01:30+00:00,br-whitefield,0,routing
2026-07-16 15:01:30+00:00,ho-chennai,0,routing
2026-07-16 15:02:00+00:00,br-whitefield,0,routing
2026-07-16 15:02:00+00:00,ho-chennai,0,routing
2026-07-16 15:02:00+00:00,br-koramangala,0,routing
2026-07-16 15:02:00+00:00,zo-bengaluru,0,routing
2026-07-16 15:02:30+00:00,br-koramangala,0,routing
2026-07-16 15:02:30+00:00,zo-bengaluru,0,routing
2026-07-16 15:02:30+00:00,br-whitefield,0,routing
2026-07-16 15:02:30+00:00,ho-chennai,0,routing
2026-07-16 15:03:00+00:00,br-whitefield,0,routing
2026-07-16 15:03:00+00:00,ho-chennai,0,routing
2026-07-16 15:03:00+00:00,br-koramangala,0,routing
2026-07-16 15:03:00+00:00,zo-bengaluru,0,routing
2026-07-16 15:03:30+00:00,br-koramangala,0,routing
2026-07-16 15:03:30+00:00,zo-bengaluru,0,routing
2026-07-16 15:03:30+00:00,br-whitefield,0,routing
2026-07-16 15:03:30+00:00,ho-chennai,0,routing
2026-07-16 15:04:00+00:00,br-whitefield,0,routing
2026-07-16 15:04:00+00:00,ho-chennai,0,routing
2026-07-16 15:04:00+00:00,br-koramangala,0,routing
2026-07-16 15:04:00+00:00,zo-bengaluru,0,routing
2026-07-16 15:04:30+00:00,br-koramangala,0,routing
2026-07-16 15:04:30+00:00,zo-bengaluru,0,routing
2026-07-16 15:04:30+00:00,br-whitefield,0,routing
2026-07-16 15:04:30+00:00,ho-chennai,0,routing
2026-07-16 15:05:00+00:00,br-whitefield,0,routing
2026-07-16 15:05:00+00:00,ho-chennai,0,routing
2026-07-16 15:05:00+00:00,br-koramangala,0,routing
2026-07-16 15:05:00+00:00,zo-bengaluru,0,routing
2026-07-16 15:05:30+00:00,br-koramangala,0,routing
2026-07-16 15:05:30+00:00,zo-bengaluru,0,routing
2026-07-16 15:05:30+00:00,br-whitefield,0,routing
2026-07-16 15:05:30+00:00,ho-chennai,0,routing
2026-07-16 15:06:00+00:00,br-whitefield,0,routing
2026-07-16 15:06:00+00:00,ho-chennai,0,routing
2026-07-16 15:06:00+00:00,br-koramangala,0,routing
2026-07-16 15:06:00+00:00,zo-bengaluru,0,routing
2026-07-16 15:06:30+00:00,br-koramangala,0,routing
2026-07-16 15:06:30+00:00,zo-bengaluru,0,routing
2026-07-16 15:06:30+00:00,br-whitefield,0,routing
2026-07-16 15:06:30+00:00,ho-chennai,0,routing
2026-07-16 15:07:00+00:00,br-whitefield,0,routing
2026-07-16 15:07:00+00:00,ho-chennai,0,routing
2026-07-16 15:07:00+00:00,br-koramangala,0,routing
2026-07-16 15:07:00+00:00,zo-bengaluru,0,routing
2026-07-16 15:07:30+00:00,br-koramangala,0,routing
2026-07-16 15:07:30+00:00,zo-bengaluru,0,routing
2026-07-16 15:07:30+00:00,br-whitefield,0,routing
2026-07-16 15:07:30+00:00,ho-chennai,0,routing
2026-07-16 15:08:00+00:00,br-whitefield,0,routing
2026-07-16 15:08:00+00:00,ho-chennai,0,routing
2026-07-16 15:08:00+00:00,br-koramangala,0,routing
2026-07-16 15:08:00+00:00,zo-bengaluru,0,routing
2026-07-16 15:08:30+00:00,br-koramangala,0,routing
2026-07-16 15:08:30+00:00,zo-bengaluru,0,routing
2026-07-16 15:08:30+00:00,br-whitefield,0,routing
2026-07-16 15:08:30+00:00,ho-chennai,0,routing
2026-07-16 15:09:02+00:00,br-whitefield,0,routing
2026-07-16 15:09:02+00:00,ho-chennai,0,routing
2026-07-16 15:09:02+00:00,br-koramangala,0,routing
2026-07-16 15:09:02+00:00,zo-bengaluru,0,routing
2026-07-16 15:09:30+00:00,br-koramangala,0,routing
2026-07-16 15:09:30+00:00,zo-bengaluru,0,routing
2026-07-16 15:09:30+00:00,br-whitefield,0,routing
2026-07-16 15:09:30+00:00,ho-chennai,0,routing
2026-07-16 15:10:00+00:00,br-whitefield,0,routing
2026-07-16 15:10:00+00:00,ho-chennai,0,routing
2026-07-16 15:10:00+00:00,br-koramangala,0,routing
2026-07-16 15:10:00+00:00,zo-bengaluru,0,routing
2026-07-16 15:10:30+00:00,br-koramangala,0,routing
2026-07-16 15:10:30+00:00,zo-bengaluru,0,routing
2026-07-16 15:10:30+00:00,br-whitefield,0,routing
2026-07-16 15:10:30+00:00,ho-chennai,0,routing
2026-07-16 15:11:00+00:00,br-whitefield,0,routing
2026-07-16 15:11:00+00:00,ho-chennai,0,routing
2026-07-16 15:11:00+00:00,br-koramangala,0,routing
2026-07-16 15:11:00+00:00,zo-bengaluru,0,routing
2026-07-16 15:11:30+00:00,br-koramangala,0,routing
2026-07-16 15:11:30+00:00,zo-bengaluru,0,routing
2026-07-16 15:11:30+00:00,br-whitefield,0,routing
2026-07-16 15:11:30+00:00,ho-chennai,0,routing
2026-07-16 15:12:00+00:00,br-whitefield,0,routing
2026-07-16 15:12:00+00:00,ho-chennai,0,routing
2026-07-16 15:12:00+00:00,br-koramangala,0,routing
2026-07-16 15:12:00+00:00,zo-bengaluru,0,routing
2026-07-16 15:12:30+00:00,br-koramangala,0,routing
2026-07-16 15:12:30+00:00,zo-bengaluru,0,routing
2026-07-16 15:12:30+00:00,br-whitefield,0,routing
2026-07-16 15:12:30+00:00,ho-chennai,0,routing
2026-07-16 15:13:00+00:00,br-whitefield,0,routing
2026-07-16 15:13:00+00:00,ho-chennai,0,routing
2026-07-16 15:13:00+00:00,br-koramangala,0,routing
2026-07-16 15:13:00+00:00,zo-bengaluru,0,routing
2026-07-16 15:13:30+00:00,br-koramangala,0,routing
2026-07-16 15:13:30+00:00,zo-bengaluru,0,routing
2026-07-16 15:13:30+00:00,br-whitefield,0,routing
2026-07-16 15:13:30+00:00,ho-chennai,0,routing
2026-07-16 15:14:00+00:00,br-whitefield,0,routing
2026-07-16 15:14:00+00:00,ho-chennai,0,routing
2026-07-16 15:14:00+00:00,br-koramangala,0,routing
2026-07-16 15:14:00+00:00,zo-bengaluru,0,routing
2026-07-16 15:14:30+00:00,br-koramangala,0,routing
2026-07-16 15:14:30+00:00,zo-bengaluru,0,routing
2026-07-16 15:14:30+00:00,br-whitefield,0,routing
2026-07-16 15:14:30+00:00,ho-chennai,0,routing
2026-07-16 15:15:00+00:00,br-whitefield,0,routing
2026-07-16 15:15:00+00:00,ho-chennai,0,routing
2026-07-16 15:15:00+00:00,br-koramangala,0,routing
2026-07-16 15:15:00+00:00,zo-bengaluru,0,routing
2026-07-16 15:15:30+00:00,br-koramangala,0,routing
2026-07-16 15:15:30+00:00,zo-bengaluru,0,routing
2026-07-16 15:15:30+00:00,br-whitefield,0,routing
2026-07-16 15:15:30+00:00,ho-chennai,0,routing
2026-07-16 15:16:00+00:00,br-whitefield,0,routing
2026-07-16 15:16:00+00:00,ho-chennai,0,routing
2026-07-16 15:16:00+00:00,br-koramangala,0,routing
2026-07-16 15:16:00+00:00,zo-bengaluru,0,routing
2026-07-16 15:16:30+00:00,br-koramangala,0,routing
2026-07-16 15:16:30+00:00,zo-bengaluru,0,routing
2026-07-16 15:16:30+00:00,br-whitefield,0,routing
2026-07-16 15:16:30+00:00,ho-chennai,0,routing
2026-07-16 15:17:00+00:00,br-whitefield,0,routing
2026-07-16 15:17:00+00:00,ho-chennai,0,routing
2026-07-16 15:17:00+00:00,br-koramangala,0,routing
2026-07-16 15:17:00+00:00,zo-bengaluru,0,routing
2026-07-16 15:17:31+00:00,br-koramangala,0,routing
2026-07-16 15:17:31+00:00,zo-bengaluru,0,routing
2026-07-16 15:17:31+00:00,br-whitefield,0,routing
2026-07-16 15:17:31+00:00,ho-chennai,0,routing
2026-07-16 15:18:00+00:00,br-whitefield,0,routing
2026-07-16 15:18:00+00:00,ho-chennai,0,routing
2026-07-16 15:18:00+00:00,br-koramangala,0,routing
2026-07-16 15:18:00+00:00,zo-bengaluru,0,routing
2026-07-16 15:18:30+00:00,br-koramangala,0,routing
2026-07-16 15:18:30+00:00,zo-bengaluru,0,routing
2026-07-16 15:18:30+00:00,br-whitefield,0,routing
2026-07-16 15:18:30+00:00,ho-chennai,0,routing
2026-07-16 15:19:00+00:00,br-whitefield,0,routing
2026-07-16 15:19:00+00:00,ho-chennai,0,routing
2026-07-16 15:19:00+00:00,br-koramangala,0,routing
2026-07-16 15:19:00+00:00,zo-bengaluru,0,routing
2026-07-16 15:19:30+00:00,br-koramangala,0,routing
2026-07-16 15:19:30+00:00,zo-bengaluru,0,routing
2026-07-16 15:19:30+00:00,br-whitefield,0,routing
2026-07-16 15:19:30+00:00,ho-chennai,0,routing
2026-07-16 15:20:00+00:00,br-whitefield,0,routing
2026-07-16 15:20:00+00:00,ho-chennai,0,routing
2026-07-16 15:20:00+00:00,br-koramangala,0,routing
2026-07-16 15:20:00+00:00,zo-bengaluru,0,routing
2026-07-16 15:20:30+00:00,br-koramangala,0,routing
2026-07-16 15:20:30+00:00,zo-bengaluru,0,routing
2026-07-16 15:20:30+00:00,br-whitefield,0,routing
2026-07-16 15:20:30+00:00,ho-chennai,0,routing
2026-07-16 15:21:00+00:00,br-whitefield,0,routing
2026-07-16 15:21:00+00:00,ho-chennai,0,routing
2026-07-16 15:21:00+00:00,br-koramangala,0,routing
2026-07-16 15:21:00+00:00,zo-bengaluru,0,routing
2026-07-16 15:21:30+00:00,br-koramangala,0,routing
2026-07-16 15:21:30+00:00,zo-bengaluru,0,routing
2026-07-16 15:21:30+00:00,br-whitefield,0,routing
2026-07-16 15:21:30+00:00,ho-chennai,0,routing
2026-07-16 15:22:00+00:00,br-whitefield,0,routing
2026-07-16 15:22:00+00:00,ho-chennai,0,routing
2026-07-16 15:22:00+00:00,br-koramangala,0,routing
2026-07-16 15:22:00+00:00,zo-bengaluru,0,routing
2026-07-16 15:22:30+00:00,br-koramangala,0,routing
2026-07-16 15:22:30+00:00,zo-bengaluru,0,routing
2026-07-16 15:22:30+00:00,br-whitefield,0,routing
2026-07-16 15:22:30+00:00,ho-chennai,0,routing
2026-07-16 15:23:00+00:00,br-whitefield,0,routing
2026-07-16 15:23:00+00:00,ho-chennai,0,routing
2026-07-16 15:23:00+00:00,br-koramangala,0,routing
2026-07-16 15:23:00+00:00,zo-bengaluru,0,routing
2026-07-16 15:23:30+00:00,br-koramangala,0,routing
2026-07-16 15:23:30+00:00,zo-bengaluru,0,routing
2026-07-16 15:23:30+00:00,br-whitefield,0,routing
2026-07-16 15:23:30+00:00,ho-chennai,0,routing
2026-07-16 15:24:00+00:00,br-whitefield,0,routing
2026-07-16 15:24:00+00:00,ho-chennai,0,routing
2026-07-16 15:24:00+00:00,br-koramangala,0,routing
2026-07-16 15:24:00+00:00,zo-bengaluru,0,routing
2026-07-16 15:24:30+00:00,br-koramangala,0,routing
2026-07-16 15:24:30+00:00,zo-bengaluru,0,routing
2026-07-16 15:24:30+00:00,br-whitefield,0,routing
2026-07-16 15:24:30+00:00,ho-chennai,0,routing
2026-07-16 15:25:01+00:00,br-whitefield,0,routing
2026-07-16 15:25:01+00:00,ho-chennai,0,routing
2026-07-16 15:25:01+00:00,br-koramangala,0,routing
2026-07-16 15:25:01+00:00,zo-bengaluru,0,routing
2026-07-16 15:25:30+00:00,br-koramangala,0,routing
2026-07-16 15:25:30+00:00,zo-bengaluru,0,routing
2026-07-16 15:25:30+00:00,br-whitefield,0,routing
2026-07-16 15:25:30+00:00,ho-chennai,0,routing
2026-07-16 15:26:00+00:00,br-whitefield,0,routing
2026-07-16 15:26:00+00:00,ho-chennai,0,routing
2026-07-16 15:26:00+00:00,br-koramangala,0,routing
2026-07-16 15:26:00+00:00,zo-bengaluru,0,routing
2026-07-16 15:26:31+00:00,br-koramangala,0,routing
2026-07-16 15:26:31+00:00,zo-bengaluru,0,routing
2026-07-16 15:26:31+00:00,br-whitefield,0,routing
2026-07-16 15:26:31+00:00,ho-chennai,0,routing
2026-07-16 15:27:00+00:00,br-whitefield,0,routing
2026-07-16 15:27:00+00:00,ho-chennai,0,routing
2026-07-16 15:27:00+00:00,br-koramangala,0,routing
2026-07-16 15:27:00+00:00,zo-bengaluru,0,routing
2026-07-16 15:27:31+00:00,br-koramangala,0,routing
2026-07-16 15:27:31+00:00,zo-bengaluru,0,routing
2026-07-16 15:27:31+00:00,br-whitefield,0,routing
2026-07-16 15:27:31+00:00,ho-chennai,0,routing
2026-07-16 15:28:00+00:00,br-whitefield,0,routing
2026-07-16 15:28:00+00:00,ho-chennai,0,routing
2026-07-16 15:28:00+00:00,br-koramangala,0,routing
2026-07-16 15:28:00+00:00,zo-bengaluru,0,routing
2026-07-16 15:28:30+00:00,br-koramangala,0,routing
2026-07-16 15:28:30+00:00,zo-bengaluru,0,routing
2026-07-16 15:28:30+00:00,br-whitefield,0,routing
2026-07-16 15:28:30+00:00,ho-chennai,0,routing
2026-07-16 15:29:00+00:00,br-whitefield,0,routing
2026-07-16 15:29:00+00:00,ho-chennai,0,routing
2026-07-16 15:29:00+00:00,br-koramangala,0,routing
2026-07-16 15:29:00+00:00,zo-bengaluru,0,routing
2026-07-16 15:29:30+00:00,br-koramangala,0,routing
2026-07-16 15:29:30+00:00,zo-bengaluru,0,routing
2026-07-16 15:29:30+00:00,br-whitefield,0,routing
2026-07-16 15:29:30+00:00,ho-chennai,0,routing
2026-07-16 15:30:00+00:00,br-whitefield,0,routing
2026-07-16 15:30:00+00:00,ho-chennai,0,routing
2026-07-16 15:30:00+00:00,br-koramangala,0,routing
2026-07-16 15:30:00+00:00,zo-bengaluru,0,routing
2026-07-16 15:30:30+00:00,br-koramangala,0,routing
2026-07-16 15:30:30+00:00,zo-bengaluru,0,routing
2026-07-16 15:30:30+00:00,br-whitefield,0,routing
2026-07-16 15:30:30+00:00,ho-chennai,0,routing
2026-07-16 15:31:00+00:00,br-whitefield,0,routing
2026-07-16 15:31:00+00:00,ho-chennai,0,routing
2026-07-16 15:31:00+00:00,br-koramangala,0,routing
2026-07-16 15:31:00+00:00,zo-bengaluru,0,routing
2026-07-16 15:31:30+00:00,br-whitefield,0,routing
2026-07-16 15:31:31+00:00,zo-bengaluru,0,routing
2026-07-16 15:31:31+00:00,br-koramangala,0,routing
2026-07-16 15:31:31+00:00,ho-chennai,0,routing
2026-07-16 15:32:00+00:00,br-koramangala,0,routing
2026-07-16 15:32:00+00:00,ho-chennai,0,routing
2026-07-16 15:32:00+00:00,br-whitefield,0,routing
2026-07-16 15:32:00+00:00,zo-bengaluru,0,routing
2026-07-16 15:32:30+00:00,br-whitefield,0,routing
2026-07-16 15:32:30+00:00,zo-bengaluru,0,routing
2026-07-16 15:32:30+00:00,br-koramangala,0,routing
2026-07-16 15:32:30+00:00,ho-chennai,0,routing
2026-07-16 15:33:00+00:00,br-koramangala,0,routing
2026-07-16 15:33:00+00:00,ho-chennai,0,routing
2026-07-16 15:33:00+00:00,br-whitefield,0,routing
2026-07-16 15:33:00+00:00,zo-bengaluru,0,routing
2026-07-16 15:33:30+00:00,br-whitefield,0,routing
2026-07-16 15:33:30+00:00,zo-bengaluru,0,routing
2026-07-16 15:33:30+00:00,br-koramangala,0,routing
2026-07-16 15:33:30+00:00,ho-chennai,0,routing
2026-07-16 15:34:00+00:00,br-koramangala,0,routing
2026-07-16 15:34:00+00:00,ho-chennai,0,routing
2026-07-16 15:34:00+00:00,br-whitefield,0,routing
2026-07-16 15:34:00+00:00,zo-bengaluru,0,routing
2026-07-16 15:34:31+00:00,br-whitefield,0,routing
2026-07-16 15:34:31+00:00,zo-bengaluru,0,routing
2026-07-16 15:34:31+00:00,br-koramangala,0,routing
2026-07-16 15:34:31+00:00,ho-chennai,0,routing
2026-07-16 15:35:00+00:00,br-koramangala,0,routing
2026-07-16 15:35:00+00:00,ho-chennai,0,routing
2026-07-16 15:35:00+00:00,br-whitefield,0,routing
2026-07-16 15:35:00+00:00,zo-bengaluru,0,routing
2026-07-16 15:35:30+00:00,ho-chennai,0,routing
2026-07-16 15:35:31+00:00,zo-bengaluru,0,routing
2026-07-16 15:35:31+00:00,br-whitefield,0,routing
2026-07-16 15:35:31+00:00,br-koramangala,0,routing
2026-07-16 15:36:00+00:00,br-whitefield,0,routing
2026-07-16 15:36:00+00:00,br-koramangala,0,routing
2026-07-16 15:36:00+00:00,ho-chennai,0,routing
2026-07-16 15:36:00+00:00,zo-bengaluru,0,routing
2026-07-16 15:36:31+00:00,ho-chennai,0,routing
2026-07-16 15:36:31+00:00,zo-bengaluru,0,routing
2026-07-16 15:36:31+00:00,br-whitefield,0,routing
2026-07-16 15:36:31+00:00,br-koramangala,0,routing
2026-07-16 15:37:00+00:00,br-whitefield,0,routing
2026-07-16 15:37:00+00:00,br-koramangala,0,routing
2026-07-16 15:37:00+00:00,ho-chennai,0,routing
2026-07-16 15:37:00+00:00,zo-bengaluru,0,routing
2026-07-16 15:37:31+00:00,ho-chennai,0,routing
2026-07-16 15:37:31+00:00,zo-bengaluru,0,routing
2026-07-16 15:37:31+00:00,br-whitefield,0,routing
2026-07-16 15:37:31+00:00,br-koramangala,0,routing
2026-07-16 15:38:00+00:00,br-koramangala,0,routing
2026-07-16 15:38:01+00:00,ho-chennai,0,routing
2026-07-16 15:38:01+00:00,br-whitefield,0,routing
2026-07-16 15:38:01+00:00,zo-bengaluru,0,routing
2026-07-16 15:38:30+00:00,br-whitefield,0,routing
2026-07-16 15:38:30+00:00,zo-bengaluru,0,routing
2026-07-16 15:38:30+00:00,br-koramangala,0,routing
2026-07-16 15:38:30+00:00,ho-chennai,0,routing
2026-07-16 15:39:01+00:00,br-koramangala,0,routing
2026-07-16 15:39:01+00:00,ho-chennai,0,routing
2026-07-16 15:39:01+00:00,br-whitefield,0,routing
2026-07-16 15:39:01+00:00,zo-bengaluru,0,routing
2026-07-16 15:39:31+00:00,br-whitefield,0,routing
2026-07-16 15:39:31+00:00,zo-bengaluru,0,routing
2026-07-16 15:39:31+00:00,br-koramangala,0,routing
2026-07-16 15:39:31+00:00,ho-chennai,0,routing
2026-07-16 15:40:00+00:00,zo-bengaluru,0,routing
2026-07-16 15:40:01+00:00,ho-chennai,0,routing
2026-07-16 15:40:01+00:00,br-koramangala,0,routing
2026-07-16 15:40:01+00:00,br-whitefield,0,routing
2026-07-16 15:40:31+00:00,br-koramangala,0,routing
2026-07-16 15:40:31+00:00,br-whitefield,0,routing
2026-07-16 15:40:31+00:00,zo-bengaluru,0,routing
2026-07-16 15:40:31+00:00,ho-chennai,0,routing
2026-07-16 15:41:00+00:00,zo-bengaluru,0,routing
2026-07-16 15:41:00+00:00,ho-chennai,0,routing
2026-07-16 15:41:00+00:00,br-koramangala,0,routing
2026-07-16 15:41:00+00:00,br-whitefield,0,routing
2026-07-16 15:41:30+00:00,br-koramangala,0,routing
2026-07-16 15:41:30+00:00,br-whitefield,0,routing
2026-07-16 15:41:30+00:00,zo-bengaluru,0,routing
2026-07-16 15:41:30+00:00,ho-chennai,0,routing
2026-07-16 15:42:00+00:00,zo-bengaluru,0,routing
2026-07-16 15:42:00+00:00,ho-chennai,0,routing
2026-07-16 15:42:00+00:00,br-koramangala,0,routing
2026-07-16 15:42:00+00:00,br-whitefield,0,routing
2026-07-16 15:42:31+00:00,br-koramangala,0,routing
2026-07-16 15:42:31+00:00,br-whitefield,0,routing
2026-07-16 15:42:31+00:00,zo-bengaluru,0,routing
2026-07-16 15:42:31+00:00,ho-chennai,0,routing
2026-07-16 15:43:01+00:00,zo-bengaluru,0,routing
2026-07-16 15:43:01+00:00,ho-chennai,0,routing
2026-07-16 15:43:01+00:00,br-koramangala,0,routing
2026-07-16 15:43:01+00:00,br-whitefield,0,routing
2026-07-16 15:43:31+00:00,br-koramangala,0,routing
2026-07-16 15:43:31+00:00,br-whitefield,0,routing
2026-07-16 15:43:31+00:00,zo-bengaluru,0,routing
2026-07-16 15:43:31+00:00,ho-chennai,0,routing
2026-07-16 15:44:01+00:00,zo-bengaluru,0,routing
2026-07-16 15:44:01+00:00,ho-chennai,0,routing
2026-07-16 15:44:01+00:00,br-koramangala,0,routing
2026-07-16 15:44:01+00:00,br-whitefield,0,routing
2026-07-16 15:44:30+00:00,ho-chennai,0,routing
2026-07-16 15:44:30+00:00,br-whitefield,0,routing
2026-07-16 15:44:31+00:00,br-koramangala,0,routing
2026-07-16 15:44:31+00:00,zo-bengaluru,0,routing
2026-07-16 15:45:01+00:00,br-koramangala,0,routing
2026-07-16 15:45:01+00:00,zo-bengaluru,0,routing
2026-07-16 15:45:01+00:00,ho-chennai,0,routing
2026-07-16 15:45:01+00:00,br-whitefield,0,routing
2026-07-16 15:45:31+00:00,ho-chennai,0,routing
2026-07-16 15:45:31+00:00,br-whitefield,0,routing
2026-07-16 15:45:31+00:00,br-koramangala,0,routing
2026-07-16 15:45:31+00:00,zo-bengaluru,0,routing
2026-07-16 15:46:00+00:00,br-koramangala,0,routing
2026-07-16 15:46:00+00:00,zo-bengaluru,0,routing
2026-07-16 15:46:00+00:00,ho-chennai,0,routing
2026-07-16 15:46:00+00:00,br-whitefield,0,routing
2026-07-16 15:46:31+00:00,ho-chennai,0,routing
2026-07-16 15:46:31+00:00,br-whitefield,0,routing
2026-07-16 15:46:31+00:00,br-koramangala,0,routing
2026-07-16 15:46:31+00:00,zo-bengaluru,0,routing
2026-07-16 15:47:00+00:00,br-koramangala,0,routing
2026-07-16 15:47:00+00:00,zo-bengaluru,0,routing
2026-07-16 15:47:00+00:00,ho-chennai,0,routing
2026-07-16 15:47:00+00:00,br-whitefield,0,routing
2026-07-16 15:47:31+00:00,ho-chennai,0,routing
2026-07-16 15:47:31+00:00,br-whitefield,0,routing
2026-07-16 15:47:31+00:00,br-koramangala,0,routing
2026-07-16 15:47:31+00:00,zo-bengaluru,0,routing
2026-07-16 15:48:00+00:00,br-koramangala,0,routing
2026-07-16 15:48:00+00:00,zo-bengaluru,0,routing
2026-07-16 15:48:00+00:00,ho-chennai,0,routing
2026-07-16 15:48:00+00:00,br-whitefield,0,routing
2026-07-16 15:48:30+00:00,ho-chennai,0,routing
2026-07-16 15:48:30+00:00,br-whitefield,0,routing
2026-07-16 15:48:30+00:00,br-koramangala,0,routing
2026-07-16 15:48:30+00:00,zo-bengaluru,0,routing
2026-07-16 15:49:00+00:00,br-koramangala,0,routing
2026-07-16 15:49:00+00:00,zo-bengaluru,0,routing
2026-07-16 15:49:00+00:00,ho-chennai,0,routing
2026-07-16 15:49:00+00:00,br-whitefield,0,routing
2026-07-16 15:49:30+00:00,ho-chennai,0,routing
2026-07-16 15:49:30+00:00,br-whitefield,0,routing
2026-07-16 15:49:30+00:00,br-koramangala,0,routing
2026-07-16 15:49:30+00:00,zo-bengaluru,0,routing
2026-07-16 15:50:00+00:00,ho-chennai,0,routing
2026-07-16 15:50:01+00:00,zo-bengaluru,0,routing
2026-07-16 15:50:01+00:00,br-koramangala,0,routing
2026-07-16 15:50:01+00:00,br-whitefield,0,routing
2026-07-16 15:50:30+00:00,br-koramangala,0,routing
2026-07-16 15:50:30+00:00,br-whitefield,0,routing
2026-07-16 15:50:30+00:00,ho-chennai,0,routing
2026-07-16 15:50:30+00:00,zo-bengaluru,0,routing
2026-07-16 15:51:01+00:00,ho-chennai,0,routing
2026-07-16 15:51:01+00:00,zo-bengaluru,0,routing
2026-07-16 15:51:01+00:00,br-koramangala,0,routing
2026-07-16 15:51:01+00:00,br-whitefield,0,routing
2026-07-16 15:51:31+00:00,br-koramangala,0,routing
2026-07-16 15:51:31+00:00,br-whitefield,0,routing
2026-07-16 15:51:31+00:00,ho-chennai,0,routing
2026-07-16 15:51:31+00:00,zo-bengaluru,0,routing
2026-07-16 15:52:00+00:00,br-koramangala,0,routing
2026-07-16 15:52:00+00:00,zo-bengaluru,0,routing
2026-07-16 15:52:01+00:00,ho-chennai,0,routing
2026-07-16 15:52:01+00:00,br-whitefield,0,routing
2026-07-16 15:52:30+00:00,ho-chennai,0,routing
2026-07-16 15:52:30+00:00,br-whitefield,0,routing
2026-07-16 15:52:30+00:00,br-koramangala,0,routing
2026-07-16 15:52:30+00:00,zo-bengaluru,0,routing
2026-07-16 15:53:01+00:00,br-koramangala,0,routing
2026-07-16 15:53:01+00:00,zo-bengaluru,0,routing
2026-07-16 15:53:01+00:00,ho-chennai,0,routing
2026-07-16 15:53:01+00:00,br-whitefield,0,routing
2026-07-16 15:53:30+00:00,ho-chennai,0,routing
2026-07-16 15:53:30+00:00,br-whitefield,0,routing
2026-07-16 15:53:30+00:00,br-koramangala,0,routing
2026-07-16 15:53:30+00:00,zo-bengaluru,0,routing
2026-07-16 15:54:00+00:00,br-koramangala,0,routing
2026-07-16 15:54:00+00:00,zo-bengaluru,0,routing
2026-07-16 15:54:00+00:00,ho-chennai,0,routing
2026-07-16 15:54:00+00:00,br-whitefield,0,routing
2026-07-16 15:54:30+00:00,ho-chennai,0,routing
2026-07-16 15:54:30+00:00,br-whitefield,0,routing
2026-07-16 15:54:30+00:00,br-koramangala,0,routing
2026-07-16 15:54:30+00:00,zo-bengaluru,0,routing
2026-07-16 15:55:01+00:00,br-koramangala,0,routing
2026-07-16 15:55:01+00:00,zo-bengaluru,0,routing
2026-07-16 15:55:01+00:00,ho-chennai,0,routing
2026-07-16 15:55:01+00:00,br-whitefield,0,routing
2026-07-16 15:55:31+00:00,ho-chennai,0,routing
2026-07-16 15:55:31+00:00,br-whitefield,0,routing
2026-07-16 15:55:31+00:00,br-koramangala,0,routing
2026-07-16 15:55:31+00:00,zo-bengaluru,0,routing
2026-07-16 15:56:00+00:00,br-koramangala,0,routing
2026-07-16 15:56:00+00:00,zo-bengaluru,0,routing
2026-07-16 15:56:00+00:00,ho-chennai,0,routing
2026-07-16 15:56:00+00:00,br-whitefield,0,routing
2026-07-16 15:56:30+00:00,ho-chennai,0,routing
2026-07-16 15:56:30+00:00,br-whitefield,0,routing
2026-07-16 15:56:30+00:00,br-koramangala,0,routing
2026-07-16 15:56:30+00:00,zo-bengaluru,0,routing
2026-07-16 15:57:00+00:00,br-koramangala,0,routing
2026-07-16 15:57:00+00:00,zo-bengaluru,0,routing
2026-07-16 15:57:00+00:00,ho-chennai,0,routing
2026-07-16 15:57:00+00:00,br-whitefield,0,routing
2026-07-16 15:57:31+00:00,ho-chennai,0,routing
2026-07-16 15:57:31+00:00,br-whitefield,0,routing
2026-07-16 15:57:31+00:00,br-koramangala,0,routing
2026-07-16 15:57:31+00:00,zo-bengaluru,0,routing
2026-07-16 15:58:00+00:00,br-koramangala,0,routing
2026-07-16 15:58:00+00:00,zo-bengaluru,0,routing
2026-07-16 15:58:00+00:00,ho-chennai,0,routing
2026-07-16 15:58:00+00:00,br-whitefield,0,routing
2026-07-16 15:58:31+00:00,ho-chennai,0,routing
2026-07-16 15:58:31+00:00,br-whitefield,0,routing
2026-07-16 15:58:31+00:00,br-koramangala,0,routing
2026-07-16 15:58:31+00:00,zo-bengaluru,0,routing
2026-07-16 15:59:00+00:00,br-koramangala,0,routing
2026-07-16 15:59:00+00:00,zo-bengaluru,0,routing
2026-07-16 15:59:00+00:00,ho-chennai,0,routing
2026-07-16 15:59:00+00:00,br-whitefield,0,routing
2026-07-16 15:59:30+00:00,ho-chennai,0,routing
2026-07-16 15:59:30+00:00,br-whitefield,0,routing
2026-07-16 15:59:30+00:00,br-koramangala,0,routing
2026-07-16 15:59:30+00:00,zo-bengaluru,0,routing
2026-07-16 16:00:00+00:00,br-koramangala,0,routing
2026-07-16 16:00:00+00:00,zo-bengaluru,0,routing
2026-07-16 16:00:00+00:00,ho-chennai,0,routing
2026-07-16 16:00:00+00:00,br-whitefield,0,routing
2026-07-16 16:00:30+00:00,ho-chennai,0,routing
2026-07-16 16:00:30+00:00,br-whitefield,0,routing
2026-07-16 16:00:30+00:00,br-koramangala,0,routing
2026-07-16 16:00:30+00:00,zo-bengaluru,0,routing
2026-07-16 16:01:00+00:00,br-koramangala,0,routing
2026-07-16 16:01:00+00:00,zo-bengaluru,0,routing
2026-07-16 16:01:00+00:00,ho-chennai,0,routing
2026-07-16 16:01:00+00:00,br-whitefield,0,routing
2026-07-16 16:01:30+00:00,ho-chennai,0,routing
2026-07-16 16:01:30+00:00,br-whitefield,0,routing
2026-07-16 16:01:30+00:00,br-koramangala,0,routing
2026-07-16 16:01:30+00:00,zo-bengaluru,0,routing
2026-07-16 16:02:00+00:00,br-koramangala,0,routing
2026-07-16 16:02:00+00:00,zo-bengaluru,0,routing
2026-07-16 16:02:00+00:00,ho-chennai,0,routing
2026-07-16 16:02:00+00:00,br-whitefield,0,routing
2026-07-16 16:02:30+00:00,ho-chennai,0,routing
2026-07-16 16:02:30+00:00,br-whitefield,0,routing
2026-07-16 16:02:30+00:00,br-koramangala,0,routing
2026-07-16 16:02:30+00:00,zo-bengaluru,0,routing
2026-07-16 16:03:00+00:00,br-koramangala,0,routing
2026-07-16 16:03:00+00:00,zo-bengaluru,0,routing
2026-07-16 16:03:00+00:00,ho-chennai,0,routing
2026-07-16 16:03:00+00:00,br-whitefield,0,routing
2026-07-16 16:03:31+00:00,ho-chennai,0,routing
2026-07-16 16:03:31+00:00,br-whitefield,0,routing
2026-07-16 16:03:31+00:00,br-koramangala,0,routing
2026-07-16 16:03:31+00:00,zo-bengaluru,0,routing
2026-07-16 16:04:00+00:00,br-koramangala,0,routing
2026-07-16 16:04:00+00:00,zo-bengaluru,0,routing
2026-07-16 16:04:00+00:00,ho-chennai,0,routing
2026-07-16 16:04:00+00:00,br-whitefield,0,routing
2026-07-16 16:04:30+00:00,ho-chennai,0,routing
2026-07-16 16:04:30+00:00,br-whitefield,0,routing
2026-07-16 16:04:30+00:00,br-koramangala,0,routing
2026-07-16 16:04:30+00:00,zo-bengaluru,0,routing
2026-07-16 16:05:00+00:00,br-koramangala,0,routing
2026-07-16 16:05:00+00:00,zo-bengaluru,0,routing
2026-07-16 16:05:00+00:00,ho-chennai,0,routing
2026-07-16 16:05:00+00:00,br-whitefield,0,routing
2026-07-16 16:05:31+00:00,ho-chennai,0,routing
2026-07-16 16:05:31+00:00,br-whitefield,0,routing
2026-07-16 16:05:31+00:00,br-koramangala,0,routing
2026-07-16 16:05:31+00:00,zo-bengaluru,0,routing
2026-07-16 16:06:00+00:00,br-koramangala,0,routing
2026-07-16 16:06:00+00:00,zo-bengaluru,0,routing
2026-07-16 16:06:00+00:00,ho-chennai,0,routing
2026-07-16 16:06:00+00:00,br-whitefield,0,routing
2026-07-16 16:06:30+00:00,ho-chennai,0,routing
2026-07-16 16:06:30+00:00,br-whitefield,0,routing
2026-07-16 16:06:30+00:00,br-koramangala,0,routing
2026-07-16 16:06:30+00:00,zo-bengaluru,0,routing
2026-07-16 16:07:00+00:00,br-koramangala,0,routing
2026-07-16 16:07:00+00:00,zo-bengaluru,0,routing
2026-07-16 16:07:00+00:00,ho-chennai,0,routing
2026-07-16 16:07:00+00:00,br-whitefield,0,routing
2026-07-16 16:07:30+00:00,ho-chennai,0,routing
2026-07-16 16:07:30+00:00,br-whitefield,0,routing
2026-07-16 16:07:30+00:00,br-koramangala,0,routing
2026-07-16 16:07:30+00:00,zo-bengaluru,0,routing
2026-07-16 16:08:01+00:00,br-koramangala,0,routing
2026-07-16 16:08:01+00:00,zo-bengaluru,0,routing
2026-07-16 16:08:01+00:00,ho-chennai,0,routing
2026-07-16 16:08:01+00:00,br-whitefield,0,routing
2026-07-16 16:08:30+00:00,ho-chennai,0,routing
2026-07-16 16:08:31+00:00,br-whitefield,0,routing
2026-07-16 16:08:31+00:00,br-koramangala,0,routing
2026-07-16 16:08:31+00:00,zo-bengaluru,0,routing
2026-07-16 16:09:00+00:00,br-whitefield,0,routing
2026-07-16 16:09:01+00:00,zo-bengaluru,0,routing
2026-07-16 16:09:01+00:00,br-koramangala,0,routing
2026-07-16 16:09:01+00:00,ho-chennai,0,routing
2026-07-16 16:09:30+00:00,br-koramangala,0,routing
2026-07-16 16:09:30+00:00,ho-chennai,0,routing
2026-07-16 16:09:30+00:00,br-whitefield,0,routing
2026-07-16 16:09:30+00:00,zo-bengaluru,0,routing
2026-07-16 16:10:00+00:00,br-whitefield,0,routing
2026-07-16 16:10:00+00:00,zo-bengaluru,0,routing
2026-07-16 16:10:00+00:00,br-koramangala,0,routing
2026-07-16 16:10:00+00:00,ho-chennai,0,routing
2026-07-16 16:10:30+00:00,br-koramangala,0,routing
2026-07-16 16:10:30+00:00,ho-chennai,0,routing
2026-07-16 16:10:30+00:00,br-whitefield,0,routing
2026-07-16 16:10:30+00:00,zo-bengaluru,0,routing
2026-07-16 16:11:00+00:00,br-whitefield,0,routing
2026-07-16 16:11:00+00:00,zo-bengaluru,0,routing
2026-07-16 16:11:00+00:00,br-koramangala,0,routing
2026-07-16 16:11:00+00:00,ho-chennai,0,routing
2026-07-16 16:11:30+00:00,br-koramangala,0,routing
2026-07-16 16:11:30+00:00,ho-chennai,0,routing
2026-07-16 16:11:30+00:00,br-whitefield,0,routing
2026-07-16 16:11:30+00:00,zo-bengaluru,0,routing
2026-07-16 16:12:00+00:00,br-whitefield,0,routing
2026-07-16 16:12:00+00:00,zo-bengaluru,0,routing
2026-07-16 16:12:00+00:00,br-koramangala,0,routing
2026-07-16 16:12:00+00:00,ho-chennai,0,routing
2026-07-16 16:12:30+00:00,br-koramangala,0,routing
2026-07-16 16:12:30+00:00,ho-chennai,0,routing
2026-07-16 16:12:30+00:00,br-whitefield,0,routing
2026-07-16 16:12:30+00:00,zo-bengaluru,0,routing
2026-07-16 16:13:00+00:00,br-whitefield,0,routing
2026-07-16 16:13:00+00:00,zo-bengaluru,0,routing
2026-07-16 16:13:00+00:00,br-koramangala,0,routing
2026-07-16 16:13:00+00:00,ho-chennai,0,routing
2026-07-16 16:13:30+00:00,br-koramangala,0,routing
2026-07-16 16:13:30+00:00,ho-chennai,0,routing
2026-07-16 16:13:30+00:00,br-whitefield,0,routing
2026-07-16 16:13:30+00:00,zo-bengaluru,0,routing
2026-07-16 16:14:00+00:00,br-whitefield,0,routing
2026-07-16 16:14:00+00:00,zo-bengaluru,0,routing
2026-07-16 16:14:00+00:00,br-koramangala,0,routing
2026-07-16 16:14:00+00:00,ho-chennai,0,routing
2026-07-16 16:14:30+00:00,br-koramangala,0,routing
2026-07-16 16:14:30+00:00,ho-chennai,0,routing
2026-07-16 16:14:30+00:00,br-whitefield,0,routing
2026-07-16 16:14:30+00:00,zo-bengaluru,0,routing
2026-07-16 16:15:00+00:00,br-whitefield,0,routing
2026-07-16 16:15:00+00:00,zo-bengaluru,0,routing
2026-07-16 16:15:00+00:00,br-koramangala,0,routing
2026-07-16 16:15:00+00:00,ho-chennai,0,routing
2026-07-16 16:15:30+00:00,br-koramangala,0,routing
2026-07-16 16:15:30+00:00,ho-chennai,0,routing
2026-07-16 16:15:30+00:00,br-whitefield,0,routing
2026-07-16 16:15:30+00:00,zo-bengaluru,0,routing
2026-07-16 16:16:00+00:00,br-whitefield,0,routing
2026-07-16 16:16:00+00:00,zo-bengaluru,0,routing
2026-07-16 16:16:00+00:00,br-koramangala,0,routing
2026-07-16 16:16:00+00:00,ho-chennai,0,routing
2026-07-16 16:16:30+00:00,br-koramangala,0,routing
2026-07-16 16:16:30+00:00,ho-chennai,0,routing
2026-07-16 16:16:30+00:00,br-whitefield,0,routing
2026-07-16 16:16:30+00:00,zo-bengaluru,0,routing
2026-07-16 16:17:00+00:00,br-whitefield,0,routing
2026-07-16 16:17:00+00:00,zo-bengaluru,0,routing
2026-07-16 16:17:00+00:00,br-koramangala,0,routing
2026-07-16 16:17:00+00:00,ho-chennai,0,routing
2026-07-16 16:17:30+00:00,br-koramangala,0,routing
2026-07-16 16:17:30+00:00,ho-chennai,0,routing
2026-07-16 16:17:30+00:00,br-whitefield,0,routing
2026-07-16 16:17:30+00:00,zo-bengaluru,0,routing
2026-07-16 16:18:00+00:00,br-whitefield,0,routing
2026-07-16 16:18:00+00:00,zo-bengaluru,0,routing
2026-07-16 16:18:00+00:00,br-koramangala,0,routing
2026-07-16 16:18:00+00:00,ho-chennai,0,routing
2026-07-16 16:18:30+00:00,br-koramangala,0,routing
2026-07-16 16:18:30+00:00,ho-chennai,0,routing
2026-07-16 16:18:30+00:00,br-whitefield,0,routing
2026-07-16 16:18:30+00:00,zo-bengaluru,0,routing
2026-07-16 16:19:01+00:00,br-whitefield,0,routing
2026-07-16 16:19:01+00:00,zo-bengaluru,0,routing
2026-07-16 16:19:01+00:00,br-koramangala,0,routing
2026-07-16 16:19:01+00:00,ho-chennai,0,routing
2026-07-16 16:19:30+00:00,br-koramangala,0,routing
2026-07-16 16:19:30+00:00,ho-chennai,0,routing
2026-07-16 16:19:30+00:00,br-whitefield,0,routing
2026-07-16 16:19:30+00:00,zo-bengaluru,0,routing
2026-07-16 16:20:00+00:00,br-whitefield,0,routing
2026-07-16 16:20:00+00:00,zo-bengaluru,0,routing
2026-07-16 16:20:00+00:00,br-koramangala,0,routing
2026-07-16 16:20:00+00:00,ho-chennai,0,routing
2026-07-16 16:20:31+00:00,br-koramangala,0,routing
2026-07-16 16:20:31+00:00,ho-chennai,0,routing
2026-07-16 16:20:31+00:00,br-whitefield,0,routing
2026-07-16 16:20:31+00:00,zo-bengaluru,0,routing
2026-07-16 16:21:00+00:00,br-whitefield,0,routing
2026-07-16 16:21:00+00:00,zo-bengaluru,0,routing
2026-07-16 16:21:00+00:00,br-koramangala,0,routing
2026-07-16 16:21:00+00:00,ho-chennai,0,routing
2026-07-16 16:21:30+00:00,br-koramangala,0,routing
2026-07-16 16:21:30+00:00,ho-chennai,0,routing
2026-07-16 16:21:30+00:00,br-whitefield,0,routing
2026-07-16 16:21:30+00:00,zo-bengaluru,0,routing
2026-07-16 16:22:00+00:00,br-whitefield,0,routing
2026-07-16 16:22:00+00:00,zo-bengaluru,0,routing
2026-07-16 16:22:00+00:00,br-koramangala,0,routing
2026-07-16 16:22:00+00:00,ho-chennai,0,routing
2026-07-16 16:22:30+00:00,br-koramangala,0,routing
2026-07-16 16:22:30+00:00,ho-chennai,0,routing
2026-07-16 16:22:30+00:00,br-whitefield,0,routing
2026-07-16 16:22:30+00:00,zo-bengaluru,0,routing
2026-07-16 16:23:01+00:00,br-whitefield,0,routing
2026-07-16 16:23:01+00:00,zo-bengaluru,0,routing
2026-07-16 16:23:01+00:00,br-koramangala,0,routing
2026-07-16 16:23:01+00:00,ho-chennai,0,routing
2026-07-16 16:23:30+00:00,br-koramangala,0,routing
2026-07-16 16:23:30+00:00,ho-chennai,0,routing
2026-07-16 16:23:30+00:00,br-whitefield,0,routing
2026-07-16 16:23:30+00:00,zo-bengaluru,0,routing
2026-07-16 16:24:00+00:00,br-whitefield,0,routing
2026-07-16 16:24:00+00:00,zo-bengaluru,0,routing
2026-07-16 16:24:00+00:00,br-koramangala,0,routing
2026-07-16 16:24:00+00:00,ho-chennai,0,routing
2026-07-16 16:24:30+00:00,br-koramangala,0,routing
2026-07-16 16:24:30+00:00,ho-chennai,0,routing
2026-07-16 16:24:30+00:00,br-whitefield,0,routing
2026-07-16 16:24:30+00:00,zo-bengaluru,0,routing
2026-07-16 16:25:00+00:00,br-whitefield,0,routing
2026-07-16 16:25:00+00:00,zo-bengaluru,0,routing
2026-07-16 16:25:00+00:00,br-koramangala,0,routing
2026-07-16 16:25:00+00:00,ho-chennai,0,routing
2026-07-16 16:25:30+00:00,br-koramangala,0,routing
2026-07-16 16:25:30+00:00,ho-chennai,0,routing
2026-07-16 16:25:30+00:00,br-whitefield,0,routing
2026-07-16 16:25:30+00:00,zo-bengaluru,0,routing
2026-07-16 16:26:00+00:00,br-whitefield,0,routing
2026-07-16 16:26:00+00:00,zo-bengaluru,0,routing
2026-07-16 16:26:00+00:00,br-koramangala,0,routing
2026-07-16 16:26:00+00:00,ho-chennai,0,routing
2026-07-16 16:26:30+00:00,br-koramangala,0,routing
2026-07-16 16:26:30+00:00,ho-chennai,0,routing
2026-07-16 16:26:30+00:00,br-whitefield,0,routing
2026-07-16 16:26:30+00:00,zo-bengaluru,0,routing
2026-07-16 16:27:00+00:00,br-whitefield,0,routing
2026-07-16 16:27:00+00:00,zo-bengaluru,0,routing
2026-07-16 16:27:00+00:00,br-koramangala,0,routing
2026-07-16 16:27:00+00:00,ho-chennai,0,routing
2026-07-16 16:27:30+00:00,br-koramangala,0,routing
2026-07-16 16:27:30+00:00,ho-chennai,0,routing
2026-07-16 16:27:30+00:00,br-whitefield,0,routing
2026-07-16 16:27:30+00:00,zo-bengaluru,0,routing
2026-07-16 16:28:00+00:00,br-whitefield,0,routing
2026-07-16 16:28:00+00:00,zo-bengaluru,0,routing
2026-07-16 16:28:00+00:00,br-koramangala,0,routing
2026-07-16 16:28:00+00:00,ho-chennai,0,routing
2026-07-16 16:28:30+00:00,br-koramangala,0,routing
2026-07-16 16:28:30+00:00,ho-chennai,0,routing
2026-07-16 16:28:30+00:00,br-whitefield,0,routing
2026-07-16 16:28:30+00:00,zo-bengaluru,0,routing
2026-07-16 16:29:01+00:00,br-whitefield,0,routing
2026-07-16 16:29:01+00:00,zo-bengaluru,0,routing
2026-07-16 16:29:01+00:00,br-koramangala,0,routing
2026-07-16 16:29:01+00:00,ho-chennai,0,routing
2026-07-16 16:29:30+00:00,br-koramangala,0,routing
2026-07-16 16:29:30+00:00,ho-chennai,0,routing
2026-07-16 16:29:30+00:00,br-whitefield,0,routing
2026-07-16 16:29:30+00:00,zo-bengaluru,0,routing
2026-07-16 16:30:00+00:00,br-whitefield,0,routing
2026-07-16 16:30:00+00:00,zo-bengaluru,0,routing
2026-07-16 16:30:00+00:00,br-koramangala,0,routing
2026-07-16 16:30:00+00:00,ho-chennai,0,routing
2026-07-16 16:30:30+00:00,br-koramangala,0,routing
2026-07-16 16:30:30+00:00,ho-chennai,0,routing
2026-07-16 16:30:30+00:00,br-whitefield,0,routing
2026-07-16 16:30:30+00:00,zo-bengaluru,0,routing
2026-07-16 16:31:00+00:00,br-whitefield,0,routing
2026-07-16 16:31:00+00:00,zo-bengaluru,0,routing
2026-07-16 16:31:00+00:00,br-koramangala,0,routing
2026-07-16 16:31:00+00:00,ho-chennai,0,routing
2026-07-16 16:31:30+00:00,br-koramangala,0,routing
2026-07-16 16:31:30+00:00,ho-chennai,0,routing
2026-07-16 16:31:30+00:00,br-whitefield,0,routing
2026-07-16 16:31:30+00:00,zo-bengaluru,0,routing
2026-07-16 16:32:00+00:00,br-whitefield,0,routing
2026-07-16 16:32:00+00:00,zo-bengaluru,0,routing
2026-07-16 16:32:00+00:00,br-koramangala,0,routing
2026-07-16 16:32:00+00:00,ho-chennai,0,routing
2026-07-16 16:32:31+00:00,br-koramangala,0,routing
2026-07-16 16:32:31+00:00,ho-chennai,0,routing
2026-07-16 16:32:31+00:00,br-whitefield,0,routing
2026-07-16 16:32:31+00:00,zo-bengaluru,0,routing
2026-07-16 16:33:00+00:00,br-whitefield,0,routing
2026-07-16 16:33:00+00:00,zo-bengaluru,0,routing
2026-07-16 16:33:00+00:00,br-koramangala,0,routing
2026-07-16 16:33:00+00:00,ho-chennai,0,routing
2026-07-16 16:33:30+00:00,br-koramangala,0,routing
2026-07-16 16:33:30+00:00,ho-chennai,0,routing
2026-07-16 16:33:30+00:00,br-whitefield,0,routing
2026-07-16 16:33:30+00:00,zo-bengaluru,0,routing
2026-07-16 16:34:00+00:00,br-whitefield,0,routing
2026-07-16 16:34:00+00:00,zo-bengaluru,0,routing
2026-07-16 16:34:00+00:00,br-koramangala,0,routing
2026-07-16 16:34:00+00:00,ho-chennai,0,routing
2026-07-16 16:34:30+00:00,br-koramangala,0,routing
2026-07-16 16:34:30+00:00,ho-chennai,0,routing
2026-07-16 16:34:30+00:00,br-whitefield,0,routing
2026-07-16 16:34:30+00:00,zo-bengaluru,0,routing
2026-07-16 16:35:00+00:00,br-whitefield,0,routing
2026-07-16 16:35:00+00:00,zo-bengaluru,0,routing
2026-07-16 16:35:00+00:00,br-koramangala,0,routing
2026-07-16 16:35:00+00:00,ho-chennai,0,routing
2026-07-16 16:35:30+00:00,br-koramangala,0,routing
2026-07-16 16:35:30+00:00,ho-chennai,0,routing
2026-07-16 16:35:30+00:00,br-whitefield,0,routing
2026-07-16 16:35:30+00:00,zo-bengaluru,0,routing
2026-07-16 16:36:00+00:00,br-whitefield,0,routing
2026-07-16 16:36:00+00:00,zo-bengaluru,0,routing
2026-07-16 16:36:00+00:00,br-koramangala,0,routing
2026-07-16 16:36:00+00:00,ho-chennai,0,routing
2026-07-16 16:36:30+00:00,br-koramangala,0,routing
2026-07-16 16:36:30+00:00,ho-chennai,0,routing
2026-07-16 16:36:30+00:00,br-whitefield,0,routing
2026-07-16 16:36:30+00:00,zo-bengaluru,0,routing
2026-07-16 16:37:00+00:00,br-whitefield,0,routing
2026-07-16 16:37:00+00:00,zo-bengaluru,0,routing
2026-07-16 16:37:00+00:00,br-koramangala,0,routing
2026-07-16 16:37:00+00:00,ho-chennai,0,routing
2026-07-16 16:37:30+00:00,br-koramangala,0,routing
2026-07-16 16:37:30+00:00,ho-chennai,0,routing
2026-07-16 16:37:30+00:00,br-whitefield,0,routing
2026-07-16 16:37:30+00:00,zo-bengaluru,0,routing
2026-07-16 16:38:00+00:00,br-whitefield,0,routing
2026-07-16 16:38:00+00:00,zo-bengaluru,0,routing
2026-07-16 16:38:00+00:00,br-koramangala,0,routing
2026-07-16 16:38:00+00:00,ho-chennai,0,routing
2026-07-16 16:38:30+00:00,br-koramangala,0,routing
2026-07-16 16:38:30+00:00,ho-chennai,0,routing
2026-07-16 16:38:30+00:00,br-whitefield,0,routing
2026-07-16 16:38:30+00:00,zo-bengaluru,0,routing
2026-07-16 16:39:00+00:00,br-whitefield,0,routing
2026-07-16 16:39:00+00:00,zo-bengaluru,0,routing
2026-07-16 16:39:00+00:00,br-koramangala,0,routing
2026-07-16 16:39:00+00:00,ho-chennai,0,routing
2026-07-16 16:39:31+00:00,br-koramangala,0,routing
2026-07-16 16:39:31+00:00,ho-chennai,0,routing
2026-07-16 16:39:31+00:00,br-whitefield,0,routing
2026-07-16 16:39:31+00:00,zo-bengaluru,0,routing
2026-07-16 16:40:01+00:00,br-whitefield,0,routing
2026-07-16 16:40:01+00:00,zo-bengaluru,0,routing
2026-07-16 16:40:01+00:00,br-koramangala,0,routing
2026-07-16 16:40:01+00:00,ho-chennai,0,routing
2026-07-16 16:40:31+00:00,br-koramangala,0,routing
2026-07-16 16:40:31+00:00,ho-chennai,0,routing
2026-07-16 16:40:31+00:00,br-whitefield,0,routing
2026-07-16 16:40:31+00:00,zo-bengaluru,0,routing
2026-07-16 16:41:01+00:00,br-whitefield,0,routing
2026-07-16 16:41:01+00:00,zo-bengaluru,0,routing
2026-07-16 16:41:01+00:00,br-koramangala,0,routing
2026-07-16 16:41:01+00:00,ho-chennai,0,routing
2026-07-16 16:41:30+00:00,br-koramangala,0,routing
2026-07-16 16:41:30+00:00,ho-chennai,0,routing
2026-07-16 16:41:30+00:00,br-whitefield,0,routing
2026-07-16 16:41:30+00:00,zo-bengaluru,0,routing
2026-07-16 16:42:01+00:00,br-whitefield,0,routing
2026-07-16 16:42:01+00:00,zo-bengaluru,0,routing
2026-07-16 16:42:01+00:00,br-koramangala,0,routing
2026-07-16 16:42:01+00:00,ho-chennai,0,routing
2026-07-16 16:42:30+00:00,br-koramangala,0,routing
2026-07-16 16:42:30+00:00,ho-chennai,0,routing
2026-07-16 16:42:30+00:00,br-whitefield,0,routing
2026-07-16 16:42:30+00:00,zo-bengaluru,0,routing
2026-07-16 16:43:00+00:00,br-whitefield,0,routing
2026-07-16 16:43:00+00:00,zo-bengaluru,0,routing
2026-07-16 16:43:00+00:00,br-koramangala,0,routing
2026-07-16 16:43:00+00:00,ho-chennai,0,routing
2026-07-16 16:43:31+00:00,br-koramangala,0,routing
2026-07-16 16:43:31+00:00,ho-chennai,0,routing
2026-07-16 16:43:31+00:00,br-whitefield,0,routing
2026-07-16 16:43:31+00:00,zo-bengaluru,0,routing
2026-07-16 16:44:00+00:00,br-whitefield,0,routing
2026-07-16 16:44:00+00:00,zo-bengaluru,0,routing
2026-07-16 16:44:00+00:00,br-koramangala,0,routing
2026-07-16 16:44:00+00:00,ho-chennai,0,routing
2026-07-16 16:44:30+00:00,br-koramangala,0,routing
2026-07-16 16:44:30+00:00,ho-chennai,0,routing
2026-07-16 16:44:30+00:00,br-whitefield,0,routing
2026-07-16 16:44:30+00:00,zo-bengaluru,0,routing
2026-07-16 16:45:00+00:00,br-whitefield,0,routing
2026-07-16 16:45:00+00:00,zo-bengaluru,0,routing
2026-07-16 16:45:00+00:00,br-koramangala,0,routing
2026-07-16 16:45:00+00:00,ho-chennai,0,routing
2026-07-16 16:45:30+00:00,br-koramangala,0,routing
2026-07-16 16:45:30+00:00,ho-chennai,0,routing
2026-07-16 16:45:30+00:00,br-whitefield,0,routing
2026-07-16 16:45:30+00:00,zo-bengaluru,0,routing
2026-07-16 16:46:00+00:00,br-whitefield,0,routing
2026-07-16 16:46:00+00:00,zo-bengaluru,0,routing
2026-07-16 16:46:00+00:00,br-koramangala,0,routing
2026-07-16 16:46:00+00:00,ho-chennai,0,routing
2026-07-16 16:46:30+00:00,br-koramangala,0,routing
2026-07-16 16:46:30+00:00,ho-chennai,0,routing
2026-07-16 16:46:30+00:00,br-whitefield,0,routing
2026-07-16 16:46:30+00:00,zo-bengaluru,0,routing
2026-07-16 16:47:00+00:00,br-whitefield,0,routing
2026-07-16 16:47:00+00:00,zo-bengaluru,0,routing
2026-07-16 16:47:00+00:00,br-koramangala,0,routing
2026-07-16 16:47:00+00:00,ho-chennai,0,routing
2026-07-16 16:47:30+00:00,br-koramangala,0,routing
2026-07-16 16:47:30+00:00,ho-chennai,0,routing
2026-07-16 16:47:30+00:00,br-whitefield,0,routing
2026-07-16 16:47:30+00:00,zo-bengaluru,0,routing
2026-07-16 16:48:00+00:00,br-whitefield,0,routing
2026-07-16 16:48:00+00:00,zo-bengaluru,0,routing
2026-07-16 16:48:00+00:00,br-koramangala,0,routing
2026-07-16 16:48:00+00:00,ho-chennai,0,routing
2026-07-16 16:48:30+00:00,br-koramangala,0,routing
2026-07-16 16:48:30+00:00,ho-chennai,0,routing
2026-07-16 16:48:30+00:00,br-whitefield,0,routing
2026-07-16 16:48:30+00:00,zo-bengaluru,0,routing
2026-07-16 16:49:00+00:00,br-whitefield,0,routing
2026-07-16 16:49:00+00:00,zo-bengaluru,0,routing
2026-07-16 16:49:00+00:00,br-koramangala,0,routing
2026-07-16 16:49:00+00:00,ho-chennai,0,routing
2026-07-16 16:49:30+00:00,br-koramangala,0,routing
2026-07-16 16:49:30+00:00,ho-chennai,0,routing
2026-07-16 16:49:30+00:00,br-whitefield,0,routing
2026-07-16 16:49:30+00:00,zo-bengaluru,0,routing
2026-07-16 16:50:00+00:00,br-whitefield,0,routing
2026-07-16 16:50:00+00:00,zo-bengaluru,0,routing
2026-07-16 16:50:00+00:00,br-koramangala,0,routing
2026-07-16 16:50:00+00:00,ho-chennai,0,routing
2026-07-16 16:50:30+00:00,br-koramangala,0,routing
2026-07-16 16:50:30+00:00,ho-chennai,0,routing
2026-07-16 16:50:30+00:00,br-whitefield,0,routing
2026-07-16 16:50:30+00:00,zo-bengaluru,0,routing
2026-07-16 16:51:00+00:00,br-whitefield,0,routing
2026-07-16 16:51:00+00:00,zo-bengaluru,0,routing
2026-07-16 16:51:00+00:00,br-koramangala,0,routing
2026-07-16 16:51:00+00:00,ho-chennai,0,routing
2026-07-16 16:51:30+00:00,br-koramangala,0,routing
2026-07-16 16:51:30+00:00,ho-chennai,0,routing
2026-07-16 16:51:30+00:00,br-whitefield,0,routing
2026-07-16 16:51:30+00:00,zo-bengaluru,0,routing
2026-07-16 16:52:00+00:00,br-whitefield,0,routing
2026-07-16 16:52:00+00:00,zo-bengaluru,0,routing
2026-07-16 16:52:00+00:00,br-koramangala,0,routing
2026-07-16 16:52:00+00:00,ho-chennai,0,routing
2026-07-16 16:52:30+00:00,br-koramangala,0,routing
2026-07-16 16:52:30+00:00,ho-chennai,0,routing
2026-07-16 16:52:30+00:00,br-whitefield,0,routing
2026-07-16 16:52:30+00:00,zo-bengaluru,0,routing
2026-07-16 16:53:00+00:00,br-whitefield,0,routing
2026-07-16 16:53:00+00:00,zo-bengaluru,0,routing
2026-07-16 16:53:00+00:00,br-koramangala,0,routing
2026-07-16 16:53:00+00:00,ho-chennai,0,routing
2026-07-16 16:53:30+00:00,br-koramangala,0,routing
2026-07-16 16:53:30+00:00,ho-chennai,0,routing
2026-07-16 16:53:30+00:00,br-whitefield,0,routing
2026-07-16 16:53:30+00:00,zo-bengaluru,0,routing
2026-07-16 16:54:00+00:00,br-whitefield,0,routing
2026-07-16 16:54:00+00:00,zo-bengaluru,0,routing
2026-07-16 16:54:00+00:00,br-koramangala,0,routing
2026-07-16 16:54:00+00:00,ho-chennai,0,routing
2026-07-16 16:54:30+00:00,br-koramangala,0,routing
2026-07-16 16:54:30+00:00,ho-chennai,0,routing
2026-07-16 16:54:30+00:00,br-whitefield,0,routing
2026-07-16 16:54:30+00:00,zo-bengaluru,0,routing
2026-07-16 16:55:00+00:00,br-whitefield,0,routing
2026-07-16 16:55:00+00:00,zo-bengaluru,0,routing
2026-07-16 16:55:00+00:00,br-koramangala,0,routing
2026-07-16 16:55:00+00:00,ho-chennai,0,routing
2026-07-16 16:55:30+00:00,br-koramangala,0,routing
2026-07-16 16:55:30+00:00,ho-chennai,0,routing
2026-07-16 16:55:30+00:00,br-whitefield,0,routing
2026-07-16 16:55:30+00:00,zo-bengaluru,0,routing
2026-07-16 16:56:00+00:00,br-whitefield,0,routing
2026-07-16 16:56:00+00:00,zo-bengaluru,0,routing
2026-07-16 16:56:00+00:00,br-koramangala,0,routing
2026-07-16 16:56:00+00:00,ho-chennai,0,routing
2026-07-16 16:56:30+00:00,br-koramangala,0,routing
2026-07-16 16:56:30+00:00,ho-chennai,0,routing
2026-07-16 16:56:30+00:00,br-whitefield,0,routing
2026-07-16 16:56:30+00:00,zo-bengaluru,0,routing
2026-07-16 16:57:00+00:00,br-whitefield,0,routing
2026-07-16 16:57:00+00:00,zo-bengaluru,0,routing
2026-07-16 16:57:00+00:00,br-koramangala,0,routing
2026-07-16 16:57:00+00:00,ho-chennai,0,routing
2026-07-16 16:57:30+00:00,br-koramangala,0,routing
2026-07-16 16:57:30+00:00,ho-chennai,0,routing
2026-07-16 16:57:30+00:00,br-whitefield,0,routing
2026-07-16 16:57:30+00:00,zo-bengaluru,0,routing
2026-07-16 16:58:00+00:00,br-whitefield,0,routing
2026-07-16 16:58:00+00:00,zo-bengaluru,0,routing
2026-07-16 16:58:00+00:00,br-koramangala,0,routing
2026-07-16 16:58:00+00:00,ho-chennai,0,routing
2026-07-16 16:58:30+00:00,br-koramangala,0,routing
2026-07-16 16:58:30+00:00,ho-chennai,0,routing
2026-07-16 16:58:30+00:00,br-whitefield,0,routing
2026-07-16 16:58:30+00:00,zo-bengaluru,0,routing
2026-07-16 16:59:00+00:00,br-whitefield,0,routing
2026-07-16 16:59:00+00:00,zo-bengaluru,0,routing
2026-07-16 16:59:00+00:00,br-koramangala,0,routing
2026-07-16 16:59:00+00:00,ho-chennai,0,routing
2026-07-16 16:59:30+00:00,br-koramangala,0,routing
2026-07-16 16:59:30+00:00,ho-chennai,0,routing
2026-07-16 16:59:30+00:00,br-whitefield,0,routing
2026-07-16 16:59:30+00:00,zo-bengaluru,0,routing
2026-07-16 17:00:00+00:00,br-whitefield,0,routing
2026-07-16 17:00:00+00:00,zo-bengaluru,0,routing
2026-07-16 17:00:00+00:00,br-koramangala,0,routing
2026-07-16 17:00:00+00:00,ho-chennai,0,routing
2026-07-16 17:00:30+00:00,br-koramangala,0,routing
2026-07-16 17:00:30+00:00,ho-chennai,0,routing
2026-07-16 17:00:30+00:00,br-whitefield,0,routing
2026-07-16 17:00:30+00:00,zo-bengaluru,0,routing
2026-07-16 17:01:00+00:00,br-whitefield,0,routing
2026-07-16 17:01:00+00:00,zo-bengaluru,0,routing
2026-07-16 17:01:00+00:00,br-koramangala,0,routing
2026-07-16 17:01:00+00:00,ho-chennai,0,routing
2026-07-16 17:01:30+00:00,br-koramangala,0,routing
2026-07-16 17:01:30+00:00,ho-chennai,0,routing
2026-07-16 17:01:30+00:00,br-whitefield,0,routing
2026-07-16 17:01:30+00:00,zo-bengaluru,0,routing
2026-07-16 17:02:00+00:00,br-whitefield,0,routing
2026-07-16 17:02:00+00:00,zo-bengaluru,0,routing
2026-07-16 17:02:00+00:00,br-koramangala,0,routing
2026-07-16 17:02:00+00:00,ho-chennai,0,routing
2026-07-16 17:02:30+00:00,br-koramangala,0,routing
2026-07-16 17:02:30+00:00,ho-chennai,0,routing
2026-07-16 17:02:30+00:00,br-whitefield,0,routing
2026-07-16 17:02:30+00:00,zo-bengaluru,0,routing
2026-07-16 17:03:00+00:00,br-whitefield,0,routing
2026-07-16 17:03:00+00:00,zo-bengaluru,0,routing
2026-07-16 17:03:00+00:00,br-koramangala,0,routing
2026-07-16 17:03:00+00:00,ho-chennai,0,routing
2026-07-16 17:03:30+00:00,br-koramangala,0,routing
2026-07-16 17:03:30+00:00,ho-chennai,0,routing
2026-07-16 17:03:30+00:00,br-whitefield,0,routing
2026-07-16 17:03:30+00:00,zo-bengaluru,0,routing
2026-07-16 17:04:00+00:00,br-whitefield,0,routing
2026-07-16 17:04:00+00:00,zo-bengaluru,0,routing
2026-07-16 17:04:00+00:00,br-koramangala,0,routing
2026-07-16 17:04:00+00:00,ho-chennai,0,routing
2026-07-16 17:04:30+00:00,br-koramangala,0,routing
2026-07-16 17:04:30+00:00,ho-chennai,0,routing
2026-07-16 17:04:30+00:00,br-whitefield,0,routing
2026-07-16 17:04:30+00:00,zo-bengaluru,0,routing
2026-07-16 17:05:00+00:00,br-whitefield,0,routing
2026-07-16 17:05:00+00:00,zo-bengaluru,0,routing
2026-07-16 17:05:00+00:00,br-koramangala,0,routing
2026-07-16 17:05:00+00:00,ho-chennai,0,routing
2026-07-16 17:05:30+00:00,br-koramangala,0,routing
2026-07-16 17:05:30+00:00,ho-chennai,0,routing
2026-07-16 17:05:30+00:00,br-whitefield,0,routing
2026-07-16 17:05:30+00:00,zo-bengaluru,0,routing
2026-07-16 17:06:00+00:00,br-whitefield,0,routing
2026-07-16 17:06:00+00:00,zo-bengaluru,0,routing
2026-07-16 17:06:00+00:00,br-koramangala,0,routing
2026-07-16 17:06:00+00:00,ho-chennai,0,routing
2026-07-16 17:06:30+00:00,br-koramangala,0,routing
2026-07-16 17:06:30+00:00,ho-chennai,0,routing
2026-07-16 17:06:30+00:00,br-whitefield,0,routing
2026-07-16 17:06:30+00:00,zo-bengaluru,0,routing
2026-07-16 17:07:00+00:00,br-whitefield,0,routing
2026-07-16 17:07:00+00:00,zo-bengaluru,0,routing
2026-07-16 17:07:00+00:00,br-koramangala,0,routing
2026-07-16 17:07:00+00:00,ho-chennai,0,routing
2026-07-16 17:07:30+00:00,br-koramangala,0,routing
2026-07-16 17:07:30+00:00,ho-chennai,0,routing
2026-07-16 17:07:30+00:00,br-whitefield,0,routing
2026-07-16 17:07:30+00:00,zo-bengaluru,0,routing
2026-07-16 17:08:00+00:00,br-whitefield,0,routing
2026-07-16 17:08:00+00:00,zo-bengaluru,0,routing
2026-07-16 17:08:00+00:00,br-koramangala,0,routing
2026-07-16 17:08:00+00:00,ho-chennai,0,routing
2026-07-16 17:08:30+00:00,br-koramangala,0,routing
2026-07-16 17:08:30+00:00,ho-chennai,0,routing
2026-07-16 17:08:30+00:00,br-whitefield,0,routing
2026-07-16 17:08:30+00:00,zo-bengaluru,0,routing
2026-07-16 17:09:00+00:00,br-whitefield,0,routing
2026-07-16 17:09:00+00:00,zo-bengaluru,0,routing
2026-07-16 17:09:00+00:00,br-koramangala,0,routing
2026-07-16 17:09:00+00:00,ho-chennai,0,routing
2026-07-16 17:09:30+00:00,br-koramangala,0,routing
2026-07-16 17:09:30+00:00,ho-chennai,0,routing
2026-07-16 17:09:30+00:00,br-whitefield,0,routing
2026-07-16 17:09:30+00:00,zo-bengaluru,0,routing
2026-07-16 17:10:00+00:00,br-whitefield,0,routing
2026-07-16 17:10:00+00:00,zo-bengaluru,0,routing
2026-07-16 17:10:00+00:00,br-koramangala,0,routing
2026-07-16 17:10:00+00:00,ho-chennai,0,routing
2026-07-16 17:10:30+00:00,br-koramangala,0,routing
2026-07-16 17:10:30+00:00,ho-chennai,0,routing
2026-07-16 17:10:30+00:00,br-whitefield,0,routing
2026-07-16 17:10:30+00:00,zo-bengaluru,0,routing
2026-07-16 17:11:00+00:00,br-whitefield,0,routing
2026-07-16 17:11:00+00:00,zo-bengaluru,0,routing
2026-07-16 17:11:00+00:00,br-koramangala,0,routing
2026-07-16 17:11:00+00:00,ho-chennai,0,routing
2026-07-16 17:11:30+00:00,br-koramangala,0,routing
2026-07-16 17:11:30+00:00,ho-chennai,0,routing
2026-07-16 17:11:30+00:00,br-whitefield,0,routing
2026-07-16 17:11:30+00:00,zo-bengaluru,0,routing
2026-07-16 17:12:00+00:00,br-whitefield,0,routing
2026-07-16 17:12:00+00:00,zo-bengaluru,0,routing
2026-07-16 17:12:00+00:00,br-koramangala,0,routing
2026-07-16 17:12:00+00:00,ho-chennai,0,routing
2026-07-16 17:12:30+00:00,br-koramangala,0,routing
2026-07-16 17:12:30+00:00,ho-chennai,0,routing
2026-07-16 17:12:30+00:00,br-whitefield,0,routing
2026-07-16 17:12:30+00:00,zo-bengaluru,0,routing
2026-07-16 17:13:00+00:00,br-whitefield,0,routing
2026-07-16 17:13:00+00:00,zo-bengaluru,0,routing
2026-07-16 17:13:00+00:00,br-koramangala,0,routing
2026-07-16 17:13:00+00:00,ho-chennai,0,routing
2026-07-16 17:13:30+00:00,br-koramangala,0,routing
2026-07-16 17:13:30+00:00,ho-chennai,0,routing
2026-07-16 17:13:30+00:00,br-whitefield,0,routing
2026-07-16 17:13:30+00:00,zo-bengaluru,0,routing
2026-07-16 17:14:00+00:00,br-whitefield,0,routing
2026-07-16 17:14:00+00:00,zo-bengaluru,0,routing
2026-07-16 17:14:00+00:00,br-koramangala,0,routing
2026-07-16 17:14:00+00:00,ho-chennai,0,routing
2026-07-16 17:14:30+00:00,br-koramangala,0,routing
2026-07-16 17:14:30+00:00,ho-chennai,0,routing
2026-07-16 17:14:30+00:00,br-whitefield,0,routing
2026-07-16 17:14:30+00:00,zo-bengaluru,0,routing
2026-07-16 17:15:00+00:00,br-whitefield,0,routing
2026-07-16 17:15:00+00:00,zo-bengaluru,0,routing
2026-07-16 17:15:00+00:00,br-koramangala,0,routing
2026-07-16 17:15:00+00:00,ho-chennai,0,routing
2026-07-16 17:15:30+00:00,br-koramangala,0,routing
2026-07-16 17:15:30+00:00,ho-chennai,0,routing
2026-07-16 17:15:30+00:00,br-whitefield,0,routing
2026-07-16 17:15:30+00:00,zo-bengaluru,0,routing
2026-07-16 17:16:00+00:00,br-whitefield,0,routing
2026-07-16 17:16:00+00:00,zo-bengaluru,0,routing
2026-07-16 17:16:00+00:00,br-koramangala,0,routing
2026-07-16 17:16:00+00:00,ho-chennai,0,routing
2026-07-16 17:16:30+00:00,br-koramangala,0,routing
2026-07-16 17:16:30+00:00,ho-chennai,0,routing
2026-07-16 17:16:30+00:00,br-whitefield,0,routing
2026-07-16 17:16:30+00:00,zo-bengaluru,0,routing
2026-07-16 17:17:00+00:00,br-whitefield,0,routing
2026-07-16 17:17:00+00:00,zo-bengaluru,0,routing
2026-07-16 17:17:00+00:00,br-koramangala,0,routing
2026-07-16 17:17:00+00:00,ho-chennai,0,routing
2026-07-16 17:17:30+00:00,br-koramangala,0,routing
2026-07-16 17:17:30+00:00,ho-chennai,0,routing
2026-07-16 17:17:30+00:00,br-whitefield,0,routing
2026-07-16 17:17:30+00:00,zo-bengaluru,0,routing
2026-07-16 17:18:00+00:00,br-whitefield,0,routing
2026-07-16 17:18:00+00:00,zo-bengaluru,0,routing
2026-07-16 17:18:00+00:00,br-koramangala,0,routing
2026-07-16 17:18:00+00:00,ho-chennai,0,routing
2026-07-16 17:18:30+00:00,br-koramangala,0,routing
2026-07-16 17:18:30+00:00,ho-chennai,0,routing
2026-07-16 17:18:30+00:00,br-whitefield,0,routing
2026-07-16 17:18:30+00:00,zo-bengaluru,0,routing
2026-07-16 17:19:00+00:00,br-whitefield,0,routing
2026-07-16 17:19:00+00:00,zo-bengaluru,0,routing
2026-07-16 17:19:00+00:00,br-koramangala,0,routing
2026-07-16 17:19:00+00:00,ho-chennai,0,routing
2026-07-16 17:19:30+00:00,br-koramangala,0,routing
2026-07-16 17:19:30+00:00,ho-chennai,0,routing
2026-07-16 17:19:30+00:00,br-whitefield,0,routing
2026-07-16 17:19:30+00:00,zo-bengaluru,0,routing
2026-07-16 17:20:00+00:00,br-whitefield,0,routing
2026-07-16 17:20:00+00:00,zo-bengaluru,0,routing
2026-07-16 17:20:00+00:00,br-koramangala,0,routing
2026-07-16 17:20:00+00:00,ho-chennai,0,routing
2026-07-16 17:20:30+00:00,br-koramangala,0,routing
2026-07-16 17:20:30+00:00,ho-chennai,0,routing
2026-07-16 17:20:30+00:00,br-whitefield,0,routing
2026-07-16 17:20:30+00:00,zo-bengaluru,0,routing
2026-07-16 17:21:00+00:00,br-whitefield,0,routing
2026-07-16 17:21:00+00:00,zo-bengaluru,0,routing
2026-07-16 17:21:00+00:00,br-koramangala,0,routing
2026-07-16 17:21:00+00:00,ho-chennai,0,routing
2026-07-16 17:21:30+00:00,br-koramangala,0,routing
2026-07-16 17:21:30+00:00,ho-chennai,0,routing
2026-07-16 17:21:30+00:00,br-whitefield,0,routing
2026-07-16 17:21:30+00:00,zo-bengaluru,0,routing
2026-07-16 17:22:00+00:00,br-whitefield,0,routing
2026-07-16 17:22:00+00:00,zo-bengaluru,0,routing
2026-07-16 17:22:00+00:00,br-koramangala,0,routing
2026-07-16 17:22:00+00:00,ho-chennai,0,routing
2026-07-16 17:22:30+00:00,br-koramangala,0,routing
2026-07-16 17:22:30+00:00,ho-chennai,0,routing
2026-07-16 17:22:30+00:00,br-whitefield,0,routing
2026-07-16 17:22:30+00:00,zo-bengaluru,0,routing
2026-07-16 17:23:00+00:00,br-whitefield,0,routing
2026-07-16 17:23:00+00:00,zo-bengaluru,0,routing
2026-07-16 17:23:00+00:00,br-koramangala,0,routing
2026-07-16 17:23:00+00:00,ho-chennai,0,routing
2026-07-16 17:23:30+00:00,br-koramangala,0,routing
2026-07-16 17:23:30+00:00,ho-chennai,0,routing
2026-07-16 17:23:30+00:00,br-whitefield,0,routing
2026-07-16 17:23:30+00:00,zo-bengaluru,0,routing
2026-07-16 17:24:00+00:00,br-whitefield,0,routing
2026-07-16 17:24:00+00:00,zo-bengaluru,0,routing
2026-07-16 17:24:00+00:00,br-koramangala,0,routing
2026-07-16 17:24:00+00:00,ho-chennai,0,routing
2026-07-16 17:24:30+00:00,br-koramangala,0,routing
2026-07-16 17:24:30+00:00,ho-chennai,0,routing
2026-07-16 17:24:30+00:00,br-whitefield,0,routing
2026-07-16 17:24:30+00:00,zo-bengaluru,0,routing
2026-07-16 17:25:00+00:00,br-whitefield,0,routing
2026-07-16 17:25:00+00:00,zo-bengaluru,0,routing
2026-07-16 17:25:00+00:00,br-koramangala,0,routing
2026-07-16 17:25:00+00:00,ho-chennai,0,routing
2026-07-16 17:25:30+00:00,br-koramangala,0,routing
2026-07-16 17:25:30+00:00,ho-chennai,0,routing
2026-07-16 17:25:30+00:00,br-whitefield,0,routing
2026-07-16 17:25:30+00:00,zo-bengaluru,0,routing
2026-07-16 17:26:00+00:00,br-whitefield,0,routing
2026-07-16 17:26:00+00:00,zo-bengaluru,0,routing
2026-07-16 17:26:00+00:00,br-koramangala,0,routing
2026-07-16 17:26:00+00:00,ho-chennai,0,routing
2026-07-16 17:26:30+00:00,br-koramangala,0,routing
2026-07-16 17:26:30+00:00,ho-chennai,0,routing
2026-07-16 17:26:30+00:00,br-whitefield,0,routing
2026-07-16 17:26:30+00:00,zo-bengaluru,0,routing
2026-07-16 17:27:00+00:00,br-whitefield,0,routing
2026-07-16 17:27:00+00:00,zo-bengaluru,0,routing
2026-07-16 17:27:00+00:00,br-koramangala,0,routing
2026-07-16 17:27:00+00:00,ho-chennai,0,routing
2026-07-16 17:27:30+00:00,br-koramangala,0,routing
2026-07-16 17:27:30+00:00,ho-chennai,0,routing
2026-07-16 17:27:30+00:00,br-whitefield,0,routing
2026-07-16 17:27:30+00:00,zo-bengaluru,0,routing
2026-07-16 17:28:00+00:00,br-whitefield,0,routing
2026-07-16 17:28:00+00:00,zo-bengaluru,0,routing
2026-07-16 17:28:00+00:00,br-koramangala,0,routing
2026-07-16 17:28:00+00:00,ho-chennai,0,routing
2026-07-16 17:28:30+00:00,br-koramangala,0,routing
2026-07-16 17:28:30+00:00,ho-chennai,0,routing
2026-07-16 17:28:30+00:00,br-whitefield,0,routing
2026-07-16 17:28:30+00:00,zo-bengaluru,0,routing
2026-07-16 17:29:00+00:00,br-whitefield,0,routing
2026-07-16 17:29:00+00:00,zo-bengaluru,0,routing
2026-07-16 17:29:00+00:00,br-koramangala,0,routing
2026-07-16 17:29:00+00:00,ho-chennai,0,routing
2026-07-16 17:29:30+00:00,br-koramangala,0,routing
2026-07-16 17:29:30+00:00,ho-chennai,0,routing
2026-07-16 17:29:30+00:00,br-whitefield,0,routing
2026-07-16 17:29:30+00:00,zo-bengaluru,0,routing
2026-07-16 17:30:00+00:00,br-whitefield,0,routing
2026-07-16 17:30:00+00:00,zo-bengaluru,0,routing
2026-07-16 17:30:00+00:00,br-koramangala,0,routing
2026-07-16 17:30:00+00:00,ho-chennai,0,routing
2026-07-16 17:30:30+00:00,br-koramangala,0,routing
2026-07-16 17:30:30+00:00,ho-chennai,0,routing
2026-07-16 17:30:30+00:00,br-whitefield,0,routing
2026-07-16 17:30:30+00:00,zo-bengaluru,0,routing
2026-07-16 17:31:00+00:00,br-whitefield,0,routing
2026-07-16 17:31:00+00:00,zo-bengaluru,0,routing
2026-07-16 17:31:00+00:00,br-koramangala,0,routing
2026-07-16 17:31:00+00:00,ho-chennai,0,routing
2026-07-16 17:31:30+00:00,br-koramangala,0,routing
2026-07-16 17:31:30+00:00,ho-chennai,0,routing
2026-07-16 17:31:30+00:00,br-whitefield,0,routing
2026-07-16 17:31:30+00:00,zo-bengaluru,0,routing
2026-07-16 17:32:00+00:00,br-whitefield,0,routing
2026-07-16 17:32:00+00:00,zo-bengaluru,0,routing
2026-07-16 17:32:00+00:00,br-koramangala,0,routing
2026-07-16 17:32:00+00:00,ho-chennai,0,routing
2026-07-16 17:32:30+00:00,br-koramangala,0,routing
2026-07-16 17:32:30+00:00,ho-chennai,0,routing
2026-07-16 17:32:30+00:00,br-whitefield,0,routing
2026-07-16 17:32:30+00:00,zo-bengaluru,0,routing
2026-07-16 17:33:00+00:00,br-whitefield,0,routing
2026-07-16 17:33:00+00:00,zo-bengaluru,0,routing
2026-07-16 17:33:00+00:00,br-koramangala,0,routing
2026-07-16 17:33:00+00:00,ho-chennai,0,routing
2026-07-16 17:33:30+00:00,br-koramangala,0,routing
2026-07-16 17:33:30+00:00,ho-chennai,0,routing
2026-07-16 17:33:30+00:00,br-whitefield,0,routing
2026-07-16 17:33:30+00:00,zo-bengaluru,0,routing
2026-07-16 17:34:00+00:00,br-whitefield,0,routing
2026-07-16 17:34:00+00:00,zo-bengaluru,0,routing
2026-07-16 17:34:00+00:00,br-koramangala,0,routing
2026-07-16 17:34:00+00:00,ho-chennai,0,routing
2026-07-16 17:34:30+00:00,br-koramangala,0,routing
2026-07-16 17:34:30+00:00,ho-chennai,0,routing
2026-07-16 17:34:30+00:00,br-whitefield,0,routing
2026-07-16 17:34:30+00:00,zo-bengaluru,0,routing
2026-07-16 17:35:00+00:00,br-whitefield,0,routing
2026-07-16 17:35:00+00:00,zo-bengaluru,0,routing
2026-07-16 17:35:00+00:00,br-koramangala,0,routing
2026-07-16 17:35:00+00:00,ho-chennai,0,routing
2026-07-16 17:35:30+00:00,br-koramangala,0,routing
2026-07-16 17:35:30+00:00,ho-chennai,0,routing
2026-07-16 17:35:30+00:00,br-whitefield,0,routing
2026-07-16 17:35:30+00:00,zo-bengaluru,0,routing
2026-07-16 17:36:00+00:00,br-whitefield,0,routing
2026-07-16 17:36:00+00:00,zo-bengaluru,0,routing
2026-07-16 17:36:00+00:00,br-koramangala,0,routing
2026-07-16 17:36:00+00:00,ho-chennai,0,routing
2026-07-16 17:36:30+00:00,br-koramangala,0,routing
2026-07-16 17:36:30+00:00,ho-chennai,0,routing
2026-07-16 17:36:30+00:00,br-whitefield,0,routing
2026-07-16 17:36:30+00:00,zo-bengaluru,0,routing
2026-07-16 17:37:00+00:00,br-whitefield,0,routing
2026-07-16 17:37:00+00:00,zo-bengaluru,0,routing
2026-07-16 17:37:00+00:00,br-koramangala,0,routing
2026-07-16 17:37:00+00:00,ho-chennai,0,routing
2026-07-16 17:37:30+00:00,br-koramangala,0,routing
2026-07-16 17:37:30+00:00,ho-chennai,0,routing
2026-07-16 17:37:30+00:00,br-whitefield,0,routing
2026-07-16 17:37:30+00:00,zo-bengaluru,0,routing
2026-07-16 17:38:00+00:00,br-whitefield,0,routing
2026-07-16 17:38:00+00:00,zo-bengaluru,0,routing
2026-07-16 17:38:00+00:00,br-koramangala,0,routing
2026-07-16 17:38:00+00:00,ho-chennai,0,routing
2026-07-16 17:38:30+00:00,br-koramangala,0,routing
2026-07-16 17:38:30+00:00,ho-chennai,0,routing
2026-07-16 17:38:30+00:00,br-whitefield,0,routing
2026-07-16 17:38:30+00:00,zo-bengaluru,0,routing
2026-07-16 17:39:00+00:00,br-whitefield,0,routing
2026-07-16 17:39:00+00:00,zo-bengaluru,0,routing
2026-07-16 17:39:00+00:00,br-koramangala,0,routing
2026-07-16 17:39:00+00:00,ho-chennai,0,routing
2026-07-16 17:39:30+00:00,br-koramangala,0,routing
2026-07-16 17:39:30+00:00,ho-chennai,0,routing
2026-07-16 17:39:30+00:00,br-whitefield,0,routing
2026-07-16 17:39:30+00:00,zo-bengaluru,0,routing
2026-07-16 17:40:00+00:00,br-whitefield,0,routing
2026-07-16 17:40:00+00:00,zo-bengaluru,0,routing
2026-07-16 17:40:00+00:00,br-koramangala,0,routing
2026-07-16 17:40:00+00:00,ho-chennai,0,routing
2026-07-16 17:40:30+00:00,br-koramangala,0,routing
2026-07-16 17:40:30+00:00,ho-chennai,0,routing
2026-07-16 17:40:30+00:00,br-whitefield,0,routing
2026-07-16 17:40:30+00:00,zo-bengaluru,0,routing
2026-07-16 17:41:00+00:00,br-whitefield,0,routing
2026-07-16 17:41:00+00:00,zo-bengaluru,0,routing
2026-07-16 17:41:00+00:00,br-koramangala,0,routing
2026-07-16 17:41:00+00:00,ho-chennai,0,routing
2026-07-16 17:41:30+00:00,br-koramangala,0,routing
2026-07-16 17:41:30+00:00,ho-chennai,0,routing
2026-07-16 17:41:30+00:00,br-whitefield,0,routing
2026-07-16 17:41:30+00:00,zo-bengaluru,0,routing
2026-07-16 17:42:00+00:00,br-whitefield,0,routing
2026-07-16 17:42:00+00:00,zo-bengaluru,0,routing
2026-07-16 17:42:00+00:00,br-koramangala,0,routing
2026-07-16 17:42:00+00:00,ho-chennai,0,routing
2026-07-16 17:42:30+00:00,br-koramangala,0,routing
2026-07-16 17:42:30+00:00,ho-chennai,0,routing
2026-07-16 17:42:30+00:00,br-whitefield,0,routing
2026-07-16 17:42:30+00:00,zo-bengaluru,0,routing
2026-07-16 17:43:00+00:00,br-whitefield,0,routing
2026-07-16 17:43:00+00:00,zo-bengaluru,0,routing
2026-07-16 17:43:00+00:00,br-koramangala,0,routing
2026-07-16 17:43:00+00:00,ho-chennai,0,routing
2026-07-16 17:43:30+00:00,br-koramangala,0,routing
2026-07-16 17:43:30+00:00,ho-chennai,0,routing
2026-07-16 17:43:30+00:00,br-whitefield,0,routing
2026-07-16 17:43:30+00:00,zo-bengaluru,0,routing
2026-07-16 17:44:00+00:00,br-whitefield,0,routing
2026-07-16 17:44:00+00:00,zo-bengaluru,0,routing
2026-07-16 17:44:00+00:00,br-koramangala,0,routing
2026-07-16 17:44:00+00:00,ho-chennai,0,routing
2026-07-16 17:44:30+00:00,br-koramangala,0,routing
2026-07-16 17:44:30+00:00,ho-chennai,0,routing
2026-07-16 17:44:30+00:00,br-whitefield,0,routing
2026-07-16 17:44:30+00:00,zo-bengaluru,0,routing
2026-07-16 17:45:00+00:00,br-whitefield,0,routing
2026-07-16 17:45:00+00:00,zo-bengaluru,0,routing
2026-07-16 17:45:00+00:00,br-koramangala,0,routing
2026-07-16 17:45:00+00:00,ho-chennai,0,routing
2026-07-16 17:45:30+00:00,br-koramangala,0,routing
2026-07-16 17:45:30+00:00,ho-chennai,0,routing
2026-07-16 17:45:30+00:00,br-whitefield,0,routing
2026-07-16 17:45:30+00:00,zo-bengaluru,0,routing
2026-07-16 17:46:00+00:00,br-whitefield,0,routing
2026-07-16 17:46:00+00:00,zo-bengaluru,0,routing
2026-07-16 17:46:00+00:00,br-koramangala,0,routing
2026-07-16 17:46:00+00:00,ho-chennai,0,routing
2026-07-16 17:46:30+00:00,br-koramangala,0,routing
2026-07-16 17:46:30+00:00,ho-chennai,0,routing
2026-07-16 17:46:30+00:00,br-whitefield,0,routing
2026-07-16 17:46:30+00:00,zo-bengaluru,0,routing
2026-07-16 17:47:00+00:00,br-whitefield,0,routing
2026-07-16 17:47:00+00:00,zo-bengaluru,0,routing
2026-07-16 17:47:00+00:00,br-koramangala,0,routing
2026-07-16 17:47:00+00:00,ho-chennai,0,routing
2026-07-16 17:47:30+00:00,br-koramangala,0,routing
2026-07-16 17:47:30+00:00,ho-chennai,0,routing
2026-07-16 17:47:30+00:00,br-whitefield,0,routing
2026-07-16 17:47:30+00:00,zo-bengaluru,0,routing
2026-07-16 17:48:00+00:00,br-whitefield,0,routing
2026-07-16 17:48:00+00:00,zo-bengaluru,0,routing
2026-07-16 17:48:00+00:00,br-koramangala,0,routing
2026-07-16 17:48:00+00:00,ho-chennai,0,routing
2026-07-16 17:48:30+00:00,br-koramangala,0,routing
2026-07-16 17:48:30+00:00,ho-chennai,0,routing
2026-07-16 17:48:30+00:00,br-whitefield,0,routing
2026-07-16 17:48:30+00:00,zo-bengaluru,0,routing
2026-07-16 17:49:00+00:00,br-whitefield,0,routing
2026-07-16 17:49:00+00:00,zo-bengaluru,0,routing
2026-07-16 17:49:00+00:00,br-koramangala,0,routing
2026-07-16 17:49:00+00:00,ho-chennai,0,routing
2026-07-16 17:49:30+00:00,br-koramangala,0,routing
2026-07-16 17:49:30+00:00,ho-chennai,0,routing
2026-07-16 17:49:30+00:00,br-whitefield,0,routing
2026-07-16 17:49:30+00:00,zo-bengaluru,0,routing
2026-07-16 17:50:00+00:00,br-whitefield,0,routing
2026-07-16 17:50:00+00:00,zo-bengaluru,0,routing
2026-07-16 17:50:00+00:00,br-koramangala,0,routing
2026-07-16 17:50:00+00:00,ho-chennai,0,routing
2026-07-16 17:50:30+00:00,br-koramangala,0,routing
2026-07-16 17:50:30+00:00,ho-chennai,0,routing
2026-07-16 17:50:30+00:00,br-whitefield,0,routing
2026-07-16 17:50:30+00:00,zo-bengaluru,0,routing
2026-07-16 17:51:00+00:00,br-whitefield,0,routing
2026-07-16 17:51:00+00:00,zo-bengaluru,0,routing
2026-07-16 17:51:00+00:00,br-koramangala,0,routing
2026-07-16 17:51:00+00:00,ho-chennai,0,routing
2026-07-16 17:51:30+00:00,br-koramangala,0,routing
2026-07-16 17:51:30+00:00,ho-chennai,0,routing
2026-07-16 17:51:30+00:00,br-whitefield,0,routing
2026-07-16 17:51:30+00:00,zo-bengaluru,0,routing
2026-07-16 17:52:00+00:00,br-whitefield,0,routing
2026-07-16 17:52:00+00:00,zo-bengaluru,0,routing
2026-07-16 17:52:00+00:00,br-koramangala,0,routing
2026-07-16 17:52:00+00:00,ho-chennai,0,routing
2026-07-16 17:52:30+00:00,br-koramangala,0,routing
2026-07-16 17:52:30+00:00,ho-chennai,0,routing
2026-07-16 17:52:30+00:00,br-whitefield,0,routing
2026-07-16 17:52:30+00:00,zo-bengaluru,0,routing
2026-07-16 17:53:00+00:00,br-whitefield,0,routing
2026-07-16 17:53:00+00:00,zo-bengaluru,0,routing
2026-07-16 17:53:00+00:00,br-koramangala,0,routing
2026-07-16 17:53:00+00:00,ho-chennai,0,routing
2026-07-16 17:53:30+00:00,br-koramangala,0,routing
2026-07-16 17:53:30+00:00,ho-chennai,0,routing
2026-07-16 17:53:30+00:00,br-whitefield,0,routing
2026-07-16 17:53:30+00:00,zo-bengaluru,0,routing
2026-07-16 17:54:00+00:00,br-whitefield,0,routing
2026-07-16 17:54:00+00:00,zo-bengaluru,0,routing
2026-07-16 17:54:00+00:00,br-koramangala,0,routing
2026-07-16 17:54:00+00:00,ho-chennai,0,routing
2026-07-16 17:54:30+00:00,br-koramangala,0,routing
2026-07-16 17:54:30+00:00,ho-chennai,0,routing
2026-07-16 17:54:30+00:00,br-whitefield,0,routing
2026-07-16 17:54:30+00:00,zo-bengaluru,0,routing
2026-07-16 17:55:00+00:00,br-whitefield,0,routing
2026-07-16 17:55:00+00:00,zo-bengaluru,0,routing
2026-07-16 17:55:00+00:00,br-koramangala,0,routing
2026-07-16 17:55:00+00:00,ho-chennai,0,routing
2026-07-16 17:55:30+00:00,br-koramangala,0,routing
2026-07-16 17:55:30+00:00,ho-chennai,0,routing
2026-07-16 17:55:30+00:00,br-whitefield,0,routing
2026-07-16 17:55:30+00:00,zo-bengaluru,0,routing
2026-07-16 17:56:00+00:00,br-whitefield,0,routing
2026-07-16 17:56:00+00:00,zo-bengaluru,0,routing
2026-07-16 17:56:00+00:00,br-koramangala,0,routing
2026-07-16 17:56:00+00:00,ho-chennai,0,routing
2026-07-16 17:56:30+00:00,br-koramangala,0,routing
2026-07-16 17:56:30+00:00,ho-chennai,0,routing
2026-07-16 17:56:30+00:00,br-whitefield,0,routing
2026-07-16 17:56:30+00:00,zo-bengaluru,0,routing
2026-07-16 17:57:00+00:00,br-whitefield,0,routing
2026-07-16 17:57:00+00:00,zo-bengaluru,0,routing
2026-07-16 17:57:00+00:00,br-koramangala,0,routing
2026-07-16 17:57:00+00:00,ho-chennai,0,routing
2026-07-16 17:57:30+00:00,br-koramangala,0,routing
2026-07-16 17:57:30+00:00,ho-chennai,0,routing
2026-07-16 17:57:30+00:00,br-whitefield,0,routing
2026-07-16 17:57:30+00:00,zo-bengaluru,0,routing
2026-07-16 17:58:00+00:00,br-whitefield,0,routing
2026-07-16 17:58:00+00:00,zo-bengaluru,0,routing
2026-07-16 17:58:00+00:00,br-koramangala,0,routing
2026-07-16 17:58:00+00:00,ho-chennai,0,routing
2026-07-16 17:58:30+00:00,br-koramangala,0,routing
2026-07-16 17:58:30+00:00,ho-chennai,0,routing
2026-07-16 17:58:30+00:00,br-whitefield,0,routing
2026-07-16 17:58:30+00:00,zo-bengaluru,0,routing
2026-07-16 17:59:00+00:00,br-whitefield,0,routing
2026-07-16 17:59:00+00:00,zo-bengaluru,0,routing
2026-07-16 17:59:00+00:00,br-koramangala,0,routing
2026-07-16 17:59:00+00:00,ho-chennai,0,routing
2026-07-16 17:59:30+00:00,br-koramangala,0,routing
2026-07-16 17:59:30+00:00,ho-chennai,0,routing
2026-07-16 17:59:30+00:00,br-whitefield,0,routing
2026-07-16 17:59:30+00:00,zo-bengaluru,0,routing
2026-07-16 18:00:00+00:00,br-whitefield,0,routing
2026-07-16 18:00:00+00:00,zo-bengaluru,0,routing
2026-07-16 18:00:00+00:00,br-koramangala,0,routing
2026-07-16 18:00:00+00:00,ho-chennai,0,routing
2026-07-16 18:00:30+00:00,br-koramangala,0,routing
2026-07-16 18:00:30+00:00,ho-chennai,0,routing
2026-07-16 18:00:30+00:00,br-whitefield,0,routing
2026-07-16 18:00:30+00:00,zo-bengaluru,0,routing
2026-07-16 18:01:00+00:00,br-whitefield,0,routing
2026-07-16 18:01:00+00:00,zo-bengaluru,0,routing
2026-07-16 18:01:00+00:00,br-koramangala,0,routing
2026-07-16 18:01:00+00:00,ho-chennai,0,routing
2026-07-16 18:01:30+00:00,br-koramangala,0,routing
2026-07-16 18:01:30+00:00,ho-chennai,0,routing
2026-07-16 18:01:30+00:00,br-whitefield,0,routing
2026-07-16 18:01:30+00:00,zo-bengaluru,0,routing
2026-07-16 18:02:00+00:00,br-whitefield,0,routing
2026-07-16 18:02:00+00:00,zo-bengaluru,0,routing
2026-07-16 18:02:00+00:00,br-koramangala,0,routing
2026-07-16 18:02:00+00:00,ho-chennai,0,routing
2026-07-16 18:02:30+00:00,br-koramangala,0,routing
2026-07-16 18:02:30+00:00,ho-chennai,0,routing
2026-07-16 18:02:30+00:00,br-whitefield,0,routing
2026-07-16 18:02:30+00:00,zo-bengaluru,0,routing
2026-07-16 18:03:00+00:00,br-whitefield,0,routing
2026-07-16 18:03:00+00:00,zo-bengaluru,0,routing
2026-07-16 18:03:00+00:00,br-koramangala,0,routing
2026-07-16 18:03:00+00:00,ho-chennai,0,routing
2026-07-16 18:03:30+00:00,br-koramangala,0,routing
2026-07-16 18:03:30+00:00,ho-chennai,0,routing
2026-07-16 18:03:30+00:00,br-whitefield,0,routing
2026-07-16 18:03:30+00:00,zo-bengaluru,0,routing
2026-07-16 18:04:00+00:00,br-whitefield,0,routing
2026-07-16 18:04:00+00:00,zo-bengaluru,0,routing
2026-07-16 18:04:00+00:00,br-koramangala,0,routing
2026-07-16 18:04:00+00:00,ho-chennai,0,routing
2026-07-16 18:04:30+00:00,br-koramangala,0,routing
2026-07-16 18:04:30+00:00,ho-chennai,0,routing
2026-07-16 18:04:30+00:00,br-whitefield,0,routing
2026-07-16 18:04:30+00:00,zo-bengaluru,0,routing
2026-07-16 18:05:00+00:00,br-whitefield,0,routing
2026-07-16 18:05:00+00:00,zo-bengaluru,0,routing
2026-07-16 18:05:00+00:00,br-koramangala,0,routing
2026-07-16 18:05:00+00:00,ho-chennai,0,routing
2026-07-16 18:05:30+00:00,br-koramangala,0,routing
2026-07-16 18:05:30+00:00,ho-chennai,0,routing
2026-07-16 18:05:30+00:00,br-whitefield,0,routing
2026-07-16 18:05:30+00:00,zo-bengaluru,0,routing
2026-07-16 18:06:00+00:00,br-whitefield,0,routing
2026-07-16 18:06:00+00:00,zo-bengaluru,0,routing
2026-07-16 18:06:00+00:00,br-koramangala,0,routing
2026-07-16 18:06:00+00:00,ho-chennai,0,routing
2026-07-16 18:06:30+00:00,br-koramangala,0,routing
2026-07-16 18:06:30+00:00,ho-chennai,0,routing
2026-07-16 18:06:30+00:00,br-whitefield,0,routing
2026-07-16 18:06:30+00:00,zo-bengaluru,0,routing
2026-07-16 18:07:00+00:00,br-whitefield,0,routing
2026-07-16 18:07:00+00:00,zo-bengaluru,0,routing
2026-07-16 18:07:00+00:00,br-koramangala,0,routing
2026-07-16 18:07:00+00:00,ho-chennai,0,routing
2026-07-16 18:07:30+00:00,br-koramangala,0,routing
2026-07-16 18:07:30+00:00,ho-chennai,0,routing
2026-07-16 18:07:30+00:00,br-whitefield,0,routing
2026-07-16 18:07:30+00:00,zo-bengaluru,0,routing
2026-07-16 18:08:00+00:00,br-whitefield,0,routing
2026-07-16 18:08:00+00:00,zo-bengaluru,0,routing
2026-07-16 18:08:00+00:00,br-koramangala,0,routing
2026-07-16 18:08:00+00:00,ho-chennai,0,routing
2026-07-16 18:08:30+00:00,br-koramangala,0,routing
2026-07-16 18:08:30+00:00,ho-chennai,0,routing
2026-07-16 18:08:30+00:00,br-whitefield,0,routing
2026-07-16 18:08:30+00:00,zo-bengaluru,0,routing
2026-07-16 18:09:00+00:00,br-whitefield,0,routing
2026-07-16 18:09:00+00:00,zo-bengaluru,0,routing
2026-07-16 18:09:00+00:00,br-koramangala,0,routing
2026-07-16 18:09:00+00:00,ho-chennai,0,routing
2026-07-16 18:09:30+00:00,br-koramangala,0,routing
2026-07-16 18:09:30+00:00,ho-chennai,0,routing
2026-07-16 18:09:30+00:00,br-whitefield,0,routing
2026-07-16 18:09:30+00:00,zo-bengaluru,0,routing
2026-07-16 18:10:00+00:00,br-whitefield,0,routing
2026-07-16 18:10:00+00:00,zo-bengaluru,0,routing
2026-07-16 18:10:00+00:00,br-koramangala,0,routing
2026-07-16 18:10:00+00:00,ho-chennai,0,routing
2026-07-16 18:10:30+00:00,br-koramangala,0,routing
2026-07-16 18:10:30+00:00,ho-chennai,0,routing
2026-07-16 18:10:30+00:00,br-whitefield,0,routing
2026-07-16 18:10:30+00:00,zo-bengaluru,0,routing
2026-07-16 18:11:00+00:00,br-whitefield,0,routing
2026-07-16 18:11:00+00:00,zo-bengaluru,0,routing
2026-07-16 18:11:00+00:00,br-koramangala,0,routing
2026-07-16 18:11:00+00:00,ho-chennai,0,routing
2026-07-16 18:11:30+00:00,br-koramangala,0,routing
2026-07-16 18:11:30+00:00,ho-chennai,0,routing
2026-07-16 18:11:30+00:00,br-whitefield,0,routing
2026-07-16 18:11:30+00:00,zo-bengaluru,0,routing
2026-07-16 18:12:00+00:00,br-whitefield,0,routing
2026-07-16 18:12:00+00:00,zo-bengaluru,0,routing
2026-07-16 18:12:00+00:00,br-koramangala,0,routing
2026-07-16 18:12:00+00:00,ho-chennai,0,routing
2026-07-16 18:12:30+00:00,br-koramangala,0,routing
2026-07-16 18:12:30+00:00,ho-chennai,0,routing
2026-07-16 18:12:30+00:00,br-whitefield,0,routing
2026-07-16 18:12:30+00:00,zo-bengaluru,0,routing
2026-07-16 18:13:00+00:00,br-whitefield,0,routing
2026-07-16 18:13:00+00:00,zo-bengaluru,0,routing
2026-07-16 18:13:00+00:00,br-koramangala,0,routing
2026-07-16 18:13:00+00:00,ho-chennai,0,routing
2026-07-16 18:13:30+00:00,br-koramangala,0,routing
2026-07-16 18:13:30+00:00,ho-chennai,0,routing
2026-07-16 18:13:30+00:00,br-whitefield,0,routing
2026-07-16 18:13:30+00:00,zo-bengaluru,0,routing
2026-07-16 18:14:00+00:00,br-whitefield,0,routing
2026-07-16 18:14:00+00:00,zo-bengaluru,0,routing
2026-07-16 18:14:00+00:00,br-koramangala,0,routing
2026-07-16 18:14:00+00:00,ho-chennai,0,routing
2026-07-16 18:14:30+00:00,br-koramangala,0,routing
2026-07-16 18:14:30+00:00,ho-chennai,0,routing
2026-07-16 18:14:30+00:00,br-whitefield,0,routing
2026-07-16 18:14:30+00:00,zo-bengaluru,0,routing
2026-07-16 18:15:00+00:00,br-whitefield,0,routing
2026-07-16 18:15:00+00:00,zo-bengaluru,0,routing
2026-07-16 18:15:00+00:00,br-koramangala,0,routing
2026-07-16 18:15:00+00:00,ho-chennai,0,routing
2026-07-16 18:15:30+00:00,br-koramangala,0,routing
2026-07-16 18:15:30+00:00,ho-chennai,0,routing
2026-07-16 18:15:30+00:00,br-whitefield,0,routing
2026-07-16 18:15:30+00:00,zo-bengaluru,0,routing
2026-07-16 18:16:00+00:00,br-whitefield,0,routing
2026-07-16 18:16:00+00:00,zo-bengaluru,0,routing
2026-07-16 18:16:00+00:00,br-koramangala,0,routing
2026-07-16 18:16:00+00:00,ho-chennai,0,routing
2026-07-16 18:16:30+00:00,br-koramangala,0,routing
2026-07-16 18:16:30+00:00,ho-chennai,0,routing
2026-07-16 18:16:30+00:00,br-whitefield,0,routing
2026-07-16 18:16:30+00:00,zo-bengaluru,0,routing
2026-07-16 18:17:00+00:00,br-whitefield,0,routing
2026-07-16 18:17:00+00:00,zo-bengaluru,0,routing
2026-07-16 18:17:00+00:00,br-koramangala,0,routing
2026-07-16 18:17:00+00:00,ho-chennai,0,routing
2026-07-16 18:17:30+00:00,br-koramangala,0,routing
2026-07-16 18:17:30+00:00,ho-chennai,0,routing
2026-07-16 18:17:30+00:00,br-whitefield,0,routing
2026-07-16 18:17:30+00:00,zo-bengaluru,0,routing
2026-07-16 18:18:00+00:00,br-whitefield,0,routing
2026-07-16 18:18:00+00:00,zo-bengaluru,0,routing
2026-07-16 18:18:00+00:00,br-koramangala,0,routing
2026-07-16 18:18:00+00:00,ho-chennai,0,routing
2026-07-16 18:18:30+00:00,br-koramangala,0,routing
2026-07-16 18:18:30+00:00,ho-chennai,0,routing
2026-07-16 18:18:30+00:00,br-whitefield,0,routing
2026-07-16 18:18:30+00:00,zo-bengaluru,0,routing
2026-07-16 18:19:00+00:00,br-whitefield,0,routing
2026-07-16 18:19:00+00:00,zo-bengaluru,0,routing
2026-07-16 18:19:00+00:00,br-koramangala,0,routing
2026-07-16 18:19:00+00:00,ho-chennai,0,routing
2026-07-16 18:19:30+00:00,br-koramangala,0,routing
2026-07-16 18:19:30+00:00,ho-chennai,0,routing
2026-07-16 18:19:30+00:00,br-whitefield,0,routing
2026-07-16 18:19:30+00:00,zo-bengaluru,0,routing
2026-07-16 18:20:00+00:00,br-whitefield,0,routing
2026-07-16 18:20:00+00:00,zo-bengaluru,0,routing
2026-07-16 18:20:00+00:00,br-koramangala,0,routing
2026-07-16 18:20:00+00:00,ho-chennai,0,routing
2026-07-16 18:20:30+00:00,br-koramangala,0,routing
2026-07-16 18:20:30+00:00,ho-chennai,0,routing
2026-07-16 18:20:30+00:00,br-whitefield,0,routing
2026-07-16 18:20:30+00:00,zo-bengaluru,0,routing
2026-07-16 18:21:00+00:00,br-whitefield,0,routing
2026-07-16 18:21:00+00:00,zo-bengaluru,0,routing
2026-07-16 18:21:00+00:00,br-koramangala,0,routing
2026-07-16 18:21:00+00:00,ho-chennai,0,routing
2026-07-16 18:21:30+00:00,br-koramangala,0,routing
2026-07-16 18:21:30+00:00,ho-chennai,0,routing
2026-07-16 18:21:30+00:00,br-whitefield,0,routing
2026-07-16 18:21:30+00:00,zo-bengaluru,0,routing
2026-07-16 18:22:00+00:00,br-whitefield,0,routing
2026-07-16 18:22:00+00:00,zo-bengaluru,0,routing
2026-07-16 18:22:00+00:00,br-koramangala,0,routing
2026-07-16 18:22:00+00:00,ho-chennai,0,routing
2026-07-16 18:22:30+00:00,br-koramangala,0,routing
2026-07-16 18:22:30+00:00,ho-chennai,0,routing
2026-07-16 18:22:30+00:00,br-whitefield,0,routing
2026-07-16 18:22:30+00:00,zo-bengaluru,0,routing
2026-07-16 18:23:00+00:00,br-whitefield,0,routing
2026-07-16 18:23:00+00:00,zo-bengaluru,0,routing
2026-07-16 18:23:00+00:00,br-koramangala,0,routing
2026-07-16 18:23:00+00:00,ho-chennai,0,routing
2026-07-16 18:23:30+00:00,br-koramangala,0,routing
2026-07-16 18:23:30+00:00,ho-chennai,0,routing
2026-07-16 18:23:30+00:00,br-whitefield,0,routing
2026-07-16 18:23:30+00:00,zo-bengaluru,0,routing
2026-07-16 18:24:00+00:00,br-whitefield,0,routing
2026-07-16 18:24:00+00:00,zo-bengaluru,0,routing
2026-07-16 18:24:00+00:00,br-koramangala,0,routing
2026-07-16 18:24:00+00:00,ho-chennai,0,routing
2026-07-16 18:24:30+00:00,br-koramangala,0,routing
2026-07-16 18:24:30+00:00,ho-chennai,0,routing
2026-07-16 18:24:30+00:00,br-whitefield,0,routing
2026-07-16 18:24:30+00:00,zo-bengaluru,0,routing
2026-07-16 18:25:00+00:00,br-whitefield,0,routing
2026-07-16 18:25:00+00:00,zo-bengaluru,0,routing
2026-07-16 18:25:00+00:00,br-koramangala,0,routing
2026-07-16 18:25:00+00:00,ho-chennai,0,routing
2026-07-16 18:25:30+00:00,br-koramangala,0,routing
2026-07-16 18:25:30+00:00,ho-chennai,0,routing
2026-07-16 18:25:30+00:00,br-whitefield,0,routing
2026-07-16 18:25:30+00:00,zo-bengaluru,0,routing
2026-07-16 18:26:00+00:00,br-whitefield,0,routing
2026-07-16 18:26:00+00:00,zo-bengaluru,0,routing
2026-07-16 18:26:00+00:00,br-koramangala,0,routing
2026-07-16 18:26:00+00:00,ho-chennai,0,routing
2026-07-16 18:26:30+00:00,br-koramangala,0,routing
2026-07-16 18:26:30+00:00,ho-chennai,0,routing
2026-07-16 18:26:30+00:00,br-whitefield,0,routing
2026-07-16 18:26:30+00:00,zo-bengaluru,0,routing
2026-07-16 18:27:00+00:00,br-whitefield,0,routing
2026-07-16 18:27:00+00:00,zo-bengaluru,0,routing
2026-07-16 18:27:00+00:00,br-koramangala,0,routing
2026-07-16 18:27:00+00:00,ho-chennai,0,routing
2026-07-16 18:27:30+00:00,br-koramangala,0,routing
2026-07-16 18:27:30+00:00,ho-chennai,0,routing
2026-07-16 18:27:30+00:00,br-whitefield,0,routing
2026-07-16 18:27:30+00:00,zo-bengaluru,0,routing
2026-07-16 18:28:00+00:00,br-whitefield,0,routing
2026-07-16 18:28:00+00:00,zo-bengaluru,0,routing
2026-07-16 18:28:00+00:00,br-koramangala,0,routing
2026-07-16 18:28:00+00:00,ho-chennai,0,routing
2026-07-16 18:28:30+00:00,br-koramangala,0,routing
2026-07-16 18:28:30+00:00,ho-chennai,0,routing
2026-07-16 18:28:30+00:00,br-whitefield,0,routing
2026-07-16 18:28:30+00:00,zo-bengaluru,0,routing
2026-07-16 18:29:00+00:00,br-whitefield,0,routing
2026-07-16 18:29:00+00:00,zo-bengaluru,0,routing
2026-07-16 18:29:00+00:00,br-koramangala,0,routing
2026-07-16 18:29:00+00:00,ho-chennai,0,routing
2026-07-16 18:29:30+00:00,br-koramangala,0,routing
2026-07-16 18:29:30+00:00,ho-chennai,0,routing
2026-07-16 18:29:30+00:00,br-whitefield,0,routing
2026-07-16 18:29:30+00:00,zo-bengaluru,0,routing
2026-07-16 18:30:00+00:00,br-whitefield,0,routing
2026-07-16 18:30:00+00:00,zo-bengaluru,0,routing
2026-07-16 18:30:00+00:00,br-koramangala,0,routing
2026-07-16 18:30:00+00:00,ho-chennai,0,routing
2026-07-16 18:30:30+00:00,br-koramangala,0,routing
2026-07-16 18:30:30+00:00,ho-chennai,0,routing
2026-07-16 18:30:30+00:00,br-whitefield,0,routing
2026-07-16 18:30:30+00:00,zo-bengaluru,0,routing
2026-07-16 18:31:00+00:00,br-whitefield,0,routing
2026-07-16 18:31:00+00:00,zo-bengaluru,0,routing
2026-07-16 18:31:00+00:00,br-koramangala,0,routing
2026-07-16 18:31:00+00:00,ho-chennai,0,routing
2026-07-16 18:31:30+00:00,br-koramangala,0,routing
2026-07-16 18:31:30+00:00,ho-chennai,0,routing
2026-07-16 18:31:30+00:00,br-whitefield,0,routing
2026-07-16 18:31:30+00:00,zo-bengaluru,0,routing
2026-07-16 18:32:00+00:00,br-whitefield,0,routing
2026-07-16 18:32:00+00:00,zo-bengaluru,0,routing
2026-07-16 18:32:00+00:00,br-koramangala,0,routing
2026-07-16 18:32:00+00:00,ho-chennai,0,routing
2026-07-16 18:32:30+00:00,br-koramangala,0,routing
2026-07-16 18:32:30+00:00,ho-chennai,0,routing
2026-07-16 18:32:30+00:00,br-whitefield,0,routing
2026-07-16 18:32:30+00:00,zo-bengaluru,0,routing
2026-07-16 18:33:00+00:00,br-whitefield,0,routing
2026-07-16 18:33:00+00:00,zo-bengaluru,0,routing
2026-07-16 18:33:00+00:00,br-koramangala,0,routing
2026-07-16 18:33:00+00:00,ho-chennai,0,routing
2026-07-16 18:33:30+00:00,br-koramangala,0,routing
2026-07-16 18:33:30+00:00,ho-chennai,0,routing
2026-07-16 18:33:30+00:00,br-whitefield,0,routing
2026-07-16 18:33:30+00:00,zo-bengaluru,0,routing
2026-07-16 18:34:00+00:00,br-whitefield,0,routing
2026-07-16 18:34:00+00:00,zo-bengaluru,0,routing
2026-07-16 18:34:00+00:00,br-koramangala,0,routing
2026-07-16 18:34:00+00:00,ho-chennai,0,routing
2026-07-16 18:34:30+00:00,br-koramangala,0,routing
2026-07-16 18:34:30+00:00,ho-chennai,0,routing
2026-07-16 18:34:30+00:00,br-whitefield,0,routing
2026-07-16 18:34:30+00:00,zo-bengaluru,0,routing
2026-07-16 18:35:00+00:00,br-whitefield,0,routing
2026-07-16 18:35:00+00:00,zo-bengaluru,0,routing
2026-07-16 18:35:00+00:00,br-koramangala,0,routing
2026-07-16 18:35:00+00:00,ho-chennai,0,routing
2026-07-16 18:35:30+00:00,br-koramangala,0,routing
2026-07-16 18:35:30+00:00,ho-chennai,0,routing
2026-07-16 18:35:30+00:00,br-whitefield,0,routing
2026-07-16 18:35:30+00:00,zo-bengaluru,0,routing
2026-07-16 18:36:00+00:00,br-whitefield,0,routing
2026-07-16 18:36:00+00:00,zo-bengaluru,0,routing
2026-07-16 18:36:00+00:00,br-koramangala,0,routing
2026-07-16 18:36:00+00:00,ho-chennai,0,routing
2026-07-16 18:36:30+00:00,br-koramangala,0,routing
2026-07-16 18:36:30+00:00,ho-chennai,0,routing
2026-07-16 18:36:30+00:00,br-whitefield,0,routing
2026-07-16 18:36:30+00:00,zo-bengaluru,0,routing
2026-07-16 18:37:00+00:00,br-whitefield,0,routing
2026-07-16 18:37:00+00:00,zo-bengaluru,0,routing
2026-07-16 18:37:00+00:00,br-koramangala,0,routing
2026-07-16 18:37:00+00:00,ho-chennai,0,routing
2026-07-16 18:37:30+00:00,br-koramangala,0,routing
2026-07-16 18:37:30+00:00,ho-chennai,0,routing
2026-07-16 18:37:30+00:00,br-whitefield,0,routing
2026-07-16 18:37:30+00:00,zo-bengaluru,0,routing
2026-07-16 18:38:00+00:00,br-whitefield,0,routing
2026-07-16 18:38:00+00:00,zo-bengaluru,0,routing
2026-07-16 18:38:00+00:00,br-koramangala,0,routing
2026-07-16 18:38:00+00:00,ho-chennai,0,routing
2026-07-16 18:38:30+00:00,br-koramangala,0,routing
2026-07-16 18:38:30+00:00,ho-chennai,0,routing
2026-07-16 18:38:30+00:00,br-whitefield,0,routing
2026-07-16 18:38:30+00:00,zo-bengaluru,0,routing
2026-07-16 18:39:00+00:00,br-whitefield,0,routing
2026-07-16 18:39:00+00:00,zo-bengaluru,0,routing
2026-07-16 18:39:00+00:00,br-koramangala,0,routing
2026-07-16 18:39:00+00:00,ho-chennai,0,routing
2026-07-16 18:39:30+00:00,br-koramangala,0,routing
2026-07-16 18:39:30+00:00,ho-chennai,0,routing
2026-07-16 18:39:30+00:00,br-whitefield,0,routing
2026-07-16 18:39:30+00:00,zo-bengaluru,0,routing
2026-07-16 18:40:00+00:00,br-whitefield,0,routing
2026-07-16 18:40:00+00:00,zo-bengaluru,0,routing
2026-07-16 18:40:00+00:00,br-koramangala,0,routing
2026-07-16 18:40:00+00:00,ho-chennai,0,routing
2026-07-16 18:40:30+00:00,br-koramangala,0,routing
2026-07-16 18:40:30+00:00,ho-chennai,0,routing
2026-07-16 18:40:30+00:00,br-whitefield,0,routing
2026-07-16 18:40:30+00:00,zo-bengaluru,0,routing
2026-07-16 18:41:00+00:00,br-whitefield,0,routing
2026-07-16 18:41:00+00:00,zo-bengaluru,0,routing
2026-07-16 18:41:00+00:00,br-koramangala,0,routing
2026-07-16 18:41:00+00:00,ho-chennai,0,routing
2026-07-16 18:41:30+00:00,br-koramangala,0,routing
2026-07-16 18:41:30+00:00,ho-chennai,0,routing
2026-07-16 18:41:30+00:00,br-whitefield,0,routing
2026-07-16 18:41:30+00:00,zo-bengaluru,0,routing
2026-07-16 18:42:00+00:00,br-whitefield,0,routing
2026-07-16 18:42:00+00:00,zo-bengaluru,0,routing
2026-07-16 18:42:00+00:00,br-koramangala,0,routing
2026-07-16 18:42:00+00:00,ho-chennai,0,routing
2026-07-16 18:42:30+00:00,br-koramangala,0,routing
2026-07-16 18:42:30+00:00,ho-chennai,0,routing
2026-07-16 18:42:30+00:00,br-whitefield,0,routing
2026-07-16 18:42:30+00:00,zo-bengaluru,0,routing
2026-07-16 18:43:00+00:00,br-whitefield,0,routing
2026-07-16 18:43:00+00:00,zo-bengaluru,0,routing
2026-07-16 18:43:00+00:00,br-koramangala,0,routing
2026-07-16 18:43:00+00:00,ho-chennai,0,routing
2026-07-16 18:43:30+00:00,br-koramangala,0,routing
2026-07-16 18:43:30+00:00,ho-chennai,0,routing
2026-07-16 18:43:30+00:00,br-whitefield,0,routing
2026-07-16 18:43:30+00:00,zo-bengaluru,0,routing
2026-07-16 18:44:00+00:00,br-whitefield,0,routing
2026-07-16 18:44:00+00:00,zo-bengaluru,0,routing
2026-07-16 18:44:00+00:00,br-koramangala,0,routing
2026-07-16 18:44:00+00:00,ho-chennai,0,routing
2026-07-16 18:44:30+00:00,br-koramangala,0,routing
2026-07-16 18:44:30+00:00,ho-chennai,0,routing
2026-07-16 18:44:30+00:00,br-whitefield,0,routing
2026-07-16 18:44:30+00:00,zo-bengaluru,0,routing
2026-07-16 18:45:00+00:00,br-whitefield,0,routing
2026-07-16 18:45:00+00:00,zo-bengaluru,0,routing
2026-07-16 18:45:00+00:00,br-koramangala,0,routing
2026-07-16 18:45:00+00:00,ho-chennai,0,routing
2026-07-16 18:45:30+00:00,br-koramangala,0,routing
2026-07-16 18:45:30+00:00,ho-chennai,0,routing
2026-07-16 18:45:30+00:00,zo-bengaluru,0,routing
2026-07-16 18:45:30+00:00,br-whitefield,0,routing
2026-07-17 13:23:30+00:00,br-koramangala,0,routing
2026-07-17 13:23:30+00:00,br-whitefield,0,routing
2026-07-17 13:23:30+00:00,zo-bengaluru,0,routing
2026-07-17 13:23:30+00:00,ho-chennai,0,routing
2026-07-17 13:23:58+00:00,zo-bengaluru,0,routing
2026-07-17 13:23:58+00:00,ho-chennai,0,routing
2026-07-17 13:23:58+00:00,br-koramangala,0,routing
2026-07-17 13:23:58+00:00,br-whitefield,0,routing
2026-07-17 13:24:00+00:00,br-koramangala,0,routing
2026-07-17 13:24:00+00:00,br-whitefield,0,routing
2026-07-17 13:24:00+00:00,ho-chennai,0,routing
2026-07-17 13:24:00+00:00,zo-bengaluru,0,routing
2026-07-17 13:24:30+00:00,ho-chennai,0,routing
2026-07-17 13:24:30+00:00,zo-bengaluru,0,routing
2026-07-17 13:24:30+00:00,br-whitefield,0,routing
2026-07-17 13:24:30+00:00,br-koramangala,0,routing
2026-07-17 13:25:00+00:00,br-whitefield,0,routing
2026-07-17 13:25:00+00:00,br-koramangala,0,routing
2026-07-17 13:25:00+00:00,zo-bengaluru,0,routing
2026-07-17 13:25:00+00:00,ho-chennai,0,routing
2026-07-17 13:25:30+00:00,zo-bengaluru,0,routing
2026-07-17 13:25:30+00:00,ho-chennai,0,routing
2026-07-17 13:25:30+00:00,br-koramangala,0,routing
2026-07-17 13:25:30+00:00,br-whitefield,0,routing
2026-07-17 13:26:00+00:00,br-koramangala,0,routing
2026-07-17 13:26:00+00:00,br-whitefield,0,routing
2026-07-17 13:26:00+00:00,ho-chennai,0,routing
2026-07-17 13:26:00+00:00,zo-bengaluru,0,routing
2026-07-17 13:26:30+00:00,ho-chennai,0,routing
2026-07-17 13:26:30+00:00,zo-bengaluru,0,routing
2026-07-17 13:26:30+00:00,br-whitefield,0,routing
2026-07-17 13:26:30+00:00,br-koramangala,0,routing
2026-07-17 13:27:00+00:00,br-whitefield,0,routing
2026-07-17 13:27:00+00:00,br-koramangala,0,routing
2026-07-17 13:27:00+00:00,zo-bengaluru,0,routing
2026-07-17 13:27:00+00:00,ho-chennai,0,routing
2026-07-17 13:27:30+00:00,zo-bengaluru,0,routing
2026-07-17 13:27:30+00:00,ho-chennai,0,routing
2026-07-17 13:27:30+00:00,br-koramangala,0,routing
2026-07-17 13:27:30+00:00,br-whitefield,0,routing
2026-07-17 13:28:00+00:00,br-koramangala,0,routing
2026-07-17 13:28:00+00:00,br-whitefield,0,routing
2026-07-17 13:28:00+00:00,ho-chennai,0,routing
2026-07-17 13:28:00+00:00,zo-bengaluru,0,routing
2026-07-17 13:28:30+00:00,ho-chennai,0,routing
2026-07-17 13:28:30+00:00,zo-bengaluru,0,routing
2026-07-17 13:28:30+00:00,br-whitefield,0,routing
2026-07-17 13:28:30+00:00,br-koramangala,0,routing
2026-07-17 13:29:00+00:00,br-whitefield,0,routing
2026-07-17 13:29:00+00:00,br-koramangala,0,routing
2026-07-17 13:29:00+00:00,zo-bengaluru,0,routing
2026-07-17 13:29:00+00:00,ho-chennai,0,routing
2026-07-17 13:29:30+00:00,zo-bengaluru,0,routing
2026-07-17 13:29:30+00:00,ho-chennai,0,routing
2026-07-17 13:29:30+00:00,br-koramangala,0,routing
2026-07-17 13:29:30+00:00,br-whitefield,0,routing
2026-07-17 13:30:00+00:00,br-koramangala,0,routing
2026-07-17 13:30:00+00:00,br-whitefield,0,routing
2026-07-17 13:30:00+00:00,ho-chennai,0,routing
2026-07-17 13:30:00+00:00,zo-bengaluru,0,routing
2026-07-17 13:30:30+00:00,ho-chennai,0,routing
2026-07-17 13:30:30+00:00,zo-bengaluru,0,routing
2026-07-17 13:30:30+00:00,br-whitefield,0,routing
2026-07-17 13:30:30+00:00,br-koramangala,0,routing
2026-07-17 13:31:00+00:00,br-whitefield,0,routing
2026-07-17 13:31:00+00:00,br-koramangala,0,routing
2026-07-17 13:31:00+00:00,zo-bengaluru,0,routing
2026-07-17 13:31:00+00:00,ho-chennai,0,routing
2026-07-17 13:31:30+00:00,zo-bengaluru,0,routing
2026-07-17 13:31:30+00:00,ho-chennai,0,routing
2026-07-17 13:31:30+00:00,br-koramangala,0,routing
2026-07-17 13:31:30+00:00,br-whitefield,0,routing
2026-07-17 13:32:00+00:00,br-koramangala,0,routing
2026-07-17 13:32:00+00:00,br-whitefield,0,routing
2026-07-17 13:32:00+00:00,ho-chennai,0,routing
2026-07-17 13:32:00+00:00,zo-bengaluru,0,routing
2026-07-17 13:32:30+00:00,ho-chennai,0,routing
2026-07-17 13:32:30+00:00,zo-bengaluru,0,routing
2026-07-17 13:32:30+00:00,br-whitefield,0,routing
2026-07-17 13:32:30+00:00,br-koramangala,0,routing
2026-07-17 13:33:00+00:00,br-whitefield,0,routing
2026-07-17 13:33:00+00:00,br-koramangala,0,routing
2026-07-17 13:33:00+00:00,zo-bengaluru,0,routing
2026-07-17 13:33:00+00:00,ho-chennai,0,routing
2026-07-17 13:33:30+00:00,zo-bengaluru,0,routing
2026-07-17 13:33:30+00:00,ho-chennai,0,routing
2026-07-17 13:33:30+00:00,br-koramangala,0,routing
2026-07-17 13:33:30+00:00,br-whitefield,0,routing
2026-07-17 13:34:00+00:00,br-koramangala,0,routing
2026-07-17 13:34:00+00:00,br-whitefield,0,routing
2026-07-17 13:34:00+00:00,ho-chennai,0,routing
2026-07-17 13:34:00+00:00,zo-bengaluru,0,routing
2026-07-17 13:34:30+00:00,ho-chennai,0,routing
2026-07-17 13:34:30+00:00,zo-bengaluru,0,routing
2026-07-17 13:34:30+00:00,br-whitefield,0,routing
2026-07-17 13:34:30+00:00,br-koramangala,0,routing
2026-07-17 13:35:00+00:00,br-whitefield,0,routing
2026-07-17 13:35:00+00:00,br-koramangala,0,routing
2026-07-17 13:35:00+00:00,zo-bengaluru,0,routing
2026-07-17 13:35:00+00:00,ho-chennai,0,routing
2026-07-17 13:35:30+00:00,zo-bengaluru,0,routing
2026-07-17 13:35:30+00:00,ho-chennai,0,routing
2026-07-17 13:35:30+00:00,br-koramangala,0,routing
2026-07-17 13:35:30+00:00,br-whitefield,0,routing
2026-07-17 13:36:00+00:00,br-koramangala,0,routing
2026-07-17 13:36:00+00:00,br-whitefield,0,routing
2026-07-17 13:36:00+00:00,ho-chennai,0,routing
2026-07-17 13:36:00+00:00,zo-bengaluru,0,routing
2026-07-17 13:36:30+00:00,ho-chennai,0,routing
2026-07-17 13:36:30+00:00,zo-bengaluru,0,routing
2026-07-17 13:36:30+00:00,br-whitefield,0,routing
2026-07-17 13:36:30+00:00,br-koramangala,0,routing
2026-07-17 13:37:00+00:00,br-whitefield,0,routing
2026-07-17 13:37:00+00:00,br-koramangala,0,routing
2026-07-17 13:37:00+00:00,zo-bengaluru,0,routing
2026-07-17 13:37:00+00:00,ho-chennai,0,routing
2026-07-17 13:37:30+00:00,zo-bengaluru,0,routing
2026-07-17 13:37:30+00:00,ho-chennai,0,routing
2026-07-17 13:37:30+00:00,br-koramangala,0,routing
2026-07-17 13:37:30+00:00,br-whitefield,0,routing
2026-07-17 13:38:00+00:00,br-koramangala,0,routing
2026-07-17 13:38:00+00:00,br-whitefield,0,routing
2026-07-17 13:38:00+00:00,ho-chennai,0,routing
2026-07-17 13:38:00+00:00,zo-bengaluru,0,routing
2026-07-17 13:38:30+00:00,ho-chennai,0,routing
2026-07-17 13:38:30+00:00,zo-bengaluru,0,routing
2026-07-17 13:38:30+00:00,br-whitefield,0,routing
2026-07-17 13:38:30+00:00,br-koramangala,0,routing
2026-07-17 13:39:00+00:00,br-whitefield,0,routing
2026-07-17 13:39:00+00:00,br-koramangala,0,routing
2026-07-17 13:39:00+00:00,zo-bengaluru,0,routing
2026-07-17 13:39:00+00:00,ho-chennai,0,routing
2026-07-17 13:39:30+00:00,zo-bengaluru,0,routing
2026-07-17 13:39:30+00:00,ho-chennai,0,routing
2026-07-17 13:39:30+00:00,br-koramangala,0,routing
2026-07-17 13:39:30+00:00,br-whitefield,0,routing
2026-07-17 13:40:00+00:00,br-koramangala,0,routing
2026-07-17 13:40:00+00:00,br-whitefield,0,routing
2026-07-17 13:40:00+00:00,ho-chennai,0,routing
2026-07-17 13:40:00+00:00,zo-bengaluru,0,routing
2026-07-17 13:40:30+00:00,ho-chennai,0,routing
2026-07-17 13:40:30+00:00,zo-bengaluru,0,routing
2026-07-17 13:40:30+00:00,br-whitefield,0,routing
2026-07-17 13:40:30+00:00,br-koramangala,0,routing
2026-07-17 13:41:00+00:00,br-whitefield,0,routing
2026-07-17 13:41:00+00:00,br-koramangala,0,routing
2026-07-17 13:41:00+00:00,zo-bengaluru,0,routing
2026-07-17 13:41:00+00:00,ho-chennai,0,routing
2026-07-17 13:41:30+00:00,zo-bengaluru,0,routing
2026-07-17 13:41:30+00:00,ho-chennai,0,routing
2026-07-17 13:41:30+00:00,br-koramangala,0,routing
2026-07-17 13:41:30+00:00,br-whitefield,0,routing
2026-07-17 13:42:00+00:00,br-koramangala,0,routing
2026-07-17 13:42:00+00:00,br-whitefield,0,routing
2026-07-17 13:42:00+00:00,ho-chennai,0,routing
2026-07-17 13:42:00+00:00,zo-bengaluru,0,routing
2026-07-17 13:42:30+00:00,ho-chennai,0,routing
2026-07-17 13:42:30+00:00,zo-bengaluru,0,routing
2026-07-17 13:42:30+00:00,br-whitefield,0,routing
2026-07-17 13:42:30+00:00,br-koramangala,0,routing
2026-07-17 13:43:00+00:00,br-whitefield,0,routing
2026-07-17 13:43:00+00:00,br-koramangala,0,routing
2026-07-17 13:43:00+00:00,zo-bengaluru,0,routing
2026-07-17 13:43:00+00:00,ho-chennai,0,routing
2026-07-17 13:43:30+00:00,zo-bengaluru,0,routing
2026-07-17 13:43:30+00:00,ho-chennai,0,routing
2026-07-17 13:43:30+00:00,br-koramangala,0,routing
2026-07-17 13:43:30+00:00,br-whitefield,0,routing
2026-07-17 13:44:00+00:00,br-koramangala,0,routing
2026-07-17 13:44:00+00:00,br-whitefield,0,routing
2026-07-17 13:44:00+00:00,ho-chennai,0,routing
2026-07-17 13:44:00+00:00,zo-bengaluru,0,routing
2026-07-17 13:44:30+00:00,ho-chennai,0,routing
2026-07-17 13:44:30+00:00,zo-bengaluru,0,routing
2026-07-17 13:44:30+00:00,br-whitefield,0,routing
2026-07-17 13:44:30+00:00,br-koramangala,0,routing
2026-07-17 13:45:00+00:00,br-whitefield,0,routing
2026-07-17 13:45:00+00:00,br-koramangala,0,routing
2026-07-17 13:45:00+00:00,zo-bengaluru,0,routing
2026-07-17 13:45:00+00:00,ho-chennai,0,routing
2026-07-17 13:45:30+00:00,zo-bengaluru,0,routing
2026-07-17 13:45:30+00:00,ho-chennai,0,routing
2026-07-17 13:45:30+00:00,br-koramangala,0,routing
2026-07-17 13:45:30+00:00,br-whitefield,0,routing
2026-07-17 13:46:00+00:00,br-koramangala,0,routing
2026-07-17 13:46:00+00:00,br-whitefield,0,routing
2026-07-17 13:46:00+00:00,ho-chennai,0,routing
2026-07-17 13:46:00+00:00,zo-bengaluru,0,routing
2026-07-17 13:46:30+00:00,ho-chennai,0,routing
2026-07-17 13:46:30+00:00,zo-bengaluru,0,routing
2026-07-17 13:46:30+00:00,br-whitefield,0,routing
2026-07-17 13:46:30+00:00,br-koramangala,0,routing
2026-07-17 13:47:00+00:00,br-whitefield,0,routing
2026-07-17 13:47:00+00:00,br-koramangala,0,routing
2026-07-17 13:47:00+00:00,zo-bengaluru,0,routing
2026-07-17 13:47:00+00:00,ho-chennai,0,routing
2026-07-17 13:47:30+00:00,zo-bengaluru,0,routing
2026-07-17 13:47:30+00:00,ho-chennai,0,routing
2026-07-17 13:47:30+00:00,br-koramangala,0,routing
2026-07-17 13:47:30+00:00,br-whitefield,0,routing
2026-07-17 13:48:00+00:00,br-koramangala,0,routing
2026-07-17 13:48:00+00:00,br-whitefield,0,routing
2026-07-17 13:48:00+00:00,ho-chennai,0,routing
2026-07-17 13:48:00+00:00,zo-bengaluru,0,routing
2026-07-17 13:48:30+00:00,ho-chennai,0,routing
2026-07-17 13:48:30+00:00,zo-bengaluru,0,routing
2026-07-17 13:48:30+00:00,br-whitefield,0,routing
2026-07-17 13:48:30+00:00,br-koramangala,0,routing
2026-07-17 13:49:00+00:00,br-whitefield,0,routing
2026-07-17 13:49:00+00:00,br-koramangala,0,routing
2026-07-17 13:49:00+00:00,zo-bengaluru,0,routing
2026-07-17 13:49:00+00:00,ho-chennai,0,routing
2026-07-17 13:49:30+00:00,zo-bengaluru,0,routing
2026-07-17 13:49:30+00:00,ho-chennai,0,routing
2026-07-17 13:49:30+00:00,br-koramangala,0,routing
2026-07-17 13:49:30+00:00,br-whitefield,0,routing
2026-07-17 13:50:00+00:00,br-koramangala,0,routing
2026-07-17 13:50:00+00:00,br-whitefield,0,routing
2026-07-17 13:50:00+00:00,ho-chennai,0,routing
2026-07-17 13:50:00+00:00,zo-bengaluru,0,routing
2026-07-17 13:50:30+00:00,ho-chennai,0,routing
2026-07-17 13:50:30+00:00,zo-bengaluru,0,routing
2026-07-17 13:50:30+00:00,br-whitefield,0,routing
2026-07-17 13:50:30+00:00,br-koramangala,0,routing
2026-07-17 13:51:00+00:00,br-whitefield,0,routing
2026-07-17 13:51:00+00:00,br-koramangala,0,routing
2026-07-17 13:51:00+00:00,zo-bengaluru,0,routing
2026-07-17 13:51:00+00:00,ho-chennai,0,routing
2026-07-17 13:51:30+00:00,zo-bengaluru,0,routing
2026-07-17 13:51:30+00:00,ho-chennai,0,routing
2026-07-17 13:51:30+00:00,br-koramangala,0,routing
2026-07-17 13:51:30+00:00,br-whitefield,0,routing
2026-07-17 13:52:00+00:00,br-koramangala,0,routing
2026-07-17 13:52:00+00:00,br-whitefield,0,routing
2026-07-17 13:52:00+00:00,ho-chennai,0,routing
2026-07-17 13:52:00+00:00,zo-bengaluru,0,routing
2026-07-17 13:52:30+00:00,ho-chennai,0,routing
2026-07-17 13:52:30+00:00,zo-bengaluru,0,routing
2026-07-17 13:52:30+00:00,br-whitefield,0,routing
2026-07-17 13:52:30+00:00,br-koramangala,0,routing
2026-07-17 13:53:00+00:00,br-whitefield,0,routing
2026-07-17 13:53:00+00:00,br-koramangala,0,routing
2026-07-17 13:53:00+00:00,zo-bengaluru,0,routing
2026-07-17 13:53:00+00:00,ho-chennai,0,routing
2026-07-17 13:53:30+00:00,zo-bengaluru,0,routing
2026-07-17 13:53:30+00:00,ho-chennai,0,routing
2026-07-17 13:53:30+00:00,br-koramangala,0,routing
2026-07-17 13:53:30+00:00,br-whitefield,0,routing
2026-07-17 13:54:00+00:00,br-koramangala,0,routing
2026-07-17 13:54:00+00:00,br-whitefield,0,routing
2026-07-17 13:54:00+00:00,ho-chennai,0,routing
2026-07-17 13:54:00+00:00,zo-bengaluru,0,routing
2026-07-17 13:54:30+00:00,ho-chennai,0,routing
2026-07-17 13:54:30+00:00,zo-bengaluru,0,routing
2026-07-17 13:54:30+00:00,br-whitefield,0,routing
2026-07-17 13:54:30+00:00,br-koramangala,0,routing
2026-07-17 13:55:00+00:00,br-whitefield,0,routing
2026-07-17 13:55:00+00:00,br-koramangala,0,routing
2026-07-17 13:55:00+00:00,zo-bengaluru,0,routing
2026-07-17 13:55:00+00:00,ho-chennai,0,routing
2026-07-17 13:55:30+00:00,zo-bengaluru,0,routing
2026-07-17 13:55:30+00:00,ho-chennai,0,routing
2026-07-17 13:55:30+00:00,br-koramangala,0,routing
2026-07-17 13:55:30+00:00,br-whitefield,0,routing
2026-07-17 13:56:00+00:00,br-koramangala,0,routing
2026-07-17 13:56:00+00:00,br-whitefield,0,routing
2026-07-17 13:56:00+00:00,ho-chennai,0,routing
2026-07-17 13:56:00+00:00,zo-bengaluru,0,routing
2026-07-17 13:56:30+00:00,ho-chennai,0,routing
2026-07-17 13:56:30+00:00,zo-bengaluru,0,routing
2026-07-17 13:56:30+00:00,br-whitefield,0,routing
2026-07-17 13:56:30+00:00,br-koramangala,0,routing
2026-07-17 13:57:00+00:00,br-whitefield,0,routing
2026-07-17 13:57:00+00:00,br-koramangala,0,routing
2026-07-17 13:57:00+00:00,zo-bengaluru,0,routing
2026-07-17 13:57:00+00:00,ho-chennai,0,routing
2026-07-17 13:57:33+00:00,zo-bengaluru,0,routing
2026-07-17 13:57:33+00:00,ho-chennai,0,routing
2026-07-17 13:57:33+00:00,br-koramangala,0,routing
2026-07-17 13:57:33+00:00,br-whitefield,0,routing
2026-07-17 13:58:00+00:00,br-koramangala,0,routing
2026-07-17 13:58:00+00:00,br-whitefield,0,routing
2026-07-17 13:58:00+00:00,ho-chennai,0,routing
2026-07-17 13:58:00+00:00,zo-bengaluru,0,routing
2026-07-17 13:58:30+00:00,ho-chennai,0,routing
2026-07-17 13:58:30+00:00,zo-bengaluru,0,routing
2026-07-17 13:58:30+00:00,br-whitefield,0,routing
2026-07-17 13:58:30+00:00,br-koramangala,0,routing
2026-07-17 13:59:00+00:00,br-whitefield,0,routing
2026-07-17 13:59:00+00:00,br-koramangala,0,routing
2026-07-17 13:59:00+00:00,zo-bengaluru,0,routing
2026-07-17 13:59:00+00:00,ho-chennai,0,routing
2026-07-17 13:59:30+00:00,zo-bengaluru,0,routing
2026-07-17 13:59:30+00:00,ho-chennai,0,routing
2026-07-17 13:59:30+00:00,br-koramangala,0,routing
2026-07-17 13:59:30+00:00,br-whitefield,0,routing
2026-07-17 14:00:00+00:00,br-koramangala,0,routing
2026-07-17 14:00:00+00:00,br-whitefield,0,routing
2026-07-17 14:00:00+00:00,ho-chennai,0,routing
2026-07-17 14:00:00+00:00,zo-bengaluru,0,routing
2026-07-17 14:00:30+00:00,ho-chennai,0,routing
2026-07-17 14:00:30+00:00,zo-bengaluru,0,routing
2026-07-17 14:00:30+00:00,br-whitefield,0,routing
2026-07-17 14:00:30+00:00,br-koramangala,0,routing
2026-07-17 14:02:00+00:00,br-whitefield,0,routing
2026-07-17 14:02:00+00:00,br-koramangala,0,routing
2026-07-17 14:02:00+00:00,zo-bengaluru,0,routing
2026-07-17 14:02:00+00:00,ho-chennai,0,routing
2026-07-17 14:02:30+00:00,zo-bengaluru,0,routing
2026-07-17 14:02:30+00:00,ho-chennai,0,routing
2026-07-17 14:02:30+00:00,br-koramangala,0,routing
2026-07-17 14:02:30+00:00,br-whitefield,0,routing
2026-07-17 14:03:00+00:00,br-koramangala,0,routing
2026-07-17 14:03:00+00:00,br-whitefield,0,routing
2026-07-17 14:03:00+00:00,ho-chennai,0,routing
2026-07-17 14:03:00+00:00,zo-bengaluru,0,routing
2026-07-17 14:03:30+00:00,ho-chennai,0,routing
2026-07-17 14:03:30+00:00,zo-bengaluru,0,routing
2026-07-17 14:03:30+00:00,br-whitefield,0,routing
2026-07-17 14:03:30+00:00,br-koramangala,0,routing
2026-07-17 14:04:00+00:00,br-whitefield,0,routing
2026-07-17 14:04:00+00:00,br-koramangala,0,routing
2026-07-17 14:04:00+00:00,zo-bengaluru,0,routing
2026-07-17 14:04:00+00:00,ho-chennai,0,routing
2026-07-17 14:04:30+00:00,zo-bengaluru,0,routing
2026-07-17 14:04:30+00:00,ho-chennai,0,routing
2026-07-17 14:04:30+00:00,br-koramangala,0,routing
2026-07-17 14:04:30+00:00,br-whitefield,0,routing
2026-07-17 14:05:00+00:00,br-koramangala,0,routing
2026-07-17 14:05:00+00:00,br-whitefield,0,routing
2026-07-17 14:05:00+00:00,ho-chennai,0,routing
2026-07-17 14:05:00+00:00,zo-bengaluru,0,routing
2026-07-17 14:05:30+00:00,ho-chennai,0,routing
2026-07-17 14:05:30+00:00,zo-bengaluru,0,routing
2026-07-17 14:05:30+00:00,br-whitefield,0,routing
2026-07-17 14:05:30+00:00,br-koramangala,0,routing
2026-07-17 14:06:00+00:00,br-whitefield,0,routing
2026-07-17 14:06:00+00:00,br-koramangala,0,routing
2026-07-17 14:06:00+00:00,zo-bengaluru,0,routing
2026-07-17 14:06:00+00:00,ho-chennai,0,routing
2026-07-17 14:06:30+00:00,zo-bengaluru,0,routing
2026-07-17 14:06:30+00:00,ho-chennai,0,routing
2026-07-17 14:06:30+00:00,br-koramangala,0,routing
2026-07-17 14:06:30+00:00,br-whitefield,0,routing
2026-07-17 14:07:00+00:00,br-koramangala,0,routing
2026-07-17 14:07:00+00:00,br-whitefield,0,routing
2026-07-17 14:07:00+00:00,ho-chennai,0,routing
2026-07-17 14:07:00+00:00,zo-bengaluru,0,routing
2026-07-17 14:07:30+00:00,ho-chennai,0,routing
2026-07-17 14:07:30+00:00,zo-bengaluru,0,routing
2026-07-17 14:07:30+00:00,br-whitefield,0,routing
2026-07-17 14:07:30+00:00,br-koramangala,0,routing
2026-07-17 14:08:00+00:00,br-whitefield,0,routing
2026-07-17 14:08:00+00:00,br-koramangala,0,routing
2026-07-17 14:08:00+00:00,zo-bengaluru,0,routing
2026-07-17 14:08:00+00:00,ho-chennai,0,routing
2026-07-17 14:08:30+00:00,zo-bengaluru,0,routing
2026-07-17 14:08:30+00:00,ho-chennai,0,routing
2026-07-17 14:08:30+00:00,br-koramangala,0,routing
2026-07-17 14:08:30+00:00,br-whitefield,0,routing
2026-07-17 14:09:00+00:00,br-koramangala,0,routing
2026-07-17 14:09:00+00:00,br-whitefield,0,routing
2026-07-17 14:09:00+00:00,ho-chennai,0,routing
2026-07-17 14:09:00+00:00,zo-bengaluru,0,routing
2026-07-17 14:09:30+00:00,ho-chennai,0,routing
2026-07-17 14:09:30+00:00,zo-bengaluru,0,routing
2026-07-17 14:09:30+00:00,br-whitefield,0,routing
2026-07-17 14:09:30+00:00,br-koramangala,0,routing
2026-07-17 14:10:00+00:00,br-whitefield,0,routing
2026-07-17 14:10:00+00:00,br-koramangala,0,routing
2026-07-17 14:10:00+00:00,zo-bengaluru,0,routing
2026-07-17 14:10:00+00:00,ho-chennai,0,routing
2026-07-17 14:10:30+00:00,zo-bengaluru,0,routing
2026-07-17 14:10:30+00:00,ho-chennai,0,routing
2026-07-17 14:10:30+00:00,br-koramangala,0,routing
2026-07-17 14:10:30+00:00,br-whitefield,0,routing
2026-07-17 14:11:00+00:00,br-koramangala,0,routing
2026-07-17 14:11:00+00:00,br-whitefield,0,routing
2026-07-17 14:11:00+00:00,ho-chennai,0,routing
2026-07-17 14:11:00+00:00,zo-bengaluru,0,routing
2026-07-17 14:11:30+00:00,ho-chennai,0,routing
2026-07-17 14:11:30+00:00,zo-bengaluru,0,routing
2026-07-17 14:11:30+00:00,br-whitefield,0,routing
2026-07-17 14:11:30+00:00,br-koramangala,0,routing
2026-07-17 14:12:00+00:00,br-whitefield,0,routing
2026-07-17 14:12:00+00:00,br-koramangala,0,routing
2026-07-17 14:12:00+00:00,zo-bengaluru,0,routing
2026-07-17 14:12:00+00:00,ho-chennai,0,routing
2026-07-17 14:12:30+00:00,zo-bengaluru,0,routing
2026-07-17 14:12:30+00:00,ho-chennai,0,routing
2026-07-17 14:12:30+00:00,br-koramangala,0,routing
2026-07-17 14:12:30+00:00,br-whitefield,0,routing
2026-07-17 14:13:00+00:00,br-koramangala,0,routing
2026-07-17 14:13:00+00:00,br-whitefield,0,routing
2026-07-17 14:13:00+00:00,ho-chennai,0,routing
2026-07-17 14:13:00+00:00,zo-bengaluru,0,routing
2026-07-17 14:13:30+00:00,ho-chennai,0,routing
2026-07-17 14:13:30+00:00,zo-bengaluru,0,routing
2026-07-17 14:13:30+00:00,br-whitefield,0,routing
2026-07-17 14:13:30+00:00,br-koramangala,0,routing
2026-07-17 14:14:00+00:00,br-whitefield,0,routing
2026-07-17 14:14:00+00:00,br-koramangala,0,routing
2026-07-17 14:14:00+00:00,zo-bengaluru,0,routing
2026-07-17 14:14:00+00:00,ho-chennai,0,routing
2026-07-17 14:14:30+00:00,zo-bengaluru,0,routing
2026-07-17 14:14:30+00:00,ho-chennai,0,routing
2026-07-17 14:14:30+00:00,br-koramangala,0,routing
2026-07-17 14:14:30+00:00,br-whitefield,0,routing
2026-07-17 14:15:00+00:00,br-koramangala,0,routing
2026-07-17 14:15:00+00:00,br-whitefield,0,routing
2026-07-17 14:15:00+00:00,ho-chennai,0,routing
2026-07-17 14:15:00+00:00,zo-bengaluru,0,routing
2026-07-17 14:15:30+00:00,ho-chennai,0,routing
2026-07-17 14:15:30+00:00,zo-bengaluru,0,routing
2026-07-17 14:15:30+00:00,br-whitefield,0,routing
2026-07-17 14:15:30+00:00,br-koramangala,0,routing
2026-07-17 14:16:00+00:00,br-whitefield,0,routing
2026-07-17 14:16:00+00:00,br-koramangala,0,routing
2026-07-17 14:16:00+00:00,zo-bengaluru,0,routing
2026-07-17 14:16:00+00:00,ho-chennai,0,routing
2026-07-17 14:16:30+00:00,zo-bengaluru,0,routing
2026-07-17 14:16:30+00:00,ho-chennai,0,routing
2026-07-17 14:16:30+00:00,br-koramangala,0,routing
2026-07-17 14:16:30+00:00,br-whitefield,0,routing
2026-07-17 14:17:00+00:00,br-koramangala,0,routing
2026-07-17 14:17:00+00:00,br-whitefield,0,routing
2026-07-17 14:17:00+00:00,ho-chennai,0,routing
2026-07-17 14:17:00+00:00,zo-bengaluru,0,routing
2026-07-17 14:17:30+00:00,ho-chennai,0,routing
2026-07-17 14:17:30+00:00,zo-bengaluru,0,routing
2026-07-17 14:17:30+00:00,br-whitefield,0,routing
2026-07-17 14:17:30+00:00,br-koramangala,0,routing
2026-07-17 14:18:00+00:00,br-whitefield,0,routing
2026-07-17 14:18:00+00:00,br-koramangala,0,routing
2026-07-17 14:18:00+00:00,zo-bengaluru,0,routing
2026-07-17 14:18:00+00:00,ho-chennai,0,routing
2026-07-17 14:18:30+00:00,zo-bengaluru,0,routing
2026-07-17 14:18:30+00:00,ho-chennai,0,routing
2026-07-17 14:18:30+00:00,br-koramangala,0,routing
2026-07-17 14:18:30+00:00,br-whitefield,0,routing
2026-07-17 14:19:00+00:00,br-koramangala,0,routing
2026-07-17 14:19:00+00:00,br-whitefield,0,routing
2026-07-17 14:19:00+00:00,ho-chennai,0,routing
2026-07-17 14:19:00+00:00,zo-bengaluru,0,routing
2026-07-17 14:19:30+00:00,ho-chennai,0,routing
2026-07-17 14:19:30+00:00,zo-bengaluru,0,routing
2026-07-17 14:19:30+00:00,br-whitefield,0,routing
2026-07-17 14:19:30+00:00,br-koramangala,0,routing
2026-07-17 14:20:00+00:00,br-whitefield,0,routing
2026-07-17 14:20:00+00:00,br-koramangala,0,routing
2026-07-17 14:20:00+00:00,zo-bengaluru,0,routing
2026-07-17 14:20:00+00:00,ho-chennai,0,routing
2026-07-17 14:20:30+00:00,zo-bengaluru,0,routing
2026-07-17 14:20:30+00:00,ho-chennai,0,routing
2026-07-17 14:20:30+00:00,br-koramangala,0,routing
2026-07-17 14:20:30+00:00,br-whitefield,0,routing
2026-07-17 14:21:00+00:00,br-koramangala,0,routing
2026-07-17 14:21:00+00:00,br-whitefield,0,routing
2026-07-17 14:21:00+00:00,ho-chennai,0,routing
2026-07-17 14:21:00+00:00,zo-bengaluru,0,routing
2026-07-17 14:21:30+00:00,ho-chennai,0,routing
2026-07-17 14:21:30+00:00,zo-bengaluru,0,routing
2026-07-17 14:21:30+00:00,br-whitefield,0,routing
2026-07-17 14:21:30+00:00,br-koramangala,0,routing
2026-07-17 14:22:00+00:00,br-whitefield,0,routing
2026-07-17 14:22:00+00:00,br-koramangala,0,routing
2026-07-17 14:22:00+00:00,zo-bengaluru,0,routing
2026-07-17 14:22:00+00:00,ho-chennai,0,routing
2026-07-17 14:22:30+00:00,zo-bengaluru,0,routing
2026-07-17 14:22:30+00:00,ho-chennai,0,routing
2026-07-17 14:22:30+00:00,br-koramangala,0,routing
2026-07-17 14:22:30+00:00,br-whitefield,0,routing
2026-07-17 14:23:00+00:00,br-koramangala,0,routing
2026-07-17 14:23:00+00:00,br-whitefield,0,routing
2026-07-17 14:23:00+00:00,ho-chennai,0,routing
2026-07-17 14:23:00+00:00,zo-bengaluru,0,routing
2026-07-17 14:23:30+00:00,ho-chennai,0,routing
2026-07-17 14:23:30+00:00,zo-bengaluru,0,routing
2026-07-17 14:23:30+00:00,br-whitefield,0,routing
2026-07-17 14:23:30+00:00,br-koramangala,0,routing
2026-07-17 14:24:00+00:00,br-whitefield,0,routing
2026-07-17 14:24:00+00:00,br-koramangala,0,routing
2026-07-17 14:24:00+00:00,zo-bengaluru,0,routing
2026-07-17 14:24:00+00:00,ho-chennai,0,routing
2026-07-17 14:24:30+00:00,zo-bengaluru,0,routing
2026-07-17 14:24:30+00:00,ho-chennai,0,routing
2026-07-17 14:24:30+00:00,br-koramangala,0,routing
2026-07-17 14:24:30+00:00,br-whitefield,0,routing
2026-07-17 14:25:00+00:00,br-koramangala,0,routing
2026-07-17 14:25:00+00:00,br-whitefield,0,routing
2026-07-17 14:25:00+00:00,ho-chennai,0,routing
2026-07-17 14:25:00+00:00,zo-bengaluru,0,routing
2026-07-17 14:25:30+00:00,ho-chennai,0,routing
2026-07-17 14:25:30+00:00,zo-bengaluru,0,routing
2026-07-17 14:25:30+00:00,br-whitefield,0,routing
2026-07-17 14:25:30+00:00,br-koramangala,0,routing
2026-07-17 14:26:00+00:00,br-whitefield,0,routing
2026-07-17 14:26:00+00:00,br-koramangala,0,routing
2026-07-17 14:26:00+00:00,zo-bengaluru,0,routing
2026-07-17 14:26:00+00:00,ho-chennai,0,routing
2026-07-17 14:26:30+00:00,zo-bengaluru,0,routing
2026-07-17 14:26:30+00:00,ho-chennai,0,routing
2026-07-17 14:26:30+00:00,br-koramangala,0,routing
2026-07-17 14:26:30+00:00,br-whitefield,0,routing
2026-07-17 14:27:00+00:00,br-koramangala,0,routing
2026-07-17 14:27:00+00:00,br-whitefield,0,routing
2026-07-17 14:27:00+00:00,ho-chennai,0,routing
2026-07-17 14:27:00+00:00,zo-bengaluru,0,routing
2026-07-17 14:27:30+00:00,ho-chennai,0,routing
2026-07-17 14:27:30+00:00,zo-bengaluru,0,routing
2026-07-17 14:27:30+00:00,br-whitefield,0,routing
2026-07-17 14:27:30+00:00,br-koramangala,0,routing
2026-07-17 14:28:00+00:00,br-whitefield,0,routing
2026-07-17 14:28:00+00:00,br-koramangala,0,routing
2026-07-17 14:28:00+00:00,zo-bengaluru,0,routing
2026-07-17 14:28:00+00:00,ho-chennai,0,routing
2026-07-17 14:28:30+00:00,zo-bengaluru,0,routing
2026-07-17 14:28:30+00:00,ho-chennai,0,routing
2026-07-17 14:28:30+00:00,br-koramangala,0,routing
2026-07-17 14:28:30+00:00,br-whitefield,0,routing
2026-07-17 14:29:00+00:00,br-koramangala,0,routing
2026-07-17 14:29:00+00:00,br-whitefield,0,routing
2026-07-17 14:29:00+00:00,ho-chennai,0,routing
2026-07-17 14:29:00+00:00,zo-bengaluru,0,routing
2026-07-17 14:29:30+00:00,ho-chennai,0,routing
2026-07-17 14:29:30+00:00,zo-bengaluru,0,routing
2026-07-17 14:29:30+00:00,br-whitefield,0,routing
2026-07-17 14:29:30+00:00,br-koramangala,0,routing
2026-07-17 14:30:00+00:00,br-whitefield,0,routing
2026-07-17 14:30:00+00:00,br-koramangala,0,routing
2026-07-17 14:30:00+00:00,zo-bengaluru,0,routing
2026-07-17 14:30:00+00:00,ho-chennai,0,routing
2026-07-17 14:30:30+00:00,zo-bengaluru,0,routing
2026-07-17 14:30:30+00:00,ho-chennai,0,routing
2026-07-17 14:30:30+00:00,br-koramangala,0,routing
2026-07-17 14:30:30+00:00,br-whitefield,0,routing
2026-07-17 14:31:00+00:00,br-koramangala,0,routing
2026-07-17 14:31:00+00:00,br-whitefield,0,routing
2026-07-17 14:31:00+00:00,ho-chennai,0,routing
2026-07-17 14:31:00+00:00,zo-bengaluru,0,routing
2026-07-17 14:31:30+00:00,ho-chennai,0,routing
2026-07-17 14:31:30+00:00,zo-bengaluru,0,routing
2026-07-17 14:31:30+00:00,br-whitefield,0,routing
2026-07-17 14:31:30+00:00,br-koramangala,0,routing
2026-07-17 14:32:00+00:00,br-whitefield,0,routing
2026-07-17 14:32:00+00:00,br-koramangala,0,routing
2026-07-17 14:32:00+00:00,zo-bengaluru,0,routing
2026-07-17 14:32:00+00:00,ho-chennai,0,routing
2026-07-17 14:32:30+00:00,zo-bengaluru,0,routing
2026-07-17 14:32:30+00:00,ho-chennai,0,routing
2026-07-17 14:32:30+00:00,br-koramangala,0,routing
2026-07-17 14:32:30+00:00,br-whitefield,0,routing
2026-07-17 14:33:00+00:00,br-koramangala,0,routing
2026-07-17 14:33:00+00:00,br-whitefield,0,routing
2026-07-17 14:33:00+00:00,ho-chennai,0,routing
2026-07-17 14:33:00+00:00,zo-bengaluru,0,routing
2026-07-17 14:33:30+00:00,ho-chennai,0,routing
2026-07-17 14:33:30+00:00,zo-bengaluru,0,routing
2026-07-17 14:33:30+00:00,br-whitefield,0,routing
2026-07-17 14:33:30+00:00,br-koramangala,0,routing
2026-07-17 14:34:00+00:00,br-whitefield,0,routing
2026-07-17 14:34:00+00:00,br-koramangala,0,routing
2026-07-17 14:34:00+00:00,zo-bengaluru,0,routing
2026-07-17 14:34:00+00:00,ho-chennai,0,routing
2026-07-17 14:34:30+00:00,zo-bengaluru,0,routing
2026-07-17 14:34:30+00:00,ho-chennai,0,routing
2026-07-17 14:34:30+00:00,br-koramangala,0,routing
2026-07-17 14:34:30+00:00,br-whitefield,0,routing
2026-07-17 14:35:00+00:00,br-koramangala,0,routing
2026-07-17 14:35:00+00:00,br-whitefield,0,routing
2026-07-17 14:35:00+00:00,ho-chennai,0,routing
2026-07-17 14:35:00+00:00,zo-bengaluru,0,routing
2026-07-17 14:35:30+00:00,ho-chennai,0,routing
2026-07-17 14:35:30+00:00,zo-bengaluru,0,routing
2026-07-17 14:35:30+00:00,br-whitefield,0,routing
2026-07-17 14:35:30+00:00,br-koramangala,0,routing
2026-07-17 14:36:00+00:00,br-whitefield,0,routing
2026-07-17 14:36:00+00:00,br-koramangala,0,routing
2026-07-17 14:36:00+00:00,zo-bengaluru,0,routing
2026-07-17 14:36:00+00:00,ho-chennai,0,routing
2026-07-17 14:36:30+00:00,zo-bengaluru,0,routing
2026-07-17 14:36:30+00:00,ho-chennai,0,routing
2026-07-17 14:36:30+00:00,br-koramangala,0,routing
2026-07-17 14:36:30+00:00,br-whitefield,0,routing
2026-07-17 14:37:00+00:00,br-koramangala,0,routing
2026-07-17 14:37:00+00:00,br-whitefield,0,routing
2026-07-17 14:37:00+00:00,ho-chennai,0,routing
2026-07-17 14:37:00+00:00,zo-bengaluru,0,routing
2026-07-17 14:37:30+00:00,ho-chennai,0,routing
2026-07-17 14:37:30+00:00,zo-bengaluru,0,routing
2026-07-17 14:37:30+00:00,br-whitefield,0,routing
2026-07-17 14:37:30+00:00,br-koramangala,0,routing
2026-07-17 14:38:00+00:00,br-whitefield,0,routing
2026-07-17 14:38:00+00:00,br-koramangala,0,routing
2026-07-17 14:38:00+00:00,zo-bengaluru,0,routing
2026-07-17 14:38:00+00:00,ho-chennai,0,routing
2026-07-17 14:38:30+00:00,zo-bengaluru,0,routing
2026-07-17 14:38:30+00:00,ho-chennai,0,routing
2026-07-17 14:38:30+00:00,br-koramangala,0,routing
2026-07-17 14:38:30+00:00,br-whitefield,0,routing
2026-07-17 14:39:00+00:00,br-koramangala,0,routing
2026-07-17 14:39:00+00:00,br-whitefield,0,routing
2026-07-17 14:39:00+00:00,ho-chennai,0,routing
2026-07-17 14:39:00+00:00,zo-bengaluru,0,routing
2026-07-17 14:39:30+00:00,ho-chennai,0,routing
2026-07-17 14:39:30+00:00,zo-bengaluru,0,routing
2026-07-17 14:39:30+00:00,br-whitefield,0,routing
2026-07-17 14:39:30+00:00,br-koramangala,0,routing
2026-07-17 14:40:00+00:00,br-whitefield,0,routing
2026-07-17 14:40:00+00:00,br-koramangala,0,routing
2026-07-17 14:40:00+00:00,zo-bengaluru,0,routing
2026-07-17 14:40:00+00:00,ho-chennai,0,routing
2026-07-17 14:40:30+00:00,zo-bengaluru,0,routing
2026-07-17 14:40:30+00:00,ho-chennai,0,routing
2026-07-17 14:40:30+00:00,br-koramangala,0,routing
2026-07-17 14:40:30+00:00,br-whitefield,0,routing
2026-07-17 14:41:00+00:00,br-koramangala,0,routing
2026-07-17 14:41:00+00:00,br-whitefield,0,routing
2026-07-17 14:41:00+00:00,ho-chennai,0,routing
2026-07-17 14:41:00+00:00,zo-bengaluru,0,routing
2026-07-17 14:41:30+00:00,ho-chennai,0,routing
2026-07-17 14:41:30+00:00,zo-bengaluru,0,routing
2026-07-17 14:41:30+00:00,br-whitefield,0,routing
2026-07-17 14:41:30+00:00,br-koramangala,0,routing
2026-07-17 14:42:00+00:00,br-whitefield,0,routing
2026-07-17 14:42:00+00:00,br-koramangala,0,routing
2026-07-17 14:42:00+00:00,zo-bengaluru,0,routing
2026-07-17 14:42:00+00:00,ho-chennai,0,routing
2026-07-17 14:42:30+00:00,zo-bengaluru,0,routing
2026-07-17 14:42:30+00:00,ho-chennai,0,routing
2026-07-17 14:42:30+00:00,br-koramangala,0,routing
2026-07-17 14:42:30+00:00,br-whitefield,0,routing
2026-07-17 14:43:00+00:00,br-koramangala,0,routing
2026-07-17 14:43:00+00:00,br-whitefield,0,routing
2026-07-17 14:43:00+00:00,ho-chennai,0,routing
2026-07-17 14:43:00+00:00,zo-bengaluru,0,routing
2026-07-17 14:43:30+00:00,ho-chennai,0,routing
2026-07-17 14:43:30+00:00,zo-bengaluru,0,routing
2026-07-17 14:43:30+00:00,br-whitefield,0,routing
2026-07-17 14:43:30+00:00,br-koramangala,0,routing
2026-07-17 14:44:00+00:00,br-whitefield,0,routing
2026-07-17 14:44:00+00:00,br-koramangala,0,routing
2026-07-17 14:44:00+00:00,zo-bengaluru,0,routing
2026-07-17 14:44:00+00:00,ho-chennai,0,routing
2026-07-17 14:44:30+00:00,zo-bengaluru,0,routing
2026-07-17 14:44:30+00:00,ho-chennai,0,routing
2026-07-17 14:44:30+00:00,br-koramangala,0,routing
2026-07-17 14:44:30+00:00,br-whitefield,0,routing
2026-07-17 14:45:00+00:00,br-koramangala,0,routing
2026-07-17 14:45:00+00:00,br-whitefield,0,routing
2026-07-17 14:45:00+00:00,ho-chennai,0,routing
2026-07-17 14:45:00+00:00,zo-bengaluru,0,routing
2026-07-17 14:45:30+00:00,ho-chennai,0,routing
2026-07-17 14:45:30+00:00,zo-bengaluru,0,routing
2026-07-17 14:45:30+00:00,br-whitefield,0,routing
2026-07-17 14:45:30+00:00,br-koramangala,0,routing
2026-07-17 14:46:00+00:00,br-whitefield,0,routing
2026-07-17 14:46:00+00:00,br-koramangala,0,routing
2026-07-17 14:46:00+00:00,zo-bengaluru,0,routing
2026-07-17 14:46:00+00:00,ho-chennai,0,routing
2026-07-17 14:46:30+00:00,zo-bengaluru,0,routing
2026-07-17 14:46:30+00:00,ho-chennai,0,routing
2026-07-17 14:46:30+00:00,br-koramangala,0,routing
2026-07-17 14:46:30+00:00,br-whitefield,0,routing
2026-07-17 14:47:00+00:00,br-koramangala,0,routing
2026-07-17 14:47:00+00:00,br-whitefield,0,routing
2026-07-17 14:47:00+00:00,ho-chennai,0,routing
2026-07-17 14:47:00+00:00,zo-bengaluru,0,routing
2026-07-17 14:47:30+00:00,ho-chennai,0,routing
2026-07-17 14:47:30+00:00,zo-bengaluru,0,routing
2026-07-17 14:47:30+00:00,br-whitefield,0,routing
2026-07-17 14:47:30+00:00,br-koramangala,0,routing
2026-07-17 14:48:00+00:00,br-whitefield,0,routing
2026-07-17 14:48:00+00:00,br-koramangala,0,routing
2026-07-17 14:48:00+00:00,zo-bengaluru,0,routing
2026-07-17 14:48:00+00:00,ho-chennai,0,routing
2026-07-17 14:48:30+00:00,zo-bengaluru,0,routing
2026-07-17 14:48:30+00:00,ho-chennai,0,routing
2026-07-17 14:48:30+00:00,br-koramangala,0,routing
2026-07-17 14:48:30+00:00,br-whitefield,0,routing
2026-07-17 14:49:00+00:00,br-koramangala,0,routing
2026-07-17 14:49:00+00:00,br-whitefield,0,routing
2026-07-17 14:49:00+00:00,ho-chennai,0,routing
2026-07-17 14:49:00+00:00,zo-bengaluru,0,routing
2026-07-17 14:49:30+00:00,ho-chennai,0,routing
2026-07-17 14:49:30+00:00,zo-bengaluru,0,routing
2026-07-17 14:49:30+00:00,br-whitefield,0,routing
2026-07-17 14:49:30+00:00,br-koramangala,0,routing
2026-07-17 14:50:00+00:00,br-whitefield,0,routing
2026-07-17 14:50:00+00:00,br-koramangala,0,routing
2026-07-17 14:50:00+00:00,zo-bengaluru,0,routing
2026-07-17 14:50:00+00:00,ho-chennai,0,routing
2026-07-17 14:50:30+00:00,zo-bengaluru,0,routing
2026-07-17 14:50:30+00:00,ho-chennai,0,routing
2026-07-17 14:50:30+00:00,br-koramangala,0,routing
2026-07-17 14:50:30+00:00,br-whitefield,0,routing
2026-07-17 14:51:00+00:00,br-koramangala,0,routing
2026-07-17 14:51:00+00:00,br-whitefield,0,routing
2026-07-17 14:51:00+00:00,ho-chennai,0,routing
2026-07-17 14:51:00+00:00,zo-bengaluru,0,routing
2026-07-17 14:51:30+00:00,ho-chennai,0,routing
2026-07-17 14:51:30+00:00,zo-bengaluru,0,routing
2026-07-17 14:51:30+00:00,br-whitefield,0,routing
2026-07-17 14:51:30+00:00,br-koramangala,0,routing
2026-07-17 14:52:00+00:00,br-whitefield,0,routing
2026-07-17 14:52:00+00:00,br-koramangala,0,routing
2026-07-17 14:52:00+00:00,zo-bengaluru,0,routing
2026-07-17 14:52:00+00:00,ho-chennai,0,routing
2026-07-17 14:52:30+00:00,zo-bengaluru,0,routing
2026-07-17 14:52:30+00:00,ho-chennai,0,routing
2026-07-17 14:52:30+00:00,br-koramangala,0,routing
2026-07-17 14:52:30+00:00,br-whitefield,0,routing
2026-07-17 14:53:00+00:00,br-koramangala,0,routing
2026-07-17 14:53:00+00:00,br-whitefield,0,routing
2026-07-17 14:53:00+00:00,ho-chennai,0,routing
2026-07-17 14:53:00+00:00,zo-bengaluru,0,routing
2026-07-17 14:53:30+00:00,ho-chennai,0,routing
2026-07-17 14:53:30+00:00,zo-bengaluru,0,routing
2026-07-17 14:53:30+00:00,br-whitefield,0,routing
2026-07-17 14:53:30+00:00,br-koramangala,0,routing
2026-07-17 14:54:00+00:00,br-whitefield,0,routing
2026-07-17 14:54:00+00:00,br-koramangala,0,routing
2026-07-17 14:54:00+00:00,zo-bengaluru,0,routing
2026-07-17 14:54:00+00:00,ho-chennai,0,routing
2026-07-17 14:54:30+00:00,zo-bengaluru,0,routing
2026-07-17 14:54:30+00:00,ho-chennai,0,routing
2026-07-17 14:54:30+00:00,br-koramangala,0,routing
2026-07-17 14:54:30+00:00,br-whitefield,0,routing
2026-07-17 14:55:00+00:00,br-koramangala,0,routing
2026-07-17 14:55:00+00:00,br-whitefield,0,routing
2026-07-17 14:55:00+00:00,ho-chennai,0,routing
2026-07-17 14:55:00+00:00,zo-bengaluru,0,routing
2026-07-17 14:55:30+00:00,ho-chennai,0,routing
2026-07-17 14:55:30+00:00,zo-bengaluru,0,routing
2026-07-17 14:55:30+00:00,br-whitefield,0,routing
2026-07-17 14:55:30+00:00,br-koramangala,0,routing
2026-07-17 14:56:00+00:00,br-whitefield,0,routing
2026-07-17 14:56:00+00:00,br-koramangala,0,routing
2026-07-17 14:56:00+00:00,zo-bengaluru,0,routing
2026-07-17 14:56:00+00:00,ho-chennai,0,routing
2026-07-17 14:56:30+00:00,zo-bengaluru,0,routing
2026-07-17 14:56:30+00:00,ho-chennai,0,routing
2026-07-17 14:56:30+00:00,br-koramangala,0,routing
2026-07-17 14:56:30+00:00,br-whitefield,0,routing
2026-07-17 14:57:00+00:00,br-koramangala,0,routing
2026-07-17 14:57:00+00:00,br-whitefield,0,routing
2026-07-17 14:57:00+00:00,ho-chennai,0,routing
2026-07-17 14:57:00+00:00,zo-bengaluru,0,routing
2026-07-17 14:57:30+00:00,ho-chennai,0,routing
2026-07-17 14:57:30+00:00,zo-bengaluru,0,routing
2026-07-17 14:57:30+00:00,br-whitefield,0,routing
2026-07-17 14:57:30+00:00,br-koramangala,0,routing
2026-07-17 14:58:00+00:00,br-whitefield,0,routing
2026-07-17 14:58:00+00:00,br-koramangala,0,routing
2026-07-17 14:58:00+00:00,zo-bengaluru,0,routing
2026-07-17 14:58:00+00:00,ho-chennai,0,routing
2026-07-17 14:58:30+00:00,zo-bengaluru,0,routing
2026-07-17 14:58:30+00:00,ho-chennai,0,routing
2026-07-17 14:58:30+00:00,br-koramangala,0,routing
2026-07-17 14:58:30+00:00,br-whitefield,0,routing
2026-07-17 14:59:00+00:00,br-koramangala,0,routing
2026-07-17 14:59:00+00:00,br-whitefield,0,routing
2026-07-17 14:59:00+00:00,ho-chennai,0,routing
2026-07-17 14:59:00+00:00,zo-bengaluru,0,routing
2026-07-17 14:59:30+00:00,ho-chennai,0,routing
2026-07-17 14:59:30+00:00,zo-bengaluru,0,routing
2026-07-17 14:59:30+00:00,br-whitefield,0,routing
2026-07-17 14:59:30+00:00,br-koramangala,0,routing
2026-07-17 15:00:00+00:00,br-whitefield,0,routing
2026-07-17 15:00:00+00:00,br-koramangala,0,routing
2026-07-17 15:00:00+00:00,zo-bengaluru,0,routing
2026-07-17 15:00:00+00:00,ho-chennai,0,routing
2026-07-17 15:00:30+00:00,zo-bengaluru,0,routing
2026-07-17 15:00:30+00:00,ho-chennai,0,routing
2026-07-17 15:00:30+00:00,br-koramangala,0,routing
2026-07-17 15:00:30+00:00,br-whitefield,0,routing
2026-07-17 15:01:00+00:00,br-koramangala,0,routing
2026-07-17 15:01:00+00:00,br-whitefield,0,routing
2026-07-17 15:01:00+00:00,ho-chennai,0,routing
2026-07-17 15:01:00+00:00,zo-bengaluru,0,routing
2026-07-17 15:01:30+00:00,ho-chennai,0,routing
2026-07-17 15:01:30+00:00,zo-bengaluru,0,routing
2026-07-17 15:01:30+00:00,br-whitefield,0,routing
2026-07-17 15:01:30+00:00,br-koramangala,0,routing
2026-07-17 15:02:00+00:00,br-whitefield,0,routing
2026-07-17 15:02:00+00:00,br-koramangala,0,routing
2026-07-17 15:02:00+00:00,zo-bengaluru,0,routing
2026-07-17 15:02:00+00:00,ho-chennai,0,routing
2026-07-17 15:02:30+00:00,zo-bengaluru,0,routing
2026-07-17 15:02:30+00:00,ho-chennai,0,routing
2026-07-17 15:02:30+00:00,br-koramangala,0,routing
2026-07-17 15:02:30+00:00,br-whitefield,0,routing
2026-07-17 15:03:00+00:00,br-koramangala,0,routing
2026-07-17 15:03:00+00:00,br-whitefield,0,routing
2026-07-17 15:03:00+00:00,ho-chennai,0,routing
2026-07-17 15:03:00+00:00,zo-bengaluru,0,routing
2026-07-17 15:03:30+00:00,ho-chennai,0,routing
2026-07-17 15:03:30+00:00,zo-bengaluru,0,routing
2026-07-17 15:03:30+00:00,br-whitefield,0,routing
2026-07-17 15:03:30+00:00,br-koramangala,0,routing
2026-07-17 15:04:00+00:00,br-whitefield,0,routing
2026-07-17 15:04:00+00:00,br-koramangala,0,routing
2026-07-17 15:04:00+00:00,zo-bengaluru,0,routing
2026-07-17 15:04:00+00:00,ho-chennai,0,routing
2026-07-17 15:04:30+00:00,zo-bengaluru,0,routing
2026-07-17 15:04:30+00:00,ho-chennai,0,routing
2026-07-17 15:04:30+00:00,br-koramangala,0,routing
2026-07-17 15:04:30+00:00,br-whitefield,0,routing
2026-07-17 15:05:00+00:00,br-koramangala,0,routing
2026-07-17 15:05:00+00:00,br-whitefield,0,routing
2026-07-17 15:05:00+00:00,ho-chennai,0,routing
2026-07-17 15:05:00+00:00,zo-bengaluru,0,routing
2026-07-17 15:05:30+00:00,ho-chennai,0,routing
2026-07-17 15:05:30+00:00,zo-bengaluru,0,routing
2026-07-17 15:05:30+00:00,br-whitefield,0,routing
2026-07-17 15:05:30+00:00,br-koramangala,0,routing
2026-07-17 15:06:00+00:00,br-whitefield,0,routing
2026-07-17 15:06:00+00:00,br-koramangala,0,routing
2026-07-17 15:06:00+00:00,zo-bengaluru,0,routing
2026-07-17 15:06:00+00:00,ho-chennai,0,routing
2026-07-17 15:06:30+00:00,zo-bengaluru,0,routing
2026-07-17 15:06:30+00:00,ho-chennai,0,routing
2026-07-17 15:06:30+00:00,br-koramangala,0,routing
2026-07-17 15:06:30+00:00,br-whitefield,0,routing
2026-07-17 15:07:00+00:00,br-koramangala,0,routing
2026-07-17 15:07:00+00:00,br-whitefield,0,routing
2026-07-17 15:07:00+00:00,ho-chennai,0,routing
2026-07-17 15:07:00+00:00,zo-bengaluru,0,routing
2026-07-17 15:07:30+00:00,ho-chennai,0,routing
2026-07-17 15:07:30+00:00,zo-bengaluru,0,routing
2026-07-17 15:07:30+00:00,br-whitefield,0,routing
2026-07-17 15:07:30+00:00,br-koramangala,0,routing
2026-07-17 15:08:00+00:00,br-whitefield,0,routing
2026-07-17 15:08:00+00:00,br-koramangala,0,routing
2026-07-17 15:08:00+00:00,zo-bengaluru,0,routing
2026-07-17 15:08:00+00:00,ho-chennai,0,routing
2026-07-17 15:08:30+00:00,zo-bengaluru,0,routing
2026-07-17 15:08:30+00:00,ho-chennai,0,routing
2026-07-17 15:08:30+00:00,br-koramangala,0,routing
2026-07-17 15:08:30+00:00,br-whitefield,0,routing
2026-07-17 15:09:00+00:00,br-koramangala,0,routing
2026-07-17 15:09:00+00:00,br-whitefield,0,routing
2026-07-17 15:09:00+00:00,ho-chennai,0,routing
2026-07-17 15:09:00+00:00,zo-bengaluru,0,routing
2026-07-17 15:09:30+00:00,ho-chennai,0,routing
2026-07-17 15:09:30+00:00,zo-bengaluru,0,routing
2026-07-17 15:09:30+00:00,br-whitefield,0,routing
2026-07-17 15:09:30+00:00,br-koramangala,0,routing
2026-07-17 15:09:36.585823+00:00,ho-chennai,1,routing
2026-07-17 15:09:36.866431+00:00,zo-bengaluru,3,routing
2026-07-17 15:09:37.134767+00:00,br-koramangala,1,routing
2026-07-17 15:09:37.415554+00:00,br-whitefield,1,routing
2026-07-17 15:10:00+00:00,ho-chennai,0,routing
2026-07-17 15:10:00+00:00,zo-bengaluru,0,routing
2026-07-17 15:10:00+00:00,br-koramangala,0,routing
2026-07-17 15:10:00+00:00,br-whitefield,0,routing
2026-07-17 15:10:08.113206+00:00,ho-chennai,1,routing
2026-07-17 15:10:08.620979+00:00,zo-bengaluru,3,routing
2026-07-17 15:10:09.085188+00:00,br-koramangala,1,routing
2026-07-17 15:10:09.624303+00:00,br-whitefield,1,routing
2026-07-17 15:10:30+00:00,br-koramangala,0,routing
2026-07-17 15:10:30+00:00,br-whitefield,0,routing
2026-07-17 15:10:30+00:00,zo-bengaluru,0,routing
2026-07-17 15:10:30+00:00,ho-chennai,0,routing
2026-07-17 15:10:40.061993+00:00,ho-chennai,1,routing
2026-07-17 15:10:40.420618+00:00,zo-bengaluru,3,routing
2026-07-17 15:10:40.735222+00:00,br-koramangala,1,routing
2026-07-17 15:10:41.112141+00:00,br-whitefield,1,routing
2026-07-17 15:11:00+00:00,ho-chennai,0,routing
2026-07-17 15:11:00+00:00,zo-bengaluru,0,routing
2026-07-17 15:11:00+00:00,br-whitefield,0,routing
2026-07-17 15:11:00+00:00,br-koramangala,0,routing
2026-07-17 15:11:11.498739+00:00,ho-chennai,1,routing
2026-07-17 15:11:11.807247+00:00,zo-bengaluru,3,routing
2026-07-17 15:11:12.142154+00:00,br-koramangala,1,routing
2026-07-17 15:11:12.497778+00:00,br-whitefield,1,routing
2026-07-17 15:11:30+00:00,br-whitefield,0,routing
2026-07-17 15:11:30+00:00,br-koramangala,0,routing
2026-07-17 15:11:30+00:00,zo-bengaluru,0,routing
2026-07-17 15:11:30+00:00,ho-chennai,0,routing
2026-07-17 15:11:42.897523+00:00,ho-chennai,1,routing
2026-07-17 15:11:43.227903+00:00,zo-bengaluru,3,routing
2026-07-17 15:11:43.564193+00:00,br-koramangala,1,routing
2026-07-17 15:11:43.901252+00:00,br-whitefield,1,routing
2026-07-17 15:12:00+00:00,ho-chennai,0,routing
2026-07-17 15:12:00+00:00,zo-bengaluru,0,routing
2026-07-17 15:12:00+00:00,br-koramangala,0,routing
2026-07-17 15:12:00+00:00,br-whitefield,0,routing
2026-07-17 15:12:30+00:00,br-koramangala,0,routing
2026-07-17 15:12:30+00:00,br-whitefield,0,routing
2026-07-17 15:12:30+00:00,ho-chennai,0,routing
2026-07-17 15:12:30+00:00,zo-bengaluru,0,routing
2026-07-17 15:13:00+00:00,ho-chennai,0,routing
2026-07-17 15:13:00+00:00,zo-bengaluru,0,routing
2026-07-17 15:13:00+00:00,br-whitefield,0,routing
2026-07-17 15:13:00+00:00,br-koramangala,0,routing
2026-07-17 15:13:30+00:00,br-whitefield,0,routing
2026-07-17 15:13:30+00:00,br-koramangala,0,routing
2026-07-17 15:13:30+00:00,zo-bengaluru,0,routing
2026-07-17 15:13:30+00:00,ho-chennai,0,routing
2026-07-17 15:14:00+00:00,zo-bengaluru,0,routing
2026-07-17 15:14:00+00:00,ho-chennai,0,routing
2026-07-17 15:14:00+00:00,br-koramangala,0,routing
2026-07-17 15:14:00+00:00,br-whitefield,0,routing
2026-07-17 15:14:30+00:00,br-koramangala,0,routing
2026-07-17 15:14:30+00:00,br-whitefield,0,routing
2026-07-17 15:14:30+00:00,ho-chennai,0,routing
2026-07-17 15:14:30+00:00,zo-bengaluru,0,routing
2026-07-17 15:15:00+00:00,ho-chennai,0,routing
2026-07-17 15:15:00+00:00,zo-bengaluru,0,routing
2026-07-17 15:15:00+00:00,br-whitefield,0,routing
2026-07-17 15:15:00+00:00,br-koramangala,0,routing
2026-07-17 15:15:06.676462+00:00,ho-chennai,1,routing
2026-07-17 15:15:06.934703+00:00,zo-bengaluru,3,routing
2026-07-17 15:15:07.211304+00:00,br-koramangala,1,routing
2026-07-17 15:15:07.474201+00:00,br-whitefield,1,routing
2026-07-17 15:15:30+00:00,ho-chennai,0,routing
2026-07-17 15:15:30+00:00,zo-bengaluru,0,routing
2026-07-17 15:15:30+00:00,br-whitefield,0,routing
2026-07-17 15:15:30+00:00,br-koramangala,0,routing
2026-07-17 15:15:37.807039+00:00,ho-chennai,1,routing
2026-07-17 15:15:38.077487+00:00,zo-bengaluru,3,routing
2026-07-17 15:15:38.357662+00:00,br-koramangala,1,routing
2026-07-17 15:15:38.616289+00:00,br-whitefield,1,routing
2026-07-17 15:16:00+00:00,br-whitefield,0,routing
2026-07-17 15:16:00+00:00,br-koramangala,0,routing
2026-07-17 15:16:00+00:00,zo-bengaluru,0,routing
2026-07-17 15:16:00+00:00,ho-chennai,0,routing
2026-07-17 15:16:08.945676+00:00,ho-chennai,1,routing
2026-07-17 15:16:09.240657+00:00,zo-bengaluru,3,routing
2026-07-17 15:16:09.523350+00:00,br-koramangala,1,routing
2026-07-17 15:16:09.805051+00:00,br-whitefield,1,routing
2026-07-17 15:16:30+00:00,ho-chennai,0,routing
2026-07-17 15:16:30+00:00,zo-bengaluru,0,routing
2026-07-17 15:16:30+00:00,br-koramangala,0,routing
2026-07-17 15:16:30+00:00,br-whitefield,0,routing
2026-07-17 15:16:40.095147+00:00,ho-chennai,1,routing
2026-07-17 15:16:40.372843+00:00,zo-bengaluru,3,routing
2026-07-17 15:16:40.651665+00:00,br-koramangala,1,routing
2026-07-17 15:16:40.904369+00:00,br-whitefield,1,routing
2026-07-17 15:17:00+00:00,br-koramangala,0,routing
2026-07-17 15:17:00+00:00,br-whitefield,0,routing
2026-07-17 15:17:00+00:00,zo-bengaluru,0,routing
2026-07-17 15:17:00+00:00,ho-chennai,0,routing
2026-07-17 15:17:11.229615+00:00,ho-chennai,1,routing
2026-07-17 15:17:11.496969+00:00,zo-bengaluru,3,routing
2026-07-17 15:17:11.782909+00:00,br-koramangala,1,routing
2026-07-17 15:17:12.048274+00:00,br-whitefield,1,routing
2026-07-17 15:17:30+00:00,ho-chennai,0,routing
2026-07-17 15:17:30+00:00,zo-bengaluru,0,routing
2026-07-17 15:17:30+00:00,br-whitefield,0,routing
2026-07-17 15:17:30+00:00,br-koramangala,0,routing
2026-07-17 15:17:42.371334+00:00,ho-chennai,1,routing
2026-07-17 15:17:42.619570+00:00,zo-bengaluru,3,routing
2026-07-17 15:17:42.884602+00:00,br-koramangala,1,routing
2026-07-17 15:17:43.154448+00:00,br-whitefield,1,routing
2026-07-17 15:18:00+00:00,br-whitefield,0,routing
2026-07-17 15:18:00+00:00,br-koramangala,0,routing
2026-07-17 15:18:00+00:00,zo-bengaluru,0,routing
2026-07-17 15:18:00+00:00,ho-chennai,0,routing
2026-07-17 15:18:13.485653+00:00,ho-chennai,1,routing
2026-07-17 15:18:13.745249+00:00,zo-bengaluru,3,routing
2026-07-17 15:18:14.015912+00:00,br-koramangala,1,routing
2026-07-17 15:18:14.304146+00:00,br-whitefield,1,routing
2026-07-17 15:18:30+00:00,ho-chennai,0,routing
2026-07-17 15:18:30+00:00,zo-bengaluru,0,routing
2026-07-17 15:18:30+00:00,br-koramangala,0,routing
2026-07-17 15:18:30+00:00,br-whitefield,0,routing
2026-07-17 15:18:44.614776+00:00,ho-chennai,1,routing
2026-07-17 15:18:44.882529+00:00,zo-bengaluru,3,routing
2026-07-17 15:18:45.166813+00:00,br-koramangala,1,routing
2026-07-17 15:18:45.439319+00:00,br-whitefield,1,routing
2026-07-17 15:19:00+00:00,br-koramangala,0,routing
2026-07-17 15:19:00+00:00,br-whitefield,0,routing
2026-07-17 15:19:00+00:00,zo-bengaluru,0,routing
2026-07-17 15:19:00+00:00,ho-chennai,0,routing
2026-07-17 15:19:15.783245+00:00,ho-chennai,1,routing
2026-07-17 15:19:16.050970+00:00,zo-bengaluru,3,routing
2026-07-17 15:19:16.321594+00:00,br-koramangala,1,routing
2026-07-17 15:19:16.608424+00:00,br-whitefield,1,routing
2026-07-17 15:19:30+00:00,ho-chennai,0,routing
2026-07-17 15:19:30+00:00,zo-bengaluru,0,routing
2026-07-17 15:19:30+00:00,br-whitefield,0,routing
2026-07-17 15:19:30+00:00,br-koramangala,0,routing
2026-07-17 15:19:46.988788+00:00,ho-chennai,1,routing
2026-07-17 15:19:47.340455+00:00,zo-bengaluru,3,routing
2026-07-17 15:19:47.691537+00:00,br-koramangala,1,routing
2026-07-17 15:19:48.022965+00:00,br-whitefield,1,routing
2026-07-17 15:20:00+00:00,br-whitefield,0,routing
2026-07-17 15:20:00+00:00,ho-chennai,0,routing
2026-07-17 15:20:00+00:00,zo-bengaluru,0,routing
2026-07-17 15:20:00+00:00,br-koramangala,0,routing
2026-07-17 15:20:30+00:00,zo-bengaluru,0,routing
2026-07-17 15:20:30+00:00,br-koramangala,0,routing
2026-07-17 15:20:30+00:00,br-whitefield,0,routing
2026-07-17 15:20:30+00:00,ho-chennai,0,routing
2026-07-17 15:21:00+00:00,br-whitefield,0,routing
2026-07-17 15:21:00+00:00,ho-chennai,0,routing
2026-07-17 15:21:00+00:00,zo-bengaluru,0,routing
2026-07-17 15:21:00+00:00,br-koramangala,0,routing
2026-07-17 15:21:30+00:00,zo-bengaluru,0,routing
2026-07-17 15:21:30+00:00,br-koramangala,0,routing
2026-07-17 15:21:30+00:00,br-whitefield,0,routing
2026-07-17 15:21:30+00:00,ho-chennai,0,routing
2026-07-17 15:22:00+00:00,br-whitefield,0,routing
2026-07-17 15:22:00+00:00,ho-chennai,0,routing
2026-07-17 15:22:00+00:00,zo-bengaluru,0,routing
2026-07-17 15:22:00+00:00,br-koramangala,0,routing
2026-07-17 15:22:30+00:00,zo-bengaluru,0,routing
2026-07-17 15:22:30+00:00,br-koramangala,0,routing
2026-07-17 15:22:30+00:00,br-whitefield,0,routing
2026-07-17 15:22:30+00:00,ho-chennai,0,routing
2026-07-17 15:23:00+00:00,br-whitefield,0,routing
2026-07-17 15:23:00+00:00,ho-chennai,0,routing
2026-07-17 15:23:00+00:00,zo-bengaluru,0,routing
2026-07-17 15:23:00+00:00,br-koramangala,0,routing
2026-07-17 15:23:30+00:00,zo-bengaluru,0,routing
2026-07-17 15:23:30+00:00,br-koramangala,0,routing
2026-07-17 15:23:30+00:00,br-whitefield,0,routing
2026-07-17 15:23:30+00:00,ho-chennai,0,routing
2026-07-17 15:24:00+00:00,br-whitefield,0,routing
2026-07-17 15:24:00+00:00,ho-chennai,0,routing
2026-07-17 15:24:00+00:00,zo-bengaluru,0,routing
2026-07-17 15:24:00+00:00,br-koramangala,0,routing
2026-07-17 15:24:30+00:00,zo-bengaluru,0,routing
2026-07-17 15:24:30+00:00,br-koramangala,0,routing
2026-07-17 15:24:30+00:00,br-whitefield,0,routing
2026-07-17 15:24:30+00:00,ho-chennai,0,routing
2026-07-17 15:25:00+00:00,br-whitefield,0,routing
2026-07-17 15:25:00+00:00,ho-chennai,0,routing
2026-07-17 15:25:00+00:00,zo-bengaluru,0,routing
2026-07-17 15:25:00+00:00,br-koramangala,0,routing
2026-07-17 15:25:30+00:00,zo-bengaluru,0,routing
2026-07-17 15:25:30+00:00,br-koramangala,0,routing
2026-07-17 15:25:30+00:00,br-whitefield,0,routing
2026-07-17 15:25:30+00:00,ho-chennai,0,routing
2026-07-17 15:26:00+00:00,br-whitefield,0,routing
2026-07-17 15:26:00+00:00,ho-chennai,0,routing
2026-07-17 15:26:00+00:00,zo-bengaluru,0,routing
2026-07-17 15:26:00+00:00,br-koramangala,0,routing
2026-07-17 15:26:30+00:00,zo-bengaluru,0,routing
2026-07-17 15:26:30+00:00,br-koramangala,0,routing
2026-07-17 15:26:30+00:00,br-whitefield,0,routing
2026-07-17 15:26:30+00:00,ho-chennai,0,routing
2026-07-17 15:27:00+00:00,br-whitefield,0,routing
2026-07-17 15:27:00+00:00,ho-chennai,0,routing
2026-07-17 15:27:00+00:00,zo-bengaluru,0,routing
2026-07-17 15:27:00+00:00,br-koramangala,0,routing
2026-07-17 15:27:30+00:00,zo-bengaluru,0,routing
2026-07-17 15:27:30+00:00,br-koramangala,0,routing
2026-07-17 15:27:30+00:00,br-whitefield,0,routing
2026-07-17 15:27:30+00:00,ho-chennai,0,routing
2026-07-17 15:28:00+00:00,br-whitefield,0,routing
2026-07-17 15:28:00+00:00,ho-chennai,0,routing
2026-07-17 15:28:00+00:00,zo-bengaluru,0,routing
2026-07-17 15:28:00+00:00,br-koramangala,0,routing
2026-07-17 15:28:30+00:00,zo-bengaluru,0,routing
2026-07-17 15:28:30+00:00,br-koramangala,0,routing
2026-07-17 15:28:30+00:00,br-whitefield,0,routing
2026-07-17 15:28:30+00:00,ho-chennai,0,routing
2026-07-17 15:29:00+00:00,br-whitefield,0,routing
2026-07-17 15:29:00+00:00,ho-chennai,0,routing
2026-07-17 15:29:00+00:00,zo-bengaluru,0,routing
2026-07-17 15:29:00+00:00,br-koramangala,0,routing
2026-07-17 15:29:30+00:00,zo-bengaluru,0,routing
2026-07-17 15:29:30+00:00,br-koramangala,0,routing
2026-07-17 15:29:30+00:00,br-whitefield,0,routing
2026-07-17 15:29:30+00:00,ho-chennai,0,routing
2026-07-17 15:30:00+00:00,br-whitefield,0,routing
2026-07-17 15:30:00+00:00,ho-chennai,0,routing
2026-07-17 15:30:00+00:00,zo-bengaluru,0,routing
2026-07-17 15:30:00+00:00,br-koramangala,0,routing
2026-07-17 15:30:30+00:00,zo-bengaluru,0,routing
2026-07-17 15:30:30+00:00,br-koramangala,0,routing
2026-07-17 15:30:30+00:00,br-whitefield,0,routing
2026-07-17 15:30:30+00:00,ho-chennai,0,routing
2026-07-17 15:31:00+00:00,br-whitefield,0,routing
2026-07-17 15:31:00+00:00,ho-chennai,0,routing
2026-07-17 15:31:00+00:00,zo-bengaluru,0,routing
2026-07-17 15:31:00+00:00,br-koramangala,0,routing
2026-07-17 15:31:30+00:00,zo-bengaluru,0,routing
2026-07-17 15:31:30+00:00,br-koramangala,0,routing
2026-07-17 15:31:30+00:00,br-whitefield,0,routing
2026-07-17 15:31:30+00:00,ho-chennai,0,routing
2026-07-17 15:32:00+00:00,br-whitefield,0,routing
2026-07-17 15:32:00+00:00,ho-chennai,0,routing
2026-07-17 15:32:00+00:00,zo-bengaluru,0,routing
2026-07-17 15:32:00+00:00,br-koramangala,0,routing
2026-07-17 15:32:30+00:00,zo-bengaluru,0,routing
2026-07-17 15:32:30+00:00,br-koramangala,0,routing
2026-07-17 15:32:30+00:00,br-whitefield,0,routing
2026-07-17 15:32:30+00:00,ho-chennai,0,routing
2026-07-17 15:33:00+00:00,br-whitefield,0,routing
2026-07-17 15:33:00+00:00,ho-chennai,0,routing
2026-07-17 15:33:00+00:00,zo-bengaluru,0,routing
2026-07-17 15:33:00+00:00,br-koramangala,0,routing
2026-07-17 15:33:30+00:00,zo-bengaluru,0,routing
2026-07-17 15:33:30+00:00,br-koramangala,0,routing
2026-07-17 15:33:30+00:00,br-whitefield,0,routing
2026-07-17 15:33:30+00:00,ho-chennai,0,routing
2026-07-17 15:34:00+00:00,br-whitefield,0,routing
2026-07-17 15:34:00+00:00,ho-chennai,0,routing
2026-07-17 15:34:00+00:00,zo-bengaluru,0,routing
2026-07-17 15:34:00+00:00,br-koramangala,0,routing
2026-07-17 15:34:30+00:00,zo-bengaluru,0,routing
2026-07-17 15:34:30+00:00,br-koramangala,0,routing
2026-07-17 15:34:30+00:00,br-whitefield,0,routing
2026-07-17 15:34:30+00:00,ho-chennai,0,routing
2026-07-17 15:35:00+00:00,br-whitefield,0,routing
2026-07-17 15:35:00+00:00,ho-chennai,0,routing
2026-07-17 15:35:00+00:00,zo-bengaluru,0,routing
2026-07-17 15:35:00+00:00,br-koramangala,0,routing
2026-07-17 15:35:30+00:00,zo-bengaluru,0,routing
2026-07-17 15:35:30+00:00,br-koramangala,0,routing
2026-07-17 15:35:30+00:00,br-whitefield,0,routing
2026-07-17 15:35:30+00:00,ho-chennai,0,routing
2026-07-17 15:36:00+00:00,br-whitefield,0,routing
2026-07-17 15:36:00+00:00,ho-chennai,0,routing
2026-07-17 15:36:00+00:00,zo-bengaluru,0,routing
2026-07-17 15:36:00+00:00,br-koramangala,0,routing
2026-07-17 15:36:30+00:00,zo-bengaluru,0,routing
2026-07-17 15:36:30+00:00,br-koramangala,0,routing
2026-07-17 15:36:30+00:00,br-whitefield,0,routing
2026-07-17 15:36:30+00:00,ho-chennai,0,routing
2026-07-17 15:37:00+00:00,br-whitefield,0,routing
2026-07-17 15:37:00+00:00,ho-chennai,0,routing
2026-07-17 15:37:00+00:00,zo-bengaluru,0,routing
2026-07-17 15:37:00+00:00,br-koramangala,0,routing
2026-07-17 15:37:30+00:00,zo-bengaluru,0,routing
2026-07-17 15:37:30+00:00,br-koramangala,0,routing
2026-07-17 15:37:30+00:00,br-whitefield,0,routing
2026-07-17 15:37:30+00:00,ho-chennai,0,routing
2026-07-17 15:38:00+00:00,br-whitefield,0,routing
2026-07-17 15:38:00+00:00,ho-chennai,0,routing
2026-07-17 15:38:00+00:00,zo-bengaluru,0,routing
2026-07-17 15:38:00+00:00,br-koramangala,0,routing
2026-07-17 15:38:30+00:00,zo-bengaluru,0,routing
2026-07-17 15:38:30+00:00,br-koramangala,0,routing
2026-07-17 15:38:30+00:00,br-whitefield,0,routing
2026-07-17 15:38:30+00:00,ho-chennai,0,routing
2026-07-17 15:39:00+00:00,br-whitefield,0,routing
2026-07-17 15:39:00+00:00,ho-chennai,0,routing
2026-07-17 15:39:00+00:00,zo-bengaluru,0,routing
2026-07-17 15:39:00+00:00,br-koramangala,0,routing
2026-07-17 15:39:30+00:00,zo-bengaluru,0,routing
2026-07-17 15:39:30+00:00,br-koramangala,0,routing
2026-07-17 15:39:30+00:00,br-whitefield,0,routing
2026-07-17 15:39:30+00:00,ho-chennai,0,routing
2026-07-17 15:40:00+00:00,br-whitefield,0,routing
2026-07-17 15:40:00+00:00,ho-chennai,0,routing
2026-07-17 15:40:00+00:00,zo-bengaluru,0,routing
2026-07-17 15:40:00+00:00,br-koramangala,0,routing
2026-07-17 15:40:30+00:00,zo-bengaluru,0,routing
2026-07-17 15:40:30+00:00,br-koramangala,0,routing
2026-07-17 15:40:30+00:00,br-whitefield,0,routing
2026-07-17 15:40:30+00:00,ho-chennai,0,routing
2026-07-17 15:41:00+00:00,br-whitefield,0,routing
2026-07-17 15:41:00+00:00,ho-chennai,0,routing
2026-07-17 15:41:00+00:00,zo-bengaluru,0,routing
2026-07-17 15:41:00+00:00,br-koramangala,0,routing
2026-07-17 15:41:30+00:00,zo-bengaluru,0,routing
2026-07-17 15:41:30+00:00,br-koramangala,0,routing
2026-07-17 15:41:30+00:00,br-whitefield,0,routing
2026-07-17 15:41:30+00:00,ho-chennai,0,routing
2026-07-17 15:42:00+00:00,br-whitefield,0,routing
2026-07-17 15:42:00+00:00,ho-chennai,0,routing
2026-07-17 15:42:00+00:00,zo-bengaluru,0,routing
2026-07-17 15:42:00+00:00,br-koramangala,0,routing
2026-07-17 15:42:30+00:00,zo-bengaluru,0,routing
2026-07-17 15:42:30+00:00,br-koramangala,0,routing
2026-07-17 15:42:30+00:00,br-whitefield,0,routing
2026-07-17 15:42:30+00:00,ho-chennai,0,routing
2026-07-17 15:43:00+00:00,br-whitefield,0,routing
2026-07-17 15:43:00+00:00,ho-chennai,0,routing
2026-07-17 15:43:00+00:00,zo-bengaluru,0,routing
2026-07-17 15:43:00+00:00,br-koramangala,0,routing
2026-07-17 15:43:30+00:00,zo-bengaluru,0,routing
2026-07-17 15:43:30+00:00,br-koramangala,0,routing
2026-07-17 15:43:30+00:00,br-whitefield,0,routing
2026-07-17 15:43:30+00:00,ho-chennai,0,routing
2026-07-17 15:44:00+00:00,br-whitefield,0,routing
2026-07-17 15:44:00+00:00,ho-chennai,0,routing
2026-07-17 15:44:00+00:00,zo-bengaluru,0,routing
2026-07-17 15:44:00+00:00,br-koramangala,0,routing
2026-07-17 15:44:30+00:00,zo-bengaluru,0,routing
2026-07-17 15:44:30+00:00,br-koramangala,0,routing
2026-07-17 15:44:30+00:00,br-whitefield,0,routing
2026-07-17 15:44:30+00:00,ho-chennai,0,routing
2026-07-17 15:45:00+00:00,br-whitefield,0,routing
2026-07-17 15:45:00+00:00,ho-chennai,0,routing
2026-07-17 15:45:00+00:00,zo-bengaluru,0,routing
2026-07-17 15:45:00+00:00,br-koramangala,0,routing
2026-07-17 15:45:30+00:00,zo-bengaluru,0,routing
2026-07-17 15:45:30+00:00,br-koramangala,0,routing
2026-07-17 15:45:30+00:00,br-whitefield,0,routing
2026-07-17 15:45:30+00:00,ho-chennai,0,routing
2026-07-17 15:46:00+00:00,br-whitefield,0,routing
2026-07-17 15:46:00+00:00,ho-chennai,0,routing
2026-07-17 15:46:00+00:00,zo-bengaluru,0,routing
2026-07-17 15:46:00+00:00,br-koramangala,0,routing
2026-07-17 15:46:30+00:00,zo-bengaluru,0,routing
2026-07-17 15:46:30+00:00,br-koramangala,0,routing
2026-07-17 15:46:30+00:00,br-whitefield,0,routing
2026-07-17 15:46:30+00:00,ho-chennai,0,routing
2026-07-17 15:47:00+00:00,br-whitefield,0,routing
2026-07-17 15:47:00+00:00,ho-chennai,0,routing
2026-07-17 15:47:00+00:00,zo-bengaluru,0,routing
2026-07-17 15:47:00+00:00,br-koramangala,0,routing
2026-07-17 15:47:30+00:00,zo-bengaluru,0,routing
2026-07-17 15:47:30+00:00,br-koramangala,0,routing
2026-07-17 15:47:30+00:00,br-whitefield,0,routing
2026-07-17 15:47:30+00:00,ho-chennai,0,routing
2026-07-17 15:48:00+00:00,br-whitefield,0,routing
2026-07-17 15:48:00+00:00,ho-chennai,0,routing
2026-07-17 15:48:00+00:00,zo-bengaluru,0,routing
2026-07-17 15:48:00+00:00,br-koramangala,0,routing
2026-07-17 15:48:30+00:00,zo-bengaluru,0,routing
2026-07-17 15:48:30+00:00,br-koramangala,0,routing
2026-07-17 15:48:30+00:00,br-whitefield,0,routing
2026-07-17 15:48:30+00:00,ho-chennai,0,routing
2026-07-17 15:49:00+00:00,br-whitefield,0,routing
2026-07-17 15:49:00+00:00,ho-chennai,0,routing
2026-07-17 15:49:00+00:00,zo-bengaluru,0,routing
2026-07-17 15:49:00+00:00,br-koramangala,0,routing
2026-07-17 15:49:30+00:00,zo-bengaluru,0,routing
2026-07-17 15:49:30+00:00,br-koramangala,0,routing
2026-07-17 15:49:30+00:00,br-whitefield,0,routing
2026-07-17 15:49:30+00:00,ho-chennai,0,routing
2026-07-17 15:50:00+00:00,br-whitefield,0,routing
2026-07-17 15:50:00+00:00,ho-chennai,0,routing
2026-07-17 15:50:00+00:00,zo-bengaluru,0,routing
2026-07-17 15:50:00+00:00,br-koramangala,0,routing
2026-07-17 15:50:30+00:00,zo-bengaluru,0,routing
2026-07-17 15:50:30+00:00,br-koramangala,0,routing
2026-07-17 15:50:30+00:00,br-whitefield,0,routing
2026-07-17 15:50:30+00:00,ho-chennai,0,routing
2026-07-17 15:51:00+00:00,br-whitefield,0,routing
2026-07-17 15:51:00+00:00,ho-chennai,0,routing
2026-07-17 15:51:00+00:00,zo-bengaluru,0,routing
2026-07-17 15:51:00+00:00,br-koramangala,0,routing
2026-07-17 15:51:30+00:00,zo-bengaluru,0,routing
2026-07-17 15:51:30+00:00,br-koramangala,0,routing
2026-07-17 15:51:30+00:00,br-whitefield,0,routing
2026-07-17 15:51:30+00:00,ho-chennai,0,routing
2026-07-17 15:52:00+00:00,br-whitefield,0,routing
2026-07-17 15:52:00+00:00,ho-chennai,0,routing
2026-07-17 15:52:00+00:00,zo-bengaluru,0,routing
2026-07-17 15:52:00+00:00,br-koramangala,0,routing
2026-07-17 15:52:30+00:00,zo-bengaluru,0,routing
2026-07-17 15:52:30+00:00,br-koramangala,0,routing
2026-07-17 15:52:30+00:00,br-whitefield,0,routing
2026-07-17 15:52:30+00:00,ho-chennai,0,routing
2026-07-17 15:53:00+00:00,br-whitefield,0,routing
2026-07-17 15:53:00+00:00,ho-chennai,0,routing
2026-07-17 15:53:00+00:00,zo-bengaluru,0,routing
2026-07-17 15:53:00+00:00,br-koramangala,0,routing
2026-07-17 15:53:30+00:00,zo-bengaluru,0,routing
2026-07-17 15:53:30+00:00,br-koramangala,0,routing
2026-07-17 15:53:30+00:00,br-whitefield,0,routing
2026-07-17 15:53:30+00:00,ho-chennai,0,routing
2026-07-17 15:54:00+00:00,br-whitefield,0,routing
2026-07-17 15:54:00+00:00,ho-chennai,0,routing
2026-07-17 15:54:00+00:00,zo-bengaluru,0,routing
2026-07-17 15:54:00+00:00,br-koramangala,0,routing
2026-07-17 15:54:30+00:00,zo-bengaluru,0,routing
2026-07-17 15:54:30+00:00,br-koramangala,0,routing
2026-07-17 15:54:30+00:00,br-whitefield,0,routing
2026-07-17 15:54:30+00:00,ho-chennai,0,routing
2026-07-17 15:55:00+00:00,br-whitefield,0,routing
2026-07-17 15:55:00+00:00,ho-chennai,0,routing
2026-07-17 15:55:00+00:00,zo-bengaluru,0,routing
2026-07-17 15:55:00+00:00,br-koramangala,0,routing
2026-07-17 15:55:30+00:00,zo-bengaluru,0,routing
2026-07-17 15:55:30+00:00,br-koramangala,0,routing
2026-07-17 15:55:30+00:00,br-whitefield,0,routing
2026-07-17 15:55:30+00:00,ho-chennai,0,routing
2026-07-17 15:56:00+00:00,br-whitefield,0,routing
2026-07-17 15:56:00+00:00,ho-chennai,0,routing
2026-07-17 15:56:00+00:00,zo-bengaluru,0,routing
2026-07-17 15:56:00+00:00,br-koramangala,0,routing
2026-07-17 15:56:30+00:00,zo-bengaluru,0,routing
2026-07-17 15:56:30+00:00,br-koramangala,0,routing
2026-07-17 15:56:30+00:00,br-whitefield,0,routing
2026-07-17 15:56:30+00:00,ho-chennai,0,routing
2026-07-17 15:57:00+00:00,br-whitefield,0,routing
2026-07-17 15:57:00+00:00,ho-chennai,0,routing
2026-07-17 15:57:00+00:00,zo-bengaluru,0,routing
2026-07-17 15:57:00+00:00,br-koramangala,0,routing
2026-07-17 15:57:30+00:00,zo-bengaluru,0,routing
2026-07-17 15:57:30+00:00,br-koramangala,0,routing
2026-07-17 15:57:30+00:00,br-whitefield,0,routing
2026-07-17 15:57:30+00:00,ho-chennai,0,routing
2026-07-17 15:58:00+00:00,br-whitefield,0,routing
2026-07-17 15:58:00+00:00,ho-chennai,0,routing
2026-07-17 15:58:00+00:00,zo-bengaluru,0,routing
2026-07-17 15:58:00+00:00,br-koramangala,0,routing
2026-07-17 15:58:30+00:00,zo-bengaluru,0,routing
2026-07-17 15:58:30+00:00,br-koramangala,0,routing
2026-07-17 15:58:30+00:00,br-whitefield,0,routing
2026-07-17 15:58:30+00:00,ho-chennai,0,routing
2026-07-17 15:59:00+00:00,br-whitefield,0,routing
2026-07-17 15:59:00+00:00,ho-chennai,0,routing
2026-07-17 15:59:00+00:00,zo-bengaluru,0,routing
2026-07-17 15:59:00+00:00,br-koramangala,0,routing
2026-07-17 15:59:30+00:00,zo-bengaluru,0,routing
2026-07-17 15:59:30+00:00,br-koramangala,0,routing
2026-07-17 15:59:30+00:00,br-whitefield,0,routing
2026-07-17 15:59:30+00:00,ho-chennai,0,routing
2026-07-17 16:00:00+00:00,br-whitefield,0,routing
2026-07-17 16:00:00+00:00,ho-chennai,0,routing
2026-07-17 16:00:00+00:00,zo-bengaluru,0,routing
2026-07-17 16:00:00+00:00,br-koramangala,0,routing
2026-07-17 16:00:30+00:00,zo-bengaluru,0,routing
2026-07-17 16:00:30+00:00,br-koramangala,0,routing
2026-07-17 16:00:30+00:00,br-whitefield,0,routing
2026-07-17 16:00:30+00:00,ho-chennai,0,routing
2026-07-17 16:01:00+00:00,br-whitefield,0,routing
2026-07-17 16:01:00+00:00,ho-chennai,0,routing
2026-07-17 16:01:00+00:00,zo-bengaluru,0,routing
2026-07-17 16:01:00+00:00,br-koramangala,0,routing
2026-07-17 16:01:30+00:00,zo-bengaluru,0,routing
2026-07-17 16:01:30+00:00,br-koramangala,0,routing
2026-07-17 16:01:30+00:00,br-whitefield,0,routing
2026-07-17 16:01:30+00:00,ho-chennai,0,routing
2026-07-17 16:02:00+00:00,br-whitefield,0,routing
2026-07-17 16:02:00+00:00,ho-chennai,0,routing
2026-07-17 16:02:00+00:00,zo-bengaluru,0,routing
2026-07-17 16:02:00+00:00,br-koramangala,0,routing
2026-07-17 16:02:30+00:00,zo-bengaluru,0,routing
2026-07-17 16:02:30+00:00,br-koramangala,0,routing
2026-07-17 16:02:30+00:00,br-whitefield,0,routing
2026-07-17 16:02:30+00:00,ho-chennai,0,routing
2026-07-17 16:03:00+00:00,br-whitefield,0,routing
2026-07-17 16:03:00+00:00,ho-chennai,0,routing
2026-07-17 16:03:00+00:00,zo-bengaluru,0,routing
2026-07-17 16:03:00+00:00,br-koramangala,0,routing
2026-07-17 16:03:30+00:00,zo-bengaluru,0,routing
2026-07-17 16:03:30+00:00,br-koramangala,0,routing
2026-07-17 16:03:30+00:00,br-whitefield,0,routing
2026-07-17 16:03:30+00:00,ho-chennai,0,routing
2026-07-17 16:04:00+00:00,br-whitefield,0,routing
2026-07-17 16:04:00+00:00,ho-chennai,0,routing
2026-07-17 16:04:00+00:00,zo-bengaluru,0,routing
2026-07-17 16:04:00+00:00,br-koramangala,0,routing
2026-07-17 16:04:30+00:00,zo-bengaluru,0,routing
2026-07-17 16:04:30+00:00,br-koramangala,0,routing
2026-07-17 16:04:30+00:00,br-whitefield,0,routing
2026-07-17 16:04:30+00:00,ho-chennai,0,routing
2026-07-17 16:05:00+00:00,br-whitefield,0,routing
2026-07-17 16:05:00+00:00,ho-chennai,0,routing
2026-07-17 16:05:00+00:00,zo-bengaluru,0,routing
2026-07-17 16:05:00+00:00,br-koramangala,0,routing
2026-07-17 16:05:30+00:00,zo-bengaluru,0,routing
2026-07-17 16:05:30+00:00,br-koramangala,0,routing
2026-07-17 16:05:30+00:00,br-whitefield,0,routing
2026-07-17 16:05:30+00:00,ho-chennai,0,routing
2026-07-17 16:06:00+00:00,br-whitefield,0,routing
2026-07-17 16:06:00+00:00,ho-chennai,0,routing
2026-07-17 16:06:00+00:00,zo-bengaluru,0,routing
2026-07-17 16:06:00+00:00,br-koramangala,0,routing
2026-07-17 16:06:30+00:00,zo-bengaluru,0,routing
2026-07-17 16:06:30+00:00,br-koramangala,0,routing
2026-07-17 16:06:30+00:00,br-whitefield,0,routing
2026-07-17 16:06:30+00:00,ho-chennai,0,routing
2026-07-17 16:07:00+00:00,br-whitefield,0,routing
2026-07-17 16:07:00+00:00,ho-chennai,0,routing
2026-07-17 16:07:00+00:00,zo-bengaluru,0,routing
2026-07-17 16:07:00+00:00,br-koramangala,0,routing
2026-07-17 16:07:30+00:00,zo-bengaluru,0,routing
2026-07-17 16:07:30+00:00,br-koramangala,0,routing
2026-07-17 16:07:30+00:00,br-whitefield,0,routing
2026-07-17 16:07:30+00:00,ho-chennai,0,routing
2026-07-17 16:08:00+00:00,br-whitefield,0,routing
2026-07-17 16:08:00+00:00,ho-chennai,0,routing
2026-07-17 16:08:00+00:00,zo-bengaluru,0,routing
2026-07-17 16:08:00+00:00,br-koramangala,0,routing
2026-07-17 16:08:30+00:00,zo-bengaluru,0,routing
2026-07-17 16:08:30+00:00,br-koramangala,0,routing
2026-07-17 16:08:30+00:00,br-whitefield,0,routing
2026-07-17 16:08:30+00:00,ho-chennai,0,routing
2026-07-17 16:09:00+00:00,br-whitefield,0,routing
2026-07-17 16:09:00+00:00,ho-chennai,0,routing
2026-07-17 16:09:00+00:00,zo-bengaluru,0,routing
2026-07-17 16:09:00+00:00,br-koramangala,0,routing
2026-07-17 16:09:30+00:00,zo-bengaluru,0,routing
2026-07-17 16:09:30+00:00,br-koramangala,0,routing
2026-07-17 16:09:30+00:00,br-whitefield,0,routing
2026-07-17 16:09:30+00:00,ho-chennai,0,routing
2026-07-17 16:10:00+00:00,br-whitefield,0,routing
2026-07-17 16:10:00+00:00,ho-chennai,0,routing
2026-07-17 16:10:00+00:00,zo-bengaluru,0,routing
2026-07-17 16:10:00+00:00,br-koramangala,0,routing
2026-07-17 16:10:30+00:00,zo-bengaluru,0,routing
2026-07-17 16:10:30+00:00,br-koramangala,0,routing
2026-07-17 16:10:30+00:00,br-whitefield,0,routing
2026-07-17 16:10:30+00:00,ho-chennai,0,routing
2026-07-17 16:11:00+00:00,br-whitefield,0,routing
2026-07-17 16:11:00+00:00,ho-chennai,0,routing
2026-07-17 16:11:00+00:00,zo-bengaluru,0,routing
2026-07-17 16:11:00+00:00,br-koramangala,0,routing
2026-07-17 16:11:30+00:00,zo-bengaluru,0,routing
2026-07-17 16:11:30+00:00,br-koramangala,0,routing
2026-07-17 16:11:30+00:00,br-whitefield,0,routing
2026-07-17 16:11:30+00:00,ho-chennai,0,routing
2026-07-17 16:12:00+00:00,br-whitefield,0,routing
2026-07-17 16:12:00+00:00,ho-chennai,0,routing
2026-07-17 16:12:00+00:00,zo-bengaluru,0,routing
2026-07-17 16:12:00+00:00,br-koramangala,0,routing
2026-07-17 16:12:30+00:00,zo-bengaluru,0,routing
2026-07-17 16:12:30+00:00,br-koramangala,0,routing
2026-07-17 16:12:30+00:00,br-whitefield,0,routing
2026-07-17 16:12:30+00:00,ho-chennai,0,routing
2026-07-17 16:13:00+00:00,br-whitefield,0,routing
2026-07-17 16:13:00+00:00,ho-chennai,0,routing
2026-07-17 16:13:00+00:00,zo-bengaluru,0,routing
2026-07-17 16:13:00+00:00,br-koramangala,0,routing
2026-07-17 16:13:30+00:00,zo-bengaluru,0,routing
2026-07-17 16:13:30+00:00,br-koramangala,0,routing
2026-07-17 16:13:30+00:00,br-whitefield,0,routing
2026-07-17 16:13:30+00:00,ho-chennai,0,routing
2026-07-17 16:14:00+00:00,br-whitefield,0,routing
2026-07-17 16:14:00+00:00,ho-chennai,0,routing
2026-07-17 16:14:00+00:00,zo-bengaluru,0,routing
2026-07-17 16:14:00+00:00,br-koramangala,0,routing
2026-07-17 16:14:30+00:00,zo-bengaluru,0,routing
2026-07-17 16:14:30+00:00,br-koramangala,0,routing
2026-07-17 16:14:30+00:00,br-whitefield,0,routing
2026-07-17 16:14:30+00:00,ho-chennai,0,routing
2026-07-17 16:15:00+00:00,br-whitefield,0,routing
2026-07-17 16:15:00+00:00,ho-chennai,0,routing
2026-07-17 16:15:00+00:00,zo-bengaluru,0,routing
2026-07-17 16:15:00+00:00,br-koramangala,0,routing
2026-07-17 16:15:30+00:00,zo-bengaluru,0,routing
2026-07-17 16:15:30+00:00,br-koramangala,0,routing
2026-07-17 16:15:30+00:00,br-whitefield,0,routing
2026-07-17 16:15:30+00:00,ho-chennai,0,routing
2026-07-17 16:16:00+00:00,br-whitefield,0,routing
2026-07-17 16:16:00+00:00,ho-chennai,0,routing
2026-07-17 16:16:00+00:00,zo-bengaluru,0,routing
2026-07-17 16:16:00+00:00,br-koramangala,0,routing
2026-07-17 16:16:30+00:00,zo-bengaluru,0,routing
2026-07-17 16:16:30+00:00,br-koramangala,0,routing
2026-07-17 16:16:30+00:00,br-whitefield,0,routing
2026-07-17 16:16:30+00:00,ho-chennai,0,routing
2026-07-17 16:17:00+00:00,br-whitefield,0,routing
2026-07-17 16:17:00+00:00,ho-chennai,0,routing
2026-07-17 16:17:00+00:00,zo-bengaluru,0,routing
2026-07-17 16:17:00+00:00,br-koramangala,0,routing
2026-07-17 16:17:30+00:00,zo-bengaluru,0,routing
2026-07-17 16:17:30+00:00,br-koramangala,0,routing
2026-07-17 16:17:30+00:00,br-whitefield,0,routing
2026-07-17 16:17:30+00:00,ho-chennai,0,routing
2026-07-17 16:18:00+00:00,br-whitefield,0,routing
2026-07-17 16:18:00+00:00,ho-chennai,0,routing
2026-07-17 16:18:00+00:00,zo-bengaluru,0,routing
2026-07-17 16:18:00+00:00,br-koramangala,0,routing
2026-07-17 16:18:30+00:00,zo-bengaluru,0,routing
2026-07-17 16:18:30+00:00,br-koramangala,0,routing
2026-07-17 16:18:30+00:00,br-whitefield,0,routing
2026-07-17 16:18:30+00:00,ho-chennai,0,routing
2026-07-17 16:19:00+00:00,br-whitefield,0,routing
2026-07-17 16:19:00+00:00,ho-chennai,0,routing
2026-07-17 16:19:00+00:00,zo-bengaluru,0,routing
2026-07-17 16:19:00+00:00,br-koramangala,0,routing
2026-07-17 16:19:30+00:00,zo-bengaluru,0,routing
2026-07-17 16:19:30+00:00,br-koramangala,0,routing
2026-07-17 16:19:30+00:00,br-whitefield,0,routing
2026-07-17 16:19:30+00:00,ho-chennai,0,routing
2026-07-17 16:20:00+00:00,br-whitefield,0,routing
2026-07-17 16:20:00+00:00,ho-chennai,0,routing
2026-07-17 16:20:00+00:00,zo-bengaluru,0,routing
2026-07-17 16:20:00+00:00,br-koramangala,0,routing
2026-07-17 16:20:30+00:00,zo-bengaluru,0,routing
2026-07-17 16:20:30+00:00,br-koramangala,0,routing
2026-07-17 16:20:30+00:00,br-whitefield,0,routing
2026-07-17 16:20:30+00:00,ho-chennai,0,routing
2026-07-17 16:21:00+00:00,br-whitefield,0,routing
2026-07-17 16:21:00+00:00,ho-chennai,0,routing
2026-07-17 16:21:00+00:00,zo-bengaluru,0,routing
2026-07-17 16:21:00+00:00,br-koramangala,0,routing
2026-07-17 16:21:30+00:00,zo-bengaluru,0,routing
2026-07-17 16:21:30+00:00,br-koramangala,0,routing
2026-07-17 16:21:30+00:00,br-whitefield,0,routing
2026-07-17 16:21:30+00:00,ho-chennai,0,routing
2026-07-17 16:22:00+00:00,br-whitefield,0,routing
2026-07-17 16:22:00+00:00,ho-chennai,0,routing
2026-07-17 16:22:00+00:00,zo-bengaluru,0,routing
2026-07-17 16:22:00+00:00,br-koramangala,0,routing
2026-07-17 16:22:30+00:00,zo-bengaluru,0,routing
2026-07-17 16:22:30+00:00,br-koramangala,0,routing
2026-07-17 16:22:30+00:00,br-whitefield,0,routing
2026-07-17 16:22:30+00:00,ho-chennai,0,routing
2026-07-17 16:23:00+00:00,br-whitefield,0,routing
2026-07-17 16:23:00+00:00,ho-chennai,0,routing
2026-07-17 16:23:00+00:00,zo-bengaluru,0,routing
2026-07-17 16:23:00+00:00,br-koramangala,0,routing
2026-07-17 16:23:30+00:00,zo-bengaluru,0,routing
2026-07-17 16:23:30+00:00,br-koramangala,0,routing
2026-07-17 16:23:30+00:00,br-whitefield,0,routing
2026-07-17 16:23:30+00:00,ho-chennai,0,routing
2026-07-17 16:24:00+00:00,br-whitefield,0,routing
2026-07-17 16:24:00+00:00,ho-chennai,0,routing
2026-07-17 16:24:00+00:00,zo-bengaluru,0,routing
2026-07-17 16:24:00+00:00,br-koramangala,0,routing
2026-07-17 16:24:30+00:00,zo-bengaluru,0,routing
2026-07-17 16:24:30+00:00,br-koramangala,0,routing
2026-07-17 16:24:30+00:00,br-whitefield,0,routing
2026-07-17 16:24:30+00:00,ho-chennai,0,routing
2026-07-17 16:25:00+00:00,br-whitefield,0,routing
2026-07-17 16:25:00+00:00,ho-chennai,0,routing
2026-07-17 16:25:00+00:00,zo-bengaluru,0,routing
2026-07-17 16:25:00+00:00,br-koramangala,0,routing
2026-07-17 16:25:30+00:00,zo-bengaluru,0,routing
2026-07-17 16:25:30+00:00,br-koramangala,0,routing
2026-07-17 16:25:30+00:00,br-whitefield,0,routing
2026-07-17 16:25:30+00:00,ho-chennai,0,routing
2026-07-17 16:26:00+00:00,br-whitefield,0,routing
2026-07-17 16:26:00+00:00,ho-chennai,0,routing
2026-07-17 16:26:00+00:00,zo-bengaluru,0,routing
2026-07-17 16:26:00+00:00,br-koramangala,0,routing
2026-07-17 16:26:30+00:00,zo-bengaluru,0,routing
2026-07-17 16:26:30+00:00,br-koramangala,0,routing
2026-07-17 16:26:30+00:00,br-whitefield,0,routing
2026-07-17 16:26:30+00:00,ho-chennai,0,routing
2026-07-17 16:27:00+00:00,br-whitefield,0,routing
2026-07-17 16:27:00+00:00,ho-chennai,0,routing
2026-07-17 16:27:00+00:00,zo-bengaluru,0,routing
2026-07-17 16:27:00+00:00,br-koramangala,0,routing
2026-07-17 16:27:30+00:00,zo-bengaluru,0,routing
2026-07-17 16:27:30+00:00,br-koramangala,0,routing
2026-07-17 16:27:30+00:00,br-whitefield,0,routing
2026-07-17 16:27:30+00:00,ho-chennai,0,routing
2026-07-17 16:28:00+00:00,br-whitefield,0,routing
2026-07-17 16:28:00+00:00,ho-chennai,0,routing
2026-07-17 16:28:00+00:00,zo-bengaluru,0,routing
2026-07-17 16:28:00+00:00,br-koramangala,0,routing
2026-07-17 16:28:30+00:00,zo-bengaluru,0,routing
2026-07-17 16:28:30+00:00,br-koramangala,0,routing
2026-07-17 16:28:30+00:00,br-whitefield,0,routing
2026-07-17 16:28:30+00:00,ho-chennai,0,routing
2026-07-17 16:29:00+00:00,br-whitefield,0,routing
2026-07-17 16:29:00+00:00,ho-chennai,0,routing
2026-07-17 16:29:00+00:00,zo-bengaluru,0,routing
2026-07-17 16:29:00+00:00,br-koramangala,0,routing
2026-07-17 16:29:30+00:00,zo-bengaluru,0,routing
2026-07-17 16:29:30+00:00,br-koramangala,0,routing
2026-07-17 16:29:30+00:00,br-whitefield,0,routing
2026-07-17 16:29:30+00:00,ho-chennai,0,routing
2026-07-17 16:30:00+00:00,br-whitefield,0,routing
2026-07-17 16:30:00+00:00,ho-chennai,0,routing
2026-07-17 16:30:00+00:00,zo-bengaluru,0,routing
2026-07-17 16:30:00+00:00,br-koramangala,0,routing
2026-07-17 16:30:30+00:00,zo-bengaluru,0,routing
2026-07-17 16:30:30+00:00,br-koramangala,0,routing
2026-07-17 16:30:30+00:00,br-whitefield,0,routing
2026-07-17 16:30:30+00:00,ho-chennai,0,routing
2026-07-17 16:31:00+00:00,br-whitefield,0,routing
2026-07-17 16:31:00+00:00,ho-chennai,0,routing
2026-07-17 16:31:00+00:00,zo-bengaluru,0,routing
2026-07-17 16:31:00+00:00,br-koramangala,0,routing
2026-07-17 16:31:30+00:00,zo-bengaluru,0,routing
2026-07-17 16:31:30+00:00,br-koramangala,0,routing
2026-07-17 16:31:30+00:00,br-whitefield,0,routing
2026-07-17 16:31:30+00:00,ho-chennai,0,routing
2026-07-17 16:32:00+00:00,br-whitefield,0,routing
2026-07-17 16:32:00+00:00,ho-chennai,0,routing
2026-07-17 16:32:00+00:00,zo-bengaluru,0,routing
2026-07-17 16:32:00+00:00,br-koramangala,0,routing
2026-07-17 16:32:30+00:00,zo-bengaluru,0,routing
2026-07-17 16:32:30+00:00,br-koramangala,0,routing
2026-07-17 16:32:30+00:00,br-whitefield,0,routing
2026-07-17 16:32:30+00:00,ho-chennai,0,routing
2026-07-17 16:33:00+00:00,br-whitefield,0,routing
2026-07-17 16:33:00+00:00,ho-chennai,0,routing
2026-07-17 16:33:00+00:00,zo-bengaluru,0,routing
2026-07-17 16:33:00+00:00,br-koramangala,0,routing
2026-07-17 16:33:30+00:00,zo-bengaluru,0,routing
2026-07-17 16:33:30+00:00,br-koramangala,0,routing
2026-07-17 16:33:30+00:00,br-whitefield,0,routing
2026-07-17 16:33:30+00:00,ho-chennai,0,routing
2026-07-17 16:34:00+00:00,br-whitefield,0,routing
2026-07-17 16:34:00+00:00,ho-chennai,0,routing
2026-07-17 16:34:00+00:00,zo-bengaluru,0,routing
2026-07-17 16:34:00+00:00,br-koramangala,0,routing
2026-07-17 16:34:30+00:00,zo-bengaluru,0,routing
2026-07-17 16:34:30+00:00,br-koramangala,0,routing
2026-07-17 16:34:30+00:00,br-whitefield,0,routing
2026-07-17 16:34:30+00:00,ho-chennai,0,routing
2026-07-17 16:35:00+00:00,br-whitefield,0,routing
2026-07-17 16:35:00+00:00,ho-chennai,0,routing
2026-07-17 16:35:00+00:00,zo-bengaluru,0,routing
2026-07-17 16:35:00+00:00,br-koramangala,0,routing
2026-07-17 16:35:30+00:00,zo-bengaluru,0,routing
2026-07-17 16:35:30+00:00,br-koramangala,0,routing
2026-07-17 16:35:30+00:00,br-whitefield,0,routing
2026-07-17 16:35:30+00:00,ho-chennai,0,routing
2026-07-17 16:36:00+00:00,br-whitefield,0,routing
2026-07-17 16:36:00+00:00,ho-chennai,0,routing
2026-07-17 16:36:00+00:00,zo-bengaluru,0,routing
2026-07-17 16:36:00+00:00,br-koramangala,0,routing
2026-07-17 16:36:30+00:00,zo-bengaluru,0,routing
2026-07-17 16:36:30+00:00,br-koramangala,0,routing
2026-07-17 16:36:30+00:00,br-whitefield,0,routing
2026-07-17 16:36:30+00:00,ho-chennai,0,routing
2026-07-17 16:37:00+00:00,br-whitefield,0,routing
2026-07-17 16:37:00+00:00,ho-chennai,0,routing
2026-07-17 16:37:00+00:00,zo-bengaluru,0,routing
2026-07-17 16:37:00+00:00,br-koramangala,0,routing
2026-07-17 16:37:30+00:00,zo-bengaluru,0,routing
2026-07-17 16:37:30+00:00,br-koramangala,0,routing
2026-07-17 16:37:30+00:00,br-whitefield,0,routing
2026-07-17 16:37:30+00:00,ho-chennai,0,routing
2026-07-17 16:38:00+00:00,br-whitefield,0,routing
2026-07-17 16:38:00+00:00,ho-chennai,0,routing
2026-07-17 16:38:00+00:00,zo-bengaluru,0,routing
2026-07-17 16:38:00+00:00,br-koramangala,0,routing
2026-07-17 16:38:30+00:00,zo-bengaluru,0,routing
2026-07-17 16:38:30+00:00,br-koramangala,0,routing
2026-07-17 16:38:30+00:00,br-whitefield,0,routing
2026-07-17 16:38:30+00:00,ho-chennai,0,routing
2026-07-17 16:39:00+00:00,br-whitefield,0,routing
2026-07-17 16:39:00+00:00,ho-chennai,0,routing
2026-07-17 16:39:00+00:00,zo-bengaluru,0,routing
2026-07-17 16:39:00+00:00,br-koramangala,0,routing
2026-07-17 16:39:30+00:00,zo-bengaluru,0,routing
2026-07-17 16:39:30+00:00,br-koramangala,0,routing
2026-07-17 16:39:30+00:00,br-whitefield,0,routing
2026-07-17 16:39:30+00:00,ho-chennai,0,routing
2026-07-17 16:40:00+00:00,br-whitefield,0,routing
2026-07-17 16:40:00+00:00,ho-chennai,0,routing
2026-07-17 16:40:00+00:00,zo-bengaluru,0,routing
2026-07-17 16:40:00+00:00,br-koramangala,0,routing
2026-07-17 16:40:30+00:00,zo-bengaluru,0,routing
2026-07-17 16:40:30+00:00,br-koramangala,0,routing
2026-07-17 16:40:30+00:00,br-whitefield,0,routing
2026-07-17 16:40:30+00:00,ho-chennai,0,routing
2026-07-17 16:41:00+00:00,br-whitefield,0,routing
2026-07-17 16:41:00+00:00,ho-chennai,0,routing
2026-07-17 16:41:00+00:00,zo-bengaluru,0,routing
2026-07-17 16:41:00+00:00,br-koramangala,0,routing
2026-07-17 16:41:30+00:00,zo-bengaluru,0,routing
2026-07-17 16:41:30+00:00,br-koramangala,0,routing
2026-07-17 16:41:30+00:00,br-whitefield,0,routing
2026-07-17 16:41:30+00:00,ho-chennai,0,routing
2026-07-17 16:42:00+00:00,br-whitefield,0,routing
2026-07-17 16:42:00+00:00,ho-chennai,0,routing
2026-07-17 16:42:00+00:00,zo-bengaluru,0,routing
2026-07-17 16:42:00+00:00,br-koramangala,0,routing
2026-07-17 16:42:30+00:00,zo-bengaluru,0,routing
2026-07-17 16:42:30+00:00,br-koramangala,0,routing
2026-07-17 16:42:30+00:00,br-whitefield,0,routing
2026-07-17 16:42:30+00:00,ho-chennai,0,routing
2026-07-17 16:43:00+00:00,br-whitefield,0,routing
2026-07-17 16:43:00+00:00,ho-chennai,0,routing
2026-07-17 16:43:00+00:00,zo-bengaluru,0,routing
2026-07-17 16:43:00+00:00,br-koramangala,0,routing
2026-07-17 16:43:30+00:00,zo-bengaluru,0,routing
2026-07-17 16:43:30+00:00,br-koramangala,0,routing
2026-07-17 16:43:30+00:00,br-whitefield,0,routing
2026-07-17 16:43:30+00:00,ho-chennai,0,routing
2026-07-17 16:44:00+00:00,br-whitefield,0,routing
2026-07-17 16:44:00+00:00,ho-chennai,0,routing
2026-07-17 16:44:00+00:00,zo-bengaluru,0,routing
2026-07-17 16:44:00+00:00,br-koramangala,0,routing
2026-07-17 16:44:30+00:00,zo-bengaluru,0,routing
2026-07-17 16:44:30+00:00,br-koramangala,0,routing
2026-07-17 16:44:30+00:00,br-whitefield,0,routing
2026-07-17 16:44:30+00:00,ho-chennai,0,routing
2026-07-17 16:45:00+00:00,br-whitefield,0,routing
2026-07-17 16:45:00+00:00,ho-chennai,0,routing
2026-07-17 16:45:00+00:00,zo-bengaluru,0,routing
2026-07-17 16:45:00+00:00,br-koramangala,0,routing
2026-07-17 16:45:30+00:00,zo-bengaluru,0,routing
2026-07-17 16:45:30+00:00,br-koramangala,0,routing
2026-07-17 16:45:30+00:00,br-whitefield,0,routing
2026-07-17 16:45:30+00:00,ho-chennai,0,routing
2026-07-17 16:46:00+00:00,br-whitefield,0,routing
2026-07-17 16:46:00+00:00,ho-chennai,0,routing
2026-07-17 16:46:00+00:00,zo-bengaluru,0,routing
2026-07-17 16:46:00+00:00,br-koramangala,0,routing
2026-07-17 16:46:30+00:00,zo-bengaluru,0,routing
2026-07-17 16:46:30+00:00,br-koramangala,0,routing
2026-07-17 16:46:30+00:00,br-whitefield,0,routing
2026-07-17 16:46:30+00:00,ho-chennai,0,routing
2026-07-17 16:47:00+00:00,br-whitefield,0,routing
2026-07-17 16:47:00+00:00,ho-chennai,0,routing
2026-07-17 16:47:00+00:00,zo-bengaluru,0,routing
2026-07-17 16:47:00+00:00,br-koramangala,0,routing
2026-07-17 16:47:30+00:00,zo-bengaluru,0,routing
2026-07-17 16:47:30+00:00,br-koramangala,0,routing
2026-07-17 16:47:30+00:00,br-whitefield,0,routing
2026-07-17 16:47:30+00:00,ho-chennai,0,routing
2026-07-17 16:48:00+00:00,br-whitefield,0,routing
2026-07-17 16:48:00+00:00,ho-chennai,0,routing
2026-07-17 16:48:00+00:00,zo-bengaluru,0,routing
2026-07-17 16:48:00+00:00,br-koramangala,0,routing
2026-07-17 16:48:30+00:00,zo-bengaluru,0,routing
2026-07-17 16:48:30+00:00,br-koramangala,0,routing
2026-07-17 16:48:30+00:00,br-whitefield,0,routing
2026-07-17 16:48:30+00:00,ho-chennai,0,routing
2026-07-17 16:49:00+00:00,br-whitefield,0,routing
2026-07-17 16:49:00+00:00,ho-chennai,0,routing
2026-07-17 16:49:00+00:00,zo-bengaluru,0,routing
2026-07-17 16:49:00+00:00,br-koramangala,0,routing
2026-07-17 16:49:30+00:00,zo-bengaluru,0,routing
2026-07-17 16:49:30+00:00,br-koramangala,0,routing
2026-07-17 16:49:30+00:00,br-whitefield,0,routing
2026-07-17 16:49:30+00:00,ho-chennai,0,routing
2026-07-17 16:50:00+00:00,br-whitefield,0,routing
2026-07-17 16:50:00+00:00,ho-chennai,0,routing
2026-07-17 16:50:00+00:00,zo-bengaluru,0,routing
2026-07-17 16:50:00+00:00,br-koramangala,0,routing
2026-07-17 16:50:30+00:00,zo-bengaluru,0,routing
2026-07-17 16:50:30+00:00,br-koramangala,0,routing
2026-07-17 16:50:30+00:00,br-whitefield,0,routing
2026-07-17 16:50:30+00:00,ho-chennai,0,routing
2026-07-17 16:51:00+00:00,br-whitefield,0,routing
2026-07-17 16:51:00+00:00,ho-chennai,0,routing
2026-07-17 16:51:00+00:00,zo-bengaluru,0,routing
2026-07-17 16:51:00+00:00,br-koramangala,0,routing
2026-07-17 16:51:30+00:00,zo-bengaluru,0,routing
2026-07-17 16:51:30+00:00,br-koramangala,0,routing
2026-07-17 16:51:30+00:00,br-whitefield,0,routing
2026-07-17 16:51:30+00:00,ho-chennai,0,routing
2026-07-17 16:52:00+00:00,br-whitefield,0,routing
2026-07-17 16:52:00+00:00,ho-chennai,0,routing
2026-07-17 16:52:00+00:00,zo-bengaluru,0,routing
2026-07-17 16:52:00+00:00,br-koramangala,0,routing
2026-07-17 16:52:30+00:00,zo-bengaluru,0,routing
2026-07-17 16:52:30+00:00,br-koramangala,0,routing
2026-07-17 16:52:30+00:00,br-whitefield,0,routing
2026-07-17 16:52:30+00:00,ho-chennai,0,routing
2026-07-17 16:53:00+00:00,br-whitefield,0,routing
2026-07-17 16:53:00+00:00,ho-chennai,0,routing
2026-07-17 16:53:00+00:00,zo-bengaluru,0,routing
2026-07-17 16:53:00+00:00,br-koramangala,0,routing
2026-07-17 16:53:30+00:00,zo-bengaluru,0,routing
2026-07-17 16:53:30+00:00,br-koramangala,0,routing
2026-07-17 16:53:30+00:00,br-whitefield,0,routing
2026-07-17 16:53:30+00:00,ho-chennai,0,routing
2026-07-17 16:54:00+00:00,br-whitefield,0,routing
2026-07-17 16:54:00+00:00,ho-chennai,0,routing
2026-07-17 16:54:00+00:00,zo-bengaluru,0,routing
2026-07-17 16:54:00+00:00,br-koramangala,0,routing
2026-07-17 16:54:30+00:00,zo-bengaluru,0,routing
2026-07-17 16:54:30+00:00,br-koramangala,0,routing
2026-07-17 16:54:30+00:00,br-whitefield,0,routing
2026-07-17 16:54:30+00:00,ho-chennai,0,routing
2026-07-17 16:55:00+00:00,br-whitefield,0,routing
2026-07-17 16:55:00+00:00,ho-chennai,0,routing
2026-07-17 16:55:00+00:00,zo-bengaluru,0,routing
2026-07-17 16:55:00+00:00,br-koramangala,0,routing
2026-07-17 16:55:30+00:00,zo-bengaluru,0,routing
2026-07-17 16:55:30+00:00,br-koramangala,0,routing
2026-07-17 16:55:30+00:00,br-whitefield,0,routing
2026-07-17 16:55:30+00:00,ho-chennai,0,routing
2026-07-17 16:56:00+00:00,br-whitefield,0,routing
2026-07-17 16:56:00+00:00,ho-chennai,0,routing
2026-07-17 16:56:00+00:00,zo-bengaluru,0,routing
2026-07-17 16:56:00+00:00,br-koramangala,0,routing
2026-07-17 16:56:30+00:00,zo-bengaluru,0,routing
2026-07-17 16:56:30+00:00,br-koramangala,0,routing
2026-07-17 16:56:30+00:00,br-whitefield,0,routing
2026-07-17 16:56:30+00:00,ho-chennai,0,routing
2026-07-17 16:57:00+00:00,br-whitefield,0,routing
2026-07-17 16:57:00+00:00,ho-chennai,0,routing
2026-07-17 16:57:00+00:00,zo-bengaluru,0,routing
2026-07-17 16:57:00+00:00,br-koramangala,0,routing
2026-07-17 16:57:30+00:00,zo-bengaluru,0,routing
2026-07-17 16:57:30+00:00,br-koramangala,0,routing
2026-07-17 16:57:30+00:00,br-whitefield,0,routing
2026-07-17 16:57:30+00:00,ho-chennai,0,routing
2026-07-17 16:58:00+00:00,br-whitefield,0,routing
2026-07-17 16:58:00+00:00,ho-chennai,0,routing
2026-07-17 16:58:00+00:00,zo-bengaluru,0,routing
2026-07-17 16:58:00+00:00,br-koramangala,0,routing
2026-07-17 16:58:30+00:00,zo-bengaluru,0,routing
2026-07-17 16:58:30+00:00,br-koramangala,0,routing
2026-07-17 16:58:30+00:00,br-whitefield,0,routing
2026-07-17 16:58:30+00:00,ho-chennai,0,routing
2026-07-17 16:59:00+00:00,br-whitefield,0,routing
2026-07-17 16:59:00+00:00,ho-chennai,0,routing
2026-07-17 16:59:00+00:00,zo-bengaluru,0,routing
2026-07-17 16:59:00+00:00,br-koramangala,0,routing
2026-07-17 16:59:30+00:00,zo-bengaluru,0,routing
2026-07-17 16:59:30+00:00,br-koramangala,0,routing
2026-07-17 16:59:30+00:00,br-whitefield,0,routing
2026-07-17 16:59:30+00:00,ho-chennai,0,routing
2026-07-17 17:00:00+00:00,br-whitefield,0,routing
2026-07-17 17:00:00+00:00,ho-chennai,0,routing
2026-07-17 17:00:00+00:00,zo-bengaluru,0,routing
2026-07-17 17:00:00+00:00,br-koramangala,0,routing
2026-07-17 17:00:30+00:00,zo-bengaluru,0,routing
2026-07-17 17:00:30+00:00,br-koramangala,0,routing
2026-07-17 17:00:30+00:00,br-whitefield,0,routing
2026-07-17 17:00:30+00:00,ho-chennai,0,routing
2026-07-17 17:01:00+00:00,br-whitefield,0,routing
2026-07-17 17:01:00+00:00,ho-chennai,0,routing
2026-07-17 17:01:00+00:00,zo-bengaluru,0,routing
2026-07-17 17:01:00+00:00,br-koramangala,0,routing
2026-07-17 17:01:30+00:00,zo-bengaluru,0,routing
2026-07-17 17:01:30+00:00,br-koramangala,0,routing
2026-07-17 17:01:30+00:00,br-whitefield,0,routing
2026-07-17 17:01:30+00:00,ho-chennai,0,routing
2026-07-17 17:02:00+00:00,br-whitefield,0,routing
2026-07-17 17:02:00+00:00,ho-chennai,0,routing
2026-07-17 17:02:00+00:00,zo-bengaluru,0,routing
2026-07-17 17:02:00+00:00,br-koramangala,0,routing
2026-07-17 17:02:30+00:00,zo-bengaluru,0,routing
2026-07-17 17:02:30+00:00,br-koramangala,0,routing
2026-07-17 17:02:30+00:00,br-whitefield,0,routing
2026-07-17 17:02:30+00:00,ho-chennai,0,routing
2026-07-17 17:03:00+00:00,br-whitefield,0,routing
2026-07-17 17:03:00+00:00,ho-chennai,0,routing
2026-07-17 17:03:00+00:00,zo-bengaluru,0,routing
2026-07-17 17:03:00+00:00,br-koramangala,0,routing
2026-07-17 17:03:30+00:00,zo-bengaluru,0,routing
2026-07-17 17:03:30+00:00,br-koramangala,0,routing
2026-07-17 17:03:30+00:00,br-whitefield,0,routing
2026-07-17 17:03:30+00:00,ho-chennai,0,routing
2026-07-17 17:04:00+00:00,br-whitefield,0,routing
2026-07-17 17:04:00+00:00,ho-chennai,0,routing
2026-07-17 17:04:00+00:00,zo-bengaluru,0,routing
2026-07-17 17:04:00+00:00,br-koramangala,0,routing
2026-07-17 17:04:30+00:00,zo-bengaluru,0,routing
2026-07-17 17:04:30+00:00,br-koramangala,0,routing
2026-07-17 17:04:30+00:00,br-whitefield,0,routing
2026-07-17 17:04:30+00:00,ho-chennai,0,routing
2026-07-17 17:05:00+00:00,br-whitefield,0,routing
2026-07-17 17:05:00+00:00,ho-chennai,0,routing
2026-07-17 17:05:00+00:00,zo-bengaluru,0,routing
2026-07-17 17:05:00+00:00,br-koramangala,0,routing
2026-07-17 17:05:30+00:00,zo-bengaluru,0,routing
2026-07-17 17:05:30+00:00,br-koramangala,0,routing
2026-07-17 17:05:30+00:00,br-whitefield,0,routing
2026-07-17 17:05:30+00:00,ho-chennai,0,routing
2026-07-17 17:06:00+00:00,br-whitefield,0,routing
2026-07-17 17:06:00+00:00,ho-chennai,0,routing
2026-07-17 17:06:00+00:00,zo-bengaluru,0,routing
2026-07-17 17:06:00+00:00,br-koramangala,0,routing
2026-07-17 17:06:30+00:00,zo-bengaluru,0,routing
2026-07-17 17:06:30+00:00,br-koramangala,0,routing
2026-07-17 17:06:30+00:00,br-whitefield,0,routing
2026-07-17 17:06:30+00:00,ho-chennai,0,routing
2026-07-17 17:07:00+00:00,br-whitefield,0,routing
2026-07-17 17:07:00+00:00,ho-chennai,0,routing
2026-07-17 17:07:00+00:00,zo-bengaluru,0,routing
2026-07-17 17:07:00+00:00,br-koramangala,0,routing
2026-07-17 17:07:30+00:00,zo-bengaluru,0,routing
2026-07-17 17:07:30+00:00,br-koramangala,0,routing
2026-07-17 17:07:30+00:00,br-whitefield,0,routing
2026-07-17 17:07:30+00:00,ho-chennai,0,routing
2026-07-17 17:08:00+00:00,br-whitefield,0,routing
2026-07-17 17:08:00+00:00,ho-chennai,0,routing
2026-07-17 17:08:00+00:00,zo-bengaluru,0,routing
2026-07-17 17:08:00+00:00,br-koramangala,0,routing
2026-07-17 17:08:30+00:00,zo-bengaluru,0,routing
2026-07-17 17:08:30+00:00,br-koramangala,0,routing
2026-07-17 17:08:30+00:00,br-whitefield,0,routing
2026-07-17 17:08:30+00:00,ho-chennai,0,routing
2026-07-17 17:09:00+00:00,br-whitefield,0,routing
2026-07-17 17:09:00+00:00,ho-chennai,0,routing
2026-07-17 17:09:00+00:00,zo-bengaluru,0,routing
2026-07-17 17:09:00+00:00,br-koramangala,0,routing
2026-07-17 17:09:30+00:00,zo-bengaluru,0,routing
2026-07-17 17:09:30+00:00,br-koramangala,0,routing
2026-07-17 17:09:30+00:00,br-whitefield,0,routing
2026-07-17 17:09:30+00:00,ho-chennai,0,routing
2026-07-17 17:10:00+00:00,br-whitefield,0,routing
2026-07-17 17:10:00+00:00,ho-chennai,0,routing
2026-07-17 17:10:00+00:00,zo-bengaluru,0,routing
2026-07-17 17:10:00+00:00,br-koramangala,0,routing
2026-07-17 17:10:30+00:00,zo-bengaluru,0,routing
2026-07-17 17:10:30+00:00,br-koramangala,0,routing
2026-07-17 17:10:30+00:00,br-whitefield,0,routing
2026-07-17 17:10:30+00:00,ho-chennai,0,routing
2026-07-17 17:11:00+00:00,br-whitefield,0,routing
2026-07-17 17:11:00+00:00,ho-chennai,0,routing
2026-07-17 17:11:00+00:00,zo-bengaluru,0,routing
2026-07-17 17:11:00+00:00,br-koramangala,0,routing
2026-07-17 17:11:33+00:00,zo-bengaluru,0,routing
2026-07-17 17:11:33+00:00,br-koramangala,0,routing
2026-07-17 17:11:33+00:00,br-whitefield,0,routing
2026-07-17 17:11:33+00:00,ho-chennai,0,routing
2026-07-17 17:12:00+00:00,br-whitefield,0,routing
2026-07-17 17:12:00+00:00,ho-chennai,0,routing
2026-07-17 17:12:00+00:00,zo-bengaluru,0,routing
2026-07-17 17:12:00+00:00,br-koramangala,0,routing
2026-07-17 17:12:30+00:00,zo-bengaluru,0,routing
2026-07-17 17:12:30+00:00,br-koramangala,0,routing
2026-07-17 17:12:30+00:00,br-whitefield,0,routing
2026-07-17 17:12:30+00:00,ho-chennai,0,routing
2026-07-17 17:13:00+00:00,br-whitefield,0,routing
2026-07-17 17:13:00+00:00,ho-chennai,0,routing
2026-07-17 17:13:00+00:00,zo-bengaluru,0,routing
2026-07-17 17:13:00+00:00,br-koramangala,0,routing
2026-07-17 17:13:30+00:00,zo-bengaluru,0,routing
2026-07-17 17:13:30+00:00,br-koramangala,0,routing
2026-07-17 17:13:30+00:00,br-whitefield,0,routing
2026-07-17 17:13:30+00:00,ho-chennai,0,routing
2026-07-17 17:14:00+00:00,br-whitefield,0,routing
2026-07-17 17:14:00+00:00,ho-chennai,0,routing
2026-07-17 17:14:00+00:00,zo-bengaluru,0,routing
2026-07-17 17:14:00+00:00,br-koramangala,0,routing
2026-07-17 17:14:30+00:00,zo-bengaluru,0,routing
2026-07-17 17:14:30+00:00,br-koramangala,0,routing
2026-07-17 17:14:30+00:00,br-whitefield,0,routing
2026-07-17 17:14:30+00:00,ho-chennai,0,routing
2026-07-17 17:15:00+00:00,br-whitefield,0,routing
2026-07-17 17:15:00+00:00,ho-chennai,0,routing
2026-07-17 17:15:00+00:00,zo-bengaluru,0,routing
2026-07-17 17:15:00+00:00,br-koramangala,0,routing
2026-07-17 17:15:30+00:00,zo-bengaluru,0,routing
2026-07-17 17:15:30+00:00,br-koramangala,0,routing
2026-07-17 17:15:30+00:00,br-whitefield,0,routing
2026-07-17 17:15:30+00:00,ho-chennai,0,routing
2026-07-17 17:16:00+00:00,br-whitefield,0,routing
2026-07-17 17:16:00+00:00,ho-chennai,0,routing
2026-07-17 17:16:00+00:00,zo-bengaluru,0,routing
2026-07-17 17:16:00+00:00,br-koramangala,0,routing
2026-07-17 17:16:30+00:00,zo-bengaluru,0,routing
2026-07-17 17:16:30+00:00,br-koramangala,0,routing
2026-07-17 17:16:30+00:00,br-whitefield,0,routing
2026-07-17 17:16:30+00:00,ho-chennai,0,routing
2026-07-17 17:17:00+00:00,br-whitefield,0,routing
2026-07-17 17:17:00+00:00,ho-chennai,0,routing
2026-07-17 17:17:00+00:00,zo-bengaluru,0,routing
2026-07-17 17:17:00+00:00,br-koramangala,0,routing
2026-07-17 17:17:30+00:00,zo-bengaluru,0,routing
2026-07-17 17:17:30+00:00,br-koramangala,0,routing
2026-07-17 17:17:30+00:00,br-whitefield,0,routing
2026-07-17 17:17:30+00:00,ho-chennai,0,routing
2026-07-17 17:18:00+00:00,br-whitefield,0,routing
2026-07-17 17:18:00+00:00,ho-chennai,0,routing
2026-07-17 17:18:00+00:00,zo-bengaluru,0,routing
2026-07-17 17:18:00+00:00,br-koramangala,0,routing
2026-07-17 17:18:30+00:00,zo-bengaluru,0,routing
2026-07-17 17:18:30+00:00,br-koramangala,0,routing
2026-07-17 17:18:30+00:00,br-whitefield,0,routing
2026-07-17 17:18:30+00:00,ho-chennai,0,routing
2026-07-17 17:19:00+00:00,br-whitefield,0,routing
2026-07-17 17:19:00+00:00,ho-chennai,0,routing
2026-07-17 17:19:00+00:00,zo-bengaluru,0,routing
2026-07-17 17:19:00+00:00,br-koramangala,0,routing
2026-07-17 17:19:30+00:00,zo-bengaluru,0,routing
2026-07-17 17:19:30+00:00,br-koramangala,0,routing
2026-07-17 17:19:30+00:00,br-whitefield,0,routing
2026-07-17 17:19:30+00:00,ho-chennai,0,routing
2026-07-17 17:20:00+00:00,br-whitefield,0,routing
2026-07-17 17:20:00+00:00,ho-chennai,0,routing
2026-07-17 17:20:00+00:00,zo-bengaluru,0,routing
2026-07-17 17:20:00+00:00,br-koramangala,0,routing
2026-07-17 17:20:30+00:00,zo-bengaluru,0,routing
2026-07-17 17:20:30+00:00,br-koramangala,0,routing
2026-07-17 17:20:30+00:00,br-whitefield,0,routing
2026-07-17 17:20:30+00:00,ho-chennai,0,routing
2026-07-17 17:21:00+00:00,br-whitefield,0,routing
2026-07-17 17:21:00+00:00,ho-chennai,0,routing
2026-07-17 17:21:00+00:00,zo-bengaluru,0,routing
2026-07-17 17:21:00+00:00,br-koramangala,0,routing
2026-07-17 17:21:30+00:00,zo-bengaluru,0,routing
2026-07-17 17:21:30+00:00,br-koramangala,0,routing
2026-07-17 17:21:30+00:00,br-whitefield,0,routing
2026-07-17 17:21:30+00:00,ho-chennai,0,routing
2026-07-17 17:22:00+00:00,br-whitefield,0,routing
2026-07-17 17:22:00+00:00,ho-chennai,0,routing
2026-07-17 17:22:00+00:00,zo-bengaluru,0,routing
2026-07-17 17:22:00+00:00,br-koramangala,0,routing
2026-07-17 17:22:30+00:00,zo-bengaluru,0,routing
2026-07-17 17:22:30+00:00,br-koramangala,0,routing
2026-07-17 17:22:30+00:00,br-whitefield,0,routing
2026-07-17 17:22:30+00:00,ho-chennai,0,routing
2026-07-17 17:23:00+00:00,br-whitefield,0,routing
2026-07-17 17:23:00+00:00,ho-chennai,0,routing
2026-07-17 17:23:00+00:00,zo-bengaluru,0,routing
2026-07-17 17:23:00+00:00,br-koramangala,0,routing
2026-07-17 17:23:30+00:00,zo-bengaluru,0,routing
2026-07-17 17:23:30+00:00,br-koramangala,0,routing
2026-07-17 17:23:30+00:00,br-whitefield,0,routing
2026-07-17 17:23:30+00:00,ho-chennai,0,routing
2026-07-17 17:24:00+00:00,br-whitefield,0,routing
2026-07-17 17:24:00+00:00,ho-chennai,0,routing
2026-07-17 17:24:00+00:00,zo-bengaluru,0,routing
2026-07-17 17:24:00+00:00,br-koramangala,0,routing
2026-07-17 17:24:30+00:00,zo-bengaluru,0,routing
2026-07-17 17:24:30+00:00,br-koramangala,0,routing
2026-07-17 17:24:30+00:00,br-whitefield,0,routing
2026-07-17 17:24:30+00:00,ho-chennai,0,routing
2026-07-17 17:25:00+00:00,br-whitefield,0,routing
2026-07-17 17:25:00+00:00,ho-chennai,0,routing
2026-07-17 17:25:00+00:00,zo-bengaluru,0,routing
2026-07-17 17:25:00+00:00,br-koramangala,0,routing
2026-07-17 17:25:30+00:00,zo-bengaluru,0,routing
2026-07-17 17:25:30+00:00,br-koramangala,0,routing
2026-07-17 17:25:30+00:00,br-whitefield,0,routing
2026-07-17 17:25:30+00:00,ho-chennai,0,routing
2026-07-17 17:26:00+00:00,br-whitefield,0,routing
2026-07-17 17:26:00+00:00,ho-chennai,0,routing
2026-07-17 17:26:00+00:00,zo-bengaluru,0,routing
2026-07-17 17:26:00+00:00,br-koramangala,0,routing
2026-07-17 17:26:30+00:00,zo-bengaluru,0,routing
2026-07-17 17:26:30+00:00,br-koramangala,0,routing
2026-07-17 17:26:30+00:00,br-whitefield,0,routing
2026-07-17 17:26:30+00:00,ho-chennai,0,routing
2026-07-17 17:27:00+00:00,br-whitefield,0,routing
2026-07-17 17:27:00+00:00,ho-chennai,0,routing
2026-07-17 17:27:00+00:00,zo-bengaluru,0,routing
2026-07-17 17:27:00+00:00,br-koramangala,0,routing
2026-07-17 17:27:30+00:00,zo-bengaluru,0,routing
2026-07-17 17:27:30+00:00,br-koramangala,0,routing
2026-07-17 17:27:30+00:00,br-whitefield,0,routing
2026-07-17 17:27:30+00:00,ho-chennai,0,routing
2026-07-17 17:28:00+00:00,br-whitefield,0,routing
2026-07-17 17:28:00+00:00,ho-chennai,0,routing
2026-07-17 17:28:00+00:00,zo-bengaluru,0,routing
2026-07-17 17:28:00+00:00,br-koramangala,0,routing
2026-07-17 17:28:30+00:00,zo-bengaluru,0,routing
2026-07-17 17:28:30+00:00,br-koramangala,0,routing
2026-07-17 17:28:30+00:00,br-whitefield,0,routing
2026-07-17 17:28:30+00:00,ho-chennai,0,routing
2026-07-17 17:29:00+00:00,br-whitefield,0,routing
2026-07-17 17:29:00+00:00,ho-chennai,0,routing
2026-07-17 17:29:00+00:00,zo-bengaluru,0,routing
2026-07-17 17:29:00+00:00,br-koramangala,0,routing
2026-07-17 17:29:30+00:00,zo-bengaluru,0,routing
2026-07-17 17:29:30+00:00,br-koramangala,0,routing
2026-07-17 17:29:30+00:00,br-whitefield,0,routing
2026-07-17 17:29:30+00:00,ho-chennai,0,routing
2026-07-17 17:30:00+00:00,br-whitefield,0,routing
2026-07-17 17:30:00+00:00,ho-chennai,0,routing
2026-07-17 17:30:00+00:00,zo-bengaluru,0,routing
2026-07-17 17:30:00+00:00,br-koramangala,0,routing
2026-07-17 17:30:30+00:00,zo-bengaluru,0,routing
2026-07-17 17:30:30+00:00,br-koramangala,0,routing
2026-07-17 17:30:30+00:00,br-whitefield,0,routing
2026-07-17 17:30:30+00:00,ho-chennai,0,routing
2026-07-17 17:31:00+00:00,br-whitefield,0,routing
2026-07-17 17:31:00+00:00,ho-chennai,0,routing
2026-07-17 17:31:00+00:00,zo-bengaluru,0,routing
2026-07-17 17:31:00+00:00,br-koramangala,0,routing
2026-07-17 17:31:30+00:00,zo-bengaluru,0,routing
2026-07-17 17:31:30+00:00,br-koramangala,0,routing
2026-07-17 17:31:30+00:00,br-whitefield,0,routing
2026-07-17 17:31:30+00:00,ho-chennai,0,routing
2026-07-17 17:32:00+00:00,br-whitefield,0,routing
2026-07-17 17:32:00+00:00,ho-chennai,0,routing
2026-07-17 17:32:00+00:00,zo-bengaluru,0,routing
2026-07-17 17:32:00+00:00,br-koramangala,0,routing
2026-07-17 17:32:30+00:00,zo-bengaluru,0,routing
2026-07-17 17:32:30+00:00,br-koramangala,0,routing
2026-07-17 17:32:30+00:00,br-whitefield,0,routing
2026-07-17 17:32:30+00:00,ho-chennai,0,routing
2026-07-17 17:33:00+00:00,br-whitefield,0,routing
2026-07-17 17:33:00+00:00,ho-chennai,0,routing
2026-07-17 17:33:00+00:00,zo-bengaluru,0,routing
2026-07-17 17:33:00+00:00,br-koramangala,0,routing
2026-07-17 17:33:30+00:00,zo-bengaluru,0,routing
2026-07-17 17:33:30+00:00,br-koramangala,0,routing
2026-07-17 17:33:30+00:00,br-whitefield,0,routing
2026-07-17 17:33:30+00:00,ho-chennai,0,routing
2026-07-17 17:34:00+00:00,br-whitefield,0,routing
2026-07-17 17:34:00+00:00,ho-chennai,0,routing
2026-07-17 17:34:00+00:00,zo-bengaluru,0,routing
2026-07-17 17:34:00+00:00,br-koramangala,0,routing
2026-07-17 17:34:30+00:00,zo-bengaluru,0,routing
2026-07-17 17:34:30+00:00,br-koramangala,0,routing
2026-07-17 17:34:30+00:00,br-whitefield,0,routing
2026-07-17 17:34:30+00:00,ho-chennai,0,routing
2026-07-17 17:35:00+00:00,br-whitefield,0,routing
2026-07-17 17:35:00+00:00,ho-chennai,0,routing
2026-07-17 17:35:00+00:00,zo-bengaluru,0,routing
2026-07-17 17:35:00+00:00,br-koramangala,0,routing
2026-07-17 17:35:30+00:00,zo-bengaluru,0,routing
2026-07-17 17:35:30+00:00,br-koramangala,0,routing
2026-07-17 17:35:30+00:00,br-whitefield,0,routing
2026-07-17 17:35:30+00:00,ho-chennai,0,routing
2026-07-17 17:36:00+00:00,br-whitefield,0,routing
2026-07-17 17:36:00+00:00,ho-chennai,0,routing
2026-07-17 17:36:00+00:00,zo-bengaluru,0,routing
2026-07-17 17:36:00+00:00,br-koramangala,0,routing
2026-07-17 17:36:30+00:00,zo-bengaluru,0,routing
2026-07-17 17:36:30+00:00,br-koramangala,0,routing
2026-07-17 17:36:30+00:00,br-whitefield,0,routing
2026-07-17 17:36:30+00:00,ho-chennai,0,routing
2026-07-17 17:37:00+00:00,br-whitefield,0,routing
2026-07-17 17:37:00+00:00,ho-chennai,0,routing
2026-07-17 17:37:00+00:00,zo-bengaluru,0,routing
2026-07-17 17:37:00+00:00,br-koramangala,0,routing
2026-07-17 17:37:30+00:00,zo-bengaluru,0,routing
2026-07-17 17:37:30+00:00,br-koramangala,0,routing
2026-07-17 17:37:30+00:00,br-whitefield,0,routing
2026-07-17 17:37:30+00:00,ho-chennai,0,routing
2026-07-17 17:38:00+00:00,br-whitefield,0,routing
2026-07-17 17:38:00+00:00,ho-chennai,0,routing
2026-07-17 17:38:00+00:00,zo-bengaluru,0,routing
2026-07-17 17:38:00+00:00,br-koramangala,0,routing
2026-07-17 17:38:30+00:00,zo-bengaluru,0,routing
2026-07-17 17:38:30+00:00,br-koramangala,0,routing
2026-07-17 17:38:30+00:00,br-whitefield,0,routing
2026-07-17 17:38:30+00:00,ho-chennai,0,routing
2026-07-17 17:39:00+00:00,br-whitefield,0,routing
2026-07-17 17:39:00+00:00,ho-chennai,0,routing
2026-07-17 17:39:00+00:00,zo-bengaluru,0,routing
2026-07-17 17:39:00+00:00,br-koramangala,0,routing
2026-07-17 17:39:30+00:00,zo-bengaluru,0,routing
2026-07-17 17:39:30+00:00,br-koramangala,0,routing
2026-07-17 17:39:30+00:00,br-whitefield,0,routing
2026-07-17 17:39:30+00:00,ho-chennai,0,routing
2026-07-17 17:40:00+00:00,br-whitefield,0,routing
2026-07-17 17:40:00+00:00,ho-chennai,0,routing
2026-07-17 17:40:00+00:00,zo-bengaluru,0,routing
2026-07-17 17:40:00+00:00,br-koramangala,0,routing
2026-07-17 17:40:30+00:00,zo-bengaluru,0,routing
2026-07-17 17:40:30+00:00,br-koramangala,0,routing
2026-07-17 17:40:30+00:00,br-whitefield,0,routing
2026-07-17 17:40:30+00:00,ho-chennai,0,routing
2026-07-17 17:41:00+00:00,br-whitefield,0,routing
2026-07-17 17:41:00+00:00,ho-chennai,0,routing
2026-07-17 17:41:00+00:00,zo-bengaluru,0,routing
2026-07-17 17:41:00+00:00,br-koramangala,0,routing
2026-07-17 17:41:30+00:00,zo-bengaluru,0,routing
2026-07-17 17:41:30+00:00,br-koramangala,0,routing
2026-07-17 17:41:30+00:00,br-whitefield,0,routing
2026-07-17 17:41:30+00:00,ho-chennai,0,routing
2026-07-17 17:42:00+00:00,br-whitefield,0,routing
2026-07-17 17:42:00+00:00,ho-chennai,0,routing
2026-07-17 17:42:00+00:00,zo-bengaluru,0,routing
2026-07-17 17:42:00+00:00,br-koramangala,0,routing
2026-07-17 17:42:30+00:00,zo-bengaluru,0,routing
2026-07-17 17:42:30+00:00,br-koramangala,0,routing
2026-07-17 17:42:30+00:00,br-whitefield,0,routing
2026-07-17 17:42:30+00:00,ho-chennai,0,routing
2026-07-17 17:43:00+00:00,br-whitefield,0,routing
2026-07-17 17:43:00+00:00,ho-chennai,0,routing
2026-07-17 17:43:00+00:00,zo-bengaluru,0,routing
2026-07-17 17:43:00+00:00,br-koramangala,0,routing
2026-07-17 17:43:30+00:00,zo-bengaluru,0,routing
2026-07-17 17:43:30+00:00,br-koramangala,0,routing
2026-07-17 17:43:30+00:00,br-whitefield,0,routing
2026-07-17 17:43:30+00:00,ho-chennai,0,routing
2026-07-17 17:44:00+00:00,br-whitefield,0,routing
2026-07-17 17:44:00+00:00,ho-chennai,0,routing
2026-07-17 17:44:00+00:00,zo-bengaluru,0,routing
2026-07-17 17:44:00+00:00,br-koramangala,0,routing
2026-07-17 17:44:30+00:00,zo-bengaluru,0,routing
2026-07-17 17:44:30+00:00,br-koramangala,0,routing
2026-07-17 17:44:30+00:00,br-whitefield,0,routing
2026-07-17 17:44:30+00:00,ho-chennai,0,routing
2026-07-17 17:45:00+00:00,br-whitefield,0,routing
2026-07-17 17:45:00+00:00,ho-chennai,0,routing
2026-07-17 17:45:00+00:00,zo-bengaluru,0,routing
2026-07-17 17:45:00+00:00,br-koramangala,0,routing
2026-07-17 17:45:30+00:00,zo-bengaluru,0,routing
2026-07-17 17:45:30+00:00,br-koramangala,0,routing
2026-07-17 17:45:30+00:00,br-whitefield,0,routing
2026-07-17 17:45:30+00:00,ho-chennai,0,routing
2026-07-17 17:46:00+00:00,br-whitefield,0,routing
2026-07-17 17:46:00+00:00,ho-chennai,0,routing
2026-07-17 17:46:00+00:00,zo-bengaluru,0,routing
2026-07-17 17:46:00+00:00,br-koramangala,0,routing
2026-07-17 17:46:30+00:00,zo-bengaluru,0,routing
2026-07-17 17:46:30+00:00,br-koramangala,0,routing
2026-07-17 17:46:30+00:00,br-whitefield,0,routing
2026-07-17 17:46:30+00:00,ho-chennai,0,routing
2026-07-17 17:47:00+00:00,br-whitefield,0,routing
2026-07-17 17:47:00+00:00,ho-chennai,0,routing
2026-07-17 17:47:00+00:00,zo-bengaluru,0,routing
2026-07-17 17:47:00+00:00,br-koramangala,0,routing
2026-07-17 17:47:30+00:00,zo-bengaluru,0,routing
2026-07-17 17:47:30+00:00,br-koramangala,0,routing
2026-07-17 17:47:30+00:00,br-whitefield,0,routing
2026-07-17 17:47:30+00:00,ho-chennai,0,routing
2026-07-17 17:48:00+00:00,br-whitefield,0,routing
2026-07-17 17:48:00+00:00,ho-chennai,0,routing
2026-07-17 17:48:00+00:00,zo-bengaluru,0,routing
2026-07-17 17:48:00+00:00,br-koramangala,0,routing
2026-07-17 17:48:30+00:00,zo-bengaluru,0,routing
2026-07-17 17:48:30+00:00,br-koramangala,0,routing
2026-07-17 17:48:30+00:00,br-whitefield,0,routing
2026-07-17 17:48:30+00:00,ho-chennai,0,routing
2026-07-17 17:49:00+00:00,br-whitefield,0,routing
2026-07-17 17:49:00+00:00,ho-chennai,0,routing
2026-07-17 17:49:00+00:00,zo-bengaluru,0,routing
2026-07-17 17:49:00+00:00,br-koramangala,0,routing
2026-07-17 17:49:30+00:00,zo-bengaluru,0,routing
2026-07-17 17:49:30+00:00,br-koramangala,0,routing
2026-07-17 17:49:30+00:00,br-whitefield,0,routing
2026-07-17 17:49:30+00:00,ho-chennai,0,routing
2026-07-17 17:50:00+00:00,br-whitefield,0,routing
2026-07-17 17:50:00+00:00,ho-chennai,0,routing
2026-07-17 17:50:00+00:00,zo-bengaluru,0,routing
2026-07-17 17:50:00+00:00,br-koramangala,0,routing
2026-07-17 17:50:30+00:00,zo-bengaluru,0,routing
2026-07-17 17:50:30+00:00,br-koramangala,0,routing
2026-07-17 17:50:30+00:00,br-whitefield,0,routing
2026-07-17 17:50:30+00:00,ho-chennai,0,routing
2026-07-17 17:51:00+00:00,br-whitefield,0,routing
2026-07-17 17:51:00+00:00,ho-chennai,0,routing
2026-07-17 17:51:00+00:00,zo-bengaluru,0,routing
2026-07-17 17:51:00+00:00,br-koramangala,0,routing
2026-07-17 17:51:30+00:00,zo-bengaluru,0,routing
2026-07-17 17:51:30+00:00,br-koramangala,0,routing
2026-07-17 17:51:30+00:00,br-whitefield,0,routing
2026-07-17 17:51:30+00:00,ho-chennai,0,routing
2026-07-17 17:52:00+00:00,br-whitefield,0,routing
2026-07-17 17:52:00+00:00,ho-chennai,0,routing
2026-07-17 17:52:00+00:00,zo-bengaluru,0,routing
2026-07-17 17:52:00+00:00,br-koramangala,0,routing
2026-07-17 17:52:30+00:00,zo-bengaluru,0,routing
2026-07-17 17:52:30+00:00,br-koramangala,0,routing
2026-07-17 17:52:30+00:00,br-whitefield,0,routing
2026-07-17 17:52:30+00:00,ho-chennai,0,routing
2026-07-17 17:53:00+00:00,br-whitefield,0,routing
2026-07-17 17:53:00+00:00,ho-chennai,0,routing
2026-07-17 17:53:00+00:00,zo-bengaluru,0,routing
2026-07-17 17:53:00+00:00,br-koramangala,0,routing
2026-07-17 17:53:30+00:00,zo-bengaluru,0,routing
2026-07-17 17:53:30+00:00,br-koramangala,0,routing
2026-07-17 17:53:30+00:00,br-whitefield,0,routing
2026-07-17 17:53:30+00:00,ho-chennai,0,routing
2026-07-17 17:54:00+00:00,br-whitefield,0,routing
2026-07-17 17:54:00+00:00,ho-chennai,0,routing
2026-07-17 17:54:00+00:00,zo-bengaluru,0,routing
2026-07-17 17:54:00+00:00,br-koramangala,0,routing
2026-07-17 17:54:30+00:00,zo-bengaluru,0,routing
2026-07-17 17:54:30+00:00,br-koramangala,0,routing
2026-07-17 17:54:30+00:00,br-whitefield,0,routing
2026-07-17 17:54:30+00:00,ho-chennai,0,routing
2026-07-17 17:55:00+00:00,br-whitefield,0,routing
2026-07-17 17:55:00+00:00,ho-chennai,0,routing
2026-07-17 17:55:00+00:00,zo-bengaluru,0,routing
2026-07-17 17:55:00+00:00,br-koramangala,0,routing
2026-07-17 17:55:30+00:00,zo-bengaluru,0,routing
2026-07-17 17:55:30+00:00,br-koramangala,0,routing
2026-07-17 17:55:30+00:00,br-whitefield,0,routing
2026-07-17 17:55:30+00:00,ho-chennai,0,routing
2026-07-17 17:56:00+00:00,br-whitefield,0,routing
2026-07-17 17:56:00+00:00,ho-chennai,0,routing
2026-07-17 17:56:00+00:00,zo-bengaluru,0,routing
2026-07-17 17:56:00+00:00,br-koramangala,0,routing
2026-07-17 17:56:30+00:00,zo-bengaluru,0,routing
2026-07-17 17:56:30+00:00,br-koramangala,0,routing
2026-07-17 17:56:30+00:00,br-whitefield,0,routing
2026-07-17 17:56:30+00:00,ho-chennai,0,routing
2026-07-17 17:57:00+00:00,br-whitefield,0,routing
2026-07-17 17:57:00+00:00,ho-chennai,0,routing
2026-07-17 17:57:00+00:00,zo-bengaluru,0,routing
2026-07-17 17:57:00+00:00,br-koramangala,0,routing
2026-07-17 17:57:30+00:00,zo-bengaluru,0,routing
2026-07-17 17:57:30+00:00,br-koramangala,0,routing
2026-07-17 17:57:30+00:00,br-whitefield,0,routing
2026-07-17 17:57:30+00:00,ho-chennai,0,routing
2026-07-17 17:58:00+00:00,br-whitefield,0,routing
2026-07-17 17:58:00+00:00,ho-chennai,0,routing
2026-07-17 17:58:00+00:00,zo-bengaluru,0,routing
2026-07-17 17:58:00+00:00,br-koramangala,0,routing
2026-07-17 17:58:30+00:00,zo-bengaluru,0,routing
2026-07-17 17:58:30+00:00,br-koramangala,0,routing
2026-07-17 17:58:30+00:00,br-whitefield,0,routing
2026-07-17 17:58:30+00:00,ho-chennai,0,routing
2026-07-17 17:59:00+00:00,br-whitefield,0,routing
2026-07-17 17:59:00+00:00,ho-chennai,0,routing
2026-07-17 17:59:00+00:00,zo-bengaluru,0,routing
2026-07-17 17:59:00+00:00,br-koramangala,0,routing
2026-07-17 17:59:30+00:00,zo-bengaluru,0,routing
2026-07-17 17:59:30+00:00,br-koramangala,0,routing
2026-07-17 17:59:30+00:00,br-whitefield,0,routing
2026-07-17 17:59:30+00:00,ho-chennai,0,routing
2026-07-17 18:00:00+00:00,br-whitefield,0,routing
2026-07-17 18:00:00+00:00,ho-chennai,0,routing
2026-07-17 18:00:00+00:00,zo-bengaluru,0,routing
2026-07-17 18:00:00+00:00,br-koramangala,0,routing
2026-07-17 18:00:30+00:00,zo-bengaluru,0,routing
2026-07-17 18:00:30+00:00,br-koramangala,0,routing
2026-07-17 18:00:30+00:00,br-whitefield,0,routing
2026-07-17 18:00:30+00:00,ho-chennai,0,routing
2026-07-17 18:01:00+00:00,br-whitefield,0,routing
2026-07-17 18:01:00+00:00,ho-chennai,0,routing
2026-07-17 18:01:00+00:00,zo-bengaluru,0,routing
2026-07-17 18:01:00+00:00,br-koramangala,0,routing
2026-07-17 18:01:30+00:00,zo-bengaluru,0,routing
2026-07-17 18:01:30+00:00,br-koramangala,0,routing
2026-07-17 18:01:30+00:00,br-whitefield,0,routing
2026-07-17 18:01:30+00:00,ho-chennai,0,routing
2026-07-17 18:02:00+00:00,br-whitefield,0,routing
2026-07-17 18:02:00+00:00,ho-chennai,0,routing
2026-07-17 18:02:00+00:00,zo-bengaluru,0,routing
2026-07-17 18:02:00+00:00,br-koramangala,0,routing
2026-07-17 18:02:30+00:00,zo-bengaluru,0,routing
2026-07-17 18:02:30+00:00,br-koramangala,0,routing
2026-07-17 18:02:30+00:00,br-whitefield,0,routing
2026-07-17 18:02:30+00:00,ho-chennai,0,routing
2026-07-17 18:03:00+00:00,br-whitefield,0,routing
2026-07-17 18:03:00+00:00,ho-chennai,0,routing
2026-07-17 18:03:00+00:00,zo-bengaluru,0,routing
2026-07-17 18:03:00+00:00,br-koramangala,0,routing
2026-07-17 18:03:30+00:00,zo-bengaluru,0,routing
2026-07-17 18:03:30+00:00,br-koramangala,0,routing
2026-07-17 18:03:30+00:00,br-whitefield,0,routing
2026-07-17 18:03:30+00:00,ho-chennai,0,routing
2026-07-17 18:04:00+00:00,br-whitefield,0,routing
2026-07-17 18:04:00+00:00,ho-chennai,0,routing
2026-07-17 18:04:00+00:00,zo-bengaluru,0,routing
2026-07-17 18:04:00+00:00,br-koramangala,0,routing
2026-07-17 18:04:30+00:00,zo-bengaluru,0,routing
2026-07-17 18:04:30+00:00,br-koramangala,0,routing
2026-07-17 18:04:30+00:00,br-whitefield,0,routing
2026-07-17 18:04:30+00:00,ho-chennai,0,routing
2026-07-17 18:05:00+00:00,br-whitefield,0,routing
2026-07-17 18:05:00+00:00,ho-chennai,0,routing
2026-07-17 18:05:00+00:00,zo-bengaluru,0,routing
2026-07-17 18:05:00+00:00,br-koramangala,0,routing
2026-07-17 18:05:30+00:00,zo-bengaluru,0,routing
2026-07-17 18:05:30+00:00,br-koramangala,0,routing
2026-07-17 18:05:30+00:00,br-whitefield,0,routing
2026-07-17 18:05:30+00:00,ho-chennai,0,routing
2026-07-17 18:06:00+00:00,br-whitefield,0,routing
2026-07-17 18:06:00+00:00,ho-chennai,0,routing
2026-07-17 18:06:00+00:00,zo-bengaluru,0,routing
2026-07-17 18:06:00+00:00,br-koramangala,0,routing
2026-07-17 18:06:30+00:00,zo-bengaluru,0,routing
2026-07-17 18:06:30+00:00,br-koramangala,0,routing
2026-07-17 18:06:30+00:00,br-whitefield,0,routing
2026-07-17 18:06:30+00:00,ho-chennai,0,routing
2026-07-17 18:07:00+00:00,br-whitefield,0,routing
2026-07-17 18:07:00+00:00,ho-chennai,0,routing
2026-07-17 18:07:00+00:00,zo-bengaluru,0,routing
2026-07-17 18:07:00+00:00,br-koramangala,0,routing
2026-07-17 18:07:30+00:00,zo-bengaluru,0,routing
2026-07-17 18:07:30+00:00,br-koramangala,0,routing
2026-07-17 18:07:30+00:00,br-whitefield,0,routing
2026-07-17 18:07:30+00:00,ho-chennai,0,routing
2026-07-17 18:08:00+00:00,br-whitefield,0,routing
2026-07-17 18:08:00+00:00,ho-chennai,0,routing
2026-07-17 18:08:00+00:00,zo-bengaluru,0,routing
2026-07-17 18:08:00+00:00,br-koramangala,0,routing
2026-07-17 18:08:30+00:00,zo-bengaluru,0,routing
2026-07-17 18:08:30+00:00,br-koramangala,0,routing
2026-07-17 18:08:30+00:00,br-whitefield,0,routing
2026-07-17 18:08:30+00:00,ho-chennai,0,routing
2026-07-17 18:09:00+00:00,br-whitefield,0,routing
2026-07-17 18:09:00+00:00,ho-chennai,0,routing
2026-07-17 18:09:00+00:00,zo-bengaluru,0,routing
2026-07-17 18:09:00+00:00,br-koramangala,0,routing
2026-07-17 18:09:30+00:00,zo-bengaluru,0,routing
2026-07-17 18:09:30+00:00,br-koramangala,0,routing
2026-07-17 18:09:30+00:00,br-whitefield,0,routing
2026-07-17 18:09:30+00:00,ho-chennai,0,routing
2026-07-17 18:10:00+00:00,br-whitefield,0,routing
2026-07-17 18:10:00+00:00,ho-chennai,0,routing
2026-07-17 18:10:00+00:00,zo-bengaluru,0,routing
2026-07-17 18:10:00+00:00,br-koramangala,0,routing
2026-07-17 18:10:30+00:00,zo-bengaluru,0,routing
2026-07-17 18:10:30+00:00,br-koramangala,0,routing
2026-07-17 18:10:30+00:00,br-whitefield,0,routing
2026-07-17 18:10:30+00:00,ho-chennai,0,routing
2026-07-17 18:11:00+00:00,br-whitefield,0,routing
2026-07-17 18:11:00+00:00,ho-chennai,0,routing
2026-07-17 18:11:00+00:00,zo-bengaluru,0,routing
2026-07-17 18:11:00+00:00,br-koramangala,0,routing
2026-07-17 18:11:30+00:00,zo-bengaluru,0,routing
2026-07-17 18:11:30+00:00,br-koramangala,0,routing
2026-07-17 18:11:30+00:00,br-whitefield,0,routing
2026-07-17 18:11:30+00:00,ho-chennai,0,routing
2026-07-17 18:12:00+00:00,br-whitefield,0,routing
2026-07-17 18:12:00+00:00,ho-chennai,0,routing
2026-07-17 18:12:00+00:00,zo-bengaluru,0,routing
2026-07-17 18:12:00+00:00,br-koramangala,0,routing
2026-07-17 18:12:30+00:00,zo-bengaluru,0,routing
2026-07-17 18:12:30+00:00,br-koramangala,0,routing
2026-07-17 18:12:30+00:00,br-whitefield,0,routing
2026-07-17 18:12:30+00:00,ho-chennai,0,routing
2026-07-17 18:13:00+00:00,br-whitefield,0,routing
2026-07-17 18:13:00+00:00,ho-chennai,0,routing
2026-07-17 18:13:00+00:00,zo-bengaluru,0,routing
2026-07-17 18:13:00+00:00,br-koramangala,0,routing
2026-07-17 18:13:30+00:00,zo-bengaluru,0,routing
2026-07-17 18:13:30+00:00,br-koramangala,0,routing
2026-07-17 18:13:30+00:00,br-whitefield,0,routing
2026-07-17 18:13:30+00:00,ho-chennai,0,routing
2026-07-17 18:14:00+00:00,br-whitefield,0,routing
2026-07-17 18:14:00+00:00,ho-chennai,0,routing
2026-07-17 18:14:00+00:00,zo-bengaluru,0,routing
2026-07-17 18:14:00+00:00,br-koramangala,0,routing
2026-07-17 18:14:30+00:00,zo-bengaluru,0,routing
2026-07-17 18:14:30+00:00,br-koramangala,0,routing
2026-07-17 18:14:30+00:00,br-whitefield,0,routing
2026-07-17 18:14:30+00:00,ho-chennai,0,routing
2026-07-17 18:15:00+00:00,br-whitefield,0,routing
2026-07-17 18:15:00+00:00,ho-chennai,0,routing
2026-07-17 18:15:00+00:00,zo-bengaluru,0,routing
2026-07-17 18:15:00+00:00,br-koramangala,0,routing
2026-07-17 18:15:30+00:00,zo-bengaluru,0,routing
2026-07-17 18:15:30+00:00,br-koramangala,0,routing
2026-07-17 18:15:30+00:00,br-whitefield,0,routing
2026-07-17 18:15:30+00:00,ho-chennai,0,routing
2026-07-17 18:16:00+00:00,br-whitefield,0,routing
2026-07-17 18:16:00+00:00,ho-chennai,0,routing
2026-07-17 18:16:00+00:00,zo-bengaluru,0,routing
2026-07-17 18:16:00+00:00,br-koramangala,0,routing
2026-07-17 18:16:30+00:00,zo-bengaluru,0,routing
2026-07-17 18:16:30+00:00,br-koramangala,0,routing
2026-07-17 18:16:30+00:00,br-whitefield,0,routing
2026-07-17 18:16:30+00:00,ho-chennai,0,routing
2026-07-17 18:17:00+00:00,br-whitefield,0,routing
2026-07-17 18:17:00+00:00,ho-chennai,0,routing
2026-07-17 18:17:00+00:00,zo-bengaluru,0,routing
2026-07-17 18:17:00+00:00,br-koramangala,0,routing
2026-07-17 18:17:30+00:00,zo-bengaluru,0,routing
2026-07-17 18:17:30+00:00,br-koramangala,0,routing
2026-07-17 18:17:30+00:00,br-whitefield,0,routing
2026-07-17 18:17:30+00:00,ho-chennai,0,routing
2026-07-17 18:18:00+00:00,br-whitefield,0,routing
2026-07-17 18:18:00+00:00,ho-chennai,0,routing
2026-07-17 18:18:00+00:00,zo-bengaluru,0,routing
2026-07-17 18:18:00+00:00,br-koramangala,0,routing
2026-07-17 18:18:30+00:00,zo-bengaluru,0,routing
2026-07-17 18:18:30+00:00,br-koramangala,0,routing
2026-07-17 18:18:30+00:00,br-whitefield,0,routing
2026-07-17 18:18:30+00:00,ho-chennai,0,routing
2026-07-17 18:19:00+00:00,br-whitefield,0,routing
2026-07-17 18:19:00+00:00,ho-chennai,0,routing
2026-07-17 18:19:00+00:00,zo-bengaluru,0,routing
2026-07-17 18:19:00+00:00,br-koramangala,0,routing
2026-07-17 18:19:30+00:00,zo-bengaluru,0,routing
2026-07-17 18:19:30+00:00,br-koramangala,0,routing
2026-07-17 18:19:30+00:00,br-whitefield,0,routing
2026-07-17 18:19:30+00:00,ho-chennai,0,routing
2026-07-17 18:20:00+00:00,br-whitefield,0,routing
2026-07-17 18:20:00+00:00,ho-chennai,0,routing
2026-07-17 18:20:00+00:00,zo-bengaluru,0,routing
2026-07-17 18:20:00+00:00,br-koramangala,0,routing
2026-07-17 18:20:30+00:00,zo-bengaluru,0,routing
2026-07-17 18:20:30+00:00,br-koramangala,0,routing
2026-07-17 18:20:30+00:00,br-whitefield,0,routing
2026-07-17 18:20:30+00:00,ho-chennai,0,routing
2026-07-17 18:21:00+00:00,br-whitefield,0,routing
2026-07-17 18:21:00+00:00,ho-chennai,0,routing
2026-07-17 18:21:00+00:00,zo-bengaluru,0,routing
2026-07-17 18:21:00+00:00,br-koramangala,0,routing
2026-07-17 18:21:30+00:00,zo-bengaluru,0,routing
2026-07-17 18:21:30+00:00,br-koramangala,0,routing
2026-07-17 18:21:30+00:00,br-whitefield,0,routing
2026-07-17 18:21:30+00:00,ho-chennai,0,routing
2026-07-17 18:22:00+00:00,br-whitefield,0,routing
2026-07-17 18:22:00+00:00,ho-chennai,0,routing
2026-07-17 18:22:00+00:00,zo-bengaluru,0,routing
2026-07-17 18:22:00+00:00,br-koramangala,0,routing
2026-07-17 18:22:30+00:00,zo-bengaluru,0,routing
2026-07-17 18:22:30+00:00,br-koramangala,0,routing
2026-07-17 18:22:30+00:00,br-whitefield,0,routing
2026-07-17 18:22:30+00:00,ho-chennai,0,routing
2026-07-17 18:23:00+00:00,br-whitefield,0,routing
2026-07-17 18:23:00+00:00,ho-chennai,0,routing
2026-07-17 18:23:00+00:00,zo-bengaluru,0,routing
2026-07-17 18:23:00+00:00,br-koramangala,0,routing
2026-07-17 18:23:30+00:00,zo-bengaluru,0,routing
2026-07-17 18:23:30+00:00,br-koramangala,0,routing
2026-07-17 18:23:30+00:00,br-whitefield,0,routing
2026-07-17 18:23:30+00:00,ho-chennai,0,routing
2026-07-17 18:24:00+00:00,br-whitefield,0,routing
2026-07-17 18:24:00+00:00,ho-chennai,0,routing
2026-07-17 18:24:00+00:00,zo-bengaluru,0,routing
2026-07-17 18:24:00+00:00,br-koramangala,0,routing
2026-07-17 18:24:30+00:00,zo-bengaluru,0,routing
2026-07-17 18:24:30+00:00,br-koramangala,0,routing
2026-07-17 18:24:30+00:00,br-whitefield,0,routing
2026-07-17 18:24:30+00:00,ho-chennai,0,routing
2026-07-17 18:25:00+00:00,br-whitefield,0,routing
2026-07-17 18:25:00+00:00,ho-chennai,0,routing
2026-07-17 18:25:00+00:00,zo-bengaluru,0,routing
2026-07-17 18:25:00+00:00,br-koramangala,0,routing
2026-07-17 18:25:30+00:00,zo-bengaluru,0,routing
2026-07-17 18:25:30+00:00,br-koramangala,0,routing
2026-07-17 18:25:30+00:00,br-whitefield,0,routing
2026-07-17 18:25:30+00:00,ho-chennai,0,routing
2026-07-17 18:26:00+00:00,br-whitefield,0,routing
2026-07-17 18:26:00+00:00,ho-chennai,0,routing
2026-07-17 18:26:00+00:00,zo-bengaluru,0,routing
2026-07-17 18:26:00+00:00,br-koramangala,0,routing
2026-07-17 18:26:30+00:00,zo-bengaluru,0,routing
2026-07-17 18:26:30+00:00,br-koramangala,0,routing
2026-07-17 18:26:30+00:00,br-whitefield,0,routing
2026-07-17 18:26:30+00:00,ho-chennai,0,routing
2026-07-17 18:27:00+00:00,br-whitefield,0,routing
2026-07-17 18:27:00+00:00,ho-chennai,0,routing
2026-07-17 18:27:00+00:00,zo-bengaluru,0,routing
2026-07-17 18:27:00+00:00,br-koramangala,0,routing
2026-07-17 18:27:30+00:00,zo-bengaluru,0,routing
2026-07-17 18:27:30+00:00,br-koramangala,0,routing
2026-07-17 18:27:30+00:00,br-whitefield,0,routing
2026-07-17 18:27:30+00:00,ho-chennai,0,routing
2026-07-17 18:28:00+00:00,br-whitefield,0,routing
2026-07-17 18:28:00+00:00,ho-chennai,0,routing
2026-07-17 18:28:00+00:00,zo-bengaluru,0,routing
2026-07-17 18:28:00+00:00,br-koramangala,0,routing
2026-07-17 18:28:30+00:00,zo-bengaluru,0,routing
2026-07-17 18:28:30+00:00,br-koramangala,0,routing
2026-07-17 18:28:30+00:00,br-whitefield,0,routing
2026-07-17 18:28:30+00:00,ho-chennai,0,routing
2026-07-17 18:29:00+00:00,br-whitefield,0,routing
2026-07-17 18:29:00+00:00,ho-chennai,0,routing
2026-07-17 18:29:00+00:00,zo-bengaluru,0,routing
2026-07-17 18:29:00+00:00,br-koramangala,0,routing
2026-07-17 18:29:30+00:00,zo-bengaluru,0,routing
2026-07-17 18:29:30+00:00,br-koramangala,0,routing
2026-07-17 18:29:30+00:00,br-whitefield,0,routing
2026-07-17 18:29:30+00:00,ho-chennai,0,routing
2026-07-17 18:30:00+00:00,br-whitefield,0,routing
2026-07-17 18:30:00+00:00,ho-chennai,0,routing
2026-07-17 18:30:00+00:00,zo-bengaluru,0,routing
2026-07-17 18:30:00+00:00,br-koramangala,0,routing
2026-07-17 18:30:30+00:00,zo-bengaluru,0,routing
2026-07-17 18:30:30+00:00,br-koramangala,0,routing
2026-07-17 18:30:30+00:00,br-whitefield,0,routing
2026-07-17 18:30:30+00:00,ho-chennai,0,routing
2026-07-17 18:31:00+00:00,br-whitefield,0,routing
2026-07-17 18:31:00+00:00,ho-chennai,0,routing
2026-07-17 18:31:00+00:00,zo-bengaluru,0,routing
2026-07-17 18:31:00+00:00,br-koramangala,0,routing
2026-07-17 18:31:30+00:00,zo-bengaluru,0,routing
2026-07-17 18:31:30+00:00,br-koramangala,0,routing
2026-07-17 18:31:30+00:00,br-whitefield,0,routing
2026-07-17 18:31:30+00:00,ho-chennai,0,routing
2026-07-17 18:32:00+00:00,br-whitefield,0,routing
2026-07-17 18:32:00+00:00,ho-chennai,0,routing
2026-07-17 18:32:00+00:00,zo-bengaluru,0,routing
2026-07-17 18:32:00+00:00,br-koramangala,0,routing
2026-07-17 18:32:30+00:00,zo-bengaluru,0,routing
2026-07-17 18:32:30+00:00,br-koramangala,0,routing
2026-07-17 18:32:30+00:00,br-whitefield,0,routing
2026-07-17 18:32:30+00:00,ho-chennai,0,routing
2026-07-17 18:33:00+00:00,br-whitefield,0,routing
2026-07-17 18:33:00+00:00,ho-chennai,0,routing
2026-07-17 18:33:00+00:00,zo-bengaluru,0,routing
2026-07-17 18:33:00+00:00,br-koramangala,0,routing
2026-07-17 18:33:30+00:00,zo-bengaluru,0,routing
2026-07-17 18:33:30+00:00,br-koramangala,0,routing
2026-07-17 18:33:30+00:00,br-whitefield,0,routing
2026-07-17 18:33:30+00:00,ho-chennai,0,routing
2026-07-17 18:34:00+00:00,br-whitefield,0,routing
2026-07-17 18:34:00+00:00,ho-chennai,0,routing
2026-07-17 18:34:00+00:00,zo-bengaluru,0,routing
2026-07-17 18:34:00+00:00,br-koramangala,0,routing
2026-07-17 18:34:30+00:00,zo-bengaluru,0,routing
2026-07-17 18:34:30+00:00,br-koramangala,0,routing
2026-07-17 18:34:30+00:00,br-whitefield,0,routing
2026-07-17 18:34:30+00:00,ho-chennai,0,routing
2026-07-17 18:35:00+00:00,br-whitefield,0,routing
2026-07-17 18:35:00+00:00,ho-chennai,0,routing
2026-07-17 18:35:00+00:00,zo-bengaluru,0,routing
2026-07-17 18:35:00+00:00,br-koramangala,0,routing
2026-07-17 18:35:30+00:00,zo-bengaluru,0,routing
2026-07-17 18:35:30+00:00,br-koramangala,0,routing
2026-07-17 18:35:30+00:00,br-whitefield,0,routing
2026-07-17 18:35:30+00:00,ho-chennai,0,routing
2026-07-17 18:36:00+00:00,br-whitefield,0,routing
2026-07-17 18:36:00+00:00,ho-chennai,0,routing
2026-07-17 18:36:00+00:00,zo-bengaluru,0,routing
2026-07-17 18:36:00+00:00,br-koramangala,0,routing
2026-07-17 18:36:30+00:00,zo-bengaluru,0,routing
2026-07-17 18:36:30+00:00,br-koramangala,0,routing
2026-07-17 18:36:30+00:00,br-whitefield,0,routing
2026-07-17 18:36:30+00:00,ho-chennai,0,routing
2026-07-17 18:37:00+00:00,br-whitefield,0,routing
2026-07-17 18:37:00+00:00,ho-chennai,0,routing
2026-07-17 18:37:00+00:00,zo-bengaluru,0,routing
2026-07-17 18:37:00+00:00,br-koramangala,0,routing
2026-07-17 18:37:30+00:00,zo-bengaluru,0,routing
2026-07-17 18:37:30+00:00,br-koramangala,0,routing
2026-07-17 18:37:30+00:00,br-whitefield,0,routing
2026-07-17 18:37:30+00:00,ho-chennai,0,routing
2026-07-17 18:38:00+00:00,br-whitefield,0,routing
2026-07-17 18:38:00+00:00,ho-chennai,0,routing
2026-07-17 18:38:00+00:00,zo-bengaluru,0,routing
2026-07-17 18:38:00+00:00,br-koramangala,0,routing
2026-07-17 18:38:30+00:00,zo-bengaluru,0,routing
2026-07-17 18:38:30+00:00,br-koramangala,0,routing
2026-07-17 18:38:30+00:00,br-whitefield,0,routing
2026-07-17 18:38:30+00:00,ho-chennai,0,routing
2026-07-17 18:39:00+00:00,br-whitefield,0,routing
2026-07-17 18:39:00+00:00,ho-chennai,0,routing
2026-07-17 18:39:00+00:00,zo-bengaluru,0,routing
2026-07-17 18:39:00+00:00,br-koramangala,0,routing
2026-07-17 18:39:30+00:00,zo-bengaluru,0,routing
2026-07-17 18:39:30+00:00,br-koramangala,0,routing
2026-07-17 18:39:30+00:00,br-whitefield,0,routing
2026-07-17 18:39:30+00:00,ho-chennai,0,routing
2026-07-17 18:40:00+00:00,br-whitefield,0,routing
2026-07-17 18:40:00+00:00,ho-chennai,0,routing
2026-07-17 18:40:00+00:00,zo-bengaluru,0,routing
2026-07-17 18:40:00+00:00,br-koramangala,0,routing
2026-07-17 18:40:30+00:00,zo-bengaluru,0,routing
2026-07-17 18:40:30+00:00,br-koramangala,0,routing
2026-07-17 18:40:30+00:00,br-whitefield,0,routing
2026-07-17 18:40:30+00:00,ho-chennai,0,routing
2026-07-17 18:41:00+00:00,br-whitefield,0,routing
2026-07-17 18:41:00+00:00,ho-chennai,0,routing
2026-07-17 18:41:00+00:00,zo-bengaluru,0,routing
2026-07-17 18:41:00+00:00,br-koramangala,0,routing
2026-07-17 18:41:30+00:00,zo-bengaluru,0,routing
2026-07-17 18:41:30+00:00,br-koramangala,0,routing
2026-07-17 18:41:30+00:00,br-whitefield,0,routing
2026-07-17 18:41:30+00:00,ho-chennai,0,routing
2026-07-17 18:42:00+00:00,br-whitefield,0,routing
2026-07-17 18:42:00+00:00,ho-chennai,0,routing
2026-07-17 18:42:00+00:00,zo-bengaluru,0,routing
2026-07-17 18:42:00+00:00,br-koramangala,0,routing
2026-07-17 18:42:30+00:00,zo-bengaluru,0,routing
2026-07-17 18:42:30+00:00,br-koramangala,0,routing
2026-07-17 18:42:30+00:00,br-whitefield,0,routing
2026-07-17 18:42:30+00:00,ho-chennai,0,routing
2026-07-17 18:43:00+00:00,br-whitefield,0,routing
2026-07-17 18:43:00+00:00,ho-chennai,0,routing
2026-07-17 18:43:00+00:00,zo-bengaluru,0,routing
2026-07-17 18:43:00+00:00,br-koramangala,0,routing
2026-07-17 18:43:30+00:00,zo-bengaluru,0,routing
2026-07-17 18:43:30+00:00,br-koramangala,0,routing
2026-07-17 18:43:30+00:00,br-whitefield,0,routing
2026-07-17 18:43:30+00:00,ho-chennai,0,routing
2026-07-17 18:44:00+00:00,br-whitefield,0,routing
2026-07-17 18:44:00+00:00,ho-chennai,0,routing
2026-07-17 18:44:00+00:00,zo-bengaluru,0,routing
2026-07-17 18:44:00+00:00,br-koramangala,0,routing
2026-07-17 18:44:30+00:00,zo-bengaluru,0,routing
2026-07-17 18:44:30+00:00,br-koramangala,0,routing
2026-07-17 18:44:30+00:00,br-whitefield,0,routing
2026-07-17 18:44:30+00:00,ho-chennai,0,routing
2026-07-17 18:45:00+00:00,br-whitefield,0,routing
2026-07-17 18:45:00+00:00,ho-chennai,0,routing
2026-07-17 18:45:00+00:00,zo-bengaluru,0,routing
2026-07-17 18:45:00+00:00,br-koramangala,0,routing
2026-07-17 18:45:30+00:00,zo-bengaluru,0,routing
2026-07-17 18:45:30+00:00,br-koramangala,0,routing
2026-07-17 18:45:30+00:00,br-whitefield,0,routing
2026-07-17 18:45:30+00:00,ho-chennai,0,routing
2026-07-17 18:46:00+00:00,br-whitefield,0,routing
2026-07-17 18:46:00+00:00,ho-chennai,0,routing
2026-07-17 18:46:00+00:00,zo-bengaluru,0,routing
2026-07-17 18:46:00+00:00,br-koramangala,0,routing
2026-07-17 18:46:30+00:00,zo-bengaluru,0,routing
2026-07-17 18:46:30+00:00,br-koramangala,0,routing
2026-07-17 18:46:30+00:00,br-whitefield,0,routing
2026-07-17 18:46:30+00:00,ho-chennai,0,routing
2026-07-17 18:47:00+00:00,br-whitefield,0,routing
2026-07-17 18:47:00+00:00,ho-chennai,0,routing
2026-07-17 18:47:00+00:00,zo-bengaluru,0,routing
2026-07-17 18:47:00+00:00,br-koramangala,0,routing
2026-07-17 18:47:30+00:00,zo-bengaluru,0,routing
2026-07-17 18:47:30+00:00,br-koramangala,0,routing
2026-07-17 18:47:30+00:00,br-whitefield,0,routing
2026-07-17 18:47:30+00:00,ho-chennai,0,routing
2026-07-17 18:48:00+00:00,br-whitefield,0,routing
2026-07-17 18:48:00+00:00,ho-chennai,0,routing
2026-07-17 18:48:00+00:00,zo-bengaluru,0,routing
2026-07-17 18:48:00+00:00,br-koramangala,0,routing
2026-07-17 18:48:30+00:00,zo-bengaluru,0,routing
2026-07-17 18:48:30+00:00,br-koramangala,0,routing
2026-07-17 18:48:30+00:00,br-whitefield,0,routing
2026-07-17 18:48:30+00:00,ho-chennai,0,routing
2026-07-17 18:49:00+00:00,br-whitefield,0,routing
2026-07-17 18:49:00+00:00,ho-chennai,0,routing
2026-07-17 18:49:00+00:00,zo-bengaluru,0,routing
2026-07-17 18:49:00+00:00,br-koramangala,0,routing
2026-07-17 18:49:30+00:00,zo-bengaluru,0,routing
2026-07-17 18:49:30+00:00,br-koramangala,0,routing
2026-07-17 18:49:30+00:00,br-whitefield,0,routing
2026-07-17 18:49:30+00:00,ho-chennai,0,routing
2026-07-17 18:50:00+00:00,br-whitefield,0,routing
2026-07-17 18:50:00+00:00,ho-chennai,0,routing
2026-07-17 18:50:00+00:00,zo-bengaluru,0,routing
2026-07-17 18:50:00+00:00,br-koramangala,0,routing
2026-07-17 18:50:30+00:00,zo-bengaluru,0,routing
2026-07-17 18:50:30+00:00,br-koramangala,0,routing
2026-07-17 18:50:30+00:00,br-whitefield,0,routing
2026-07-17 18:50:30+00:00,ho-chennai,0,routing
2026-07-17 18:51:00+00:00,br-whitefield,0,routing
2026-07-17 18:51:00+00:00,ho-chennai,0,routing
2026-07-17 18:51:00+00:00,zo-bengaluru,0,routing
2026-07-17 18:51:00+00:00,br-koramangala,0,routing
2026-07-17 18:51:30+00:00,zo-bengaluru,0,routing
2026-07-17 18:51:30+00:00,br-koramangala,0,routing
2026-07-17 18:51:30+00:00,br-whitefield,0,routing
2026-07-17 18:51:30+00:00,ho-chennai,0,routing
2026-07-17 18:52:00+00:00,br-whitefield,0,routing
2026-07-17 18:52:00+00:00,ho-chennai,0,routing
2026-07-17 18:52:00+00:00,zo-bengaluru,0,routing
2026-07-17 18:52:00+00:00,br-koramangala,0,routing
2026-07-17 18:52:30+00:00,zo-bengaluru,0,routing
2026-07-17 18:52:30+00:00,br-koramangala,0,routing
2026-07-17 18:52:30+00:00,br-whitefield,0,routing
2026-07-17 18:52:30+00:00,ho-chennai,0,routing
2026-07-17 18:53:00+00:00,br-whitefield,0,routing
2026-07-17 18:53:00+00:00,ho-chennai,0,routing
2026-07-17 18:53:00+00:00,zo-bengaluru,0,routing
2026-07-17 18:53:00+00:00,br-koramangala,0,routing
2026-07-17 18:53:30+00:00,zo-bengaluru,0,routing
2026-07-17 18:53:30+00:00,br-koramangala,0,routing
2026-07-17 18:53:30+00:00,br-whitefield,0,routing
2026-07-17 18:53:30+00:00,ho-chennai,0,routing
2026-07-17 18:54:00+00:00,br-whitefield,0,routing
2026-07-17 18:54:00+00:00,ho-chennai,0,routing
2026-07-17 18:54:00+00:00,zo-bengaluru,0,routing
2026-07-17 18:54:00+00:00,br-koramangala,0,routing
2026-07-17 18:54:30+00:00,zo-bengaluru,0,routing
2026-07-17 18:54:30+00:00,br-koramangala,0,routing
2026-07-17 18:54:30+00:00,br-whitefield,0,routing
2026-07-17 18:54:30+00:00,ho-chennai,0,routing
2026-07-17 18:55:00+00:00,br-whitefield,0,routing
2026-07-17 18:55:00+00:00,ho-chennai,0,routing
2026-07-17 18:55:00+00:00,zo-bengaluru,0,routing
2026-07-17 18:55:00+00:00,br-koramangala,0,routing
2026-07-17 18:55:30+00:00,zo-bengaluru,0,routing
2026-07-17 18:55:30+00:00,br-koramangala,0,routing
2026-07-17 18:55:30+00:00,br-whitefield,0,routing
2026-07-17 18:55:30+00:00,ho-chennai,0,routing
2026-07-17 18:56:00+00:00,br-whitefield,0,routing
2026-07-17 18:56:00+00:00,ho-chennai,0,routing
2026-07-17 18:56:00+00:00,zo-bengaluru,0,routing
2026-07-17 18:56:00+00:00,br-koramangala,0,routing
2026-07-17 18:56:30+00:00,zo-bengaluru,0,routing
2026-07-17 18:56:30+00:00,br-koramangala,0,routing
2026-07-17 18:56:30+00:00,br-whitefield,0,routing
2026-07-17 18:56:30+00:00,ho-chennai,0,routing
2026-07-17 18:57:00+00:00,br-whitefield,0,routing
2026-07-17 18:57:00+00:00,ho-chennai,0,routing
2026-07-17 18:57:00+00:00,zo-bengaluru,0,routing
2026-07-17 18:57:00+00:00,br-koramangala,0,routing
2026-07-17 18:57:30+00:00,zo-bengaluru,0,routing
2026-07-17 18:57:30+00:00,br-koramangala,0,routing
2026-07-17 18:57:30+00:00,br-whitefield,0,routing
2026-07-17 18:57:30+00:00,ho-chennai,0,routing
2026-07-17 18:58:00+00:00,br-whitefield,0,routing
2026-07-17 18:58:00+00:00,ho-chennai,0,routing
2026-07-17 18:58:00+00:00,zo-bengaluru,0,routing
2026-07-17 18:58:00+00:00,br-koramangala,0,routing
2026-07-17 18:58:30+00:00,zo-bengaluru,0,routing
2026-07-17 18:58:30+00:00,br-koramangala,0,routing
2026-07-17 18:58:30+00:00,br-whitefield,0,routing
2026-07-17 18:58:30+00:00,ho-chennai,0,routing
2026-07-17 18:59:00+00:00,br-whitefield,0,routing
2026-07-17 18:59:00+00:00,ho-chennai,0,routing
2026-07-17 18:59:00+00:00,zo-bengaluru,0,routing
2026-07-17 18:59:00+00:00,br-koramangala,0,routing
2026-07-17 18:59:30+00:00,zo-bengaluru,0,routing
2026-07-17 18:59:30+00:00,br-koramangala,0,routing
2026-07-17 18:59:30+00:00,br-whitefield,0,routing
2026-07-17 18:59:30+00:00,ho-chennai,0,routing
2026-07-17 19:00:00+00:00,br-whitefield,0,routing
2026-07-17 19:00:00+00:00,ho-chennai,0,routing
2026-07-17 19:00:00+00:00,zo-bengaluru,0,routing
2026-07-17 19:00:00+00:00,br-koramangala,0,routing
2026-07-17 19:00:30+00:00,zo-bengaluru,0,routing
2026-07-17 19:00:30+00:00,br-koramangala,0,routing
2026-07-17 19:00:30+00:00,br-whitefield,0,routing
2026-07-17 19:00:30+00:00,ho-chennai,0,routing
2026-07-17 19:01:00+00:00,br-whitefield,0,routing
2026-07-17 19:01:00+00:00,ho-chennai,0,routing
2026-07-17 19:01:00+00:00,zo-bengaluru,0,routing
2026-07-17 19:01:00+00:00,br-koramangala,0,routing
2026-07-17 19:01:30+00:00,zo-bengaluru,0,routing
2026-07-17 19:01:30+00:00,br-koramangala,0,routing
2026-07-17 19:01:30+00:00,br-whitefield,0,routing
2026-07-17 19:01:30+00:00,ho-chennai,0,routing
2026-07-17 19:02:00+00:00,br-whitefield,0,routing
2026-07-17 19:02:00+00:00,ho-chennai,0,routing
2026-07-17 19:02:00+00:00,zo-bengaluru,0,routing
2026-07-17 19:02:00+00:00,br-koramangala,0,routing
2026-07-17 19:02:30+00:00,zo-bengaluru,0,routing
2026-07-17 19:02:30+00:00,br-koramangala,0,routing
2026-07-17 19:02:30+00:00,br-whitefield,0,routing
2026-07-17 19:02:30+00:00,ho-chennai,0,routing
2026-07-17 19:03:00+00:00,br-whitefield,0,routing
2026-07-17 19:03:00+00:00,ho-chennai,0,routing
2026-07-17 19:03:00+00:00,zo-bengaluru,0,routing
2026-07-17 19:03:00+00:00,br-koramangala,0,routing
2026-07-17 19:03:30+00:00,zo-bengaluru,0,routing
2026-07-17 19:03:30+00:00,br-koramangala,0,routing
2026-07-17 19:03:30+00:00,br-whitefield,0,routing
2026-07-17 19:03:30+00:00,ho-chennai,0,routing
2026-07-17 19:04:00+00:00,br-whitefield,0,routing
2026-07-17 19:04:00+00:00,ho-chennai,0,routing
2026-07-17 19:04:00+00:00,zo-bengaluru,0,routing
2026-07-17 19:04:00+00:00,br-koramangala,0,routing
2026-07-17 19:04:30+00:00,zo-bengaluru,0,routing
2026-07-17 19:04:30+00:00,br-koramangala,0,routing
2026-07-17 19:04:30+00:00,br-whitefield,0,routing
2026-07-17 19:04:30+00:00,ho-chennai,0,routing
2026-07-17 19:05:00+00:00,br-whitefield,0,routing
2026-07-17 19:05:00+00:00,ho-chennai,0,routing
2026-07-17 19:05:00+00:00,zo-bengaluru,0,routing
2026-07-17 19:05:00+00:00,br-koramangala,0,routing
2026-07-17 19:05:30+00:00,zo-bengaluru,0,routing
2026-07-17 19:05:30+00:00,br-koramangala,0,routing
2026-07-17 19:05:30+00:00,br-whitefield,0,routing
2026-07-17 19:05:30+00:00,ho-chennai,0,routing
2026-07-17 19:06:00+00:00,br-whitefield,0,routing
2026-07-17 19:06:00+00:00,ho-chennai,0,routing
2026-07-17 19:06:00+00:00,zo-bengaluru,0,routing
2026-07-17 19:06:00+00:00,br-koramangala,0,routing
2026-07-17 19:06:30+00:00,zo-bengaluru,0,routing
2026-07-17 19:06:30+00:00,br-koramangala,0,routing
2026-07-17 19:06:30+00:00,br-whitefield,0,routing
2026-07-17 19:06:30+00:00,ho-chennai,0,routing
2026-07-17 19:07:00+00:00,br-whitefield,0,routing
2026-07-17 19:07:00+00:00,ho-chennai,0,routing
2026-07-17 19:07:00+00:00,zo-bengaluru,0,routing
2026-07-17 19:07:00+00:00,br-koramangala,0,routing
2026-07-17 19:07:30+00:00,zo-bengaluru,0,routing
2026-07-17 19:07:30+00:00,br-koramangala,0,routing
2026-07-17 19:07:30+00:00,br-whitefield,0,routing
2026-07-17 19:07:30+00:00,ho-chennai,0,routing
2026-07-17 19:08:00+00:00,br-whitefield,0,routing
2026-07-17 19:08:00+00:00,ho-chennai,0,routing
2026-07-17 19:08:00+00:00,zo-bengaluru,0,routing
2026-07-17 19:08:00+00:00,br-koramangala,0,routing
2026-07-17 19:08:30+00:00,zo-bengaluru,0,routing
2026-07-17 19:08:30+00:00,br-koramangala,0,routing
2026-07-17 19:08:30+00:00,br-whitefield,0,routing
2026-07-17 19:08:30+00:00,ho-chennai,0,routing
2026-07-17 19:09:00+00:00,br-whitefield,0,routing
2026-07-17 19:09:00+00:00,ho-chennai,0,routing
2026-07-17 19:09:00+00:00,zo-bengaluru,0,routing
2026-07-17 19:09:00+00:00,br-koramangala,0,routing
2026-07-17 19:09:30+00:00,zo-bengaluru,0,routing
2026-07-17 19:09:30+00:00,br-koramangala,0,routing
2026-07-17 19:09:30+00:00,br-whitefield,0,routing
2026-07-17 19:09:30+00:00,ho-chennai,0,routing
2026-07-17 19:10:00+00:00,br-whitefield,0,routing
2026-07-17 19:10:00+00:00,ho-chennai,0,routing
2026-07-17 19:10:00+00:00,zo-bengaluru,0,routing
2026-07-17 19:10:00+00:00,br-koramangala,0,routing
2026-07-17 19:10:30+00:00,zo-bengaluru,0,routing
2026-07-17 19:10:30+00:00,br-koramangala,0,routing
2026-07-17 19:10:30+00:00,br-whitefield,0,routing
2026-07-17 19:10:30+00:00,ho-chennai,0,routing
2026-07-17 19:11:00+00:00,br-whitefield,0,routing
2026-07-17 19:11:00+00:00,ho-chennai,0,routing
2026-07-17 19:11:00+00:00,zo-bengaluru,0,routing
2026-07-17 19:11:00+00:00,br-koramangala,0,routing
2026-07-17 19:11:30+00:00,zo-bengaluru,0,routing
2026-07-17 19:11:30+00:00,br-koramangala,0,routing
2026-07-17 19:11:30+00:00,br-whitefield,0,routing
2026-07-17 19:11:30+00:00,ho-chennai,0,routing
2026-07-17 19:12:00+00:00,br-whitefield,0,routing
2026-07-17 19:12:00+00:00,ho-chennai,0,routing
2026-07-17 19:12:00+00:00,zo-bengaluru,0,routing
2026-07-17 19:12:00+00:00,br-koramangala,0,routing
2026-07-17 19:12:30+00:00,zo-bengaluru,0,routing
2026-07-17 19:12:30+00:00,br-koramangala,0,routing
2026-07-17 19:12:30+00:00,br-whitefield,0,routing
2026-07-17 19:12:30+00:00,ho-chennai,0,routing
2026-07-17 19:13:00+00:00,br-whitefield,0,routing
2026-07-17 19:13:00+00:00,ho-chennai,0,routing
2026-07-17 19:13:00+00:00,zo-bengaluru,0,routing
2026-07-17 19:13:00+00:00,br-koramangala,0,routing
2026-07-17 19:13:30+00:00,zo-bengaluru,0,routing
2026-07-17 19:13:30+00:00,br-koramangala,0,routing
2026-07-17 19:13:30+00:00,br-whitefield,0,routing
2026-07-17 19:13:30+00:00,ho-chennai,0,routing
2026-07-17 19:14:00+00:00,br-whitefield,0,routing
2026-07-17 19:14:00+00:00,ho-chennai,0,routing
2026-07-17 19:14:00+00:00,zo-bengaluru,0,routing
2026-07-17 19:14:00+00:00,br-koramangala,0,routing
2026-07-17 19:14:30+00:00,zo-bengaluru,0,routing
2026-07-17 19:14:30+00:00,br-koramangala,0,routing
2026-07-17 19:14:30+00:00,br-whitefield,0,routing
2026-07-17 19:14:30+00:00,ho-chennai,0,routing
2026-07-17 19:15:00+00:00,br-whitefield,0,routing
2026-07-17 19:15:00+00:00,ho-chennai,0,routing
2026-07-17 19:15:00+00:00,zo-bengaluru,0,routing
2026-07-17 19:15:00+00:00,br-koramangala,0,routing
2026-07-17 19:15:30+00:00,zo-bengaluru,0,routing
2026-07-17 19:15:30+00:00,br-koramangala,0,routing
2026-07-17 19:15:30+00:00,br-whitefield,0,routing
2026-07-17 19:15:30+00:00,ho-chennai,0,routing
2026-07-17 19:16:00+00:00,br-whitefield,0,routing
2026-07-17 19:16:00+00:00,ho-chennai,0,routing
2026-07-17 19:16:00+00:00,zo-bengaluru,0,routing
2026-07-17 19:16:00+00:00,br-koramangala,0,routing
2026-07-17 19:16:30+00:00,zo-bengaluru,0,routing
2026-07-17 19:16:30+00:00,br-koramangala,0,routing
2026-07-17 19:16:30+00:00,br-whitefield,0,routing
2026-07-17 19:16:30+00:00,ho-chennai,0,routing
2026-07-17 19:17:00+00:00,br-whitefield,0,routing
2026-07-17 19:17:00+00:00,ho-chennai,0,routing
2026-07-17 19:17:00+00:00,br-koramangala,0,routing
2026-07-17 19:17:00+00:00,zo-bengaluru,0,routing
2026-07-18 05:28:00+00:00,br-koramangala,0,routing
2026-07-18 05:28:00+00:00,zo-bengaluru,0,routing
2026-07-18 05:28:00+00:00,br-whitefield,0,routing
2026-07-18 05:28:00+00:00,ho-chennai,0,routing
2026-07-18 05:28:30+00:00,br-whitefield,0,routing
2026-07-18 05:28:30+00:00,ho-chennai,0,routing
2026-07-18 05:28:30+00:00,br-koramangala,0,routing
2026-07-18 05:28:30+00:00,zo-bengaluru,0,routing
2026-07-18 05:29:00+00:00,br-koramangala,0,routing
2026-07-18 05:29:00+00:00,zo-bengaluru,0,routing
2026-07-18 05:29:00+00:00,br-whitefield,0,routing
2026-07-18 05:29:00+00:00,ho-chennai,0,routing
2026-07-18 05:29:30+00:00,br-whitefield,0,routing
2026-07-18 05:29:30+00:00,ho-chennai,0,routing
2026-07-18 05:29:30+00:00,br-koramangala,0,routing
2026-07-18 05:29:30+00:00,zo-bengaluru,0,routing
2026-07-18 05:30:00+00:00,br-koramangala,0,routing
2026-07-18 05:30:00+00:00,zo-bengaluru,0,routing
2026-07-18 05:30:00+00:00,br-whitefield,0,routing
2026-07-18 05:30:00+00:00,ho-chennai,0,routing
2026-07-18 05:30:30+00:00,br-whitefield,0,routing
2026-07-18 05:30:30+00:00,ho-chennai,0,routing
2026-07-18 05:30:30+00:00,br-koramangala,0,routing
2026-07-18 05:30:30+00:00,zo-bengaluru,0,routing
2026-07-18 05:31:00+00:00,br-koramangala,0,routing
2026-07-18 05:31:00+00:00,zo-bengaluru,0,routing
2026-07-18 05:31:00+00:00,br-whitefield,0,routing
2026-07-18 05:31:00+00:00,ho-chennai,0,routing
2026-07-18 05:31:30+00:00,br-whitefield,0,routing
2026-07-18 05:31:30+00:00,ho-chennai,0,routing
2026-07-18 05:31:30+00:00,br-koramangala,0,routing
2026-07-18 05:31:30+00:00,zo-bengaluru,0,routing
2026-07-18 05:32:00+00:00,br-koramangala,0,routing
2026-07-18 05:32:00+00:00,zo-bengaluru,0,routing
2026-07-18 05:32:00+00:00,br-whitefield,0,routing
2026-07-18 05:32:00+00:00,ho-chennai,0,routing
2026-07-18 05:32:30+00:00,br-whitefield,0,routing
2026-07-18 05:32:30+00:00,ho-chennai,0,routing
2026-07-18 05:32:30+00:00,br-koramangala,0,routing
2026-07-18 05:32:30+00:00,zo-bengaluru,0,routing
2026-07-18 05:33:00+00:00,br-koramangala,0,routing
2026-07-18 05:33:00+00:00,zo-bengaluru,0,routing
2026-07-18 05:33:00+00:00,br-whitefield,0,routing
2026-07-18 05:33:00+00:00,ho-chennai,0,routing
2026-07-18 05:33:30+00:00,br-whitefield,0,routing
2026-07-18 05:33:30+00:00,ho-chennai,0,routing
2026-07-18 05:33:30+00:00,br-koramangala,0,routing
2026-07-18 05:33:30+00:00,zo-bengaluru,0,routing
2026-07-18 05:34:00+00:00,br-koramangala,0,routing
2026-07-18 05:34:00+00:00,zo-bengaluru,0,routing
2026-07-18 05:34:00+00:00,br-whitefield,0,routing
2026-07-18 05:34:00+00:00,ho-chennai,0,routing
2026-07-18 05:34:30+00:00,br-whitefield,0,routing
2026-07-18 05:34:30+00:00,ho-chennai,0,routing
2026-07-18 05:34:30+00:00,br-koramangala,0,routing
2026-07-18 05:34:30+00:00,zo-bengaluru,0,routing
2026-07-18 05:35:00+00:00,br-koramangala,0,routing
2026-07-18 05:35:00+00:00,zo-bengaluru,0,routing
2026-07-18 05:35:00+00:00,br-whitefield,0,routing
2026-07-18 05:35:00+00:00,ho-chennai,0,routing
2026-07-18 05:35:30+00:00,br-whitefield,0,routing
2026-07-18 05:35:30+00:00,ho-chennai,0,routing
2026-07-18 05:35:30+00:00,br-koramangala,0,routing
2026-07-18 05:35:30+00:00,zo-bengaluru,0,routing
2026-07-18 05:36:00+00:00,br-koramangala,0,routing
2026-07-18 05:36:00+00:00,zo-bengaluru,0,routing
2026-07-18 05:36:00+00:00,br-whitefield,0,routing
2026-07-18 05:36:00+00:00,ho-chennai,0,routing
2026-07-18 05:36:30+00:00,br-whitefield,0,routing
2026-07-18 05:36:30+00:00,ho-chennai,0,routing
2026-07-18 05:36:30+00:00,br-koramangala,0,routing
2026-07-18 05:36:30+00:00,zo-bengaluru,0,routing
2026-07-18 05:37:00+00:00,br-koramangala,0,routing
2026-07-18 05:37:00+00:00,zo-bengaluru,0,routing
2026-07-18 05:37:00+00:00,br-whitefield,0,routing
2026-07-18 05:37:00+00:00,ho-chennai,0,routing
2026-07-18 05:37:30+00:00,br-whitefield,0,routing
2026-07-18 05:37:30+00:00,ho-chennai,0,routing
2026-07-18 05:37:30+00:00,br-koramangala,0,routing
2026-07-18 05:37:30+00:00,zo-bengaluru,0,routing
2026-07-18 05:38:00+00:00,br-koramangala,0,routing
2026-07-18 05:38:00+00:00,zo-bengaluru,0,routing
2026-07-18 05:38:00+00:00,br-whitefield,0,routing
2026-07-18 05:38:00+00:00,ho-chennai,0,routing
2026-07-18 05:38:30+00:00,br-whitefield,0,routing
2026-07-18 05:38:30+00:00,ho-chennai,0,routing
2026-07-18 05:38:30+00:00,br-koramangala,0,routing
2026-07-18 05:38:30+00:00,zo-bengaluru,0,routing
2026-07-18 05:39:00+00:00,br-koramangala,0,routing
2026-07-18 05:39:00+00:00,zo-bengaluru,0,routing
2026-07-18 05:39:00+00:00,br-whitefield,0,routing
2026-07-18 05:39:00+00:00,ho-chennai,0,routing
2026-07-18 05:39:30+00:00,br-whitefield,0,routing
2026-07-18 05:39:30+00:00,ho-chennai,0,routing
2026-07-18 05:39:30+00:00,br-koramangala,0,routing
2026-07-18 05:39:30+00:00,zo-bengaluru,0,routing
2026-07-18 05:40:00+00:00,br-koramangala,0,routing
2026-07-18 05:40:00+00:00,zo-bengaluru,0,routing
2026-07-18 05:40:00+00:00,br-whitefield,0,routing
2026-07-18 05:40:00+00:00,ho-chennai,0,routing
2026-07-18 05:40:30+00:00,br-whitefield,0,routing
2026-07-18 05:40:30+00:00,ho-chennai,0,routing
2026-07-18 05:40:30+00:00,br-koramangala,0,routing
2026-07-18 05:40:30+00:00,zo-bengaluru,0,routing
2026-07-18 05:41:00+00:00,br-koramangala,0,routing
2026-07-18 05:41:00+00:00,zo-bengaluru,0,routing
2026-07-18 05:41:00+00:00,br-whitefield,0,routing
2026-07-18 05:41:00+00:00,ho-chennai,0,routing
2026-07-18 05:41:30+00:00,br-whitefield,0,routing
2026-07-18 05:41:30+00:00,ho-chennai,0,routing
2026-07-18 05:41:30+00:00,br-koramangala,0,routing
2026-07-18 05:41:30+00:00,zo-bengaluru,0,routing
2026-07-18 05:42:00+00:00,br-koramangala,0,routing
2026-07-18 05:42:00+00:00,zo-bengaluru,0,routing
2026-07-18 05:42:00+00:00,br-whitefield,0,routing
2026-07-18 05:42:00+00:00,ho-chennai,0,routing
2026-07-18 05:42:30+00:00,br-whitefield,0,routing
2026-07-18 05:42:30+00:00,ho-chennai,0,routing
2026-07-18 05:42:30+00:00,br-koramangala,0,routing
2026-07-18 05:42:30+00:00,zo-bengaluru,0,routing
2026-07-18 05:43:00+00:00,br-koramangala,0,routing
2026-07-18 05:43:00+00:00,zo-bengaluru,0,routing
2026-07-18 05:43:00+00:00,br-whitefield,0,routing
2026-07-18 05:43:00+00:00,ho-chennai,0,routing
2026-07-18 05:43:30+00:00,br-whitefield,0,routing
2026-07-18 05:43:30+00:00,ho-chennai,0,routing
2026-07-18 05:43:30+00:00,br-koramangala,0,routing
2026-07-18 05:43:30+00:00,zo-bengaluru,0,routing
2026-07-18 05:44:00+00:00,br-koramangala,0,routing
2026-07-18 05:44:00+00:00,zo-bengaluru,0,routing
2026-07-18 05:44:00+00:00,br-whitefield,0,routing
2026-07-18 05:44:00+00:00,ho-chennai,0,routing
2026-07-18 05:44:30+00:00,br-whitefield,0,routing
2026-07-18 05:44:30+00:00,ho-chennai,0,routing
2026-07-18 05:44:30+00:00,br-koramangala,0,routing
2026-07-18 05:44:30+00:00,zo-bengaluru,0,routing
2026-07-18 05:45:00+00:00,br-koramangala,0,routing
2026-07-18 05:45:00+00:00,zo-bengaluru,0,routing
2026-07-18 05:45:00+00:00,br-whitefield,0,routing
2026-07-18 05:45:00+00:00,ho-chennai,0,routing
2026-07-18 05:45:30+00:00,br-whitefield,0,routing
2026-07-18 05:45:30+00:00,ho-chennai,0,routing
2026-07-18 05:45:30+00:00,br-koramangala,0,routing
2026-07-18 05:45:30+00:00,zo-bengaluru,0,routing
2026-07-18 05:46:00+00:00,br-koramangala,0,routing
2026-07-18 05:46:00+00:00,zo-bengaluru,0,routing
2026-07-18 05:46:00+00:00,br-whitefield,0,routing
2026-07-18 05:46:00+00:00,ho-chennai,0,routing
2026-07-18 05:46:30+00:00,br-whitefield,0,routing
2026-07-18 05:46:30+00:00,ho-chennai,0,routing
2026-07-18 05:46:30+00:00,br-koramangala,0,routing
2026-07-18 05:46:30+00:00,zo-bengaluru,0,routing
2026-07-18 05:47:00+00:00,br-koramangala,0,routing
2026-07-18 05:47:00+00:00,zo-bengaluru,0,routing
2026-07-18 05:47:00+00:00,br-whitefield,0,routing
2026-07-18 05:47:00+00:00,ho-chennai,0,routing
2026-07-18 05:47:30+00:00,br-whitefield,0,routing
2026-07-18 05:47:30+00:00,ho-chennai,0,routing
2026-07-18 05:47:30+00:00,br-koramangala,0,routing
2026-07-18 05:47:30+00:00,zo-bengaluru,0,routing
2026-07-18 05:48:00+00:00,br-koramangala,0,routing
2026-07-18 05:48:00+00:00,zo-bengaluru,0,routing
2026-07-18 05:48:00+00:00,br-whitefield,0,routing
2026-07-18 05:48:00+00:00,ho-chennai,0,routing
2026-07-18 05:48:30+00:00,br-whitefield,0,routing
2026-07-18 05:48:30+00:00,ho-chennai,0,routing
2026-07-18 05:48:30+00:00,br-koramangala,0,routing
2026-07-18 05:48:30+00:00,zo-bengaluru,0,routing
2026-07-18 05:49:00+00:00,br-koramangala,0,routing
2026-07-18 05:49:00+00:00,zo-bengaluru,0,routing
2026-07-18 05:49:00+00:00,br-whitefield,0,routing
2026-07-18 05:49:00+00:00,ho-chennai,0,routing
2026-07-18 05:49:30+00:00,br-whitefield,0,routing
2026-07-18 05:49:30+00:00,ho-chennai,0,routing
2026-07-18 05:49:30+00:00,br-koramangala,0,routing
2026-07-18 05:49:30+00:00,zo-bengaluru,0,routing
2026-07-18 05:50:00+00:00,br-koramangala,0,routing
2026-07-18 05:50:00+00:00,zo-bengaluru,0,routing
2026-07-18 05:50:00+00:00,br-whitefield,0,routing
2026-07-18 05:50:00+00:00,ho-chennai,0,routing
2026-07-18 05:50:30+00:00,br-whitefield,0,routing
2026-07-18 05:50:30+00:00,ho-chennai,0,routing
2026-07-18 05:50:30+00:00,br-koramangala,0,routing
2026-07-18 05:50:30+00:00,zo-bengaluru,0,routing
2026-07-18 05:51:00+00:00,br-koramangala,0,routing
2026-07-18 05:51:00+00:00,zo-bengaluru,0,routing
2026-07-18 05:51:00+00:00,br-whitefield,0,routing
2026-07-18 05:51:00+00:00,ho-chennai,0,routing
2026-07-18 05:51:30+00:00,br-whitefield,0,routing
2026-07-18 05:51:30+00:00,ho-chennai,0,routing
2026-07-18 05:51:30+00:00,br-koramangala,0,routing
2026-07-18 05:51:30+00:00,zo-bengaluru,0,routing
2026-07-18 05:52:00+00:00,br-koramangala,0,routing
2026-07-18 05:52:00+00:00,zo-bengaluru,0,routing
2026-07-18 05:52:00+00:00,br-whitefield,0,routing
2026-07-18 05:52:00+00:00,ho-chennai,0,routing
2026-07-18 05:52:30+00:00,br-whitefield,0,routing
2026-07-18 05:52:30+00:00,ho-chennai,0,routing
2026-07-18 05:52:30+00:00,br-koramangala,0,routing
2026-07-18 05:52:30+00:00,zo-bengaluru,0,routing
2026-07-18 05:53:00+00:00,br-koramangala,0,routing
2026-07-18 05:53:00+00:00,zo-bengaluru,0,routing
2026-07-18 05:53:00+00:00,br-whitefield,0,routing
2026-07-18 05:53:00+00:00,ho-chennai,0,routing
2026-07-18 05:53:30+00:00,br-whitefield,0,routing
2026-07-18 05:53:30+00:00,ho-chennai,0,routing
2026-07-18 05:53:30+00:00,br-koramangala,0,routing
2026-07-18 05:53:30+00:00,zo-bengaluru,0,routing
2026-07-18 05:54:00+00:00,br-koramangala,0,routing
2026-07-18 05:54:00+00:00,zo-bengaluru,0,routing
2026-07-18 05:54:00+00:00,br-whitefield,0,routing
2026-07-18 05:54:00+00:00,ho-chennai,0,routing
2026-07-18 05:54:30+00:00,br-whitefield,0,routing
2026-07-18 05:54:30+00:00,ho-chennai,0,routing
2026-07-18 05:54:30+00:00,br-koramangala,0,routing
2026-07-18 05:54:30+00:00,zo-bengaluru,0,routing
2026-07-18 05:55:00+00:00,br-koramangala,0,routing
2026-07-18 05:55:00+00:00,zo-bengaluru,0,routing
2026-07-18 05:55:00+00:00,br-whitefield,0,routing
2026-07-18 05:55:00+00:00,ho-chennai,0,routing
2026-07-18 05:55:30+00:00,br-whitefield,0,routing
2026-07-18 05:55:30+00:00,ho-chennai,0,routing
2026-07-18 05:55:30+00:00,br-koramangala,0,routing
2026-07-18 05:55:30+00:00,zo-bengaluru,0,routing
2026-07-18 05:56:00+00:00,br-koramangala,0,routing
2026-07-18 05:56:00+00:00,zo-bengaluru,0,routing
2026-07-18 05:56:00+00:00,br-whitefield,0,routing
2026-07-18 05:56:00+00:00,ho-chennai,0,routing
2026-07-18 05:56:30+00:00,br-whitefield,0,routing
2026-07-18 05:56:30+00:00,ho-chennai,0,routing
2026-07-18 05:56:30+00:00,br-koramangala,0,routing
2026-07-18 05:56:30+00:00,zo-bengaluru,0,routing
2026-07-18 05:57:00+00:00,br-koramangala,0,routing
2026-07-18 05:57:00+00:00,zo-bengaluru,0,routing
2026-07-18 05:57:00+00:00,br-whitefield,0,routing
2026-07-18 05:57:00+00:00,ho-chennai,0,routing
2026-07-18 05:57:30+00:00,br-whitefield,0,routing
2026-07-18 05:57:30+00:00,ho-chennai,0,routing
2026-07-18 05:57:30+00:00,br-koramangala,0,routing
2026-07-18 05:57:30+00:00,zo-bengaluru,0,routing
2026-07-18 05:58:00+00:00,br-koramangala,0,routing
2026-07-18 05:58:00+00:00,zo-bengaluru,0,routing
2026-07-18 05:58:00+00:00,br-whitefield,0,routing
2026-07-18 05:58:00+00:00,ho-chennai,0,routing
2026-07-18 05:58:30+00:00,br-whitefield,0,routing
2026-07-18 05:58:30+00:00,ho-chennai,0,routing
2026-07-18 05:58:30+00:00,br-koramangala,0,routing
2026-07-18 05:58:30+00:00,zo-bengaluru,0,routing
2026-07-18 05:59:00+00:00,br-koramangala,0,routing
2026-07-18 05:59:00+00:00,zo-bengaluru,0,routing
2026-07-18 05:59:00+00:00,br-whitefield,0,routing
2026-07-18 05:59:00+00:00,ho-chennai,0,routing
2026-07-18 05:59:30+00:00,br-whitefield,0,routing
2026-07-18 05:59:30+00:00,ho-chennai,0,routing
2026-07-18 05:59:30+00:00,br-koramangala,0,routing
2026-07-18 05:59:30+00:00,zo-bengaluru,0,routing
2026-07-18 06:00:00+00:00,br-koramangala,0,routing
2026-07-18 06:00:00+00:00,zo-bengaluru,0,routing
2026-07-18 06:00:00+00:00,br-whitefield,0,routing
2026-07-18 06:00:00+00:00,ho-chennai,0,routing
2026-07-18 06:00:30+00:00,br-whitefield,0,routing
2026-07-18 06:00:30+00:00,ho-chennai,0,routing
2026-07-18 06:00:30+00:00,br-koramangala,0,routing
2026-07-18 06:00:30+00:00,zo-bengaluru,0,routing
2026-07-18 06:01:00+00:00,br-koramangala,0,routing
2026-07-18 06:01:00+00:00,zo-bengaluru,0,routing
2026-07-18 06:01:00+00:00,br-whitefield,0,routing
2026-07-18 06:01:00+00:00,ho-chennai,0,routing
2026-07-18 06:01:30+00:00,br-whitefield,0,routing
2026-07-18 06:01:30+00:00,ho-chennai,0,routing
2026-07-18 06:01:30+00:00,br-koramangala,0,routing
2026-07-18 06:01:30+00:00,zo-bengaluru,0,routing
2026-07-18 06:02:00+00:00,br-koramangala,0,routing
2026-07-18 06:02:00+00:00,zo-bengaluru,0,routing
2026-07-18 06:02:00+00:00,br-whitefield,0,routing
2026-07-18 06:02:00+00:00,ho-chennai,0,routing
2026-07-18 06:02:30+00:00,br-whitefield,0,routing
2026-07-18 06:02:30+00:00,ho-chennai,0,routing
2026-07-18 06:02:30+00:00,br-koramangala,0,routing
2026-07-18 06:02:30+00:00,zo-bengaluru,0,routing
2026-07-18 06:03:00+00:00,br-koramangala,0,routing
2026-07-18 06:03:00+00:00,zo-bengaluru,0,routing
2026-07-18 06:03:00+00:00,br-whitefield,0,routing
2026-07-18 06:03:00+00:00,ho-chennai,0,routing
2026-07-18 06:03:30+00:00,br-whitefield,0,routing
2026-07-18 06:03:30+00:00,ho-chennai,0,routing
2026-07-18 06:03:30+00:00,br-koramangala,0,routing
2026-07-18 06:03:30+00:00,zo-bengaluru,0,routing
2026-07-18 06:04:00+00:00,br-koramangala,0,routing
2026-07-18 06:04:00+00:00,zo-bengaluru,0,routing
2026-07-18 06:04:00+00:00,br-whitefield,0,routing
2026-07-18 06:04:00+00:00,ho-chennai,0,routing
2026-07-18 06:04:30+00:00,br-whitefield,0,routing
2026-07-18 06:04:30+00:00,ho-chennai,0,routing
2026-07-18 06:04:30+00:00,br-koramangala,0,routing
2026-07-18 06:04:30+00:00,zo-bengaluru,0,routing
2026-07-18 06:05:00+00:00,br-koramangala,0,routing
2026-07-18 06:05:00+00:00,zo-bengaluru,0,routing
2026-07-18 06:05:00+00:00,br-whitefield,0,routing
2026-07-18 06:05:00+00:00,ho-chennai,0,routing
2026-07-18 06:05:30+00:00,br-whitefield,0,routing
2026-07-18 06:05:30+00:00,ho-chennai,0,routing
2026-07-18 06:05:30+00:00,br-koramangala,0,routing
2026-07-18 06:05:30+00:00,zo-bengaluru,0,routing
2026-07-18 06:06:00+00:00,br-koramangala,0,routing
2026-07-18 06:06:00+00:00,zo-bengaluru,0,routing
2026-07-18 06:06:00+00:00,br-whitefield,0,routing
2026-07-18 06:06:00+00:00,ho-chennai,0,routing
2026-07-18 06:06:30+00:00,br-whitefield,0,routing
2026-07-18 06:06:30+00:00,ho-chennai,0,routing
2026-07-18 06:06:30+00:00,br-koramangala,0,routing
2026-07-18 06:06:30+00:00,zo-bengaluru,0,routing
2026-07-18 06:07:00+00:00,br-koramangala,0,routing
2026-07-18 06:07:00+00:00,zo-bengaluru,0,routing
2026-07-18 06:07:00+00:00,br-whitefield,0,routing
2026-07-18 06:07:00+00:00,ho-chennai,0,routing
2026-07-18 06:07:30+00:00,br-whitefield,0,routing
2026-07-18 06:07:30+00:00,ho-chennai,0,routing
2026-07-18 06:07:30+00:00,br-koramangala,0,routing
2026-07-18 06:07:30+00:00,zo-bengaluru,0,routing
2026-07-18 06:08:00+00:00,br-koramangala,0,routing
2026-07-18 06:08:00+00:00,zo-bengaluru,0,routing
2026-07-18 06:08:00+00:00,br-whitefield,0,routing
2026-07-18 06:08:00+00:00,ho-chennai,0,routing
2026-07-18 06:08:30+00:00,br-whitefield,0,routing
2026-07-18 06:08:30+00:00,ho-chennai,0,routing
2026-07-18 06:08:30+00:00,br-koramangala,0,routing
2026-07-18 06:08:30+00:00,zo-bengaluru,0,routing
2026-07-18 06:09:00+00:00,br-koramangala,0,routing
2026-07-18 06:09:00+00:00,zo-bengaluru,0,routing
2026-07-18 06:09:00+00:00,br-whitefield,0,routing
2026-07-18 06:09:00+00:00,ho-chennai,0,routing
2026-07-18 06:09:30+00:00,br-whitefield,0,routing
2026-07-18 06:09:30+00:00,ho-chennai,0,routing
2026-07-18 06:09:30+00:00,br-koramangala,0,routing
2026-07-18 06:09:30+00:00,zo-bengaluru,0,routing
2026-07-18 06:10:00+00:00,br-koramangala,0,routing
2026-07-18 06:10:00+00:00,zo-bengaluru,0,routing
2026-07-18 06:10:00+00:00,br-whitefield,0,routing
2026-07-18 06:10:00+00:00,ho-chennai,0,routing
2026-07-18 06:10:30+00:00,br-whitefield,0,routing
2026-07-18 06:10:30+00:00,ho-chennai,0,routing
2026-07-18 06:10:30+00:00,br-koramangala,0,routing
2026-07-18 06:10:30+00:00,zo-bengaluru,0,routing
2026-07-18 06:11:00+00:00,br-koramangala,0,routing
2026-07-18 06:11:00+00:00,zo-bengaluru,0,routing
2026-07-18 06:11:00+00:00,br-whitefield,0,routing
2026-07-18 06:11:00+00:00,ho-chennai,0,routing
2026-07-18 06:11:30+00:00,br-whitefield,0,routing
2026-07-18 06:11:30+00:00,ho-chennai,0,routing
2026-07-18 06:11:30+00:00,br-koramangala,0,routing
2026-07-18 06:11:30+00:00,zo-bengaluru,0,routing
2026-07-18 06:12:00+00:00,br-koramangala,0,routing
2026-07-18 06:12:00+00:00,zo-bengaluru,0,routing
2026-07-18 06:12:00+00:00,br-whitefield,0,routing
2026-07-18 06:12:00+00:00,ho-chennai,0,routing
2026-07-18 06:12:30+00:00,br-whitefield,0,routing
2026-07-18 06:12:30+00:00,ho-chennai,0,routing
2026-07-18 06:12:30+00:00,br-koramangala,0,routing
2026-07-18 06:12:30+00:00,zo-bengaluru,0,routing
2026-07-18 06:13:00+00:00,br-koramangala,0,routing
2026-07-18 06:13:00+00:00,zo-bengaluru,0,routing
2026-07-18 06:13:00+00:00,br-whitefield,0,routing
2026-07-18 06:13:00+00:00,ho-chennai,0,routing
2026-07-18 06:13:30+00:00,br-whitefield,0,routing
2026-07-18 06:13:30+00:00,ho-chennai,0,routing
2026-07-18 06:13:30+00:00,br-koramangala,0,routing
2026-07-18 06:13:30+00:00,zo-bengaluru,0,routing
2026-07-18 06:14:00+00:00,br-koramangala,0,routing
2026-07-18 06:14:00+00:00,zo-bengaluru,0,routing
2026-07-18 06:14:00+00:00,br-whitefield,0,routing
2026-07-18 06:14:00+00:00,ho-chennai,0,routing
2026-07-18 06:14:30+00:00,br-whitefield,0,routing
2026-07-18 06:14:30+00:00,ho-chennai,0,routing
2026-07-18 06:14:30+00:00,br-koramangala,0,routing
2026-07-18 06:14:30+00:00,zo-bengaluru,0,routing
2026-07-18 06:15:00+00:00,br-koramangala,0,routing
2026-07-18 06:15:00+00:00,zo-bengaluru,0,routing
2026-07-18 06:15:00+00:00,br-whitefield,0,routing
2026-07-18 06:15:00+00:00,ho-chennai,0,routing
2026-07-18 06:15:30+00:00,br-whitefield,0,routing
2026-07-18 06:15:30+00:00,ho-chennai,0,routing
2026-07-18 06:15:30+00:00,br-koramangala,0,routing
2026-07-18 06:15:30+00:00,zo-bengaluru,0,routing
2026-07-18 06:16:00+00:00,br-koramangala,0,routing
2026-07-18 06:16:00+00:00,zo-bengaluru,0,routing
2026-07-18 06:16:00+00:00,br-whitefield,0,routing
2026-07-18 06:16:00+00:00,ho-chennai,0,routing
2026-07-18 06:16:30+00:00,br-whitefield,0,routing
2026-07-18 06:16:30+00:00,ho-chennai,0,routing
2026-07-18 06:16:30+00:00,br-koramangala,0,routing
2026-07-18 06:16:30+00:00,zo-bengaluru,0,routing
2026-07-18 06:17:00+00:00,br-koramangala,0,routing
2026-07-18 06:17:00+00:00,zo-bengaluru,0,routing
2026-07-18 06:17:00+00:00,br-whitefield,0,routing
2026-07-18 06:17:00+00:00,ho-chennai,0,routing
2026-07-18 06:17:30+00:00,br-whitefield,0,routing
2026-07-18 06:17:30+00:00,ho-chennai,0,routing
2026-07-18 06:17:30+00:00,br-koramangala,0,routing
2026-07-18 06:17:30+00:00,zo-bengaluru,0,routing
2026-07-18 06:18:00+00:00,br-koramangala,0,routing
2026-07-18 06:18:00+00:00,zo-bengaluru,0,routing
2026-07-18 06:18:00+00:00,br-whitefield,0,routing
2026-07-18 06:18:00+00:00,ho-chennai,0,routing
2026-07-18 06:18:30+00:00,br-whitefield,0,routing
2026-07-18 06:18:30+00:00,ho-chennai,0,routing
2026-07-18 06:18:30+00:00,br-koramangala,0,routing
2026-07-18 06:18:30+00:00,zo-bengaluru,0,routing
2026-07-18 06:19:00+00:00,br-koramangala,0,routing
2026-07-18 06:19:00+00:00,zo-bengaluru,0,routing
2026-07-18 06:19:00+00:00,br-whitefield,0,routing
2026-07-18 06:19:00+00:00,ho-chennai,0,routing
2026-07-18 06:19:30+00:00,br-whitefield,0,routing
2026-07-18 06:19:30+00:00,ho-chennai,0,routing
2026-07-18 06:19:30+00:00,br-koramangala,0,routing
2026-07-18 06:19:30+00:00,zo-bengaluru,0,routing
2026-07-18 06:20:00+00:00,br-koramangala,0,routing
2026-07-18 06:20:00+00:00,zo-bengaluru,0,routing
2026-07-18 06:20:00+00:00,br-whitefield,0,routing
2026-07-18 06:20:00+00:00,ho-chennai,0,routing
2026-07-18 06:20:30+00:00,br-whitefield,0,routing
2026-07-18 06:20:30+00:00,ho-chennai,0,routing
2026-07-18 06:20:30+00:00,br-koramangala,0,routing
2026-07-18 06:20:30+00:00,zo-bengaluru,0,routing
2026-07-18 06:21:00+00:00,br-koramangala,0,routing
2026-07-18 06:21:00+00:00,zo-bengaluru,0,routing
2026-07-18 06:21:00+00:00,br-whitefield,0,routing
2026-07-18 06:21:00+00:00,ho-chennai,0,routing
2026-07-18 06:21:30+00:00,br-whitefield,0,routing
2026-07-18 06:21:30+00:00,ho-chennai,0,routing
2026-07-18 06:21:30+00:00,br-koramangala,0,routing
2026-07-18 06:21:30+00:00,zo-bengaluru,0,routing
2026-07-18 06:22:00+00:00,br-koramangala,0,routing
2026-07-18 06:22:00+00:00,zo-bengaluru,0,routing
2026-07-18 06:22:00+00:00,br-whitefield,0,routing
2026-07-18 06:22:00+00:00,ho-chennai,0,routing
2026-07-18 06:22:30+00:00,br-whitefield,0,routing
2026-07-18 06:22:30+00:00,ho-chennai,0,routing
2026-07-18 06:22:30+00:00,br-koramangala,0,routing
2026-07-18 06:22:30+00:00,zo-bengaluru,0,routing
2026-07-18 06:23:00+00:00,br-koramangala,0,routing
2026-07-18 06:23:00+00:00,zo-bengaluru,0,routing
2026-07-18 06:23:00+00:00,br-whitefield,0,routing
2026-07-18 06:23:00+00:00,ho-chennai,0,routing
2026-07-18 06:23:30+00:00,br-whitefield,0,routing
2026-07-18 06:23:30+00:00,ho-chennai,0,routing
2026-07-18 06:23:30+00:00,br-koramangala,0,routing
2026-07-18 06:23:30+00:00,zo-bengaluru,0,routing
2026-07-18 06:24:00+00:00,br-koramangala,0,routing
2026-07-18 06:24:00+00:00,zo-bengaluru,0,routing
2026-07-18 06:24:00+00:00,br-whitefield,0,routing
2026-07-18 06:24:00+00:00,ho-chennai,0,routing
2026-07-18 06:24:30+00:00,br-whitefield,0,routing
2026-07-18 06:24:30+00:00,ho-chennai,0,routing
2026-07-18 06:24:30+00:00,br-koramangala,0,routing
2026-07-18 06:24:30+00:00,zo-bengaluru,0,routing
2026-07-18 06:25:00+00:00,br-koramangala,0,routing
2026-07-18 06:25:00+00:00,zo-bengaluru,0,routing
2026-07-18 06:25:00+00:00,br-whitefield,0,routing
2026-07-18 06:25:00+00:00,ho-chennai,0,routing
2026-07-18 06:25:30+00:00,br-whitefield,0,routing
2026-07-18 06:25:30+00:00,ho-chennai,0,routing
2026-07-18 06:25:30+00:00,br-koramangala,0,routing
2026-07-18 06:25:30+00:00,zo-bengaluru,0,routing
2026-07-18 06:26:00+00:00,br-koramangala,0,routing
2026-07-18 06:26:00+00:00,zo-bengaluru,0,routing
2026-07-18 06:26:00+00:00,br-whitefield,0,routing
2026-07-18 06:26:00+00:00,ho-chennai,0,routing
2026-07-18 06:26:30+00:00,br-whitefield,0,routing
2026-07-18 06:26:30+00:00,ho-chennai,0,routing
2026-07-18 06:26:30+00:00,br-koramangala,0,routing
2026-07-18 06:26:30+00:00,zo-bengaluru,0,routing
2026-07-18 06:27:00+00:00,br-koramangala,0,routing
2026-07-18 06:27:00+00:00,zo-bengaluru,0,routing
2026-07-18 06:27:00+00:00,br-whitefield,0,routing
2026-07-18 06:27:00+00:00,ho-chennai,0,routing
2026-07-18 06:27:30+00:00,br-whitefield,0,routing
2026-07-18 06:27:30+00:00,ho-chennai,0,routing
2026-07-18 06:27:30+00:00,br-koramangala,0,routing
2026-07-18 06:27:30+00:00,zo-bengaluru,0,routing
2026-07-18 06:28:00+00:00,br-koramangala,0,routing
2026-07-18 06:28:00+00:00,zo-bengaluru,0,routing
2026-07-18 06:28:00+00:00,br-whitefield,0,routing
2026-07-18 06:28:00+00:00,ho-chennai,0,routing
2026-07-18 06:28:30+00:00,br-whitefield,0,routing
2026-07-18 06:28:30+00:00,ho-chennai,0,routing
2026-07-18 06:28:30+00:00,br-koramangala,0,routing
2026-07-18 06:28:30+00:00,zo-bengaluru,0,routing
2026-07-18 06:29:00+00:00,br-koramangala,0,routing
2026-07-18 06:29:00+00:00,zo-bengaluru,0,routing
2026-07-18 06:29:00+00:00,br-whitefield,0,routing
2026-07-18 06:29:00+00:00,ho-chennai,0,routing
2026-07-18 06:29:30+00:00,br-whitefield,0,routing
2026-07-18 06:29:30+00:00,ho-chennai,0,routing
2026-07-18 06:29:30+00:00,br-koramangala,0,routing
2026-07-18 06:29:30+00:00,zo-bengaluru,0,routing
2026-07-18 06:30:00+00:00,br-koramangala,0,routing
2026-07-18 06:30:00+00:00,zo-bengaluru,0,routing
2026-07-18 06:30:00+00:00,br-whitefield,0,routing
2026-07-18 06:30:00+00:00,ho-chennai,0,routing
2026-07-18 06:30:30+00:00,br-whitefield,0,routing
2026-07-18 06:30:30+00:00,ho-chennai,0,routing
2026-07-18 06:30:30+00:00,br-koramangala,0,routing
2026-07-18 06:30:30+00:00,zo-bengaluru,0,routing
2026-07-18 06:31:00+00:00,br-koramangala,0,routing
2026-07-18 06:31:00+00:00,zo-bengaluru,0,routing
2026-07-18 06:31:00+00:00,br-whitefield,0,routing
2026-07-18 06:31:00+00:00,ho-chennai,0,routing
2026-07-18 06:31:30+00:00,br-whitefield,0,routing
2026-07-18 06:31:30+00:00,ho-chennai,0,routing
2026-07-18 06:31:30+00:00,br-koramangala,0,routing
2026-07-18 06:31:30+00:00,zo-bengaluru,0,routing
2026-07-18 06:32:00+00:00,br-koramangala,0,routing
2026-07-18 06:32:00+00:00,zo-bengaluru,0,routing
2026-07-18 06:32:00+00:00,br-whitefield,0,routing
2026-07-18 06:32:00+00:00,ho-chennai,0,routing
2026-07-18 06:32:30+00:00,br-whitefield,0,routing
2026-07-18 06:32:30+00:00,ho-chennai,0,routing
2026-07-18 06:32:30+00:00,br-koramangala,0,routing
2026-07-18 06:32:30+00:00,zo-bengaluru,0,routing
2026-07-18 06:33:00+00:00,br-koramangala,0,routing
2026-07-18 06:33:00+00:00,zo-bengaluru,0,routing
2026-07-18 06:33:00+00:00,br-whitefield,0,routing
2026-07-18 06:33:00+00:00,ho-chennai,0,routing
2026-07-18 06:33:30+00:00,br-whitefield,0,routing
2026-07-18 06:33:30+00:00,ho-chennai,0,routing
2026-07-18 06:33:30+00:00,br-koramangala,0,routing
2026-07-18 06:33:30+00:00,zo-bengaluru,0,routing
2026-07-18 06:34:00+00:00,br-koramangala,0,routing
2026-07-18 06:34:00+00:00,zo-bengaluru,0,routing
2026-07-18 06:34:00+00:00,br-whitefield,0,routing
2026-07-18 06:34:00+00:00,ho-chennai,0,routing
2026-07-18 06:34:30+00:00,br-whitefield,0,routing
2026-07-18 06:34:30+00:00,ho-chennai,0,routing
2026-07-18 06:34:30+00:00,br-koramangala,0,routing
2026-07-18 06:34:30+00:00,zo-bengaluru,0,routing
2026-07-18 06:35:00+00:00,br-koramangala,0,routing
2026-07-18 06:35:00+00:00,zo-bengaluru,0,routing
2026-07-18 06:35:00+00:00,br-whitefield,0,routing
2026-07-18 06:35:00+00:00,ho-chennai,0,routing
2026-07-18 06:35:30+00:00,br-whitefield,0,routing
2026-07-18 06:35:30+00:00,ho-chennai,0,routing
2026-07-18 06:35:30+00:00,br-koramangala,0,routing
2026-07-18 06:35:30+00:00,zo-bengaluru,0,routing
2026-07-18 06:36:00+00:00,br-koramangala,0,routing
2026-07-18 06:36:00+00:00,zo-bengaluru,0,routing
2026-07-18 06:36:00+00:00,br-whitefield,0,routing
2026-07-18 06:36:00+00:00,ho-chennai,0,routing
2026-07-18 06:36:30+00:00,br-whitefield,0,routing
2026-07-18 06:36:30+00:00,ho-chennai,0,routing
2026-07-18 06:36:30+00:00,br-koramangala,0,routing
2026-07-18 06:36:30+00:00,zo-bengaluru,0,routing
2026-07-18 06:37:00+00:00,br-koramangala,0,routing
2026-07-18 06:37:00+00:00,zo-bengaluru,0,routing
2026-07-18 06:37:00+00:00,br-whitefield,0,routing
2026-07-18 06:37:00+00:00,ho-chennai,0,routing
2026-07-18 06:37:30+00:00,br-whitefield,0,routing
2026-07-18 06:37:30+00:00,ho-chennai,0,routing
2026-07-18 06:37:30+00:00,br-koramangala,0,routing
2026-07-18 06:37:30+00:00,zo-bengaluru,0,routing
2026-07-18 06:38:00+00:00,br-koramangala,0,routing
2026-07-18 06:38:00+00:00,zo-bengaluru,0,routing
2026-07-18 06:38:00+00:00,br-whitefield,0,routing
2026-07-18 06:38:00+00:00,ho-chennai,0,routing
2026-07-18 06:38:30+00:00,br-whitefield,0,routing
2026-07-18 06:38:30+00:00,ho-chennai,0,routing
2026-07-18 06:38:30+00:00,br-koramangala,0,routing
2026-07-18 06:38:30+00:00,zo-bengaluru,0,routing
2026-07-18 06:39:00+00:00,br-koramangala,0,routing
2026-07-18 06:39:00+00:00,zo-bengaluru,0,routing
2026-07-18 06:39:00+00:00,br-whitefield,0,routing
2026-07-18 06:39:00+00:00,ho-chennai,0,routing
2026-07-18 06:39:30+00:00,br-whitefield,0,routing
2026-07-18 06:39:30+00:00,ho-chennai,0,routing
2026-07-18 06:39:30+00:00,br-koramangala,0,routing
2026-07-18 06:39:30+00:00,zo-bengaluru,0,routing
2026-07-18 06:40:00+00:00,br-koramangala,0,routing
2026-07-18 06:40:00+00:00,zo-bengaluru,0,routing
2026-07-18 06:40:00+00:00,br-whitefield,0,routing
2026-07-18 06:40:00+00:00,ho-chennai,0,routing
2026-07-18 06:40:30+00:00,br-whitefield,0,routing
2026-07-18 06:40:30+00:00,ho-chennai,0,routing
2026-07-18 06:40:30+00:00,br-koramangala,0,routing
2026-07-18 06:40:30+00:00,zo-bengaluru,0,routing
2026-07-18 06:41:00+00:00,br-koramangala,0,routing
2026-07-18 06:41:00+00:00,zo-bengaluru,0,routing
2026-07-18 06:41:00+00:00,br-whitefield,0,routing
2026-07-18 06:41:00+00:00,ho-chennai,0,routing
2026-07-18 06:41:30+00:00,br-whitefield,0,routing
2026-07-18 06:41:30+00:00,ho-chennai,0,routing
2026-07-18 06:41:30+00:00,br-koramangala,0,routing
2026-07-18 06:41:30+00:00,zo-bengaluru,0,routing
2026-07-18 06:42:00+00:00,br-koramangala,0,routing
2026-07-18 06:42:00+00:00,zo-bengaluru,0,routing
2026-07-18 06:42:00+00:00,br-whitefield,0,routing
2026-07-18 06:42:00+00:00,ho-chennai,0,routing
2026-07-18 06:42:30+00:00,br-whitefield,0,routing
2026-07-18 06:42:30+00:00,ho-chennai,0,routing
2026-07-18 06:42:30+00:00,br-koramangala,0,routing
2026-07-18 06:42:30+00:00,zo-bengaluru,0,routing
2026-07-18 06:43:00+00:00,br-koramangala,0,routing
2026-07-18 06:43:00+00:00,zo-bengaluru,0,routing
2026-07-18 06:43:00+00:00,br-whitefield,0,routing
2026-07-18 06:43:00+00:00,ho-chennai,0,routing
2026-07-18 06:43:30+00:00,br-whitefield,0,routing
2026-07-18 06:43:30+00:00,ho-chennai,0,routing
2026-07-18 06:43:30+00:00,br-koramangala,0,routing
2026-07-18 06:43:30+00:00,zo-bengaluru,0,routing
2026-07-18 06:44:00+00:00,br-koramangala,0,routing
2026-07-18 06:44:00+00:00,zo-bengaluru,0,routing
2026-07-18 06:44:00+00:00,br-whitefield,0,routing
2026-07-18 06:44:00+00:00,ho-chennai,0,routing
2026-07-18 06:44:30+00:00,br-whitefield,0,routing
2026-07-18 06:44:30+00:00,ho-chennai,0,routing
2026-07-18 06:44:30+00:00,br-koramangala,0,routing
2026-07-18 06:44:30+00:00,zo-bengaluru,0,routing
2026-07-18 06:45:00+00:00,br-koramangala,0,routing
2026-07-18 06:45:00+00:00,zo-bengaluru,0,routing
2026-07-18 06:45:00+00:00,br-whitefield,0,routing
2026-07-18 06:45:00+00:00,ho-chennai,0,routing
2026-07-18 06:45:30+00:00,br-whitefield,0,routing
2026-07-18 06:45:30+00:00,ho-chennai,0,routing
2026-07-18 06:45:30+00:00,br-koramangala,0,routing
2026-07-18 06:45:30+00:00,zo-bengaluru,0,routing
2026-07-18 06:46:00+00:00,br-koramangala,0,routing
2026-07-18 06:46:00+00:00,zo-bengaluru,0,routing
2026-07-18 06:46:00+00:00,br-whitefield,0,routing
2026-07-18 06:46:00+00:00,ho-chennai,0,routing
2026-07-18 06:46:30+00:00,br-whitefield,0,routing
2026-07-18 06:46:30+00:00,ho-chennai,0,routing
2026-07-18 06:46:30+00:00,br-koramangala,0,routing
2026-07-18 06:46:30+00:00,zo-bengaluru,0,routing
2026-07-18 06:47:00+00:00,br-koramangala,0,routing
2026-07-18 06:47:00+00:00,zo-bengaluru,0,routing
2026-07-18 06:47:00+00:00,br-whitefield,0,routing
2026-07-18 06:47:00+00:00,ho-chennai,0,routing
2026-07-18 06:47:30+00:00,br-whitefield,0,routing
2026-07-18 06:47:30+00:00,ho-chennai,0,routing
2026-07-18 06:47:30+00:00,br-koramangala,0,routing
2026-07-18 06:47:30+00:00,zo-bengaluru,0,routing
2026-07-18 06:48:00+00:00,br-koramangala,0,routing
2026-07-18 06:48:00+00:00,zo-bengaluru,0,routing
2026-07-18 06:48:00+00:00,br-whitefield,0,routing
2026-07-18 06:48:00+00:00,ho-chennai,0,routing
2026-07-18 06:48:30+00:00,br-whitefield,0,routing
2026-07-18 06:48:30+00:00,ho-chennai,0,routing
2026-07-18 06:48:30+00:00,br-koramangala,0,routing
2026-07-18 06:48:30+00:00,zo-bengaluru,0,routing
2026-07-18 06:49:00+00:00,br-koramangala,0,routing
2026-07-18 06:49:00+00:00,zo-bengaluru,0,routing
2026-07-18 06:49:00+00:00,br-whitefield,0,routing
2026-07-18 06:49:00+00:00,ho-chennai,0,routing
2026-07-18 06:49:30+00:00,br-whitefield,0,routing
2026-07-18 06:49:30+00:00,ho-chennai,0,routing
2026-07-18 06:49:30+00:00,br-koramangala,0,routing
2026-07-18 06:49:30+00:00,zo-bengaluru,0,routing
2026-07-18 06:50:00+00:00,br-koramangala,0,routing
2026-07-18 06:50:00+00:00,zo-bengaluru,0,routing
2026-07-18 06:50:00+00:00,br-whitefield,0,routing
2026-07-18 06:50:00+00:00,ho-chennai,0,routing
2026-07-18 06:50:30+00:00,br-whitefield,0,routing
2026-07-18 06:50:30+00:00,ho-chennai,0,routing
2026-07-18 06:50:30+00:00,br-koramangala,0,routing
2026-07-18 06:50:30+00:00,zo-bengaluru,0,routing
2026-07-18 06:51:00+00:00,br-koramangala,0,routing
2026-07-18 06:51:00+00:00,zo-bengaluru,0,routing
2026-07-18 06:51:00+00:00,br-whitefield,0,routing
2026-07-18 06:51:00+00:00,ho-chennai,0,routing
2026-07-18 06:51:30+00:00,br-whitefield,0,routing
2026-07-18 06:51:30+00:00,ho-chennai,0,routing
2026-07-18 06:51:30+00:00,br-koramangala,0,routing
2026-07-18 06:51:30+00:00,zo-bengaluru,0,routing
2026-07-18 06:52:00+00:00,br-koramangala,0,routing
2026-07-18 06:52:00+00:00,zo-bengaluru,0,routing
2026-07-18 06:52:00+00:00,br-whitefield,0,routing
2026-07-18 06:52:00+00:00,ho-chennai,0,routing
2026-07-18 06:52:30+00:00,br-whitefield,0,routing
2026-07-18 06:52:30+00:00,ho-chennai,0,routing
2026-07-18 06:52:30+00:00,br-koramangala,0,routing
2026-07-18 06:52:30+00:00,zo-bengaluru,0,routing
2026-07-18 06:53:00+00:00,br-koramangala,0,routing
2026-07-18 06:53:00+00:00,zo-bengaluru,0,routing
2026-07-18 06:53:00+00:00,br-whitefield,0,routing
2026-07-18 06:53:00+00:00,ho-chennai,0,routing
2026-07-18 06:53:30+00:00,br-whitefield,0,routing
2026-07-18 06:53:30+00:00,ho-chennai,0,routing
2026-07-18 06:53:30+00:00,br-koramangala,0,routing
2026-07-18 06:53:30+00:00,zo-bengaluru,0,routing
2026-07-18 06:54:00+00:00,br-koramangala,0,routing
2026-07-18 06:54:00+00:00,zo-bengaluru,0,routing
2026-07-18 06:54:00+00:00,br-whitefield,0,routing
2026-07-18 06:54:00+00:00,ho-chennai,0,routing
2026-07-18 06:54:30+00:00,br-whitefield,0,routing
2026-07-18 06:54:30+00:00,ho-chennai,0,routing
2026-07-18 06:54:30+00:00,br-koramangala,0,routing
2026-07-18 06:54:30+00:00,zo-bengaluru,0,routing
2026-07-18 06:55:00+00:00,br-koramangala,0,routing
2026-07-18 06:55:00+00:00,zo-bengaluru,0,routing
2026-07-18 06:55:00+00:00,br-whitefield,0,routing
2026-07-18 06:55:00+00:00,ho-chennai,0,routing
2026-07-18 06:55:30+00:00,br-whitefield,0,routing
2026-07-18 06:55:30+00:00,ho-chennai,0,routing
2026-07-18 06:55:30+00:00,br-koramangala,0,routing
2026-07-18 06:55:30+00:00,zo-bengaluru,0,routing
2026-07-18 06:56:00+00:00,br-koramangala,0,routing
2026-07-18 06:56:00+00:00,zo-bengaluru,0,routing
2026-07-18 06:56:00+00:00,br-whitefield,0,routing
2026-07-18 06:56:00+00:00,ho-chennai,0,routing
2026-07-18 06:56:30+00:00,br-whitefield,0,routing
2026-07-18 06:56:30+00:00,ho-chennai,0,routing
2026-07-18 06:56:30+00:00,br-koramangala,0,routing
2026-07-18 06:56:30+00:00,zo-bengaluru,0,routing
2026-07-18 06:57:00+00:00,br-koramangala,0,routing
2026-07-18 06:57:00+00:00,zo-bengaluru,0,routing
2026-07-18 06:57:00+00:00,br-whitefield,0,routing
2026-07-18 06:57:00+00:00,ho-chennai,0,routing
2026-07-18 06:57:30+00:00,br-whitefield,0,routing
2026-07-18 06:57:30+00:00,ho-chennai,0,routing
2026-07-18 06:57:30+00:00,br-koramangala,0,routing
2026-07-18 06:57:30+00:00,zo-bengaluru,0,routing
2026-07-18 06:58:00+00:00,br-koramangala,0,routing
2026-07-18 06:58:00+00:00,zo-bengaluru,0,routing
2026-07-18 06:58:00+00:00,br-whitefield,0,routing
2026-07-18 06:58:00+00:00,ho-chennai,0,routing
2026-07-18 06:58:30+00:00,br-whitefield,0,routing
2026-07-18 06:58:30+00:00,ho-chennai,0,routing
2026-07-18 06:58:30+00:00,br-koramangala,0,routing
2026-07-18 06:58:30+00:00,zo-bengaluru,0,routing
2026-07-18 06:59:00+00:00,br-koramangala,0,routing
2026-07-18 06:59:00+00:00,zo-bengaluru,0,routing
2026-07-18 06:59:00+00:00,br-whitefield,0,routing
2026-07-18 06:59:00+00:00,ho-chennai,0,routing
2026-07-18 06:59:30+00:00,br-whitefield,0,routing
2026-07-18 06:59:30+00:00,ho-chennai,0,routing
2026-07-18 06:59:30+00:00,br-koramangala,0,routing
2026-07-18 06:59:30+00:00,zo-bengaluru,0,routing
2026-07-18 07:00:00+00:00,br-koramangala,0,routing
2026-07-18 07:00:00+00:00,zo-bengaluru,0,routing
2026-07-18 07:00:00+00:00,br-whitefield,0,routing
2026-07-18 07:00:00+00:00,ho-chennai,0,routing
2026-07-18 07:00:30+00:00,br-whitefield,0,routing
2026-07-18 07:00:30+00:00,ho-chennai,0,routing
2026-07-18 07:00:30+00:00,br-koramangala,0,routing
2026-07-18 07:00:30+00:00,zo-bengaluru,0,routing
2026-07-18 07:01:00+00:00,br-koramangala,0,routing
2026-07-18 07:01:00+00:00,zo-bengaluru,0,routing
2026-07-18 07:01:00+00:00,br-whitefield,0,routing
2026-07-18 07:01:00+00:00,ho-chennai,0,routing
2026-07-18 07:01:30+00:00,br-whitefield,0,routing
2026-07-18 07:01:30+00:00,ho-chennai,0,routing
2026-07-18 07:01:30+00:00,br-koramangala,0,routing
2026-07-18 07:01:30+00:00,zo-bengaluru,0,routing
2026-07-18 07:02:00+00:00,br-koramangala,0,routing
2026-07-18 07:02:00+00:00,zo-bengaluru,0,routing
2026-07-18 07:02:00+00:00,br-whitefield,0,routing
2026-07-18 07:02:00+00:00,ho-chennai,0,routing
2026-07-18 07:02:30+00:00,br-whitefield,0,routing
2026-07-18 07:02:30+00:00,ho-chennai,0,routing
2026-07-18 07:02:30+00:00,br-koramangala,0,routing
2026-07-18 07:02:30+00:00,zo-bengaluru,0,routing
2026-07-18 07:03:00+00:00,br-koramangala,0,routing
2026-07-18 07:03:00+00:00,zo-bengaluru,0,routing
2026-07-18 07:03:00+00:00,br-whitefield,0,routing
2026-07-18 07:03:00+00:00,ho-chennai,0,routing
2026-07-18 07:03:30+00:00,br-whitefield,0,routing
2026-07-18 07:03:30+00:00,ho-chennai,0,routing
2026-07-18 07:03:30+00:00,br-koramangala,0,routing
2026-07-18 07:03:30+00:00,zo-bengaluru,0,routing
2026-07-18 07:04:00+00:00,br-koramangala,0,routing
2026-07-18 07:04:00+00:00,zo-bengaluru,0,routing
2026-07-18 07:04:00+00:00,br-whitefield,0,routing
2026-07-18 07:04:00+00:00,ho-chennai,0,routing
2026-07-18 07:04:30+00:00,br-whitefield,0,routing
2026-07-18 07:04:30+00:00,ho-chennai,0,routing
2026-07-18 07:04:30+00:00,br-koramangala,0,routing
2026-07-18 07:04:30+00:00,zo-bengaluru,0,routing
2026-07-18 07:05:00+00:00,br-koramangala,0,routing
2026-07-18 07:05:00+00:00,zo-bengaluru,0,routing
2026-07-18 07:05:00+00:00,br-whitefield,0,routing
2026-07-18 07:05:00+00:00,ho-chennai,0,routing
2026-07-18 07:05:30+00:00,br-whitefield,0,routing
2026-07-18 07:05:30+00:00,ho-chennai,0,routing
2026-07-18 07:05:30+00:00,br-koramangala,0,routing
2026-07-18 07:05:30+00:00,zo-bengaluru,0,routing
2026-07-18 07:06:00+00:00,br-koramangala,0,routing
2026-07-18 07:06:00+00:00,zo-bengaluru,0,routing
2026-07-18 07:06:00+00:00,br-whitefield,0,routing
2026-07-18 07:06:00+00:00,ho-chennai,0,routing
2026-07-18 07:06:30+00:00,br-whitefield,0,routing
2026-07-18 07:06:30+00:00,ho-chennai,0,routing
2026-07-18 07:06:30+00:00,br-koramangala,0,routing
2026-07-18 07:06:30+00:00,zo-bengaluru,0,routing
2026-07-18 07:07:00+00:00,br-koramangala,0,routing
2026-07-18 07:07:00+00:00,zo-bengaluru,0,routing
2026-07-18 07:07:00+00:00,br-whitefield,0,routing
2026-07-18 07:07:00+00:00,ho-chennai,0,routing
2026-07-18 07:07:30+00:00,br-whitefield,0,routing
2026-07-18 07:07:30+00:00,ho-chennai,0,routing
2026-07-18 07:07:30+00:00,br-koramangala,0,routing
2026-07-18 07:07:30+00:00,zo-bengaluru,0,routing
2026-07-18 07:08:00+00:00,br-koramangala,0,routing
2026-07-18 07:08:00+00:00,zo-bengaluru,0,routing
2026-07-18 07:08:00+00:00,br-whitefield,0,routing
2026-07-18 07:08:00+00:00,ho-chennai,0,routing
2026-07-18 07:08:30+00:00,br-whitefield,0,routing
2026-07-18 07:08:30+00:00,ho-chennai,0,routing
2026-07-18 07:08:30+00:00,br-koramangala,0,routing
2026-07-18 07:08:30+00:00,zo-bengaluru,0,routing
2026-07-18 07:09:00+00:00,br-koramangala,0,routing
2026-07-18 07:09:00+00:00,zo-bengaluru,0,routing
2026-07-18 07:09:00+00:00,br-whitefield,0,routing
2026-07-18 07:09:00+00:00,ho-chennai,0,routing
2026-07-18 07:09:30+00:00,br-whitefield,0,routing
2026-07-18 07:09:30+00:00,ho-chennai,0,routing
2026-07-18 07:09:30+00:00,br-koramangala,0,routing
2026-07-18 07:09:30+00:00,zo-bengaluru,0,routing
2026-07-18 07:10:00+00:00,br-koramangala,0,routing
2026-07-18 07:10:00+00:00,zo-bengaluru,0,routing
2026-07-18 07:10:00+00:00,br-whitefield,0,routing
2026-07-18 07:10:00+00:00,ho-chennai,0,routing
2026-07-18 07:10:30+00:00,br-whitefield,0,routing
2026-07-18 07:10:30+00:00,ho-chennai,0,routing
2026-07-18 07:10:30+00:00,br-koramangala,0,routing
2026-07-18 07:10:30+00:00,zo-bengaluru,0,routing
2026-07-18 07:11:00+00:00,br-koramangala,0,routing
2026-07-18 07:11:00+00:00,zo-bengaluru,0,routing
2026-07-18 07:11:00+00:00,br-whitefield,0,routing
2026-07-18 07:11:00+00:00,ho-chennai,0,routing
2026-07-18 07:11:30+00:00,br-whitefield,0,routing
2026-07-18 07:11:30+00:00,ho-chennai,0,routing
2026-07-18 07:11:30+00:00,br-koramangala,0,routing
2026-07-18 07:11:30+00:00,zo-bengaluru,0,routing
2026-07-18 07:12:00+00:00,br-koramangala,0,routing
2026-07-18 07:12:00+00:00,zo-bengaluru,0,routing
2026-07-18 07:12:00+00:00,br-whitefield,0,routing
2026-07-18 07:12:00+00:00,ho-chennai,0,routing
2026-07-18 07:12:30+00:00,br-whitefield,0,routing
2026-07-18 07:12:30+00:00,ho-chennai,0,routing
2026-07-18 07:12:30+00:00,br-koramangala,0,routing
2026-07-18 07:12:30+00:00,zo-bengaluru,0,routing
2026-07-18 07:13:00+00:00,br-koramangala,0,routing
2026-07-18 07:13:00+00:00,zo-bengaluru,0,routing
2026-07-18 07:13:00+00:00,br-whitefield,0,routing
2026-07-18 07:13:00+00:00,ho-chennai,0,routing
2026-07-18 07:13:30+00:00,br-whitefield,0,routing
2026-07-18 07:13:30+00:00,ho-chennai,0,routing
2026-07-18 07:13:30+00:00,br-koramangala,0,routing
2026-07-18 07:13:30+00:00,zo-bengaluru,0,routing
2026-07-18 07:14:00+00:00,br-koramangala,0,routing
2026-07-18 07:14:00+00:00,zo-bengaluru,0,routing
2026-07-18 07:14:00+00:00,br-whitefield,0,routing
2026-07-18 07:14:00+00:00,ho-chennai,0,routing
2026-07-18 07:14:30+00:00,br-whitefield,0,routing
2026-07-18 07:14:30+00:00,ho-chennai,0,routing
2026-07-18 07:14:30+00:00,br-koramangala,0,routing
2026-07-18 07:14:30+00:00,zo-bengaluru,0,routing
2026-07-18 07:15:00+00:00,br-koramangala,0,routing
2026-07-18 07:15:00+00:00,zo-bengaluru,0,routing
2026-07-18 07:15:00+00:00,br-whitefield,0,routing
2026-07-18 07:15:00+00:00,ho-chennai,0,routing
2026-07-18 07:15:30+00:00,br-whitefield,0,routing
2026-07-18 07:15:30+00:00,ho-chennai,0,routing
2026-07-18 07:15:30+00:00,br-koramangala,0,routing
2026-07-18 07:15:30+00:00,zo-bengaluru,0,routing
2026-07-18 07:16:00+00:00,br-koramangala,0,routing
2026-07-18 07:16:00+00:00,zo-bengaluru,0,routing
2026-07-18 07:16:00+00:00,br-whitefield,0,routing
2026-07-18 07:16:00+00:00,ho-chennai,0,routing
2026-07-18 07:16:30+00:00,br-whitefield,0,routing
2026-07-18 07:16:30+00:00,ho-chennai,0,routing
2026-07-18 07:16:30+00:00,br-koramangala,0,routing
2026-07-18 07:16:30+00:00,zo-bengaluru,0,routing
2026-07-18 07:17:00+00:00,br-koramangala,0,routing
2026-07-18 07:17:00+00:00,zo-bengaluru,0,routing
2026-07-18 07:17:00+00:00,br-whitefield,0,routing
2026-07-18 07:17:00+00:00,ho-chennai,0,routing
2026-07-18 07:17:30+00:00,br-whitefield,0,routing
2026-07-18 07:17:30+00:00,ho-chennai,0,routing
2026-07-18 07:17:30+00:00,br-koramangala,0,routing
2026-07-18 07:17:30+00:00,zo-bengaluru,0,routing
2026-07-18 07:18:00+00:00,br-koramangala,0,routing
2026-07-18 07:18:00+00:00,zo-bengaluru,0,routing
2026-07-18 07:18:00+00:00,br-whitefield,0,routing
2026-07-18 07:18:00+00:00,ho-chennai,0,routing
2026-07-18 07:18:30+00:00,br-whitefield,0,routing
2026-07-18 07:18:30+00:00,ho-chennai,0,routing
2026-07-18 07:18:30+00:00,br-koramangala,0,routing
2026-07-18 07:18:30+00:00,zo-bengaluru,0,routing
2026-07-18 07:19:00+00:00,br-koramangala,0,routing
2026-07-18 07:19:00+00:00,zo-bengaluru,0,routing
2026-07-18 07:19:00+00:00,br-whitefield,0,routing
2026-07-18 07:19:00+00:00,ho-chennai,0,routing
2026-07-18 07:19:30+00:00,br-whitefield,0,routing
2026-07-18 07:19:30+00:00,ho-chennai,0,routing
2026-07-18 07:19:30+00:00,br-koramangala,0,routing
2026-07-18 07:19:30+00:00,zo-bengaluru,0,routing
2026-07-18 07:20:00+00:00,br-koramangala,0,routing
2026-07-18 07:20:00+00:00,zo-bengaluru,0,routing
2026-07-18 07:20:00+00:00,br-whitefield,0,routing
2026-07-18 07:20:00+00:00,ho-chennai,0,routing
2026-07-18 07:20:30+00:00,br-whitefield,0,routing
2026-07-18 07:20:30+00:00,ho-chennai,0,routing
2026-07-18 07:20:30+00:00,br-koramangala,0,routing
2026-07-18 07:20:30+00:00,zo-bengaluru,0,routing
2026-07-18 07:21:00+00:00,br-koramangala,0,routing
2026-07-18 07:21:00+00:00,zo-bengaluru,0,routing
2026-07-18 07:21:00+00:00,br-whitefield,0,routing
2026-07-18 07:21:00+00:00,ho-chennai,0,routing
2026-07-18 07:21:30+00:00,br-whitefield,0,routing
2026-07-18 07:21:30+00:00,ho-chennai,0,routing
2026-07-18 07:21:30+00:00,br-koramangala,0,routing
2026-07-18 07:21:30+00:00,zo-bengaluru,0,routing
2026-07-18 07:22:00+00:00,br-koramangala,0,routing
2026-07-18 07:22:00+00:00,zo-bengaluru,0,routing
2026-07-18 07:22:00+00:00,br-whitefield,0,routing
2026-07-18 07:22:00+00:00,ho-chennai,0,routing
2026-07-18 07:22:30+00:00,br-whitefield,0,routing
2026-07-18 07:22:30+00:00,ho-chennai,0,routing
2026-07-18 07:22:30+00:00,br-koramangala,0,routing
2026-07-18 07:22:30+00:00,zo-bengaluru,0,routing
2026-07-18 07:23:00+00:00,br-koramangala,0,routing
2026-07-18 07:23:00+00:00,zo-bengaluru,0,routing
2026-07-18 07:23:00+00:00,br-whitefield,0,routing
2026-07-18 07:23:00+00:00,ho-chennai,0,routing
2026-07-18 07:23:30+00:00,br-whitefield,0,routing
2026-07-18 07:23:30+00:00,ho-chennai,0,routing
2026-07-18 07:23:30+00:00,br-koramangala,0,routing
2026-07-18 07:23:30+00:00,zo-bengaluru,0,routing
2026-07-18 07:24:00+00:00,br-koramangala,0,routing
2026-07-18 07:24:00+00:00,zo-bengaluru,0,routing
2026-07-18 07:24:00+00:00,br-whitefield,0,routing
2026-07-18 07:24:00+00:00,ho-chennai,0,routing
2026-07-18 07:24:30+00:00,br-whitefield,0,routing
2026-07-18 07:24:30+00:00,ho-chennai,0,routing
2026-07-18 07:24:30+00:00,br-koramangala,0,routing
2026-07-18 07:24:30+00:00,zo-bengaluru,0,routing
2026-07-18 07:25:00+00:00,br-koramangala,0,routing
2026-07-18 07:25:00+00:00,zo-bengaluru,0,routing
2026-07-18 07:25:00+00:00,br-whitefield,0,routing
2026-07-18 07:25:00+00:00,ho-chennai,0,routing
2026-07-18 07:25:30+00:00,br-whitefield,0,routing
2026-07-18 07:25:30+00:00,ho-chennai,0,routing
2026-07-18 07:25:30+00:00,br-koramangala,0,routing
2026-07-18 07:25:30+00:00,zo-bengaluru,0,routing
2026-07-18 07:26:00+00:00,br-koramangala,0,routing
2026-07-18 07:26:00+00:00,zo-bengaluru,0,routing
2026-07-18 07:26:00+00:00,br-whitefield,0,routing
2026-07-18 07:26:00+00:00,ho-chennai,0,routing
2026-07-18 07:26:30+00:00,br-whitefield,0,routing
2026-07-18 07:26:30+00:00,ho-chennai,0,routing
2026-07-18 07:26:30+00:00,br-koramangala,0,routing
2026-07-18 07:26:30+00:00,zo-bengaluru,0,routing
2026-07-18 07:27:00+00:00,br-koramangala,0,routing
2026-07-18 07:27:00+00:00,zo-bengaluru,0,routing
2026-07-18 07:27:00+00:00,br-whitefield,0,routing
2026-07-18 07:27:00+00:00,ho-chennai,0,routing
2026-07-18 07:27:30+00:00,br-whitefield,0,routing
2026-07-18 07:27:30+00:00,ho-chennai,0,routing
2026-07-18 07:27:30+00:00,br-koramangala,0,routing
2026-07-18 07:27:30+00:00,zo-bengaluru,0,routing
2026-07-18 07:28:00+00:00,br-koramangala,0,routing
2026-07-18 07:28:00+00:00,zo-bengaluru,0,routing
2026-07-18 07:28:00+00:00,br-whitefield,0,routing
2026-07-18 07:28:00+00:00,ho-chennai,0,routing
2026-07-18 07:28:30+00:00,br-whitefield,0,routing
2026-07-18 07:28:30+00:00,ho-chennai,0,routing
2026-07-18 07:28:30+00:00,br-koramangala,0,routing
2026-07-18 07:28:30+00:00,zo-bengaluru,0,routing
2026-07-18 07:29:00+00:00,br-koramangala,0,routing
2026-07-18 07:29:00+00:00,zo-bengaluru,0,routing
2026-07-18 07:29:00+00:00,br-whitefield,0,routing
2026-07-18 07:29:00+00:00,ho-chennai,0,routing
2026-07-18 07:29:30+00:00,br-whitefield,0,routing
2026-07-18 07:29:30+00:00,ho-chennai,0,routing
2026-07-18 07:29:30+00:00,br-koramangala,0,routing
2026-07-18 07:29:30+00:00,zo-bengaluru,0,routing
2026-07-18 07:30:00+00:00,br-koramangala,0,routing
2026-07-18 07:30:00+00:00,zo-bengaluru,0,routing
2026-07-18 07:30:00+00:00,br-whitefield,0,routing
2026-07-18 07:30:00+00:00,ho-chennai,0,routing
2026-07-18 07:30:30+00:00,br-whitefield,0,routing
2026-07-18 07:30:30+00:00,ho-chennai,0,routing
2026-07-18 07:30:30+00:00,br-koramangala,0,routing
2026-07-18 07:30:30+00:00,zo-bengaluru,0,routing
2026-07-18 07:31:00+00:00,br-koramangala,0,routing
2026-07-18 07:31:00+00:00,zo-bengaluru,0,routing
2026-07-18 07:31:00+00:00,br-whitefield,0,routing
2026-07-18 07:31:00+00:00,ho-chennai,0,routing
2026-07-18 07:31:30+00:00,br-whitefield,0,routing
2026-07-18 07:31:30+00:00,ho-chennai,0,routing
2026-07-18 07:31:30+00:00,br-koramangala,0,routing
2026-07-18 07:31:30+00:00,zo-bengaluru,0,routing
2026-07-18 07:32:00+00:00,br-koramangala,0,routing
2026-07-18 07:32:00+00:00,zo-bengaluru,0,routing
2026-07-18 07:32:00+00:00,br-whitefield,0,routing
2026-07-18 07:32:00+00:00,ho-chennai,0,routing
2026-07-18 07:32:30+00:00,br-whitefield,0,routing
2026-07-18 07:32:30+00:00,ho-chennai,0,routing
2026-07-18 07:32:30+00:00,br-koramangala,0,routing
2026-07-18 07:32:30+00:00,zo-bengaluru,0,routing
2026-07-18 07:33:00+00:00,br-koramangala,0,routing
2026-07-18 07:33:00+00:00,zo-bengaluru,0,routing
2026-07-18 07:33:00+00:00,br-whitefield,0,routing
2026-07-18 07:33:00+00:00,ho-chennai,0,routing
2026-07-18 07:33:30+00:00,br-whitefield,0,routing
2026-07-18 07:33:30+00:00,ho-chennai,0,routing
2026-07-18 07:33:30+00:00,br-koramangala,0,routing
2026-07-18 07:33:30+00:00,zo-bengaluru,0,routing
2026-07-18 07:34:00+00:00,br-koramangala,0,routing
2026-07-18 07:34:00+00:00,zo-bengaluru,0,routing
2026-07-18 07:34:00+00:00,br-whitefield,0,routing
2026-07-18 07:34:00+00:00,ho-chennai,0,routing
2026-07-18 07:34:30+00:00,br-whitefield,0,routing
2026-07-18 07:34:30+00:00,ho-chennai,0,routing
2026-07-18 07:34:30+00:00,br-koramangala,0,routing
2026-07-18 07:34:30+00:00,zo-bengaluru,0,routing
2026-07-18 07:35:00+00:00,br-koramangala,0,routing
2026-07-18 07:35:00+00:00,zo-bengaluru,0,routing
2026-07-18 07:35:00+00:00,br-whitefield,0,routing
2026-07-18 07:35:00+00:00,ho-chennai,0,routing
2026-07-18 07:35:30+00:00,br-whitefield,0,routing
2026-07-18 07:35:30+00:00,ho-chennai,0,routing
2026-07-18 07:35:30+00:00,br-koramangala,0,routing
2026-07-18 07:35:30+00:00,zo-bengaluru,0,routing
2026-07-18 07:36:00+00:00,br-koramangala,0,routing
2026-07-18 07:36:00+00:00,zo-bengaluru,0,routing
2026-07-18 07:36:00+00:00,br-whitefield,0,routing
2026-07-18 07:36:00+00:00,ho-chennai,0,routing
2026-07-18 07:36:30+00:00,br-whitefield,0,routing
2026-07-18 07:36:30+00:00,ho-chennai,0,routing
2026-07-18 07:36:30+00:00,br-koramangala,0,routing
2026-07-18 07:36:30+00:00,zo-bengaluru,0,routing
2026-07-18 07:37:00+00:00,br-koramangala,0,routing
2026-07-18 07:37:00+00:00,zo-bengaluru,0,routing
2026-07-18 07:37:00+00:00,br-whitefield,0,routing
2026-07-18 07:37:00+00:00,ho-chennai,0,routing
2026-07-18 07:37:30+00:00,br-whitefield,0,routing
2026-07-18 07:37:30+00:00,ho-chennai,0,routing
2026-07-18 07:37:30+00:00,br-koramangala,0,routing
2026-07-18 07:37:30+00:00,zo-bengaluru,0,routing
2026-07-18 07:38:00+00:00,br-koramangala,0,routing
2026-07-18 07:38:00+00:00,zo-bengaluru,0,routing
2026-07-18 07:38:00+00:00,br-whitefield,0,routing
2026-07-18 07:38:00+00:00,ho-chennai,0,routing
2026-07-18 07:38:30+00:00,br-whitefield,0,routing
2026-07-18 07:38:30+00:00,ho-chennai,0,routing
2026-07-18 07:38:30+00:00,br-koramangala,0,routing
2026-07-18 07:38:30+00:00,zo-bengaluru,0,routing
2026-07-18 07:39:00+00:00,br-koramangala,0,routing
2026-07-18 07:39:00+00:00,zo-bengaluru,0,routing
2026-07-18 07:39:00+00:00,br-whitefield,0,routing
2026-07-18 07:39:00+00:00,ho-chennai,0,routing
2026-07-18 07:39:30+00:00,br-whitefield,0,routing
2026-07-18 07:39:30+00:00,ho-chennai,0,routing
2026-07-18 07:39:30+00:00,br-koramangala,0,routing
2026-07-18 07:39:30+00:00,zo-bengaluru,0,routing
2026-07-18 07:40:00+00:00,br-koramangala,0,routing
2026-07-18 07:40:00+00:00,zo-bengaluru,0,routing
2026-07-18 07:40:00+00:00,br-whitefield,0,routing
2026-07-18 07:40:00+00:00,ho-chennai,0,routing
2026-07-18 07:40:30+00:00,br-whitefield,0,routing
2026-07-18 07:40:30+00:00,ho-chennai,0,routing
2026-07-18 07:40:30+00:00,br-koramangala,0,routing
2026-07-18 07:40:30+00:00,zo-bengaluru,0,routing
2026-07-18 07:41:00+00:00,br-koramangala,0,routing
2026-07-18 07:41:00+00:00,zo-bengaluru,0,routing
2026-07-18 07:41:00+00:00,br-whitefield,0,routing
2026-07-18 07:41:00+00:00,ho-chennai,0,routing
2026-07-18 07:41:30+00:00,br-whitefield,0,routing
2026-07-18 07:41:30+00:00,ho-chennai,0,routing
2026-07-18 07:41:30+00:00,br-koramangala,0,routing
2026-07-18 07:41:30+00:00,zo-bengaluru,0,routing
2026-07-18 07:42:00+00:00,br-koramangala,0,routing
2026-07-18 07:42:00+00:00,zo-bengaluru,0,routing
2026-07-18 07:42:00+00:00,br-whitefield,0,routing
2026-07-18 07:42:00+00:00,ho-chennai,0,routing
2026-07-18 07:42:30+00:00,br-whitefield,0,routing
2026-07-18 07:42:30+00:00,ho-chennai,0,routing
2026-07-18 07:42:30+00:00,br-koramangala,0,routing
2026-07-18 07:42:30+00:00,zo-bengaluru,0,routing
2026-07-18 07:43:00+00:00,br-koramangala,0,routing
2026-07-18 07:43:00+00:00,zo-bengaluru,0,routing
2026-07-18 07:43:00+00:00,br-whitefield,0,routing
2026-07-18 07:43:00+00:00,ho-chennai,0,routing
2026-07-18 07:43:30+00:00,br-whitefield,0,routing
2026-07-18 07:43:30+00:00,ho-chennai,0,routing
2026-07-18 07:43:30+00:00,br-koramangala,0,routing
2026-07-18 07:43:30+00:00,zo-bengaluru,0,routing
2026-07-18 07:44:00+00:00,br-koramangala,0,routing
2026-07-18 07:44:00+00:00,zo-bengaluru,0,routing
2026-07-18 07:44:00+00:00,br-whitefield,0,routing
2026-07-18 07:44:00+00:00,ho-chennai,0,routing
2026-07-18 07:44:30+00:00,br-whitefield,0,routing
2026-07-18 07:44:30+00:00,ho-chennai,0,routing
2026-07-18 07:44:30+00:00,br-koramangala,0,routing
2026-07-18 07:44:30+00:00,zo-bengaluru,0,routing
2026-07-18 07:45:00+00:00,br-koramangala,0,routing
2026-07-18 07:45:00+00:00,zo-bengaluru,0,routing
2026-07-18 07:45:00+00:00,br-whitefield,0,routing
2026-07-18 07:45:00+00:00,ho-chennai,0,routing
2026-07-18 07:45:30+00:00,br-whitefield,0,routing
2026-07-18 07:45:30+00:00,ho-chennai,0,routing
2026-07-18 07:45:30+00:00,br-koramangala,0,routing
2026-07-18 07:45:30+00:00,zo-bengaluru,0,routing
2026-07-18 07:46:00+00:00,br-koramangala,0,routing
2026-07-18 07:46:00+00:00,zo-bengaluru,0,routing
2026-07-18 07:46:00+00:00,br-whitefield,0,routing
2026-07-18 07:46:00+00:00,ho-chennai,0,routing
2026-07-18 07:46:30+00:00,br-whitefield,0,routing
2026-07-18 07:46:30+00:00,ho-chennai,0,routing
2026-07-18 07:46:30+00:00,br-koramangala,0,routing
2026-07-18 07:46:30+00:00,zo-bengaluru,0,routing
2026-07-18 07:47:00+00:00,br-koramangala,0,routing
2026-07-18 07:47:00+00:00,zo-bengaluru,0,routing
2026-07-18 07:47:00+00:00,br-whitefield,0,routing
2026-07-18 07:47:00+00:00,ho-chennai,0,routing
2026-07-18 07:47:30+00:00,br-whitefield,0,routing
2026-07-18 07:47:30+00:00,ho-chennai,0,routing
2026-07-18 07:47:30+00:00,br-koramangala,0,routing
2026-07-18 07:47:30+00:00,zo-bengaluru,0,routing
2026-07-18 07:48:00+00:00,br-koramangala,0,routing
2026-07-18 07:48:00+00:00,zo-bengaluru,0,routing
2026-07-18 07:48:00+00:00,br-whitefield,0,routing
2026-07-18 07:48:00+00:00,ho-chennai,0,routing
2026-07-18 07:48:30+00:00,br-whitefield,0,routing
2026-07-18 07:48:30+00:00,ho-chennai,0,routing
2026-07-18 07:48:30+00:00,br-koramangala,0,routing
2026-07-18 07:48:30+00:00,zo-bengaluru,0,routing
2026-07-18 07:49:00+00:00,br-koramangala,0,routing
2026-07-18 07:49:00+00:00,zo-bengaluru,0,routing
2026-07-18 07:49:00+00:00,br-whitefield,0,routing
2026-07-18 07:49:00+00:00,ho-chennai,0,routing
2026-07-18 07:49:30+00:00,br-whitefield,0,routing
2026-07-18 07:49:30+00:00,ho-chennai,0,routing
2026-07-18 07:49:30+00:00,br-koramangala,0,routing
2026-07-18 07:49:30+00:00,zo-bengaluru,0,routing
2026-07-18 07:50:00+00:00,br-koramangala,0,routing
2026-07-18 07:50:00+00:00,zo-bengaluru,0,routing
2026-07-18 07:50:00+00:00,br-whitefield,0,routing
2026-07-18 07:50:00+00:00,ho-chennai,0,routing
2026-07-18 07:50:30+00:00,br-whitefield,0,routing
2026-07-18 07:50:30+00:00,ho-chennai,0,routing
2026-07-18 07:50:30+00:00,br-koramangala,0,routing
2026-07-18 07:50:30+00:00,zo-bengaluru,0,routing
2026-07-18 07:51:00+00:00,br-koramangala,0,routing
2026-07-18 07:51:00+00:00,zo-bengaluru,0,routing
2026-07-18 07:51:00+00:00,br-whitefield,0,routing
2026-07-18 07:51:00+00:00,ho-chennai,0,routing
2026-07-18 07:51:30+00:00,br-whitefield,0,routing
2026-07-18 07:51:30+00:00,ho-chennai,0,routing
2026-07-18 07:51:30+00:00,br-koramangala,0,routing
2026-07-18 07:51:30+00:00,zo-bengaluru,0,routing
2026-07-18 07:52:00+00:00,br-koramangala,0,routing
2026-07-18 07:52:00+00:00,zo-bengaluru,0,routing
2026-07-18 07:52:00+00:00,br-whitefield,0,routing
2026-07-18 07:52:00+00:00,ho-chennai,0,routing
2026-07-18 07:52:30+00:00,br-whitefield,0,routing
2026-07-18 07:52:30+00:00,ho-chennai,0,routing
2026-07-18 07:52:30+00:00,br-koramangala,0,routing
2026-07-18 07:52:30+00:00,zo-bengaluru,0,routing
2026-07-18 07:53:00+00:00,br-koramangala,0,routing
2026-07-18 07:53:00+00:00,zo-bengaluru,0,routing
2026-07-18 07:53:00+00:00,br-whitefield,0,routing
2026-07-18 07:53:00+00:00,ho-chennai,0,routing
2026-07-18 07:53:30+00:00,br-whitefield,0,routing
2026-07-18 07:53:30+00:00,ho-chennai,0,routing
2026-07-18 07:53:30+00:00,br-koramangala,0,routing
2026-07-18 07:53:30+00:00,zo-bengaluru,0,routing
2026-07-18 07:54:00+00:00,br-koramangala,0,routing
2026-07-18 07:54:00+00:00,zo-bengaluru,0,routing
2026-07-18 07:54:00+00:00,br-whitefield,0,routing
2026-07-18 07:54:00+00:00,ho-chennai,0,routing
2026-07-18 07:54:30+00:00,br-whitefield,0,routing
2026-07-18 07:54:30+00:00,ho-chennai,0,routing
2026-07-18 07:54:30+00:00,br-koramangala,0,routing
2026-07-18 07:54:30+00:00,zo-bengaluru,0,routing
2026-07-18 07:55:00+00:00,br-koramangala,0,routing
2026-07-18 07:55:00+00:00,zo-bengaluru,0,routing
2026-07-18 07:55:00+00:00,br-whitefield,0,routing
2026-07-18 07:55:00+00:00,ho-chennai,0,routing
2026-07-18 07:55:30+00:00,br-whitefield,0,routing
2026-07-18 07:55:30+00:00,ho-chennai,0,routing
2026-07-18 07:55:30+00:00,br-koramangala,0,routing
2026-07-18 07:55:30+00:00,zo-bengaluru,0,routing
2026-07-18 07:56:00+00:00,br-koramangala,0,routing
2026-07-18 07:56:00+00:00,zo-bengaluru,0,routing
2026-07-18 07:56:00+00:00,br-whitefield,0,routing
2026-07-18 07:56:00+00:00,ho-chennai,0,routing
2026-07-18 07:56:30+00:00,br-whitefield,0,routing
2026-07-18 07:56:30+00:00,ho-chennai,0,routing
2026-07-18 07:56:30+00:00,br-koramangala,0,routing
2026-07-18 07:56:30+00:00,zo-bengaluru,0,routing
2026-07-18 07:57:00+00:00,br-koramangala,0,routing
2026-07-18 07:57:00+00:00,zo-bengaluru,0,routing
2026-07-18 07:57:00+00:00,br-whitefield,0,routing
2026-07-18 07:57:00+00:00,ho-chennai,0,routing
2026-07-18 07:57:30+00:00,br-whitefield,0,routing
2026-07-18 07:57:30+00:00,ho-chennai,0,routing
2026-07-18 07:57:30+00:00,br-koramangala,0,routing
2026-07-18 07:57:30+00:00,zo-bengaluru,0,routing
2026-07-18 07:58:00+00:00,br-koramangala,0,routing
2026-07-18 07:58:00+00:00,zo-bengaluru,0,routing
2026-07-18 07:58:00+00:00,br-whitefield,0,routing
2026-07-18 07:58:00+00:00,ho-chennai,0,routing
2026-07-18 07:58:30+00:00,br-whitefield,0,routing
2026-07-18 07:58:30+00:00,ho-chennai,0,routing
2026-07-18 07:58:30+00:00,br-koramangala,0,routing
2026-07-18 07:58:30+00:00,zo-bengaluru,0,routing
2026-07-18 07:59:00+00:00,br-koramangala,0,routing
2026-07-18 07:59:00+00:00,zo-bengaluru,0,routing
2026-07-18 07:59:00+00:00,br-whitefield,0,routing
2026-07-18 07:59:00+00:00,ho-chennai,0,routing
2026-07-18 07:59:30+00:00,br-whitefield,0,routing
2026-07-18 07:59:30+00:00,ho-chennai,0,routing
2026-07-18 07:59:30+00:00,br-koramangala,0,routing
2026-07-18 07:59:30+00:00,zo-bengaluru,0,routing
2026-07-18 08:00:00+00:00,br-koramangala,0,routing
2026-07-18 08:00:00+00:00,zo-bengaluru,0,routing
2026-07-18 08:00:00+00:00,br-whitefield,0,routing
2026-07-18 08:00:00+00:00,ho-chennai,0,routing
2026-07-18 08:00:30+00:00,br-whitefield,0,routing
2026-07-18 08:00:30+00:00,ho-chennai,0,routing
2026-07-18 08:00:30+00:00,br-koramangala,0,routing
2026-07-18 08:00:30+00:00,zo-bengaluru,0,routing
2026-07-18 08:01:00+00:00,br-koramangala,0,routing
2026-07-18 08:01:00+00:00,zo-bengaluru,0,routing
2026-07-18 08:01:00+00:00,br-whitefield,0,routing
2026-07-18 08:01:00+00:00,ho-chennai,0,routing
2026-07-18 08:01:30+00:00,br-whitefield,0,routing
2026-07-18 08:01:30+00:00,ho-chennai,0,routing
2026-07-18 08:01:30+00:00,br-koramangala,0,routing
2026-07-18 08:01:30+00:00,zo-bengaluru,0,routing
2026-07-18 08:02:00+00:00,br-koramangala,0,routing
2026-07-18 08:02:00+00:00,zo-bengaluru,0,routing
2026-07-18 08:02:00+00:00,br-whitefield,0,routing
2026-07-18 08:02:00+00:00,ho-chennai,0,routing
2026-07-18 08:02:30+00:00,br-whitefield,0,routing
2026-07-18 08:02:30+00:00,ho-chennai,0,routing
2026-07-18 08:02:30+00:00,br-koramangala,0,routing
2026-07-18 08:02:30+00:00,zo-bengaluru,0,routing
2026-07-18 08:03:00+00:00,br-koramangala,0,routing
2026-07-18 08:03:00+00:00,zo-bengaluru,0,routing
2026-07-18 08:03:00+00:00,br-whitefield,0,routing
2026-07-18 08:03:00+00:00,ho-chennai,0,routing
2026-07-18 08:03:30+00:00,br-whitefield,0,routing
2026-07-18 08:03:30+00:00,ho-chennai,0,routing
2026-07-18 08:03:30+00:00,br-koramangala,0,routing
2026-07-18 08:03:30+00:00,zo-bengaluru,0,routing
2026-07-18 08:04:00+00:00,br-koramangala,0,routing
2026-07-18 08:04:00+00:00,zo-bengaluru,0,routing
2026-07-18 08:04:00+00:00,br-whitefield,0,routing
2026-07-18 08:04:00+00:00,ho-chennai,0,routing
2026-07-18 08:04:30+00:00,br-whitefield,0,routing
2026-07-18 08:04:30+00:00,ho-chennai,0,routing
2026-07-18 08:04:30+00:00,br-koramangala,0,routing
2026-07-18 08:04:30+00:00,zo-bengaluru,0,routing
2026-07-18 08:05:00+00:00,br-koramangala,0,routing
2026-07-18 08:05:00+00:00,zo-bengaluru,0,routing
2026-07-18 08:05:00+00:00,br-whitefield,0,routing
2026-07-18 08:05:00+00:00,ho-chennai,0,routing
2026-07-18 08:05:30+00:00,br-whitefield,0,routing
2026-07-18 08:05:30+00:00,ho-chennai,0,routing
2026-07-18 08:05:30+00:00,br-koramangala,0,routing
2026-07-18 08:05:30+00:00,zo-bengaluru,0,routing
2026-07-18 08:06:00+00:00,br-koramangala,0,routing
2026-07-18 08:06:00+00:00,zo-bengaluru,0,routing
2026-07-18 08:06:00+00:00,br-whitefield,0,routing
2026-07-18 08:06:00+00:00,ho-chennai,0,routing
2026-07-18 08:06:30+00:00,br-whitefield,0,routing
2026-07-18 08:06:30+00:00,ho-chennai,0,routing
2026-07-18 08:06:30+00:00,br-koramangala,0,routing
2026-07-18 08:06:30+00:00,zo-bengaluru,0,routing
2026-07-18 08:07:00+00:00,br-koramangala,0,routing
2026-07-18 08:07:00+00:00,zo-bengaluru,0,routing
2026-07-18 08:07:00+00:00,br-whitefield,0,routing
2026-07-18 08:07:00+00:00,ho-chennai,0,routing
2026-07-18 08:07:30+00:00,br-whitefield,0,routing
2026-07-18 08:07:30+00:00,ho-chennai,0,routing
2026-07-18 08:07:30+00:00,br-koramangala,0,routing
2026-07-18 08:07:30+00:00,zo-bengaluru,0,routing
2026-07-18 08:08:00+00:00,br-koramangala,0,routing
2026-07-18 08:08:00+00:00,zo-bengaluru,0,routing
2026-07-18 08:08:00+00:00,br-whitefield,0,routing
2026-07-18 08:08:00+00:00,ho-chennai,0,routing
2026-07-18 08:08:30+00:00,br-whitefield,0,routing
2026-07-18 08:08:30+00:00,ho-chennai,0,routing
2026-07-18 08:08:30+00:00,br-koramangala,0,routing
2026-07-18 08:08:30+00:00,zo-bengaluru,0,routing
2026-07-18 08:09:00+00:00,br-koramangala,0,routing
2026-07-18 08:09:00+00:00,zo-bengaluru,0,routing
2026-07-18 08:09:00+00:00,br-whitefield,0,routing
2026-07-18 08:09:00+00:00,ho-chennai,0,routing
2026-07-18 08:09:30+00:00,br-whitefield,0,routing
2026-07-18 08:09:30+00:00,ho-chennai,0,routing
2026-07-18 08:09:30+00:00,br-koramangala,0,routing
2026-07-18 08:09:30+00:00,zo-bengaluru,0,routing
2026-07-18 08:10:00+00:00,br-koramangala,0,routing
2026-07-18 08:10:00+00:00,zo-bengaluru,0,routing
2026-07-18 08:10:00+00:00,br-whitefield,0,routing
2026-07-18 08:10:00+00:00,ho-chennai,0,routing
2026-07-18 08:10:30+00:00,br-whitefield,0,routing
2026-07-18 08:10:30+00:00,ho-chennai,0,routing
2026-07-18 08:10:30+00:00,br-koramangala,0,routing
2026-07-18 08:10:30+00:00,zo-bengaluru,0,routing
2026-07-18 08:11:00+00:00,br-koramangala,0,routing
2026-07-18 08:11:00+00:00,zo-bengaluru,0,routing
2026-07-18 08:11:00+00:00,br-whitefield,0,routing
2026-07-18 08:11:00+00:00,ho-chennai,0,routing
2026-07-18 08:11:30+00:00,br-whitefield,0,routing
2026-07-18 08:11:30+00:00,ho-chennai,0,routing
2026-07-18 08:11:30+00:00,br-koramangala,0,routing
2026-07-18 08:11:30+00:00,zo-bengaluru,0,routing
2026-07-18 08:12:00+00:00,br-koramangala,0,routing
2026-07-18 08:12:00+00:00,zo-bengaluru,0,routing
2026-07-18 08:12:00+00:00,br-whitefield,0,routing
2026-07-18 08:12:00+00:00,ho-chennai,0,routing
2026-07-18 08:12:30+00:00,br-whitefield,0,routing
2026-07-18 08:12:30+00:00,ho-chennai,0,routing
2026-07-18 08:12:30+00:00,br-koramangala,0,routing
2026-07-18 08:12:30+00:00,zo-bengaluru,0,routing
2026-07-18 08:13:00+00:00,br-koramangala,0,routing
2026-07-18 08:13:00+00:00,zo-bengaluru,0,routing
2026-07-18 08:13:00+00:00,br-whitefield,0,routing
2026-07-18 08:13:00+00:00,ho-chennai,0,routing
2026-07-18 08:13:30+00:00,br-whitefield,0,routing
2026-07-18 08:13:30+00:00,ho-chennai,0,routing
2026-07-18 08:13:30+00:00,br-koramangala,0,routing
2026-07-18 08:13:30+00:00,zo-bengaluru,0,routing
2026-07-18 08:14:00+00:00,br-koramangala,0,routing
2026-07-18 08:14:00+00:00,zo-bengaluru,0,routing
2026-07-18 08:14:00+00:00,br-whitefield,0,routing
2026-07-18 08:14:00+00:00,ho-chennai,0,routing
2026-07-18 08:14:30+00:00,br-whitefield,0,routing
2026-07-18 08:14:30+00:00,ho-chennai,0,routing
2026-07-18 08:14:30+00:00,br-koramangala,0,routing
2026-07-18 08:14:30+00:00,zo-bengaluru,0,routing
2026-07-18 08:15:00+00:00,br-koramangala,0,routing
2026-07-18 08:15:00+00:00,zo-bengaluru,0,routing
2026-07-18 08:15:00+00:00,br-whitefield,0,routing
2026-07-18 08:15:00+00:00,ho-chennai,0,routing
2026-07-18 08:15:30+00:00,br-whitefield,0,routing
2026-07-18 08:15:30+00:00,ho-chennai,0,routing
2026-07-18 08:15:30+00:00,br-koramangala,0,routing
2026-07-18 08:15:30+00:00,zo-bengaluru,0,routing
2026-07-18 08:16:00+00:00,br-koramangala,0,routing
2026-07-18 08:16:00+00:00,zo-bengaluru,0,routing
2026-07-18 08:16:00+00:00,br-whitefield,0,routing
2026-07-18 08:16:00+00:00,ho-chennai,0,routing
2026-07-18 08:16:30+00:00,br-whitefield,0,routing
2026-07-18 08:16:30+00:00,ho-chennai,0,routing
2026-07-18 08:16:30+00:00,br-koramangala,0,routing
2026-07-18 08:16:30+00:00,zo-bengaluru,0,routing
2026-07-18 08:17:00+00:00,br-koramangala,0,routing
2026-07-18 08:17:00+00:00,zo-bengaluru,0,routing
2026-07-18 08:17:00+00:00,br-whitefield,0,routing
2026-07-18 08:17:00+00:00,ho-chennai,0,routing
2026-07-18 08:17:30+00:00,br-whitefield,0,routing
2026-07-18 08:17:30+00:00,ho-chennai,0,routing
2026-07-18 08:17:30+00:00,br-koramangala,0,routing
2026-07-18 08:17:30+00:00,zo-bengaluru,0,routing
2026-07-18 08:18:00+00:00,br-koramangala,0,routing
2026-07-18 08:18:00+00:00,zo-bengaluru,0,routing
2026-07-18 08:18:00+00:00,br-whitefield,0,routing
2026-07-18 08:18:00+00:00,ho-chennai,0,routing
2026-07-18 08:18:30+00:00,br-whitefield,0,routing
2026-07-18 08:18:30+00:00,ho-chennai,0,routing
2026-07-18 08:18:30+00:00,br-koramangala,0,routing
2026-07-18 08:18:30+00:00,zo-bengaluru,0,routing
2026-07-18 08:19:00+00:00,br-koramangala,0,routing
2026-07-18 08:19:00+00:00,zo-bengaluru,0,routing
2026-07-18 08:19:00+00:00,br-whitefield,0,routing
2026-07-18 08:19:00+00:00,ho-chennai,0,routing
2026-07-18 08:19:30+00:00,br-whitefield,0,routing
2026-07-18 08:19:30+00:00,ho-chennai,0,routing
2026-07-18 08:19:30+00:00,br-koramangala,0,routing
2026-07-18 08:19:30+00:00,zo-bengaluru,0,routing
2026-07-18 08:20:00+00:00,br-koramangala,0,routing
2026-07-18 08:20:00+00:00,zo-bengaluru,0,routing
2026-07-18 08:20:00+00:00,br-whitefield,0,routing
2026-07-18 08:20:00+00:00,ho-chennai,0,routing
2026-07-18 08:20:30+00:00,br-whitefield,0,routing
2026-07-18 08:20:30+00:00,ho-chennai,0,routing
2026-07-18 08:20:30+00:00,br-koramangala,0,routing
2026-07-18 08:20:30+00:00,zo-bengaluru,0,routing
2026-07-18 08:21:00+00:00,br-koramangala,0,routing
2026-07-18 08:21:00+00:00,zo-bengaluru,0,routing
2026-07-18 08:21:00+00:00,br-whitefield,0,routing
2026-07-18 08:21:00+00:00,ho-chennai,0,routing
2026-07-18 08:21:30+00:00,br-whitefield,0,routing
2026-07-18 08:21:30+00:00,ho-chennai,0,routing
2026-07-18 08:21:30+00:00,br-koramangala,0,routing
2026-07-18 08:21:30+00:00,zo-bengaluru,0,routing
2026-07-18 08:22:00+00:00,br-koramangala,0,routing
2026-07-18 08:22:00+00:00,zo-bengaluru,0,routing
2026-07-18 08:22:00+00:00,br-whitefield,0,routing
2026-07-18 08:22:00+00:00,ho-chennai,0,routing
2026-07-18 08:22:30+00:00,br-whitefield,0,routing
2026-07-18 08:22:30+00:00,ho-chennai,0,routing
2026-07-18 08:22:30+00:00,br-koramangala,0,routing
2026-07-18 08:22:30+00:00,zo-bengaluru,0,routing
2026-07-18 08:23:00+00:00,br-koramangala,0,routing
2026-07-18 08:23:00+00:00,zo-bengaluru,0,routing
2026-07-18 08:23:00+00:00,br-whitefield,0,routing
2026-07-18 08:23:00+00:00,ho-chennai,0,routing
2026-07-18 08:23:30+00:00,br-whitefield,0,routing
2026-07-18 08:23:30+00:00,ho-chennai,0,routing
2026-07-18 08:23:30+00:00,br-koramangala,0,routing
2026-07-18 08:23:30+00:00,zo-bengaluru,0,routing
2026-07-18 08:24:00+00:00,br-koramangala,0,routing
2026-07-18 08:24:00+00:00,zo-bengaluru,0,routing
2026-07-18 08:24:00+00:00,br-whitefield,0,routing
2026-07-18 08:24:00+00:00,ho-chennai,0,routing
2026-07-18 08:24:30+00:00,br-whitefield,0,routing
2026-07-18 08:24:30+00:00,ho-chennai,0,routing
2026-07-18 08:24:30+00:00,br-koramangala,0,routing
2026-07-18 08:24:30+00:00,zo-bengaluru,0,routing
2026-07-18 08:25:00+00:00,br-koramangala,0,routing
2026-07-18 08:25:00+00:00,zo-bengaluru,0,routing
2026-07-18 08:25:00+00:00,br-whitefield,0,routing
2026-07-18 08:25:00+00:00,ho-chennai,0,routing
2026-07-18 08:25:30+00:00,br-whitefield,0,routing
2026-07-18 08:25:30+00:00,ho-chennai,0,routing
2026-07-18 08:25:30+00:00,br-koramangala,0,routing
2026-07-18 08:25:30+00:00,zo-bengaluru,0,routing
2026-07-18 08:26:00+00:00,br-koramangala,0,routing
2026-07-18 08:26:00+00:00,zo-bengaluru,0,routing
2026-07-18 08:26:00+00:00,br-whitefield,0,routing
2026-07-18 08:26:00+00:00,ho-chennai,0,routing
2026-07-18 08:26:30+00:00,br-whitefield,0,routing
2026-07-18 08:26:30+00:00,ho-chennai,0,routing
2026-07-18 08:26:30+00:00,br-koramangala,0,routing
2026-07-18 08:26:30+00:00,zo-bengaluru,0,routing
2026-07-18 08:27:00+00:00,br-koramangala,0,routing
2026-07-18 08:27:00+00:00,zo-bengaluru,0,routing
2026-07-18 08:27:00+00:00,br-whitefield,0,routing
2026-07-18 08:27:00+00:00,ho-chennai,0,routing
2026-07-18 08:27:30+00:00,br-whitefield,0,routing
2026-07-18 08:27:30+00:00,ho-chennai,0,routing
2026-07-18 08:27:30+00:00,br-koramangala,0,routing
2026-07-18 08:27:30+00:00,zo-bengaluru,0,routing
2026-07-18 08:28:00+00:00,br-koramangala,0,routing
2026-07-18 08:28:00+00:00,zo-bengaluru,0,routing
2026-07-18 08:28:00+00:00,br-whitefield,0,routing
2026-07-18 08:28:00+00:00,ho-chennai,0,routing
2026-07-18 08:28:30+00:00,br-whitefield,0,routing
2026-07-18 08:28:30+00:00,ho-chennai,0,routing
2026-07-18 08:28:30+00:00,br-koramangala,0,routing
2026-07-18 08:28:30+00:00,zo-bengaluru,0,routing
2026-07-18 08:29:00+00:00,br-koramangala,0,routing
2026-07-18 08:29:00+00:00,zo-bengaluru,0,routing
2026-07-18 08:29:00+00:00,br-whitefield,0,routing
2026-07-18 08:29:00+00:00,ho-chennai,0,routing
2026-07-18 08:29:30+00:00,br-whitefield,0,routing
2026-07-18 08:29:30+00:00,ho-chennai,0,routing
2026-07-18 08:29:30+00:00,br-koramangala,0,routing
2026-07-18 08:29:30+00:00,zo-bengaluru,0,routing
2026-07-18 08:30:00+00:00,br-koramangala,0,routing
2026-07-18 08:30:00+00:00,zo-bengaluru,0,routing
2026-07-18 08:30:00+00:00,br-whitefield,0,routing
2026-07-18 08:30:00+00:00,ho-chennai,0,routing
2026-07-18 08:30:30+00:00,br-whitefield,0,routing
2026-07-18 08:30:30+00:00,ho-chennai,0,routing
2026-07-18 08:30:30+00:00,br-koramangala,0,routing
2026-07-18 08:30:30+00:00,zo-bengaluru,0,routing
2026-07-18 08:31:00+00:00,br-koramangala,0,routing
2026-07-18 08:31:00+00:00,zo-bengaluru,0,routing
2026-07-18 08:31:00+00:00,br-whitefield,0,routing
2026-07-18 08:31:00+00:00,ho-chennai,0,routing
2026-07-18 08:31:30+00:00,br-whitefield,0,routing
2026-07-18 08:31:30+00:00,ho-chennai,0,routing
2026-07-18 08:31:30+00:00,br-koramangala,0,routing
2026-07-18 08:31:30+00:00,zo-bengaluru,0,routing
2026-07-18 08:32:00+00:00,br-koramangala,0,routing
2026-07-18 08:32:00+00:00,zo-bengaluru,0,routing
2026-07-18 08:32:00+00:00,br-whitefield,0,routing
2026-07-18 08:32:00+00:00,ho-chennai,0,routing
2026-07-18 08:32:30+00:00,br-whitefield,0,routing
2026-07-18 08:32:30+00:00,ho-chennai,0,routing
2026-07-18 08:32:30+00:00,br-koramangala,0,routing
2026-07-18 08:32:30+00:00,zo-bengaluru,0,routing
2026-07-18 08:33:00+00:00,br-koramangala,0,routing
2026-07-18 08:33:00+00:00,zo-bengaluru,0,routing
2026-07-18 08:33:00+00:00,br-whitefield,0,routing
2026-07-18 08:33:00+00:00,ho-chennai,0,routing
2026-07-18 08:33:30+00:00,br-whitefield,0,routing
2026-07-18 08:33:30+00:00,ho-chennai,0,routing
2026-07-18 08:33:30+00:00,br-koramangala,0,routing
2026-07-18 08:33:30+00:00,zo-bengaluru,0,routing
2026-07-18 08:34:00+00:00,br-koramangala,0,routing
2026-07-18 08:34:00+00:00,zo-bengaluru,0,routing
2026-07-18 08:34:00+00:00,br-whitefield,0,routing
2026-07-18 08:34:00+00:00,ho-chennai,0,routing
2026-07-18 08:34:30+00:00,br-whitefield,0,routing
2026-07-18 08:34:30+00:00,ho-chennai,0,routing
2026-07-18 08:34:30+00:00,br-koramangala,0,routing
2026-07-18 08:34:30+00:00,zo-bengaluru,0,routing
2026-07-18 08:35:00+00:00,br-koramangala,0,routing
2026-07-18 08:35:00+00:00,zo-bengaluru,0,routing
2026-07-18 08:35:00+00:00,br-whitefield,0,routing
2026-07-18 08:35:00+00:00,ho-chennai,0,routing
2026-07-18 08:35:30+00:00,br-whitefield,0,routing
2026-07-18 08:35:30+00:00,ho-chennai,0,routing
2026-07-18 08:35:30+00:00,br-koramangala,0,routing
2026-07-18 08:35:30+00:00,zo-bengaluru,0,routing
2026-07-18 08:36:00+00:00,br-koramangala,0,routing
2026-07-18 08:36:00+00:00,zo-bengaluru,0,routing
2026-07-18 08:36:00+00:00,br-whitefield,0,routing
2026-07-18 08:36:00+00:00,ho-chennai,0,routing
2026-07-18 08:36:30+00:00,br-whitefield,0,routing
2026-07-18 08:36:30+00:00,ho-chennai,0,routing
2026-07-18 08:36:30+00:00,br-koramangala,0,routing
2026-07-18 08:36:30+00:00,zo-bengaluru,0,routing
2026-07-18 08:37:00+00:00,br-koramangala,0,routing
2026-07-18 08:37:00+00:00,zo-bengaluru,0,routing
2026-07-18 08:37:00+00:00,br-whitefield,0,routing
2026-07-18 08:37:00+00:00,ho-chennai,0,routing
2026-07-18 08:37:30+00:00,br-whitefield,0,routing
2026-07-18 08:37:30+00:00,ho-chennai,0,routing
2026-07-18 08:37:30+00:00,br-koramangala,0,routing
2026-07-18 08:37:30+00:00,zo-bengaluru,0,routing
2026-07-18 08:38:00+00:00,br-koramangala,0,routing
2026-07-18 08:38:00+00:00,zo-bengaluru,0,routing
2026-07-18 08:38:00+00:00,br-whitefield,0,routing
2026-07-18 08:38:00+00:00,ho-chennai,0,routing
2026-07-18 08:38:30+00:00,br-whitefield,0,routing
2026-07-18 08:38:30+00:00,ho-chennai,0,routing
2026-07-18 08:38:30+00:00,br-koramangala,0,routing
2026-07-18 08:38:30+00:00,zo-bengaluru,0,routing
2026-07-18 08:39:00+00:00,br-koramangala,0,routing
2026-07-18 08:39:00+00:00,zo-bengaluru,0,routing
2026-07-18 08:39:00+00:00,br-whitefield,0,routing
2026-07-18 08:39:00+00:00,ho-chennai,0,routing
2026-07-18 08:39:30+00:00,br-whitefield,0,routing
2026-07-18 08:39:30+00:00,ho-chennai,0,routing
2026-07-18 08:39:30+00:00,br-koramangala,0,routing
2026-07-18 08:39:30+00:00,zo-bengaluru,0,routing
2026-07-18 08:40:00+00:00,br-koramangala,0,routing
2026-07-18 08:40:00+00:00,zo-bengaluru,0,routing
2026-07-18 08:40:00+00:00,br-whitefield,0,routing
2026-07-18 08:40:00+00:00,ho-chennai,0,routing
2026-07-18 08:40:30+00:00,br-whitefield,0,routing
2026-07-18 08:40:30+00:00,ho-chennai,0,routing
2026-07-18 08:40:30+00:00,br-koramangala,0,routing
2026-07-18 08:40:30+00:00,zo-bengaluru,0,routing
2026-07-18 08:41:00+00:00,br-koramangala,0,routing
2026-07-18 08:41:00+00:00,zo-bengaluru,0,routing
2026-07-18 08:41:00+00:00,br-whitefield,0,routing
2026-07-18 08:41:00+00:00,ho-chennai,0,routing
2026-07-18 08:41:30+00:00,br-whitefield,0,routing
2026-07-18 08:41:30+00:00,ho-chennai,0,routing
2026-07-18 08:41:30+00:00,br-koramangala,0,routing
2026-07-18 08:41:30+00:00,zo-bengaluru,0,routing
2026-07-18 08:42:00+00:00,br-koramangala,0,routing
2026-07-18 08:42:00+00:00,zo-bengaluru,0,routing
2026-07-18 08:42:00+00:00,br-whitefield,0,routing
2026-07-18 08:42:00+00:00,ho-chennai,0,routing
2026-07-18 08:42:30+00:00,br-whitefield,0,routing
2026-07-18 08:42:30+00:00,ho-chennai,0,routing
2026-07-18 08:42:30+00:00,br-koramangala,0,routing
2026-07-18 08:42:30+00:00,zo-bengaluru,0,routing
2026-07-18 08:43:00+00:00,br-koramangala,0,routing
2026-07-18 08:43:00+00:00,zo-bengaluru,0,routing
2026-07-18 08:43:00+00:00,br-whitefield,0,routing
2026-07-18 08:43:00+00:00,ho-chennai,0,routing
2026-07-18 08:43:30+00:00,br-whitefield,0,routing
2026-07-18 08:43:30+00:00,ho-chennai,0,routing
2026-07-18 08:43:30+00:00,br-koramangala,0,routing
2026-07-18 08:43:30+00:00,zo-bengaluru,0,routing
2026-07-18 08:44:00+00:00,br-koramangala,0,routing
2026-07-18 08:44:00+00:00,zo-bengaluru,0,routing
2026-07-18 08:44:00+00:00,br-whitefield,0,routing
2026-07-18 08:44:00+00:00,ho-chennai,0,routing
2026-07-18 08:44:30+00:00,br-whitefield,0,routing
2026-07-18 08:44:30+00:00,ho-chennai,0,routing
2026-07-18 08:44:30+00:00,br-koramangala,0,routing
2026-07-18 08:44:30+00:00,zo-bengaluru,0,routing
2026-07-18 08:45:00+00:00,br-koramangala,0,routing
2026-07-18 08:45:00+00:00,zo-bengaluru,0,routing
2026-07-18 08:45:00+00:00,br-whitefield,0,routing
2026-07-18 08:45:00+00:00,ho-chennai,0,routing
2026-07-18 08:48:30+00:00,br-whitefield,0,routing
2026-07-18 08:48:30+00:00,ho-chennai,0,routing
2026-07-18 08:48:30+00:00,br-koramangala,0,routing
2026-07-18 08:48:30+00:00,zo-bengaluru,0,routing
2026-07-18 08:49:00+00:00,br-koramangala,0,routing
2026-07-18 08:49:00+00:00,zo-bengaluru,0,routing
2026-07-18 08:49:00+00:00,br-whitefield,0,routing
2026-07-18 08:49:00+00:00,ho-chennai,0,routing
2026-07-18 08:49:30+00:00,br-whitefield,0,routing
2026-07-18 08:49:30+00:00,ho-chennai,0,routing
2026-07-18 08:49:30+00:00,br-koramangala,0,routing
2026-07-18 08:49:30+00:00,zo-bengaluru,0,routing
2026-07-18 08:50:00+00:00,br-koramangala,0,routing
2026-07-18 08:50:00+00:00,zo-bengaluru,0,routing
2026-07-18 08:50:00+00:00,br-whitefield,0,routing
2026-07-18 08:50:00+00:00,ho-chennai,0,routing
2026-07-18 08:50:30+00:00,br-whitefield,0,routing
2026-07-18 08:50:30+00:00,ho-chennai,0,routing
2026-07-18 08:50:30+00:00,br-koramangala,0,routing
2026-07-18 08:50:30+00:00,zo-bengaluru,0,routing
2026-07-18 08:51:00+00:00,br-koramangala,0,routing
2026-07-18 08:51:00+00:00,zo-bengaluru,0,routing
2026-07-18 08:51:00+00:00,br-whitefield,0,routing
2026-07-18 08:51:00+00:00,ho-chennai,0,routing
2026-07-18 08:51:30+00:00,br-whitefield,0,routing
2026-07-18 08:51:30+00:00,ho-chennai,0,routing
2026-07-18 08:51:30+00:00,br-koramangala,0,routing
2026-07-18 08:51:30+00:00,zo-bengaluru,0,routing
2026-07-18 08:52:00+00:00,br-koramangala,0,routing
2026-07-18 08:52:00+00:00,zo-bengaluru,0,routing
2026-07-18 08:52:00+00:00,br-whitefield,0,routing
2026-07-18 08:52:00+00:00,ho-chennai,0,routing
2026-07-18 08:52:30+00:00,br-whitefield,0,routing
2026-07-18 08:52:30+00:00,ho-chennai,0,routing
2026-07-18 08:52:30+00:00,br-koramangala,0,routing
2026-07-18 08:52:30+00:00,zo-bengaluru,0,routing
2026-07-18 08:53:00+00:00,br-koramangala,0,routing
2026-07-18 08:53:00+00:00,zo-bengaluru,0,routing
2026-07-18 08:53:00+00:00,br-whitefield,0,routing
2026-07-18 08:53:00+00:00,ho-chennai,0,routing
2026-07-18 08:53:30+00:00,br-whitefield,0,routing
2026-07-18 08:53:30+00:00,ho-chennai,0,routing
2026-07-18 08:53:30+00:00,br-koramangala,0,routing
2026-07-18 08:53:30+00:00,zo-bengaluru,0,routing
2026-07-18 08:54:00+00:00,br-koramangala,0,routing
2026-07-18 08:54:00+00:00,zo-bengaluru,0,routing
2026-07-18 08:54:00+00:00,br-whitefield,0,routing
2026-07-18 08:54:00+00:00,ho-chennai,0,routing
2026-07-18 08:54:30+00:00,br-whitefield,0,routing
2026-07-18 08:54:30+00:00,ho-chennai,0,routing
2026-07-18 08:54:30+00:00,br-koramangala,0,routing
2026-07-18 08:54:30+00:00,zo-bengaluru,0,routing
2026-07-18 08:55:00+00:00,br-koramangala,0,routing
2026-07-18 08:55:00+00:00,zo-bengaluru,0,routing
2026-07-18 08:55:00+00:00,br-whitefield,0,routing
2026-07-18 08:55:00+00:00,ho-chennai,0,routing
2026-07-18 08:55:30+00:00,br-whitefield,0,routing
2026-07-18 08:55:30+00:00,ho-chennai,0,routing
2026-07-18 08:55:30+00:00,br-koramangala,0,routing
2026-07-18 08:55:30+00:00,zo-bengaluru,0,routing
2026-07-18 08:56:00+00:00,br-koramangala,0,routing
2026-07-18 08:56:00+00:00,zo-bengaluru,0,routing
2026-07-18 08:56:00+00:00,br-whitefield,0,routing
2026-07-18 08:56:00+00:00,ho-chennai,0,routing
2026-07-18 08:56:30+00:00,br-whitefield,0,routing
2026-07-18 08:56:30+00:00,ho-chennai,0,routing
2026-07-18 08:56:30+00:00,br-koramangala,0,routing
2026-07-18 08:56:30+00:00,zo-bengaluru,0,routing
2026-07-18 08:57:00+00:00,br-koramangala,0,routing
2026-07-18 08:57:00+00:00,zo-bengaluru,0,routing
2026-07-18 08:57:00+00:00,br-whitefield,0,routing
2026-07-18 08:57:00+00:00,ho-chennai,0,routing
2026-07-18 08:57:30+00:00,br-whitefield,0,routing
2026-07-18 08:57:30+00:00,ho-chennai,0,routing
2026-07-18 08:57:30+00:00,br-koramangala,0,routing
2026-07-18 08:57:30+00:00,zo-bengaluru,0,routing
2026-07-18 08:58:00+00:00,br-koramangala,0,routing
2026-07-18 08:58:00+00:00,zo-bengaluru,0,routing
2026-07-18 08:58:00+00:00,br-whitefield,0,routing
2026-07-18 08:58:00+00:00,ho-chennai,0,routing
2026-07-18 08:58:30+00:00,br-whitefield,0,routing
2026-07-18 08:58:30+00:00,ho-chennai,0,routing
2026-07-18 08:58:30+00:00,br-koramangala,0,routing
2026-07-18 08:58:30+00:00,zo-bengaluru,0,routing
2026-07-18 08:59:00+00:00,br-koramangala,0,routing
2026-07-18 08:59:00+00:00,zo-bengaluru,0,routing
2026-07-18 08:59:00+00:00,br-whitefield,0,routing
2026-07-18 08:59:00+00:00,ho-chennai,0,routing
2026-07-18 08:59:30+00:00,br-whitefield,0,routing
2026-07-18 08:59:30+00:00,ho-chennai,0,routing
2026-07-18 08:59:30+00:00,br-koramangala,0,routing
2026-07-18 08:59:30+00:00,zo-bengaluru,0,routing
2026-07-18 09:00:00+00:00,br-koramangala,0,routing
2026-07-18 09:00:00+00:00,zo-bengaluru,0,routing
2026-07-18 09:00:00+00:00,br-whitefield,0,routing
2026-07-18 09:00:00+00:00,ho-chennai,0,routing
2026-07-18 09:00:30+00:00,br-whitefield,0,routing
2026-07-18 09:00:30+00:00,ho-chennai,0,routing
2026-07-18 09:00:30+00:00,br-koramangala,0,routing
2026-07-18 09:00:30+00:00,zo-bengaluru,0,routing
2026-07-18 09:01:00+00:00,br-koramangala,0,routing
2026-07-18 09:01:00+00:00,zo-bengaluru,0,routing
2026-07-18 09:01:00+00:00,br-whitefield,0,routing
2026-07-18 09:01:00+00:00,ho-chennai,0,routing
2026-07-18 09:01:30+00:00,br-whitefield,0,routing
2026-07-18 09:01:30+00:00,ho-chennai,0,routing
2026-07-18 09:01:30+00:00,br-koramangala,0,routing
2026-07-18 09:01:30+00:00,zo-bengaluru,0,routing
2026-07-18 09:02:00+00:00,br-koramangala,0,routing
2026-07-18 09:02:00+00:00,zo-bengaluru,0,routing
2026-07-18 09:02:00+00:00,br-whitefield,0,routing
2026-07-18 09:02:00+00:00,ho-chennai,0,routing
2026-07-18 09:02:30+00:00,br-whitefield,0,routing
2026-07-18 09:02:30+00:00,ho-chennai,0,routing
2026-07-18 09:02:30+00:00,br-koramangala,0,routing
2026-07-18 09:02:30+00:00,zo-bengaluru,0,routing
2026-07-18 09:03:00+00:00,br-koramangala,0,routing
2026-07-18 09:03:00+00:00,zo-bengaluru,0,routing
2026-07-18 09:03:00+00:00,br-whitefield,0,routing
2026-07-18 09:03:00+00:00,ho-chennai,0,routing
2026-07-18 09:03:30+00:00,br-whitefield,0,routing
2026-07-18 09:03:30+00:00,ho-chennai,0,routing
2026-07-18 09:03:30+00:00,br-koramangala,0,routing
2026-07-18 09:03:30+00:00,zo-bengaluru,0,routing
2026-07-18 09:04:00+00:00,br-koramangala,0,routing
2026-07-18 09:04:00+00:00,zo-bengaluru,0,routing
2026-07-18 09:04:00+00:00,br-whitefield,0,routing
2026-07-18 09:04:00+00:00,ho-chennai,0,routing
2026-07-18 09:04:30+00:00,br-whitefield,0,routing
2026-07-18 09:04:30+00:00,ho-chennai,0,routing
2026-07-18 09:04:30+00:00,br-koramangala,0,routing
2026-07-18 09:04:30+00:00,zo-bengaluru,0,routing
2026-07-18 09:05:00+00:00,br-koramangala,0,routing
2026-07-18 09:05:00+00:00,zo-bengaluru,0,routing
2026-07-18 09:05:00+00:00,br-whitefield,0,routing
2026-07-18 09:05:00+00:00,ho-chennai,0,routing
2026-07-18 09:05:30+00:00,br-whitefield,0,routing
2026-07-18 09:05:30+00:00,ho-chennai,0,routing
2026-07-18 09:05:30+00:00,br-koramangala,0,routing
2026-07-18 09:05:30+00:00,zo-bengaluru,0,routing
2026-07-18 09:06:00+00:00,br-koramangala,0,routing
2026-07-18 09:06:00+00:00,zo-bengaluru,0,routing
2026-07-18 09:06:00+00:00,br-whitefield,0,routing
2026-07-18 09:06:00+00:00,ho-chennai,0,routing
2026-07-18 09:06:30+00:00,br-whitefield,0,routing
2026-07-18 09:06:30+00:00,ho-chennai,0,routing
2026-07-18 09:06:30+00:00,br-koramangala,0,routing
2026-07-18 09:06:30+00:00,zo-bengaluru,0,routing
2026-07-18 09:07:00+00:00,br-koramangala,0,routing
2026-07-18 09:07:00+00:00,zo-bengaluru,0,routing
2026-07-18 09:07:00+00:00,br-whitefield,0,routing
2026-07-18 09:07:00+00:00,ho-chennai,0,routing
2026-07-18 09:07:30+00:00,br-whitefield,0,routing
2026-07-18 09:07:30+00:00,ho-chennai,0,routing
2026-07-18 09:07:30+00:00,br-koramangala,0,routing
2026-07-18 09:07:30+00:00,zo-bengaluru,0,routing
2026-07-18 09:08:00+00:00,br-koramangala,0,routing
2026-07-18 09:08:00+00:00,zo-bengaluru,0,routing
2026-07-18 09:08:00+00:00,br-whitefield,0,routing
2026-07-18 09:08:00+00:00,ho-chennai,0,routing
2026-07-18 09:08:30+00:00,br-whitefield,0,routing
2026-07-18 09:08:30+00:00,ho-chennai,0,routing
2026-07-18 09:08:30+00:00,br-koramangala,0,routing
2026-07-18 09:08:30+00:00,zo-bengaluru,0,routing
2026-07-18 09:09:00+00:00,br-koramangala,0,routing
2026-07-18 09:09:00+00:00,zo-bengaluru,0,routing
2026-07-18 09:09:00+00:00,br-whitefield,0,routing
2026-07-18 09:09:00+00:00,ho-chennai,0,routing
2026-07-18 09:09:30+00:00,br-whitefield,0,routing
2026-07-18 09:09:30+00:00,ho-chennai,0,routing
2026-07-18 09:09:30+00:00,br-koramangala,0,routing
2026-07-18 09:09:30+00:00,zo-bengaluru,0,routing
2026-07-18 09:10:00+00:00,br-koramangala,0,routing
2026-07-18 09:10:00+00:00,zo-bengaluru,0,routing
2026-07-18 09:10:00+00:00,br-whitefield,0,routing
2026-07-18 09:10:00+00:00,ho-chennai,0,routing
2026-07-18 09:10:30+00:00,br-whitefield,0,routing
2026-07-18 09:10:30+00:00,ho-chennai,0,routing
2026-07-18 09:10:30+00:00,br-koramangala,0,routing
2026-07-18 09:10:30+00:00,zo-bengaluru,0,routing
2026-07-18 09:11:00+00:00,br-koramangala,0,routing
2026-07-18 09:11:00+00:00,zo-bengaluru,0,routing
2026-07-18 09:11:00+00:00,br-whitefield,0,routing
2026-07-18 09:11:00+00:00,ho-chennai,0,routing
2026-07-18 09:11:30+00:00,br-whitefield,0,routing
2026-07-18 09:11:30+00:00,ho-chennai,0,routing
2026-07-18 09:11:30+00:00,br-koramangala,0,routing
2026-07-18 09:11:30+00:00,zo-bengaluru,0,routing
2026-07-18 09:12:00+00:00,br-koramangala,0,routing
2026-07-18 09:12:00+00:00,zo-bengaluru,0,routing
2026-07-18 09:12:00+00:00,br-whitefield,0,routing
2026-07-18 09:12:00+00:00,ho-chennai,0,routing
2026-07-18 09:12:30+00:00,br-whitefield,0,routing
2026-07-18 09:12:30+00:00,ho-chennai,0,routing
2026-07-18 09:12:30+00:00,br-koramangala,0,routing
2026-07-18 09:12:30+00:00,zo-bengaluru,0,routing
2026-07-18 09:13:00+00:00,br-koramangala,0,routing
2026-07-18 09:13:00+00:00,zo-bengaluru,0,routing
2026-07-18 09:13:00+00:00,br-whitefield,0,routing
2026-07-18 09:13:00+00:00,ho-chennai,0,routing
2026-07-18 09:13:30+00:00,br-whitefield,0,routing
2026-07-18 09:13:30+00:00,ho-chennai,0,routing
2026-07-18 09:13:30+00:00,br-koramangala,0,routing
2026-07-18 09:13:30+00:00,zo-bengaluru,0,routing
2026-07-18 09:14:00+00:00,br-koramangala,0,routing
2026-07-18 09:14:00+00:00,zo-bengaluru,0,routing
2026-07-18 09:14:00+00:00,br-whitefield,0,routing
2026-07-18 09:14:00+00:00,ho-chennai,0,routing
2026-07-18 09:14:30+00:00,br-whitefield,0,routing
2026-07-18 09:14:30+00:00,ho-chennai,0,routing
2026-07-18 09:14:30+00:00,br-koramangala,0,routing
2026-07-18 09:14:30+00:00,zo-bengaluru,0,routing
2026-07-18 09:15:00+00:00,br-koramangala,0,routing
2026-07-18 09:15:00+00:00,zo-bengaluru,0,routing
2026-07-18 09:15:00+00:00,br-whitefield,0,routing
2026-07-18 09:15:00+00:00,ho-chennai,0,routing
2026-07-18 09:15:30+00:00,br-whitefield,0,routing
2026-07-18 09:15:30+00:00,ho-chennai,0,routing
2026-07-18 09:15:30+00:00,br-koramangala,0,routing
2026-07-18 09:15:30+00:00,zo-bengaluru,0,routing
2026-07-18 09:16:00+00:00,br-koramangala,0,routing
2026-07-18 09:16:00+00:00,zo-bengaluru,0,routing
2026-07-18 09:16:00+00:00,br-whitefield,0,routing
2026-07-18 09:16:00+00:00,ho-chennai,0,routing
2026-07-18 09:16:30+00:00,br-whitefield,0,routing
2026-07-18 09:16:30+00:00,ho-chennai,0,routing
2026-07-18 09:16:30+00:00,br-koramangala,0,routing
2026-07-18 09:16:30+00:00,zo-bengaluru,0,routing
2026-07-18 09:17:00+00:00,br-koramangala,0,routing
2026-07-18 09:17:00+00:00,zo-bengaluru,0,routing
2026-07-18 09:17:00+00:00,br-whitefield,0,routing
2026-07-18 09:17:00+00:00,ho-chennai,0,routing
2026-07-18 09:17:30+00:00,br-whitefield,0,routing
2026-07-18 09:17:30+00:00,ho-chennai,0,routing
2026-07-18 09:17:30+00:00,br-koramangala,0,routing
2026-07-18 09:17:30+00:00,zo-bengaluru,0,routing
2026-07-18 09:18:00+00:00,br-koramangala,0,routing
2026-07-18 09:18:00+00:00,zo-bengaluru,0,routing
2026-07-18 09:18:00+00:00,br-whitefield,0,routing
2026-07-18 09:18:00+00:00,ho-chennai,0,routing
2026-07-18 09:18:30+00:00,br-whitefield,0,routing
2026-07-18 09:18:30+00:00,ho-chennai,0,routing
2026-07-18 09:18:30+00:00,br-koramangala,0,routing
2026-07-18 09:18:30+00:00,zo-bengaluru,0,routing
2026-07-18 09:19:00+00:00,br-koramangala,0,routing
2026-07-18 09:19:00+00:00,zo-bengaluru,0,routing
2026-07-18 09:19:00+00:00,br-whitefield,0,routing
2026-07-18 09:19:00+00:00,ho-chennai,0,routing
2026-07-18 09:19:30+00:00,br-whitefield,0,routing
2026-07-18 09:19:30+00:00,ho-chennai,0,routing
2026-07-18 09:19:30+00:00,br-koramangala,0,routing
2026-07-18 09:19:30+00:00,zo-bengaluru,0,routing
2026-07-18 09:20:00+00:00,br-koramangala,0,routing
2026-07-18 09:20:00+00:00,zo-bengaluru,0,routing
2026-07-18 09:20:00+00:00,br-whitefield,0,routing
2026-07-18 09:20:00+00:00,ho-chennai,0,routing
2026-07-18 09:20:30+00:00,br-whitefield,0,routing
2026-07-18 09:20:30+00:00,ho-chennai,0,routing
2026-07-18 09:20:30+00:00,br-koramangala,0,routing
2026-07-18 09:20:30+00:00,zo-bengaluru,0,routing
2026-07-18 09:21:00+00:00,br-koramangala,0,routing
2026-07-18 09:21:00+00:00,zo-bengaluru,0,routing
2026-07-18 09:21:00+00:00,br-whitefield,0,routing
2026-07-18 09:21:00+00:00,ho-chennai,0,routing
2026-07-18 09:21:30+00:00,br-whitefield,0,routing
2026-07-18 09:21:30+00:00,ho-chennai,0,routing
2026-07-18 09:21:30+00:00,br-koramangala,0,routing
2026-07-18 09:21:30+00:00,zo-bengaluru,0,routing
2026-07-18 09:22:00+00:00,br-koramangala,0,routing
2026-07-18 09:22:00+00:00,zo-bengaluru,0,routing
2026-07-18 09:22:00+00:00,br-whitefield,0,routing
2026-07-18 09:22:00+00:00,ho-chennai,0,routing
2026-07-18 09:22:30+00:00,br-whitefield,0,routing
2026-07-18 09:22:30+00:00,ho-chennai,0,routing
2026-07-18 09:22:30+00:00,br-koramangala,0,routing
2026-07-18 09:22:30+00:00,zo-bengaluru,0,routing
2026-07-18 09:23:00+00:00,br-koramangala,0,routing
2026-07-18 09:23:00+00:00,zo-bengaluru,0,routing
2026-07-18 09:23:00+00:00,br-whitefield,0,routing
2026-07-18 09:23:00+00:00,ho-chennai,0,routing
2026-07-18 09:23:30+00:00,br-whitefield,0,routing
2026-07-18 09:23:30+00:00,ho-chennai,0,routing
2026-07-18 09:23:30+00:00,br-koramangala,0,routing
2026-07-18 09:23:30+00:00,zo-bengaluru,0,routing
2026-07-18 09:24:00+00:00,br-koramangala,0,routing
2026-07-18 09:24:00+00:00,zo-bengaluru,0,routing
2026-07-18 09:24:00+00:00,br-whitefield,0,routing
2026-07-18 09:24:00+00:00,ho-chennai,0,routing
2026-07-18 09:24:30+00:00,br-whitefield,0,routing
2026-07-18 09:24:30+00:00,ho-chennai,0,routing
2026-07-18 09:24:30+00:00,br-koramangala,0,routing
2026-07-18 09:24:30+00:00,zo-bengaluru,0,routing
2026-07-18 09:25:00+00:00,br-koramangala,0,routing
2026-07-18 09:25:00+00:00,zo-bengaluru,0,routing
2026-07-18 09:25:00+00:00,br-whitefield,0,routing
2026-07-18 09:25:00+00:00,ho-chennai,0,routing
2026-07-18 09:25:30+00:00,br-whitefield,0,routing
2026-07-18 09:25:30+00:00,ho-chennai,0,routing
2026-07-18 09:25:30+00:00,br-koramangala,0,routing
2026-07-18 09:25:30+00:00,zo-bengaluru,0,routing
2026-07-18 09:26:00+00:00,br-koramangala,0,routing
2026-07-18 09:26:00+00:00,zo-bengaluru,0,routing
2026-07-18 09:26:00+00:00,br-whitefield,0,routing
2026-07-18 09:26:00+00:00,ho-chennai,0,routing
2026-07-18 09:26:30+00:00,br-whitefield,0,routing
2026-07-18 09:26:30+00:00,ho-chennai,0,routing
2026-07-18 09:26:30+00:00,br-koramangala,0,routing
2026-07-18 09:26:30+00:00,zo-bengaluru,0,routing
2026-07-18 09:27:00+00:00,br-koramangala,0,routing
2026-07-18 09:27:00+00:00,zo-bengaluru,0,routing
2026-07-18 09:27:00+00:00,br-whitefield,0,routing
2026-07-18 09:27:00+00:00,ho-chennai,0,routing
2026-07-18 09:27:30+00:00,br-whitefield,0,routing
2026-07-18 09:27:30+00:00,ho-chennai,0,routing
2026-07-18 09:27:30+00:00,br-koramangala,0,routing
2026-07-18 09:27:30+00:00,zo-bengaluru,0,routing
2026-07-18 09:28:00+00:00,br-koramangala,0,routing
2026-07-18 09:28:00+00:00,zo-bengaluru,0,routing
2026-07-18 09:28:00+00:00,br-whitefield,0,routing
2026-07-18 09:28:00+00:00,ho-chennai,0,routing
2026-07-18 09:28:30+00:00,br-whitefield,0,routing
2026-07-18 09:28:30+00:00,ho-chennai,0,routing
2026-07-18 09:28:30+00:00,br-koramangala,0,routing
2026-07-18 09:28:30+00:00,zo-bengaluru,0,routing
2026-07-18 09:29:00+00:00,br-koramangala,0,routing
2026-07-18 09:29:00+00:00,zo-bengaluru,0,routing
2026-07-18 09:29:00+00:00,ho-chennai,0,routing
2026-07-18 09:29:00+00:00,br-whitefield,0,routing
