time,router,average_response_ms,percent_packet_loss,count,state_ok,cpu_percent,mem_percent,fault_ping,fault_ospf,fault_bgp,fault_cpu,fault_mem,fault
2026-07-16 12:26:00,HO-Chennai,0.12633333333333333,0.0,0.0,1.0,0.0,0.0,0,0,0,0,0,0
2026-07-16 12:26:00,ZO-Bengaluru,0.13366666666666668,0.0,0.0,1.0,0.0,0.0,0,0,0,0,0,0
2026-07-16 12:26:00,BR-Koramangala,0.123,0.0,0.0,1.0,0.0,0.0,0,0,0,0,0,0
2026-07-16 12:26:00,BR-Whitefield,0.0,100.0,0.0,1.0,0.0,0.0,1,0,0,0,0,1
2026-07-16 12:27:00,HO-Chennai,0.12616666666666668,0.0,0.0,1.0,0.0,0.0,0,0,0,0,0,0
2026-07-16 12:27:00,ZO-Bengaluru,0.118,0.0,0.0,1.0,0.0,0.0,0,0,0,0,0,0
2026-07-16 12:27:00,BR-Koramangala,0.11133333333333333,0.0,0.0,1.0,0.0,0.0,0,0,0,0,0,0
2026-07-16 12:27:00,BR-Whitefield,0.0,100.0,0.0,1.0,0.0,0.0,1,0,0,0,0,1
2026-07-16 12:28:00,HO-Chennai,0.09733333333333334,0.0,0.0,1.0,0.0,0.0,0,0,0,0,0,0
2026-07-16 12:28:00,ZO-Bengaluru,0.11983333333333333,0.0,0.0,1.0,0.0,0.0,0,0,0,0,0,0
2026-07-16 12:28:00,BR-Koramangala,0.11783333333333335,0.0,0.0,1.0,0.0,0.0,0,0,0,0,0,0
2026-07-16 12:28:00,BR-Whitefield,0.0,100.0,0.0,1.0,0.0,0.0,1,0,0,0,0,1
2026-07-16 12:29:00,HO-Chennai,0.1025,0.0,0.0,1.0,0.0,0.0,0,0,0,0,0,0
2026-07-16 12:29:00,ZO-Bengaluru,0.11083333333333334,0.0,0.0,1.0,0.0,0.0,0,0,0,0,0,0
2026-07-16 12:29:00,BR-Koramangala,0.09300000000000001,0.0,0.0,1.0,0.0,0.0,0,0,0,0,0,0
2026-07-16 12:29:00,BR-Whitefield,0.0,100.0,0.0,1.0,0.0,0.0,1,0,0,0,0,1
2026-07-16 12:30:00,HO-Chennai,0.10099999999999999,0.0,0.0,1.0,0.0,0.0,0,0,0,0,0,0
2026-07-16 12:30:00,ZO-Bengaluru,0.11566666666666668,0.0,0.0,1.0,0.0,0.0,0,0,0,0,0,0
2026-07-16 12:30:00,BR-Koramangala,0.09549999999999999,0.0,0.0,1.0,0.0,0.0,0,0,0,0,0,0
2026-07-16 12:30:00,BR-Whitefield,0.0,100.0,0.0,1.0,0.0,0.0,1,0,0,0,0,1
2026-07-16 12:31:00,HO-Chennai,0.10766666666666667,0.0,0.0,1.0,0.0,0.0,0,0,0,0,0,0
2026-07-16 12:31:00,ZO-Bengaluru,0.10216666666666667,0.0,0.0,1.0,0.0,0.0,0,0,0,0,0,0
2026-07-16 12:31:00,BR-Koramangala,0.11683333333333333,0.0,0.0,1.0,0.0,0.0,0,0,0,0,0,0
2026-07-16 12:31:00,BR-Whitefield,0.0,100.0,0.0,1.0,0.0,0.0,1,0,0,0,0,1
2026-07-16 12:32:00,HO-Chennai,0.08783333333333333,0.0,0.0,1.0,0.0,0.0,0,0,0,0,0,0
2026-07-16 12:32:00,ZO-Bengaluru,0.09999999999999999,0.0,0.0,1.0,0.0,0.0,0,0,0,0,0,0
2026-07-16 12:32:00,BR-Koramangala,0.13449999999999998,0.0,0.0,1.0,0.0,0.0,0,0,0,0,0,0
2026-07-16 12:32:00,BR-Whitefield,0.0,100.0,0.0,1.0,0.0,0.0,1,0,0,0,0,1
2026-07-16 12:33:00,HO-Chennai,0.12116666666666666,0.0,0.0,1.0,0.0,0.0,0,0,0,0,0,0
2026-07-16 12:33:00,ZO-Bengaluru,0.10516666666666667,0.0,0.0,1.0,0.0,0.0,0,0,0,0,0,0
2026-07-16 12:33:00,BR-Koramangala,0.09866666666666667,0.0,0.0,1.0,0.0,0.0,0,0,0,0,0,0
2026-07-16 12:33:00,BR-Whitefield,0.0,100.0,0.0,1.0,0.0,0.0,1,0,0,0,0,1
2026-07-16 12:34:00,HO-Chennai,0.5505,0.0,0.0,1.0,0.0,0.0,0,0,0,0,0,0
2026-07-16 12:34:00,ZO-Bengaluru,0.09733333333333333,0.0,0.0,1.0,0.0,0.0,0,0,0,0,0,0
2026-07-16 12:34:00,BR-Koramangala,0.10833333333333334,0.0,0.0,1.0,0.0,0.0,0,0,0,0,0,0
2026-07-16 12:34:00,BR-Whitefield,0.0,100.0,0.0,1.0,0.0,0.0,1,0,0,0,0,1
2026-07-16 12:35:00,HO-Chennai,0.08833333333333333,0.0,0.0,1.0,0.0,0.0,0,0,0,0,0,0
2026-07-16 12:35:00,ZO-Bengaluru,0.08083333333333333,0.0,0.0,1.0,0.0,0.0,0,0,0,0,0,0
2026-07-16 12:35:00,BR-Koramangala,0.09999999999999999,0.0,0.0,1.0,0.0,0.0,0,0,0,0,0,0
2026-07-16 12:35:00,BR-Whitefield,0.0,100.0,0.0,1.0,0.0,0.0,1,0,0,0,0,1
2026-07-16 12:36:00,HO-Chennai,0.06883333333333333,0.0,0.0,1.0,0.0,0.0,0,0,0,0,0,0
2026-07-16 12:36:00,ZO-Bengaluru,0.07533333333333334,0.0,0.0,1.0,0.0,0.0,0,0,0,0,0,0
2026-07-16 12:36:00,BR-Koramangala,0.085,0.0,0.0,1.0,0.0,0.0,0,0,0,0,0,0
2026-07-16 12:36:00,BR-Whitefield,0.0,100.0,0.0,1.0,0.0,0.0,1,0,0,0,0,1
2026-07-16 12:37:00,HO-Chennai,0.11433333333333334,0.0,0.0,1.0,0.0,0.0,0,0,0,0,0,0
2026-07-16 12:37:00,ZO-Bengaluru,0.09899999999999999,0.0,0.0,1.0,0.0,0.0,0,0,0,0,0,0
2026-07-16 12:37:00,BR-Koramangala,0.10383333333333333,0.0,0.0,1.0,0.0,0.0,0,0,0,0,0,0
2026-07-16 12:37:00,BR-Whitefield,0.0,100.0,0.0,1.0,0.0,0.0,1,0,0,0,0,1
2026-07-16 12:38:00,HO-Chennai,0.10983333333333334,0.0,0.0,1.0,0.0,0.0,0,0,0,0,0,0
2026-07-16 12:38:00,ZO-Bengaluru,0.10233333333333333,0.0,0.0,1.0,0.0,0.0,0,0,0,0,0,0
2026-07-16 12:38:00,BR-Koramangala,0.11299999999999999,0.0,0.0,1.0,0.0,0.0,0,0,0,0,0,0
2026-07-16 12:38:00,BR-Whitefield,0.0,100.0,0.0,1.0,0.0,0.0,1,0,0,0,0,1
2026-07-16 12:39:00,HO-Chennai,0.11149999999999999,0.0,0.0,1.0,0.0,0.0,0,0,0,0,0,0
2026-07-16 12:39:00,ZO-Bengaluru,0.09766666666666667,0.0,0.0,1.0,0.0,0.0,0,0,0,0,0,0
2026-07-16 12:39:00,BR-Koramangala,0.08333333333333333,0.0,0.0,1.0,0.0,0.0,0,0,0,0,0,0
2026-07-16 12:39:00,BR-Whitefield,0.0,100.0,0.0,1.0,0.0,0.0,1,0,0,0,0,1
2026-07-16 12:40:00,HO-Chennai,0.08183333333333333,0.0,0.0,1.0,0.0,0.0,0,0,0,0,0,0
2026-07-16 12:40:00,ZO-Bengaluru,0.08516666666666667,0.0,0.0,1.0,0.0,0.0,0,0,0,0,0,0
2026-07-16 12:40:00,BR-Koramangala,0.08600000000000001,0.0,0.0,1.0,0.0,0.0,0,0,0,0,0,0
2026-07-16 12:40:00,BR-Whitefield,0.0,100.0,0.0,1.0,0.0,0.0,1,0,0,0,0,1
2026-07-16 12:41:00,HO-Chennai,0.08166666666666667,0.0,0.0,1.0,0.0,0.0,0,0,0,0,0,0
2026-07-16 12:41:00,ZO-Bengaluru,0.0825,0.0,0.0,1.0,0.0,0.0,0,0,0,0,0,0
2026-07-16 12:41:00,BR-Koramangala,0.07383333333333333,0.0,0.0,1.0,0.0,0.0,0,0,0,0,0,0
2026-07-16 12:41:00,BR-Whitefield,0.0,100.0,0.0,1.0,0.0,0.0,1,0,0,0,0,1
2026-07-16 12:42:00,HO-Chennai,0.07666666666666666,0.0,0.0,1.0,0.0,0.0,0,0,0,0,0,0
2026-07-16 12:42:00,ZO-Bengaluru,0.09083333333333334,0.0,0.0,1.0,0.0,0.0,0,0,0,0,0,0
2026-07-16 12:42:00,BR-Koramangala,0.07916666666666666,0.0,0.0,1.0,0.0,0.0,0,0,0,0,0,0
2026-07-16 12:42:00,BR-Whitefield,0.0,100.0,0.0,1.0,0.0,0.0,1,0,0,0,0,1
2026-07-16 12:43:00,HO-Chennai,0.10283333333333333,0.0,0.0,1.0,0.0,0.0,0,0,0,0,0,0
2026-07-16 12:43:00,ZO-Bengaluru,0.09266666666666667,0.0,0.0,1.0,0.0,0.0,0,0,0,0,0,0
2026-07-16 12:43:00,BR-Koramangala,0.09283333333333332,0.0,0.0,1.0,0.0,0.0,0,0,0,0,0,0
2026-07-16 12:43:00,BR-Whitefield,0.0,100.0,0.0,1.0,0.0,0.0,1,0,0,0,0,1
2026-07-16 12:44:00,HO-Chennai,0.09883333333333333,0.0,0.0,1.0,0.0,0.0,0,0,0,0,0,0
2026-07-16 12:44:00,ZO-Bengaluru,0.10616666666666667,0.0,0.0,1.0,0.0,0.0,0,0,0,0,0,0
2026-07-16 12:44:00,BR-Koramangala,0.11649999999999999,0.0,0.0,1.0,0.0,0.0,0,0,0,0,0,0
2026-07-16 12:44:00,BR-Whitefield,0.0,100.0,0.0,1.0,0.0,0.0,1,0,0,0,0,1
2026-07-16 12:45:00,HO-Chennai,0.1025,0.0,0.0,1.0,0.0,0.0,0,0,0,0,0,0
2026-07-16 12:45:00,ZO-Bengaluru,0.09966666666666667,0.0,0.0,1.0,0.0,0.0,0,0,0,0,0,0
2026-07-16 12:45:00,BR-Koramangala,0.09516666666666666,0.0,0.0,1.0,0.0,0.0,0,0,0,0,0,0
2026-07-16 12:45:00,BR-Whitefield,0.0,100.0,0.0,1.0,0.0,0.0,1,0,0,0,0,1
2026-07-16 12:46:00,HO-Chennai,0.09666666666666666,0.0,0.0,1.0,0.0,0.0,0,0,0,0,0,0
2026-07-16 12:46:00,ZO-Bengaluru,0.1355,0.0,0.0,1.0,0.0,0.0,0,0,0,0,0,0
2026-07-16 12:46:00,BR-Koramangala,0.09666666666666668,0.0,0.0,1.0,0.0,0.0,0,0,0,0,0,0
2026-07-16 12:46:00,BR-Whitefield,0.0,100.0,0.0,1.0,0.0,0.0,1,0,0,0,0,1
2026-07-16 12:47:00,HO-Chennai,0.2031666666666667,0.0,0.0,1.0,0.0,0.0,0,0,0,0,0,0
2026-07-16 12:47:00,ZO-Bengaluru,0.1085,0.0,0.0,1.0,0.0,0.0,0,0,0,0,0,0
2026-07-16 12:47:00,BR-Koramangala,0.08783333333333333,0.0,0.0,1.0,0.0,0.0,0,0,0,0,0,0
2026-07-16 12:47:00,BR-Whitefield,0.0,100.0,0.0,1.0,0.0,0.0,1,0,0,0,0,1
2026-07-16 12:48:00,HO-Chennai,0.11483333333333334,0.0,0.0,1.0,0.0,0.0,0,0,0,0,0,0
2026-07-16 12:48:00,ZO-Bengaluru,0.111,0.0,0.0,1.0,0.0,0.0,0,0,0,0,0,0
2026-07-16 12:48:00,BR-Koramangala,0.109,0.0,0.0,1.0,0.0,0.0,0,0,0,0,0,0
2026-07-16 12:48:00,BR-Whitefield,0.0,100.0,0.0,1.0,0.0,0.0,1,0,0,0,0,1
2026-07-16 12:49:00,HO-Chennai,0.10516666666666667,0.0,0.0,1.0,0.0,0.0,0,0,0,0,0,0
2026-07-16 12:49:00,ZO-Bengaluru,0.14483333333333334,0.0,0.0,1.0,0.0,0.0,0,0,0,0,0,0
2026-07-16 12:49:00,BR-Koramangala,0.11083333333333334,0.0,0.0,1.0,0.0,0.0,0,0,0,0,0,0
2026-07-16 12:49:00,BR-Whitefield,0.0,100.0,0.0,1.0,0.0,0.0,1,0,0,0,0,1
2026-07-16 12:50:00,HO-Chennai,0.1075,0.0,0.0,1.0,0.0,0.0,0,0,0,0,0,0
2026-07-16 12:50:00,ZO-Bengaluru,0.11066666666666668,0.0,0.0,1.0,0.0,0.0,0,0,0,0,0,0
2026-07-16 12:50:00,BR-Koramangala,0.09149999999999998,0.0,0.0,1.0,0.0,0.0,0,0,0,0,0,0
2026-07-16 12:50:00,BR-Whitefield,0.0,100.0,0.0,1.0,0.0,0.0,1,0,0,0,0,1
2026-07-16 12:51:00,HO-Chennai,0.11483333333333334,0.0,0.0,1.0,0.0,0.0,0,0,0,0,0,0
2026-07-16 12:51:00,ZO-Bengaluru,0.09999999999999999,0.0,0.0,1.0,0.0,0.0,0,0,0,0,0,0
2026-07-16 12:51:00,BR-Koramangala,0.11166666666666668,0.0,0.0,1.0,0.0,0.0,0,0,0,0,0,0
2026-07-16 12:51:00,BR-Whitefield,0.0,100.0,0.0,1.0,0.0,0.0,1,0,0,0,0,1
2026-07-16 12:52:00,HO-Chennai,0.1095,0.0,0.0,1.0,0.0,0.0,0,0,0,0,0,0
2026-07-16 12:52:00,ZO-Bengaluru,0.09399999999999999,0.0,0.0,1.0,0.0,0.0,0,0,0,0,0,0
2026-07-16 12:52:00,BR-Koramangala,0.09899999999999999,0.0,0.0,1.0,0.0,0.0,0,0,0,0,0,0
2026-07-16 12:52:00,BR-Whitefield,0.0,100.0,0.0,1.0,0.0,0.0,1,0,0,0,0,1
2026-07-16 12:53:00,HO-Chennai,0.13316666666666668,0.0,0.0,1.0,0.0,0.0,0,0,0,0,0,0
2026-07-16 12:53:00,ZO-Bengaluru,0.11483333333333334,0.0,0.0,1.0,0.0,0.0,0,0,0,0,0,0
2026-07-16 12:53:00,BR-Koramangala,0.14049999999999999,0.0,0.0,1.0,0.0,0.0,0,0,0,0,0,0
2026-07-16 12:53:00,BR-Whitefield,0.0,100.0,0.0,1.0,0.0,0.0,1,0,0,0,0,1
2026-07-16 12:54:00,HO-Chennai,0.123,0.0,0.0,1.0,0.0,0.0,0,0,0,0,0,0
2026-07-16 12:54:00,ZO-Bengaluru,0.11716666666666666,0.0,0.0,1.0,0.0,0.0,0,0,0,0,0,0
2026-07-16 12:54:00,BR-Koramangala,0.1376666666666667,0.0,0.0,1.0,0.0,0.0,0,0,0,0,0,0
2026-07-16 12:54:00,BR-Whitefield,0.0,100.0,0.0,1.0,0.0,0.0,1,0,0,0,0,1
2026-07-16 12:55:00,HO-Chennai,0.109,0.0,0.0,1.0,0.0,0.0,0,0,0,0,0,0
2026-07-16 12:55:00,ZO-Bengaluru,0.1145,0.0,0.0,1.0,0.0,0.0,0,0,0,0,0,0
2026-07-16 12:55:00,BR-Koramangala,0.1055,0.0,0.0,1.0,0.0,0.0,0,0,0,0,0,0
2026-07-16 12:55:00,BR-Whitefield,0.0,100.0,0.0,1.0,0.0,0.0,1,0,0,0,0,1
2026-07-16 12:56:00,HO-Chennai,0.12433333333333334,0.0,0.0,1.0,0.0,0.0,0,0,0,0,0,0
2026-07-16 12:56:00,ZO-Bengaluru,0.09016666666666667,0.0,0.0,1.0,0.0,0.0,0,0,0,0,0,0
2026-07-16 12:56:00,BR-Koramangala,0.103,0.0,0.0,1.0,0.0,0.0,0,0,0,0,0,0
2026-07-16 12:56:00,BR-Whitefield,0.0,100.0,0.0,1.0,0.0,0.0,1,0,0,0,0,1
2026-07-16 12:57:00,HO-Chennai,0.09100000000000001,0.0,0.0,1.0,0.0,0.0,0,0,0,0,0,0
2026-07-16 12:57:00,ZO-Bengaluru,0.10483333333333333,0.0,0.0,1.0,0.0,0.0,0,0,0,0,0,0
2026-07-16 12:57:00,BR-Koramangala,0.09233333333333334,0.0,0.0,1.0,0.0,0.0,0,0,0,0,0,0
2026-07-16 12:57:00,BR-Whitefield,0.0,100.0,0.0,1.0,0.0,0.0,1,0,0,0,0,1
2026-07-16 12:58:00,HO-Chennai,0.08033333333333333,0.0,0.0,1.0,0.0,0.0,0,0,0,0,0,0
2026-07-16 12:58:00,ZO-Bengaluru,0.09149999999999998,0.0,0.0,1.0,0.0,0.0,0,0,0,0,0,0
2026-07-16 12:58:00,BR-Koramangala,0.0685,0.0,0.0,1.0,0.0,0.0,0,0,0,0,0,0
2026-07-16 12:58:00,BR-Whitefield,0.0,100.0,0.0,1.0,0.0,0.0,1,0,0,0,0,1
2026-07-16 12:59:00,HO-Chennai,0.12416666666666666,0.0,0.0,1.0,0.0,0.0,0,0,0,0,0,0
2026-07-16 12:59:00,ZO-Bengaluru,0.09449999999999999,0.0,0.0,1.0,0.0,0.0,0,0,0,0,0,0
2026-07-16 12:59:00,BR-Koramangala,0.09916666666666667,0.0,0.0,1.0,0.0,0.0,0,0,0,0,0,0
2026-07-16 12:59:00,BR-Whitefield,0.0,100.0,0.0,1.0,0.0,0.0,1,0,0,0,0,1
2026-07-16 13:00:00,HO-Chennai,0.101,0.0,0.0,1.0,0.0,0.0,0,0,0,0,0,0
2026-07-16 13:00:00,ZO-Bengaluru,0.102,0.0,0.0,1.0,0.0,0.0,0,0,0,0,0,0
2026-07-16 13:00:00,BR-Koramangala,0.117,0.0,0.0,1.0,0.0,0.0,0,0,0,0,0,0
2026-07-16 13:00:00,BR-Whitefield,0.0,100.0,0.0,1.0,0.0,0.0,1,0,0,0,0,1
2026-07-16 13:01:00,HO-Chennai,0.0,0.0,0.0,1.0,0.0,0.0,0,0,0,0,0,0
2026-07-16 13:01:00,ZO-Bengaluru,0.0,0.0,0.0,1.0,0.0,0.0,0,0,0,0,0,0
2026-07-16 13:01:00,BR-Koramangala,0.0,0.0,0.0,1.0,0.0,0.0,0,0,0,0,0,0
2026-07-16 13:01:00,BR-Whitefield,0.0,0.0,0.0,1.0,0.0,0.0,0,0,0,0,0,0
2026-07-16 13:02:00,HO-Chennai,0.0,0.0,0.0,1.0,0.0,0.0,0,0,0,0,0,0
2026-07-16 13:02:00,ZO-Bengaluru,0.0,0.0,0.0,1.0,0.0,0.0,0,0,0,0,0,0
2026-07-16 13:02:00,BR-Koramangala,0.0,0.0,0.0,1.0,0.0,0.0,0,0,0,0,0,0
2026-07-16 13:02:00,BR-Whitefield,0.0,0.0,0.0,1.0,0.0,0.0,0,0,0,0,0,0
2026-07-16 13:03:00,HO-Chennai,0.0,0.0,0.0,1.0,0.0,0.0,0,0,0,0,0,0
2026-07-16 13:03:00,ZO-Bengaluru,0.0,0.0,0.0,1.0,0.0,0.0,0,0,0,0,0,0
2026-07-16 13:03:00,BR-Koramangala,0.0,0.0,0.0,1.0,0.0,0.0,0,0,0,0,0,0
2026-07-16 13:03:00,BR-Whitefield,0.0,0.0,0.0,1.0,0.0,0.0,0,0,0,0,0,0
2026-07-16 13:04:00,HO-Chennai,0.0,0.0,0.0,1.0,0.0,0.0,0,0,0,0,0,0
2026-07-16 13:04:00,ZO-Bengaluru,0.0,0.0,0.0,1.0,0.0,0.0,0,0,0,0,0,0
2026-07-16 13:04:00,BR-Koramangala,0.0,0.0,0.0,1.0,0.0,0.0,0,0,0,0,0,0
2026-07-16 13:04:00,BR-Whitefield,0.0,0.0,0.0,1.0,0.0,0.0,0,0,0,0,0,0
2026-07-16 13:05:00,HO-Chennai,0.0,0.0,0.0,1.0,0.0,0.0,0,0,0,0,0,0
2026-07-16 13:05:00,ZO-Bengaluru,0.0,0.0,0.0,1.0,0.0,0.0,0,0,0,0,0,0
2026-07-16 13:05:00,BR-Koramangala,0.0,0.0,0.0,1.0,0.0,0.0,0,0,0,0,0,0
2026-07-16 13:05:00,BR-Whitefield,0.0,0.0,0.0,1.0,0.0,0.0,0,0,0,0,0,0
2026-07-16 13:06:00,HO-Chennai,0.0,0.0,0.0,1.0,0.0,0.0,0,0,0,0,0,0
2026-07-16 13:06:00,ZO-Bengaluru,0.0,0.0,0.0,1.0,0.0,0.0,0,0,0,0,0,0
2026-07-16 13:06:00,BR-Koramangala,0.0,0.0,0.0,1.0,0.0,0.0,0,0,0,0,0,0
2026-07-16 13:06:00,BR-Whitefield,0.0,0.0,0.0,1.0,0.0,0.0,0,0,0,0,0,0
2026-07-16 13:07:00,HO-Chennai,0.0,0.0,0.0,1.0,0.0,0.0,0,0,0,0,0,0
2026-07-16 13:07:00,ZO-Bengaluru,0.0,0.0,0.0,1.0,0.0,0.0,0,0,0,0,0,0
2026-07-16 13:07:00,BR-Koramangala,0.0,0.0,0.0,1.0,0.0,0.0,0,0,0,0,0,0
2026-07-16 13:07:00,BR-Whitefield,0.0,0.0,0.0,1.0,0.0,0.0,0,0,0,0,0,0
2026-07-16 13:08:00,HO-Chennai,0.0,0.0,0.0,1.0,0.0,0.0,0,0,0,0,0,0
2026-07-16 13:08:00,ZO-Bengaluru,0.0,0.0,0.0,1.0,0.0,0.0,0,0,0,0,0,0
2026-07-16 13:08:00,BR-Koramangala,0.0,0.0,0.0,1.0,0.0,0.0,0,0,0,0,0,0
2026-07-16 13:08:00,BR-Whitefield,0.0,0.0,0.0,1.0,0.0,0.0,0,0,0,0,0,0
2026-07-16 13:09:00,HO-Chennai,0.0,0.0,0.0,1.0,0.0,0.0,0,0,0,0,0,0
2026-07-16 13:09:00,ZO-Bengaluru,0.0,0.0,0.0,1.0,0.0,0.0,0,0,0,0,0,0
2026-07-16 13:09:00,BR-Koramangala,0.0,0.0,0.0,1.0,0.0,0.0,0,0,0,0,0,0
2026-07-16 13:09:00,BR-Whitefield,0.0,0.0,0.0,1.0,0.0,0.0,0,0,0,0,0,0
2026-07-16 13:10:00,HO-Chennai,0.0,0.0,0.0,1.0,0.0,0.0,0,0,0,0,0,0
2026-07-16 13:10:00,ZO-Bengaluru,0.0,0.0,0.0,1.0,0.0,0.0,0,0,0,0,0,0
2026-07-16 13:10:00,BR-Koramangala,0.0,0.0,0.0,1.0,0.0,0.0,0,0,0,0,0,0
2026-07-16 13:10:00,BR-Whitefield,0.0,0.0,0.0,1.0,0.0,0.0,0,0,0,0,0,0
2026-07-16 13:11:00,HO-Chennai,0.0,0.0,0.0,1.0,0.0,0.0,0,0,0,0,0,0
2026-07-16 13:11:00,ZO-Bengaluru,0.0,0.0,0.0,1.0,0.0,0.0,0,0,0,0,0,0
2026-07-16 13:11:00,BR-Koramangala,0.0,0.0,0.0,1.0,0.0,0.0,0,0,0,0,0,0
2026-07-16 13:11:00,BR-Whitefield,0.0,0.0,0.0,1.0,0.0,0.0,0,0,0,0,0,0
2026-07-16 13:12:00,HO-Chennai,0.0,0.0,0.0,1.0,0.0,0.0,0,0,0,0,0,0
2026-07-16 13:12:00,ZO-Bengaluru,0.0,0.0,0.0,1.0,0.0,0.0,0,0,0,0,0,0
2026-07-16 13:12:00,BR-Koramangala,0.0,0.0,0.0,1.0,0.0,0.0,0,0,0,0,0,0
2026-07-16 13:12:00,BR-Whitefield,0.0,0.0,0.0,1.0,0.0,0.0,0,0,0,0,0,0
2026-07-16 13:13:00,HO-Chennai,0.0,0.0,0.0,1.0,0.0,0.0,0,0,0,0,0,0
2026-07-16 13:13:00,ZO-Bengaluru,0.0,0.0,0.0,1.0,0.0,0.0,0,0,0,0,0,0
2026-07-16 13:13:00,BR-Koramangala,0.0,0.0,0.0,1.0,0.0,0.0,0,0,0,0,0,0
2026-07-16 13:13:00,BR-Whitefield,0.0,0.0,0.0,1.0,0.0,0.0,0,0,0,0,0,0
2026-07-16 13:14:00,HO-Chennai,0.0,0.0,0.0,1.0,0.0,0.0,0,0,0,0,0,0
2026-07-16 13:14:00,ZO-Bengaluru,0.0,0.0,0.0,1.0,0.0,0.0,0,0,0,0,0,0
2026-07-16 13:14:00,BR-Koramangala,0.0,0.0,0.0,1.0,0.0,0.0,0,0,0,0,0,0
2026-07-16 13:14:00,BR-Whitefield,0.0,0.0,0.0,1.0,0.0,0.0,0,0,0,0,0,0
2026-07-16 13:15:00,HO-Chennai,0.0,0.0,0.0,1.0,0.0,0.0,0,0,0,0,0,0
2026-07-16 13:15:00,ZO-Bengaluru,0.0,0.0,0.0,1.0,0.0,0.0,0,0,0,0,0,0
2026-07-16 13:15:00,BR-Koramangala,0.0,0.0,0.0,1.0,0.0,0.0,0,0,0,0,0,0
2026-07-16 13:15:00,BR-Whitefield,0.0,0.0,0.0,1.0,0.0,0.0,0,0,0,0,0,0
2026-07-16 13:16:00,HO-Chennai,0.0,0.0,0.0,1.0,0.0,0.0,0,0,0,0,0,0
2026-07-16 13:16:00,ZO-Bengaluru,0.0,0.0,0.0,1.0,0.0,0.0,0,0,0,0,0,0
2026-07-16 13:16:00,BR-Koramangala,0.0,0.0,0.0,1.0,0.0,0.0,0,0,0,0,0,0
2026-07-16 13:16:00,BR-Whitefield,0.0,0.0,0.0,1.0,0.0,0.0,0,0,0,0,0,0
2026-07-16 13:17:00,HO-Chennai,0.0,0.0,0.0,1.0,0.0,0.0,0,0,0,0,0,0
2026-07-16 13:17:00,ZO-Bengaluru,0.0,0.0,0.0,1.0,0.0,0.0,0,0,0,0,0,0
2026-07-16 13:17:00,BR-Koramangala,0.0,0.0,0.0,1.0,0.0,0.0,0,0,0,0,0,0
2026-07-16 13:17:00,BR-Whitefield,0.0,0.0,0.0,1.0,0.0,0.0,0,0,0,0,0,0
2026-07-16 13:18:00,HO-Chennai,0.0,0.0,0.0,1.0,0.0,0.0,0,0,0,0,0,0
2026-07-16 13:18:00,ZO-Bengaluru,0.0,0.0,0.0,1.0,0.0,0.0,0,0,0,0,0,0
2026-07-16 13:18:00,BR-Koramangala,0.0,0.0,0.0,1.0,0.0,0.0,0,0,0,0,0,0
2026-07-16 13:18:00,BR-Whitefield,0.0,0.0,0.0,1.0,0.0,0.0,0,0,0,0,0,0
2026-07-16 13:19:00,HO-Chennai,0.0,0.0,0.0,1.0,0.0,0.0,0,0,0,0,0,0
2026-07-16 13:19:00,ZO-Bengaluru,0.0,0.0,0.0,1.0,0.0,0.0,0,0,0,0,0,0
2026-07-16 13:19:00,BR-Koramangala,0.0,0.0,0.0,1.0,0.0,0.0,0,0,0,0,0,0
2026-07-16 13:19:00,BR-Whitefield,0.0,0.0,0.0,1.0,0.0,0.0,0,0,0,0,0,0
2026-07-16 13:20:00,HO-Chennai,0.0,0.0,0.0,1.0,0.0,0.0,0,0,0,0,0,0
2026-07-16 13:20:00,ZO-Bengaluru,0.0,0.0,0.0,1.0,0.0,0.0,0,0,0,0,0,0
2026-07-16 13:20:00,BR-Koramangala,0.0,0.0,0.0,1.0,0.0,0.0,0,0,0,0,0,0
2026-07-16 13:20:00,BR-Whitefield,0.0,0.0,0.0,1.0,0.0,0.0,0,0,0,0,0,0
2026-07-16 13:21:00,HO-Chennai,0.0,0.0,0.0,1.0,0.0,0.0,0,0,0,0,0,0
2026-07-16 13:21:00,ZO-Bengaluru,0.0,0.0,0.0,1.0,0.0,0.0,0,0,0,0,0,0
2026-07-16 13:21:00,BR-Koramangala,0.0,0.0,0.0,1.0,0.0,0.0,0,0,0,0,0,0
2026-07-16 13:21:00,BR-Whitefield,0.0,0.0,0.0,1.0,0.0,0.0,0,0,0,0,0,0
2026-07-16 13:22:00,HO-Chennai,0.0,0.0,0.0,1.0,0.0,0.0,0,0,0,0,0,0
2026-07-16 13:22:00,ZO-Bengaluru,0.0,0.0,0.0,1.0,0.0,0.0,0,0,0,0,0,0
2026-07-16 13:22:00,BR-Koramangala,0.0,0.0,0.0,1.0,0.0,0.0,0,0,0,0,0,0
2026-07-16 13:22:00,BR-Whitefield,0.0,0.0,0.0,1.0,0.0,0.0,0,0,0,0,0,0
2026-07-16 13:23:00,HO-Chennai,0.0,0.0,0.0,1.0,0.0,0.0,0,0,0,0,0,0
2026-07-16 13:23:00,ZO-Bengaluru,0.0,0.0,0.0,1.0,0.0,0.0,0,0,0,0,0,0
2026-07-16 13:23:00,BR-Koramangala,0.0,0.0,0.0,1.0,0.0,0.0,0,0,0,0,0,0
2026-07-16 13:23:00,BR-Whitefield,0.0,0.0,0.0,1.0,0.0,0.0,0,0,0,0,0,0
2026-07-16 13:24:00,HO-Chennai,0.0,0.0,0.0,1.0,0.0,0.0,0,0,0,0,0,0
2026-07-16 13:24:00,ZO-Bengaluru,0.0,0.0,0.0,1.0,0.0,0.0,0,0,0,0,0,0
2026-07-16 13:24:00,BR-Koramangala,0.0,0.0,0.0,1.0,0.0,0.0,0,0,0,0,0,0
2026-07-16 13:24:00,BR-Whitefield,0.0,0.0,0.0,1.0,0.0,0.0,0,0,0,0,0,0
2026-07-16 13:25:00,HO-Chennai,0.0,0.0,0.0,1.0,0.0,0.0,0,0,0,0,0,0
2026-07-16 13:25:00,ZO-Bengaluru,0.0,0.0,0.0,1.0,0.0,0.0,0,0,0,0,0,0
2026-07-16 13:25:00,BR-Koramangala,0.0,0.0,0.0,1.0,0.0,0.0,0,0,0,0,0,0
2026-07-16 13:25:00,BR-Whitefield,0.0,0.0,0.0,1.0,0.0,0.0,0,0,0,0,0,0
2026-07-16 13:26:00,HO-Chennai,0.0,0.0,0.0,1.0,0.0,0.0,0,0,0,0,0,0
2026-07-16 13:26:00,ZO-Bengaluru,0.0,0.0,0.0,1.0,0.0,0.0,0,0,0,0,0,0
2026-07-16 13:26:00,BR-Koramangala,0.0,0.0,0.0,1.0,0.0,0.0,0,0,0,0,0,0
2026-07-16 13:26:00,BR-Whitefield,0.0,0.0,0.0,1.0,0.0,0.0,0,0,0,0,0,0
2026-07-16 13:27:00,HO-Chennai,0.0,0.0,0.0,1.0,0.0,0.0,0,0,0,0,0,0
2026-07-16 13:27:00,ZO-Bengaluru,0.0,0.0,0.0,1.0,0.0,0.0,0,0,0,0,0,0
2026-07-16 13:27:00,BR-Koramangala,0.0,0.0,0.0,1.0,0.0,0.0,0,0,0,0,0,0
2026-07-16 13:27:00,BR-Whitefield,0.0,0.0,0.0,1.0,0.0,0.0,0,0,0,0,0,0
2026-07-16 13:28:00,HO-Chennai,0.0,0.0,0.0,1.0,0.0,0.0,0,0,0,0,0,0
2026-07-16 13:28:00,ZO-Bengaluru,0.0,0.0,0.0,1.0,0.0,0.0,0,0,0,0,0,0
2026-07-16 13:28:00,BR-Koramangala,0.0,0.0,0.0,1.0,0.0,0.0,0,0,0,0,0,0
2026-07-16 13:28:00,BR-Whitefield,0.0,0.0,0.0,1.0,0.0,0.0,0,0,0,0,0,0
2026-07-16 13:29:00,HO-Chennai,0.0,0.0,0.0,1.0,0.0,0.0,0,0,0,0,0,0
2026-07-16 13:29:00,ZO-Bengaluru,0.0,0.0,0.0,1.0,0.0,0.0,0,0,0,0,0,0
2026-07-16 13:29:00,BR-Koramangala,0.0,0.0,0.0,1.0,0.0,0.0,0,0,0,0,0,0
2026-07-16 13:29:00,BR-Whitefield,0.0,0.0,0.0,1.0,0.0,0.0,0,0,0,0,0,0
2026-07-16 13:30:00,HO-Chennai,0.0,0.0,0.0,1.0,0.0,0.0,0,0,0,0,0,0
2026-07-16 13:30:00,ZO-Bengaluru,0.0,0.0,0.0,1.0,0.0,0.0,0,0,0,0,0,0
2026-07-16 13:30:00,BR-Koramangala,0.0,0.0,0.0,1.0,0.0,0.0,0,0,0,0,0,0
2026-07-16 13:30:00,BR-Whitefield,0.0,0.0,0.0,1.0,0.0,0.0,0,0,0,0,0,0
2026-07-16 13:31:00,HO-Chennai,0.0,0.0,0.0,1.0,0.0,0.0,0,0,0,0,0,0
2026-07-16 13:31:00,ZO-Bengaluru,0.0,0.0,0.0,1.0,0.0,0.0,0,0,0,0,0,0
2026-07-16 13:31:00,BR-Koramangala,0.0,0.0,0.0,1.0,0.0,0.0,0,0,0,0,0,0
2026-07-16 13:31:00,BR-Whitefield,0.0,0.0,0.0,1.0,0.0,0.0,0,0,0,0,0,0
2026-07-16 13:32:00,HO-Chennai,0.0,0.0,0.0,1.0,0.0,0.0,0,0,0,0,0,0
2026-07-16 13:32:00,ZO-Bengaluru,0.0,0.0,0.0,1.0,0.0,0.0,0,0,0,0,0,0
2026-07-16 13:32:00,BR-Koramangala,0.0,0.0,0.0,1.0,0.0,0.0,0,0,0,0,0,0
2026-07-16 13:32:00,BR-Whitefield,0.0,0.0,0.0,1.0,0.0,0.0,0,0,0,0,0,0
2026-07-16 13:33:00,HO-Chennai,0.0,0.0,0.0,1.0,0.0,0.0,0,0,0,0,0,0
2026-07-16 13:33:00,ZO-Bengaluru,0.0,0.0,0.0,1.0,0.0,0.0,0,0,0,0,0,0
2026-07-16 13:33:00,BR-Koramangala,0.0,0.0,0.0,1.0,0.0,0.0,0,0,0,0,0,0
2026-07-16 13:33:00,BR-Whitefield,0.0,0.0,0.0,1.0,0.0,0.0,0,0,0,0,0,0
2026-07-16 13:34:00,HO-Chennai,0.0,0.0,0.0,1.0,0.0,0.0,0,0,0,0,0,0
2026-07-16 13:34:00,ZO-Bengaluru,0.0,0.0,0.0,1.0,0.0,0.0,0,0,0,0,0,0
2026-07-16 13:34:00,BR-Koramangala,0.0,0.0,0.0,1.0,0.0,0.0,0,0,0,0,0,0
2026-07-16 13:34:00,BR-Whitefield,0.0,0.0,0.0,1.0,0.0,0.0,0,0,0,0,0,0
2026-07-16 13:35:00,HO-Chennai,0.0,0.0,0.0,1.0,0.0,0.0,0,0,0,0,0,0
2026-07-16 13:35:00,ZO-Bengaluru,0.0,0.0,0.0,1.0,0.0,0.0,0,0,0,0,0,0
2026-07-16 13:35:00,BR-Koramangala,0.0,0.0,0.0,1.0,0.0,0.0,0,0,0,0,0,0
2026-07-16 13:35:00,BR-Whitefield,0.0,0.0,0.0,1.0,0.0,0.0,0,0,0,0,0,0
2026-07-16 13:36:00,HO-Chennai,0.0,0.0,0.0,1.0,0.0,0.0,0,0,0,0,0,0
2026-07-16 13:36:00,ZO-Bengaluru,0.0,0.0,0.0,1.0,0.0,0.0,0,0,0,0,0,0
2026-07-16 13:36:00,BR-Koramangala,0.0,0.0,0.0,1.0,0.0,0.0,0,0,0,0,0,0
2026-07-16 13:36:00,BR-Whitefield,0.0,0.0,0.0,1.0,0.0,0.0,0,0,0,0,0,0
2026-07-16 13:37:00,HO-Chennai,0.0,0.0,0.0,1.0,0.0,0.0,0,0,0,0,0,0
2026-07-16 13:37:00,ZO-Bengaluru,0.0,0.0,0.0,1.0,0.0,0.0,0,0,0,0,0,0
2026-07-16 13:37:00,BR-Koramangala,0.0,0.0,0.0,1.0,0.0,0.0,0,0,0,0,0,0
2026-07-16 13:37:00,BR-Whitefield,0.0,0.0,0.0,1.0,0.0,0.0,0,0,0,0,0,0
2026-07-16 13:38:00,HO-Chennai,0.0,0.0,0.0,1.0,0.0,0.0,0,0,0,0,0,0
2026-07-16 13:38:00,ZO-Bengaluru,0.0,0.0,0.0,1.0,0.0,0.0,0,0,0,0,0,0
2026-07-16 13:38:00,BR-Koramangala,0.0,0.0,0.0,1.0,0.0,0.0,0,0,0,0,0,0
2026-07-16 13:38:00,BR-Whitefield,0.0,0.0,0.0,1.0,0.0,0.0,0,0,0,0,0,0
2026-07-16 13:39:00,HO-Chennai,0.0,0.0,0.0,1.0,0.0,0.0,0,0,0,0,0,0
2026-07-16 13:39:00,ZO-Bengaluru,0.0,0.0,0.0,1.0,0.0,0.0,0,0,0,0,0,0
2026-07-16 13:39:00,BR-Koramangala,0.0,0.0,0.0,1.0,0.0,0.0,0,0,0,0,0,0
2026-07-16 13:39:00,BR-Whitefield,0.0,0.0,0.0,1.0,0.0,0.0,0,0,0,0,0,0
2026-07-16 13:40:00,HO-Chennai,0.0,0.0,0.0,1.0,0.0,0.0,0,0,0,0,0,0
2026-07-16 13:40:00,ZO-Bengaluru,0.0,0.0,0.0,1.0,0.0,0.0,0,0,0,0,0,0
2026-07-16 13:40:00,BR-Koramangala,0.0,0.0,0.0,1.0,0.0,0.0,0,0,0,0,0,0
2026-07-16 13:40:00,BR-Whitefield,0.0,0.0,0.0,1.0,0.0,0.0,0,0,0,0,0,0
2026-07-16 13:41:00,HO-Chennai,0.0,0.0,0.0,1.0,0.0,0.0,0,0,0,0,0,0
2026-07-16 13:41:00,ZO-Bengaluru,0.0,0.0,0.0,1.0,0.0,0.0,0,0,0,0,0,0
2026-07-16 13:41:00,BR-Koramangala,0.0,0.0,0.0,1.0,0.0,0.0,0,0,0,0,0,0
2026-07-16 13:41:00,BR-Whitefield,0.0,0.0,0.0,1.0,0.0,0.0,0,0,0,0,0,0
2026-07-16 13:42:00,HO-Chennai,0.0,0.0,0.0,1.0,0.0,0.0,0,0,0,0,0,0
2026-07-16 13:42:00,ZO-Bengaluru,0.0,0.0,0.0,1.0,0.0,0.0,0,0,0,0,0,0
2026-07-16 13:42:00,BR-Koramangala,0.0,0.0,0.0,1.0,0.0,0.0,0,0,0,0,0,0
2026-07-16 13:42:00,BR-Whitefield,0.0,0.0,0.0,1.0,0.0,0.0,0,0,0,0,0,0
2026-07-16 13:43:00,HO-Chennai,0.0,0.0,0.0,1.0,0.0,0.0,0,0,0,0,0,0
2026-07-16 13:43:00,ZO-Bengaluru,0.0,0.0,0.0,1.0,0.0,0.0,0,0,0,0,0,0
2026-07-16 13:43:00,BR-Koramangala,0.0,0.0,0.0,1.0,0.0,0.0,0,0,0,0,0,0
2026-07-16 13:43:00,BR-Whitefield,0.0,0.0,0.0,1.0,0.0,0.0,0,0,0,0,0,0
2026-07-16 13:44:00,HO-Chennai,0.0,0.0,0.0,1.0,0.0,0.0,0,0,0,0,0,0
2026-07-16 13:44:00,ZO-Bengaluru,0.0,0.0,0.0,1.0,0.0,0.0,0,0,0,0,0,0
2026-07-16 13:44:00,BR-Koramangala,0.0,0.0,0.0,1.0,0.0,0.0,0,0,0,0,0,0
2026-07-16 13:44:00,BR-Whitefield,0.0,0.0,0.0,1.0,0.0,0.0,0,0,0,0,0,0
2026-07-16 13:45:00,HO-Chennai,0.0,0.0,0.0,1.0,0.0,0.0,0,0,0,0,0,0
2026-07-16 13:45:00,ZO-Bengaluru,0.0,0.0,0.0,1.0,0.0,0.0,0,0,0,0,0,0
2026-07-16 13:45:00,BR-Koramangala,0.0,0.0,0.0,1.0,0.0,0.0,0,0,0,0,0,0
2026-07-16 13:45:00,BR-Whitefield,0.0,0.0,0.0,1.0,0.0,0.0,0,0,0,0,0,0
2026-07-16 13:46:00,HO-Chennai,0.0,0.0,0.0,1.0,0.0,0.0,0,0,0,0,0,0
2026-07-16 13:46:00,ZO-Bengaluru,0.0,0.0,0.0,1.0,0.0,0.0,0,0,0,0,0,0
2026-07-16 13:46:00,BR-Koramangala,0.0,0.0,0.0,1.0,0.0,0.0,0,0,0,0,0,0
2026-07-16 13:46:00,BR-Whitefield,0.0,0.0,0.0,1.0,0.0,0.0,0,0,0,0,0,0
2026-07-16 13:47:00,HO-Chennai,0.0,0.0,0.0,1.0,0.0,0.0,0,0,0,0,0,0
2026-07-16 13:47:00,ZO-Bengaluru,0.0,0.0,0.0,1.0,0.0,0.0,0,0,0,0,0,0
2026-07-16 13:47:00,BR-Koramangala,0.0,0.0,0.0,1.0,0.0,0.0,0,0,0,0,0,0
2026-07-16 13:47:00,BR-Whitefield,0.0,0.0,0.0,1.0,0.0,0.0,0,0,0,0,0,0
2026-07-16 13:48:00,HO-Chennai,0.0,0.0,0.0,1.0,0.0,0.0,0,0,0,0,0,0
2026-07-16 13:48:00,ZO-Bengaluru,0.0,0.0,0.0,1.0,0.0,0.0,0,0,0,0,0,0
2026-07-16 13:48:00,BR-Koramangala,0.0,0.0,0.0,1.0,0.0,0.0,0,0,0,0,0,0
2026-07-16 13:48:00,BR-Whitefield,0.0,0.0,0.0,1.0,0.0,0.0,0,0,0,0,0,0
2026-07-16 13:49:00,HO-Chennai,0.0,0.0,0.0,1.0,0.0,0.0,0,0,0,0,0,0
2026-07-16 13:49:00,ZO-Bengaluru,0.0,0.0,0.0,1.0,0.0,0.0,0,0,0,0,0,0
2026-07-16 13:49:00,BR-Koramangala,0.0,0.0,0.0,1.0,0.0,0.0,0,0,0,0,0,0
2026-07-16 13:49:00,BR-Whitefield,0.0,0.0,0.0,1.0,0.0,0.0,0,0,0,0,0,0
2026-07-16 13:50:00,HO-Chennai,0.0,0.0,0.0,1.0,0.0,0.0,0,0,0,0,0,0
2026-07-16 13:50:00,ZO-Bengaluru,0.0,0.0,0.0,1.0,0.0,0.0,0,0,0,0,0,0
2026-07-16 13:50:00,BR-Koramangala,0.0,0.0,0.0,1.0,0.0,0.0,0,0,0,0,0,0
2026-07-16 13:50:00,BR-Whitefield,0.0,0.0,0.0,1.0,0.0,0.0,0,0,0,0,0,0
2026-07-16 13:51:00,HO-Chennai,0.0,0.0,0.0,1.0,0.0,0.0,0,0,0,0,0,0
2026-07-16 13:51:00,ZO-Bengaluru,0.0,0.0,0.0,1.0,0.0,0.0,0,0,0,0,0,0
2026-07-16 13:51:00,BR-Koramangala,0.0,0.0,0.0,1.0,0.0,0.0,0,0,0,0,0,0
2026-07-16 13:51:00,BR-Whitefield,0.0,0.0,0.0,1.0,0.0,0.0,0,0,0,0,0,0
2026-07-16 13:52:00,HO-Chennai,0.0,0.0,0.0,1.0,0.0,0.0,0,0,0,0,0,0
2026-07-16 13:52:00,ZO-Bengaluru,0.0,0.0,0.0,1.0,0.0,0.0,0,0,0,0,0,0
2026-07-16 13:52:00,BR-Koramangala,0.0,0.0,0.0,1.0,0.0,0.0,0,0,0,0,0,0
2026-07-16 13:52:00,BR-Whitefield,0.0,0.0,0.0,1.0,0.0,0.0,0,0,0,0,0,0
2026-07-16 13:53:00,HO-Chennai,0.0,0.0,0.0,1.0,0.0,0.0,0,0,0,0,0,0
2026-07-16 13:53:00,ZO-Bengaluru,0.0,0.0,0.0,1.0,0.0,0.0,0,0,0,0,0,0
2026-07-16 13:53:00,BR-Koramangala,0.0,0.0,0.0,1.0,0.0,0.0,0,0,0,0,0,0
2026-07-16 13:53:00,BR-Whitefield,0.0,0.0,0.0,1.0,0.0,0.0,0,0,0,0,0,0
2026-07-16 13:54:00,HO-Chennai,0.0,0.0,0.0,1.0,0.0,0.0,0,0,0,0,0,0
2026-07-16 13:54:00,ZO-Bengaluru,0.0,0.0,0.0,1.0,0.0,0.0,0,0,0,0,0,0
2026-07-16 13:54:00,BR-Koramangala,0.0,0.0,0.0,1.0,0.0,0.0,0,0,0,0,0,0
2026-07-16 13:54:00,BR-Whitefield,0.0,0.0,0.0,1.0,0.0,0.0,0,0,0,0,0,0
2026-07-16 13:55:00,HO-Chennai,0.0,0.0,0.0,1.0,0.0,0.0,0,0,0,0,0,0
2026-07-16 13:55:00,ZO-Bengaluru,0.0,0.0,0.0,1.0,0.0,0.0,0,0,0,0,0,0
2026-07-16 13:55:00,BR-Koramangala,0.0,0.0,0.0,1.0,0.0,0.0,0,0,0,0,0,0
2026-07-16 13:55:00,BR-Whitefield,0.0,0.0,0.0,1.0,0.0,0.0,0,0,0,0,0,0
2026-07-16 13:56:00,HO-Chennai,0.0,0.0,0.0,1.0,0.0,0.0,0,0,0,0,0,0
2026-07-16 13:56:00,ZO-Bengaluru,0.0,0.0,0.0,1.0,0.0,0.0,0,0,0,0,0,0
2026-07-16 13:56:00,BR-Koramangala,0.0,0.0,0.0,1.0,0.0,0.0,0,0,0,0,0,0
2026-07-16 13:56:00,BR-Whitefield,0.0,0.0,0.0,1.0,0.0,0.0,0,0,0,0,0,0
2026-07-16 13:57:00,HO-Chennai,0.0,0.0,0.0,1.0,0.0,0.0,0,0,0,0,0,0
2026-07-16 13:57:00,ZO-Bengaluru,0.0,0.0,0.0,1.0,0.0,0.0,0,0,0,0,0,0
2026-07-16 13:57:00,BR-Koramangala,0.0,0.0,0.0,1.0,0.0,0.0,0,0,0,0,0,0
2026-07-16 13:57:00,BR-Whitefield,0.0,0.0,0.0,1.0,0.0,0.0,0,0,0,0,0,0
2026-07-16 13:58:00,HO-Chennai,0.0,0.0,0.0,1.0,0.0,0.0,0,0,0,0,0,0
2026-07-16 13:58:00,ZO-Bengaluru,0.0,0.0,0.0,1.0,0.0,0.0,0,0,0,0,0,0
2026-07-16 13:58:00,BR-Koramangala,0.0,0.0,0.0,1.0,0.0,0.0,0,0,0,0,0,0
2026-07-16 13:58:00,BR-Whitefield,0.0,0.0,0.0,1.0,0.0,0.0,0,0,0,0,0,0
2026-07-16 13:59:00,HO-Chennai,0.0,0.0,0.0,1.0,0.0,0.0,0,0,0,0,0,0
2026-07-16 13:59:00,ZO-Bengaluru,0.0,0.0,0.0,1.0,0.0,0.0,0,0,0,0,0,0
2026-07-16 13:59:00,BR-Koramangala,0.0,0.0,0.0,1.0,0.0,0.0,0,0,0,0,0,0
2026-07-16 13:59:00,BR-Whitefield,0.0,0.0,0.0,1.0,0.0,0.0,0,0,0,0,0,0
2026-07-16 14:00:00,HO-Chennai,0.0,0.0,0.0,1.0,0.0,0.0,0,0,0,0,0,0
2026-07-16 14:00:00,ZO-Bengaluru,0.0,0.0,0.0,1.0,0.0,0.0,0,0,0,0,0,0
2026-07-16 14:00:00,BR-Koramangala,0.0,0.0,0.0,1.0,0.0,0.0,0,0,0,0,0,0
2026-07-16 14:00:00,BR-Whitefield,0.0,0.0,0.0,1.0,0.0,0.0,0,0,0,0,0,0
2026-07-16 14:01:00,HO-Chennai,0.0,0.0,0.0,1.0,0.0,0.0,0,0,0,0,0,0
2026-07-16 14:01:00,ZO-Bengaluru,0.0,0.0,0.0,1.0,0.0,0.0,0,0,0,0,0,0
2026-07-16 14:01:00,BR-Koramangala,0.0,0.0,0.0,1.0,0.0,0.0,0,0,0,0,0,0
2026-07-16 14:01:00,BR-Whitefield,0.0,0.0,0.0,1.0,0.0,0.0,0,0,0,0,0,0
2026-07-16 14:02:00,HO-Chennai,0.0,0.0,0.0,1.0,0.0,0.0,0,0,0,0,0,0
2026-07-16 14:02:00,ZO-Bengaluru,0.0,0.0,0.0,1.0,0.0,0.0,0,0,0,0,0,0
2026-07-16 14:02:00,BR-Koramangala,0.0,0.0,0.0,1.0,0.0,0.0,0,0,0,0,0,0
2026-07-16 14:02:00,BR-Whitefield,0.0,0.0,0.0,1.0,0.0,0.0,0,0,0,0,0,0
2026-07-16 14:03:00,HO-Chennai,0.0,0.0,0.0,1.0,0.0,0.0,0,0,0,0,0,0
2026-07-16 14:03:00,ZO-Bengaluru,0.0,0.0,0.0,1.0,0.0,0.0,0,0,0,0,0,0
2026-07-16 14:03:00,BR-Koramangala,0.0,0.0,0.0,1.0,0.0,0.0,0,0,0,0,0,0
2026-07-16 14:03:00,BR-Whitefield,0.0,0.0,0.0,1.0,0.0,0.0,0,0,0,0,0,0
2026-07-16 14:04:00,HO-Chennai,0.0,0.0,0.0,1.0,0.0,0.0,0,0,0,0,0,0
2026-07-16 14:04:00,ZO-Bengaluru,0.0,0.0,0.0,1.0,0.0,0.0,0,0,0,0,0,0
2026-07-16 14:04:00,BR-Koramangala,0.0,0.0,0.0,1.0,0.0,0.0,0,0,0,0,0,0
2026-07-16 14:04:00,BR-Whitefield,0.0,0.0,0.0,1.0,0.0,0.0,0,0,0,0,0,0
2026-07-16 14:05:00,HO-Chennai,0.0,0.0,0.0,1.0,0.0,0.0,0,0,0,0,0,0
2026-07-16 14:05:00,ZO-Bengaluru,0.0,0.0,0.0,1.0,0.0,0.0,0,0,0,0,0,0
2026-07-16 14:05:00,BR-Koramangala,0.0,0.0,0.0,1.0,0.0,0.0,0,0,0,0,0,0
2026-07-16 14:05:00,BR-Whitefield,0.0,0.0,0.0,1.0,0.0,0.0,0,0,0,0,0,0
2026-07-16 14:06:00,HO-Chennai,0.0,0.0,0.0,1.0,0.0,0.0,0,0,0,0,0,0
2026-07-16 14:06:00,ZO-Bengaluru,0.0,0.0,0.0,1.0,0.0,0.0,0,0,0,0,0,0
2026-07-16 14:06:00,BR-Koramangala,0.0,0.0,0.0,1.0,0.0,0.0,0,0,0,0,0,0
2026-07-16 14:06:00,BR-Whitefield,0.0,0.0,0.0,1.0,0.0,0.0,0,0,0,0,0,0
2026-07-16 14:07:00,HO-Chennai,0.0,0.0,0.0,1.0,0.0,0.0,0,0,0,0,0,0
2026-07-16 14:07:00,ZO-Bengaluru,0.0,0.0,0.0,1.0,0.0,0.0,0,0,0,0,0,0
2026-07-16 14:07:00,BR-Koramangala,0.0,0.0,0.0,1.0,0.0,0.0,0,0,0,0,0,0
2026-07-16 14:07:00,BR-Whitefield,0.0,0.0,0.0,1.0,0.0,0.0,0,0,0,0,0,0
2026-07-16 14:08:00,HO-Chennai,0.0,0.0,0.0,1.0,0.0,0.0,0,0,0,0,0,0
2026-07-16 14:08:00,ZO-Bengaluru,0.0,0.0,0.0,1.0,0.0,0.0,0,0,0,0,0,0
2026-07-16 14:08:00,BR-Koramangala,0.0,0.0,0.0,1.0,0.0,0.0,0,0,0,0,0,0
2026-07-16 14:08:00,BR-Whitefield,0.0,0.0,0.0,1.0,0.0,0.0,0,0,0,0,0,0
2026-07-16 14:09:00,HO-Chennai,0.0,0.0,0.0,1.0,0.0,0.0,0,0,0,0,0,0
2026-07-16 14:09:00,ZO-Bengaluru,0.0,0.0,0.0,1.0,0.0,0.0,0,0,0,0,0,0
2026-07-16 14:09:00,BR-Koramangala,0.0,0.0,0.0,1.0,0.0,0.0,0,0,0,0,0,0
2026-07-16 14:09:00,BR-Whitefield,0.0,0.0,0.0,1.0,0.0,0.0,0,0,0,0,0,0
2026-07-16 14:10:00,HO-Chennai,0.0,0.0,0.0,1.0,0.0,0.0,0,0,0,0,0,0
2026-07-16 14:10:00,ZO-Bengaluru,0.0,0.0,0.0,1.0,0.0,0.0,0,0,0,0,0,0
2026-07-16 14:10:00,BR-Koramangala,0.0,0.0,0.0,1.0,0.0,0.0,0,0,0,0,0,0
2026-07-16 14:10:00,BR-Whitefield,0.0,0.0,0.0,1.0,0.0,0.0,0,0,0,0,0,0
2026-07-16 14:11:00,HO-Chennai,0.0,0.0,0.0,1.0,0.0,0.0,0,0,0,0,0,0
2026-07-16 14:11:00,ZO-Bengaluru,0.0,0.0,0.0,1.0,0.0,0.0,0,0,0,0,0,0
2026-07-16 14:11:00,BR-Koramangala,0.0,0.0,0.0,1.0,0.0,0.0,0,0,0,0,0,0
2026-07-16 14:11:00,BR-Whitefield,0.0,0.0,0.0,1.0,0.0,0.0,0,0,0,0,0,0
2026-07-16 14:12:00,HO-Chennai,0.0,0.0,0.0,1.0,0.0,0.0,0,0,0,0,0,0
2026-07-16 14:12:00,ZO-Bengaluru,0.0,0.0,0.0,1.0,0.0,0.0,0,0,0,0,0,0
2026-07-16 14:12:00,BR-Koramangala,0.0,0.0,0.0,1.0,0.0,0.0,0,0,0,0,0,0
2026-07-16 14:12:00,BR-Whitefield,0.0,0.0,0.0,1.0,0.0,0.0,0,0,0,0,0,0
2026-07-16 14:13:00,HO-Chennai,0.0,0.0,0.0,1.0,0.0,0.0,0,0,0,0,0,0
2026-07-16 14:13:00,ZO-Bengaluru,0.0,0.0,0.0,1.0,0.0,0.0,0,0,0,0,0,0
2026-07-16 14:13:00,BR-Koramangala,0.0,0.0,0.0,1.0,0.0,0.0,0,0,0,0,0,0
2026-07-16 14:13:00,BR-Whitefield,0.0,0.0,0.0,1.0,0.0,0.0,0,0,0,0,0,0
2026-07-16 14:14:00,HO-Chennai,0.0,0.0,0.0,1.0,0.0,0.0,0,0,0,0,0,0
2026-07-16 14:14:00,ZO-Bengaluru,0.0,0.0,0.0,1.0,0.0,0.0,0,0,0,0,0,0
2026-07-16 14:14:00,BR-Koramangala,0.0,0.0,0.0,1.0,0.0,0.0,0,0,0,0,0,0
2026-07-16 14:14:00,BR-Whitefield,0.0,0.0,0.0,1.0,0.0,0.0,0,0,0,0,0,0
2026-07-16 14:15:00,HO-Chennai,0.0,0.0,0.0,1.0,0.0,0.0,0,0,0,0,0,0
2026-07-16 14:15:00,ZO-Bengaluru,0.0,0.0,0.0,1.0,0.0,0.0,0,0,0,0,0,0
2026-07-16 14:15:00,BR-Koramangala,0.0,0.0,0.0,1.0,0.0,0.0,0,0,0,0,0,0
2026-07-16 14:15:00,BR-Whitefield,0.0,0.0,0.0,1.0,0.0,0.0,0,0,0,0,0,0
2026-07-16 14:16:00,HO-Chennai,0.0,0.0,0.0,1.0,0.0,0.0,0,0,0,0,0,0
2026-07-16 14:16:00,ZO-Bengaluru,0.0,0.0,0.0,1.0,0.0,0.0,0,0,0,0,0,0
2026-07-16 14:16:00,BR-Koramangala,0.0,0.0,0.0,1.0,0.0,0.0,0,0,0,0,0,0
2026-07-16 14:16:00,BR-Whitefield,0.0,0.0,0.0,1.0,0.0,0.0,0,0,0,0,0,0
2026-07-16 14:17:00,HO-Chennai,0.0,0.0,0.0,1.0,0.0,0.0,0,0,0,0,0,0
2026-07-16 14:17:00,ZO-Bengaluru,0.0,0.0,0.0,1.0,0.0,0.0,0,0,0,0,0,0
2026-07-16 14:17:00,BR-Koramangala,0.0,0.0,0.0,1.0,0.0,0.0,0,0,0,0,0,0
2026-07-16 14:17:00,BR-Whitefield,0.0,0.0,0.0,1.0,0.0,0.0,0,0,0,0,0,0
2026-07-16 14:18:00,HO-Chennai,0.0,0.0,0.0,1.0,0.0,0.0,0,0,0,0,0,0
2026-07-16 14:18:00,ZO-Bengaluru,0.0,0.0,0.0,1.0,0.0,0.0,0,0,0,0,0,0
2026-07-16 14:18:00,BR-Koramangala,0.0,0.0,0.0,1.0,0.0,0.0,0,0,0,0,0,0
2026-07-16 14:18:00,BR-Whitefield,0.0,0.0,0.0,1.0,0.0,0.0,0,0,0,0,0,0
2026-07-16 14:19:00,HO-Chennai,0.0,0.0,0.0,1.0,0.0,0.0,0,0,0,0,0,0
2026-07-16 14:19:00,ZO-Bengaluru,0.0,0.0,0.0,1.0,0.0,0.0,0,0,0,0,0,0
2026-07-16 14:19:00,BR-Koramangala,0.0,0.0,0.0,1.0,0.0,0.0,0,0,0,0,0,0
2026-07-16 14:19:00,BR-Whitefield,0.0,0.0,0.0,1.0,0.0,0.0,0,0,0,0,0,0
2026-07-16 14:20:00,HO-Chennai,0.0,0.0,0.0,1.0,0.0,0.0,0,0,0,0,0,0
2026-07-16 14:20:00,ZO-Bengaluru,0.0,0.0,0.0,1.0,0.0,0.0,0,0,0,0,0,0
2026-07-16 14:20:00,BR-Koramangala,0.0,0.0,0.0,1.0,0.0,0.0,0,0,0,0,0,0
2026-07-16 14:20:00,BR-Whitefield,0.0,0.0,0.0,1.0,0.0,0.0,0,0,0,0,0,0
2026-07-16 14:21:00,HO-Chennai,0.0,0.0,0.0,1.0,0.0,0.0,0,0,0,0,0,0
2026-07-16 14:21:00,ZO-Bengaluru,0.0,0.0,0.0,1.0,0.0,0.0,0,0,0,0,0,0
2026-07-16 14:21:00,BR-Koramangala,0.0,0.0,0.0,1.0,0.0,0.0,0,0,0,0,0,0
2026-07-16 14:21:00,BR-Whitefield,0.0,0.0,0.0,1.0,0.0,0.0,0,0,0,0,0,0
2026-07-16 14:22:00,HO-Chennai,0.0,0.0,0.0,1.0,0.0,0.0,0,0,0,0,0,0
2026-07-16 14:22:00,ZO-Bengaluru,0.0,0.0,0.0,1.0,0.0,0.0,0,0,0,0,0,0
2026-07-16 14:22:00,BR-Koramangala,0.0,0.0,0.0,1.0,0.0,0.0,0,0,0,0,0,0
2026-07-16 14:22:00,BR-Whitefield,0.0,0.0,0.0,1.0,0.0,0.0,0,0,0,0,0,0
2026-07-16 14:23:00,HO-Chennai,0.0,0.0,0.0,1.0,0.0,0.0,0,0,0,0,0,0
2026-07-16 14:23:00,ZO-Bengaluru,0.0,0.0,0.0,1.0,0.0,0.0,0,0,0,0,0,0
2026-07-16 14:23:00,BR-Koramangala,0.0,0.0,0.0,1.0,0.0,0.0,0,0,0,0,0,0
2026-07-16 14:23:00,BR-Whitefield,0.0,0.0,0.0,1.0,0.0,0.0,0,0,0,0,0,0
2026-07-16 14:24:00,HO-Chennai,0.0,0.0,0.0,1.0,0.0,0.0,0,0,0,0,0,0
2026-07-16 14:24:00,ZO-Bengaluru,0.0,0.0,0.0,1.0,0.0,0.0,0,0,0,0,0,0
2026-07-16 14:24:00,BR-Koramangala,0.0,0.0,0.0,1.0,0.0,0.0,0,0,0,0,0,0
2026-07-16 14:24:00,BR-Whitefield,0.0,0.0,0.0,1.0,0.0,0.0,0,0,0,0,0,0
2026-07-16 14:25:00,HO-Chennai,0.0,0.0,0.0,1.0,0.0,0.0,0,0,0,0,0,0
2026-07-16 14:25:00,ZO-Bengaluru,0.0,0.0,0.0,1.0,0.0,0.0,0,0,0,0,0,0
2026-07-16 14:25:00,BR-Koramangala,0.0,0.0,0.0,1.0,0.0,0.0,0,0,0,0,0,0
2026-07-16 14:25:00,BR-Whitefield,0.0,0.0,0.0,1.0,0.0,0.0,0,0,0,0,0,0
2026-07-16 14:26:00,HO-Chennai,0.0,0.0,0.0,1.0,0.0,0.0,0,0,0,0,0,0
2026-07-16 14:26:00,ZO-Bengaluru,0.0,0.0,0.0,1.0,0.0,0.0,0,0,0,0,0,0
2026-07-16 14:26:00,BR-Koramangala,0.0,0.0,0.0,1.0,0.0,0.0,0,0,0,0,0,0
2026-07-16 14:26:00,BR-Whitefield,0.0,0.0,0.0,1.0,0.0,0.0,0,0,0,0,0,0
2026-07-16 14:27:00,HO-Chennai,0.0,0.0,0.0,1.0,0.0,0.0,0,0,0,0,0,0
2026-07-16 14:27:00,ZO-Bengaluru,0.0,0.0,0.0,1.0,0.0,0.0,0,0,0,0,0,0
2026-07-16 14:27:00,BR-Koramangala,0.0,0.0,0.0,1.0,0.0,0.0,0,0,0,0,0,0
2026-07-16 14:27:00,BR-Whitefield,0.0,0.0,0.0,1.0,0.0,0.0,0,0,0,0,0,0
2026-07-16 14:28:00,HO-Chennai,0.0,0.0,0.0,1.0,0.0,0.0,0,0,0,0,0,0
2026-07-16 14:28:00,ZO-Bengaluru,0.0,0.0,0.0,1.0,0.0,0.0,0,0,0,0,0,0
2026-07-16 14:28:00,BR-Koramangala,0.0,0.0,0.0,1.0,0.0,0.0,0,0,0,0,0,0
2026-07-16 14:28:00,BR-Whitefield,0.0,0.0,0.0,1.0,0.0,0.0,0,0,0,0,0,0
2026-07-16 14:29:00,HO-Chennai,0.0,0.0,0.0,1.0,0.0,0.0,0,0,0,0,0,0
2026-07-16 14:29:00,ZO-Bengaluru,0.0,0.0,0.0,1.0,0.0,0.0,0,0,0,0,0,0
2026-07-16 14:29:00,BR-Koramangala,0.0,0.0,0.0,1.0,0.0,0.0,0,0,0,0,0,0
2026-07-16 14:29:00,BR-Whitefield,0.0,0.0,0.0,1.0,0.0,0.0,0,0,0,0,0,0
2026-07-16 14:30:00,HO-Chennai,0.0,0.0,0.0,1.0,0.0,0.0,0,0,0,0,0,0
2026-07-16 14:30:00,ZO-Bengaluru,0.0,0.0,0.0,1.0,0.0,0.0,0,0,0,0,0,0
2026-07-16 14:30:00,BR-Koramangala,0.0,0.0,0.0,1.0,0.0,0.0,0,0,0,0,0,0
2026-07-16 14:30:00,BR-Whitefield,0.0,0.0,0.0,1.0,0.0,0.0,0,0,0,0,0,0
2026-07-16 14:31:00,HO-Chennai,0.0,0.0,0.0,1.0,0.0,0.0,0,0,0,0,0,0
2026-07-16 14:31:00,ZO-Bengaluru,0.0,0.0,0.0,1.0,0.0,0.0,0,0,0,0,0,0
2026-07-16 14:31:00,BR-Koramangala,0.0,0.0,0.0,1.0,0.0,0.0,0,0,0,0,0,0
2026-07-16 14:31:00,BR-Whitefield,0.0,0.0,0.0,1.0,0.0,0.0,0,0,0,0,0,0
2026-07-16 14:32:00,HO-Chennai,0.0,0.0,0.0,1.0,0.0,0.0,0,0,0,0,0,0
2026-07-16 14:32:00,ZO-Bengaluru,0.0,0.0,0.0,1.0,0.0,0.0,0,0,0,0,0,0
2026-07-16 14:32:00,BR-Koramangala,0.0,0.0,0.0,1.0,0.0,0.0,0,0,0,0,0,0
2026-07-16 14:32:00,BR-Whitefield,0.0,0.0,0.0,1.0,0.0,0.0,0,0,0,0,0,0
2026-07-16 14:33:00,HO-Chennai,0.0,0.0,0.0,1.0,0.0,0.0,0,0,0,0,0,0
2026-07-16 14:33:00,ZO-Bengaluru,0.0,0.0,0.0,1.0,0.0,0.0,0,0,0,0,0,0
2026-07-16 14:33:00,BR-Koramangala,0.0,0.0,0.0,1.0,0.0,0.0,0,0,0,0,0,0
2026-07-16 14:33:00,BR-Whitefield,0.0,0.0,0.0,1.0,0.0,0.0,0,0,0,0,0,0
2026-07-16 14:34:00,HO-Chennai,0.0,0.0,0.0,1.0,0.0,0.0,0,0,0,0,0,0
2026-07-16 14:34:00,ZO-Bengaluru,0.0,0.0,0.0,1.0,0.0,0.0,0,0,0,0,0,0
2026-07-16 14:34:00,BR-Koramangala,0.0,0.0,0.0,1.0,0.0,0.0,0,0,0,0,0,0
2026-07-16 14:34:00,BR-Whitefield,0.0,0.0,0.0,1.0,0.0,0.0,0,0,0,0,0,0
2026-07-16 14:35:00,HO-Chennai,0.0,0.0,0.0,1.0,0.0,0.0,0,0,0,0,0,0
2026-07-16 14:35:00,ZO-Bengaluru,0.0,0.0,0.0,1.0,0.0,0.0,0,0,0,0,0,0
2026-07-16 14:35:00,BR-Koramangala,0.0,0.0,0.0,1.0,0.0,0.0,0,0,0,0,0,0
2026-07-16 14:35:00,BR-Whitefield,0.0,0.0,0.0,1.0,0.0,0.0,0,0,0,0,0,0
2026-07-16 14:36:00,HO-Chennai,0.0,0.0,0.0,1.0,0.0,0.0,0,0,0,0,0,0
2026-07-16 14:36:00,ZO-Bengaluru,0.0,0.0,0.0,1.0,0.0,0.0,0,0,0,0,0,0
2026-07-16 14:36:00,BR-Koramangala,0.0,0.0,0.0,1.0,0.0,0.0,0,0,0,0,0,0
2026-07-16 14:36:00,BR-Whitefield,0.0,0.0,0.0,1.0,0.0,0.0,0,0,0,0,0,0
2026-07-16 14:37:00,HO-Chennai,0.0,0.0,0.0,1.0,0.0,0.0,0,0,0,0,0,0
2026-07-16 14:37:00,ZO-Bengaluru,0.0,0.0,0.0,1.0,0.0,0.0,0,0,0,0,0,0
2026-07-16 14:37:00,BR-Koramangala,0.0,0.0,0.0,1.0,0.0,0.0,0,0,0,0,0,0
2026-07-16 14:37:00,BR-Whitefield,0.0,0.0,0.0,1.0,0.0,0.0,0,0,0,0,0,0
2026-07-16 14:38:00,HO-Chennai,0.0,0.0,0.0,1.0,0.0,0.0,0,0,0,0,0,0
2026-07-16 14:38:00,ZO-Bengaluru,0.0,0.0,0.0,1.0,0.0,0.0,0,0,0,0,0,0
2026-07-16 14:38:00,BR-Koramangala,0.0,0.0,0.0,1.0,0.0,0.0,0,0,0,0,0,0
2026-07-16 14:38:00,BR-Whitefield,0.0,0.0,0.0,1.0,0.0,0.0,0,0,0,0,0,0
2026-07-16 14:39:00,HO-Chennai,0.0,0.0,0.0,1.0,0.0,0.0,0,0,0,0,0,0
2026-07-16 14:39:00,ZO-Bengaluru,0.0,0.0,0.0,1.0,0.0,0.0,0,0,0,0,0,0
2026-07-16 14:39:00,BR-Koramangala,0.0,0.0,0.0,1.0,0.0,0.0,0,0,0,0,0,0
2026-07-16 14:39:00,BR-Whitefield,0.0,0.0,0.0,1.0,0.0,0.0,0,0,0,0,0,0
2026-07-16 14:40:00,HO-Chennai,0.0,0.0,0.0,1.0,0.0,0.0,0,0,0,0,0,0
2026-07-16 14:40:00,ZO-Bengaluru,0.0,0.0,0.0,1.0,0.0,0.0,0,0,0,0,0,0
2026-07-16 14:40:00,BR-Koramangala,0.0,0.0,0.0,1.0,0.0,0.0,0,0,0,0,0,0
2026-07-16 14:40:00,BR-Whitefield,0.0,0.0,0.0,1.0,0.0,0.0,0,0,0,0,0,0
2026-07-16 14:41:00,HO-Chennai,0.0,0.0,0.0,1.0,0.0,0.0,0,0,0,0,0,0
2026-07-16 14:41:00,ZO-Bengaluru,0.0,0.0,0.0,1.0,0.0,0.0,0,0,0,0,0,0
2026-07-16 14:41:00,BR-Koramangala,0.0,0.0,0.0,1.0,0.0,0.0,0,0,0,0,0,0
2026-07-16 14:41:00,BR-Whitefield,0.0,0.0,0.0,1.0,0.0,0.0,0,0,0,0,0,0
2026-07-16 14:42:00,HO-Chennai,0.0,0.0,0.0,1.0,0.0,0.0,0,0,0,0,0,0
2026-07-16 14:42:00,ZO-Bengaluru,0.0,0.0,0.0,1.0,0.0,0.0,0,0,0,0,0,0
2026-07-16 14:42:00,BR-Koramangala,0.0,0.0,0.0,1.0,0.0,0.0,0,0,0,0,0,0
2026-07-16 14:42:00,BR-Whitefield,0.0,0.0,0.0,1.0,0.0,0.0,0,0,0,0,0,0
2026-07-16 14:43:00,HO-Chennai,0.0,0.0,0.0,1.0,0.0,0.0,0,0,0,0,0,0
2026-07-16 14:43:00,ZO-Bengaluru,0.0,0.0,0.0,1.0,0.0,0.0,0,0,0,0,0,0
2026-07-16 14:43:00,BR-Koramangala,0.0,0.0,0.0,1.0,0.0,0.0,0,0,0,0,0,0
2026-07-16 14:43:00,BR-Whitefield,0.0,0.0,0.0,1.0,0.0,0.0,0,0,0,0,0,0
2026-07-16 14:44:00,HO-Chennai,0.0,0.0,0.0,1.0,0.0,0.0,0,0,0,0,0,0
2026-07-16 14:44:00,ZO-Bengaluru,0.0,0.0,0.0,1.0,0.0,0.0,0,0,0,0,0,0
2026-07-16 14:44:00,BR-Koramangala,0.0,0.0,0.0,1.0,0.0,0.0,0,0,0,0,0,0
2026-07-16 14:44:00,BR-Whitefield,0.0,0.0,0.0,1.0,0.0,0.0,0,0,0,0,0,0
2026-07-16 14:45:00,HO-Chennai,0.0,0.0,0.0,1.0,0.0,0.0,0,0,0,0,0,0
2026-07-16 14:45:00,ZO-Bengaluru,0.0,0.0,0.0,1.0,0.0,0.0,0,0,0,0,0,0
2026-07-16 14:45:00,BR-Koramangala,0.0,0.0,0.0,1.0,0.0,0.0,0,0,0,0,0,0
2026-07-16 14:45:00,BR-Whitefield,0.0,0.0,0.0,1.0,0.0,0.0,0,0,0,0,0,0
2026-07-16 14:46:00,HO-Chennai,0.0,0.0,0.0,1.0,0.0,0.0,0,0,0,0,0,0
2026-07-16 14:46:00,ZO-Bengaluru,0.0,0.0,0.0,1.0,0.0,0.0,0,0,0,0,0,0
2026-07-16 14:46:00,BR-Koramangala,0.0,0.0,0.0,1.0,0.0,0.0,0,0,0,0,0,0
2026-07-16 14:46:00,BR-Whitefield,0.0,0.0,0.0,1.0,0.0,0.0,0,0,0,0,0,0
2026-07-16 14:47:00,HO-Chennai,0.0,0.0,0.0,1.0,0.0,0.0,0,0,0,0,0,0
2026-07-16 14:47:00,ZO-Bengaluru,0.0,0.0,0.0,1.0,0.0,0.0,0,0,0,0,0,0
2026-07-16 14:47:00,BR-Koramangala,0.0,0.0,0.0,1.0,0.0,0.0,0,0,0,0,0,0
2026-07-16 14:47:00,BR-Whitefield,0.0,0.0,0.0,1.0,0.0,0.0,0,0,0,0,0,0
2026-07-16 14:48:00,HO-Chennai,0.0,0.0,0.0,1.0,0.0,0.0,0,0,0,0,0,0
2026-07-16 14:48:00,ZO-Bengaluru,0.0,0.0,0.0,1.0,0.0,0.0,0,0,0,0,0,0
2026-07-16 14:48:00,BR-Koramangala,0.0,0.0,0.0,1.0,0.0,0.0,0,0,0,0,0,0
2026-07-16 14:48:00,BR-Whitefield,0.0,0.0,0.0,1.0,0.0,0.0,0,0,0,0,0,0
2026-07-16 14:49:00,HO-Chennai,0.0,0.0,0.0,1.0,0.0,0.0,0,0,0,0,0,0
2026-07-16 14:49:00,ZO-Bengaluru,0.0,0.0,0.0,1.0,0.0,0.0,0,0,0,0,0,0
2026-07-16 14:49:00,BR-Koramangala,0.0,0.0,0.0,1.0,0.0,0.0,0,0,0,0,0,0
2026-07-16 14:49:00,BR-Whitefield,0.0,0.0,0.0,1.0,0.0,0.0,0,0,0,0,0,0
2026-07-16 14:50:00,HO-Chennai,0.0,0.0,0.0,1.0,0.0,0.0,0,0,0,0,0,0
2026-07-16 14:50:00,ZO-Bengaluru,0.0,0.0,0.0,1.0,0.0,0.0,0,0,0,0,0,0
2026-07-16 14:50:00,BR-Koramangala,0.0,0.0,0.0,1.0,0.0,0.0,0,0,0,0,0,0
2026-07-16 14:50:00,BR-Whitefield,0.0,0.0,0.0,1.0,0.0,0.0,0,0,0,0,0,0
2026-07-16 14:51:00,HO-Chennai,0.0,0.0,0.0,1.0,0.0,0.0,0,0,0,0,0,0
2026-07-16 14:51:00,ZO-Bengaluru,0.0,0.0,0.0,1.0,0.0,0.0,0,0,0,0,0,0
2026-07-16 14:51:00,BR-Koramangala,0.0,0.0,0.0,1.0,0.0,0.0,0,0,0,0,0,0
2026-07-16 14:51:00,BR-Whitefield,0.0,0.0,0.0,1.0,0.0,0.0,0,0,0,0,0,0
2026-07-16 14:52:00,HO-Chennai,0.0,0.0,0.0,1.0,0.0,0.0,0,0,0,0,0,0
2026-07-16 14:52:00,ZO-Bengaluru,0.0,0.0,0.0,1.0,0.0,0.0,0,0,0,0,0,0
2026-07-16 14:52:00,BR-Koramangala,0.0,0.0,0.0,1.0,0.0,0.0,0,0,0,0,0,0
2026-07-16 14:52:00,BR-Whitefield,0.0,0.0,0.0,1.0,0.0,0.0,0,0,0,0,0,0
2026-07-16 14:53:00,HO-Chennai,0.0,0.0,0.0,1.0,0.0,0.0,0,0,0,0,0,0
2026-07-16 14:53:00,ZO-Bengaluru,0.0,0.0,0.0,1.0,0.0,0.0,0,0,0,0,0,0
2026-07-16 14:53:00,BR-Koramangala,0.0,0.0,0.0,1.0,0.0,0.0,0,0,0,0,0,0
2026-07-16 14:53:00,BR-Whitefield,0.0,0.0,0.0,1.0,0.0,0.0,0,0,0,0,0,0
2026-07-16 14:54:00,HO-Chennai,0.0,0.0,0.0,1.0,0.0,0.0,0,0,0,0,0,0
2026-07-16 14:54:00,ZO-Bengaluru,0.0,0.0,0.0,1.0,0.0,0.0,0,0,0,0,0,0
2026-07-16 14:54:00,BR-Koramangala,0.0,0.0,0.0,1.0,0.0,0.0,0,0,0,0,0,0
2026-07-16 14:54:00,BR-Whitefield,0.0,0.0,0.0,1.0,0.0,0.0,0,0,0,0,0,0
2026-07-16 14:55:00,HO-Chennai,0.0,0.0,0.0,1.0,0.0,0.0,0,0,0,0,0,0
2026-07-16 14:55:00,ZO-Bengaluru,0.0,0.0,0.0,1.0,0.0,0.0,0,0,0,0,0,0
2026-07-16 14:55:00,BR-Koramangala,0.0,0.0,0.0,1.0,0.0,0.0,0,0,0,0,0,0
2026-07-16 14:55:00,BR-Whitefield,0.0,0.0,0.0,1.0,0.0,0.0,0,0,0,0,0,0
2026-07-16 14:56:00,HO-Chennai,0.0,0.0,0.0,1.0,0.0,0.0,0,0,0,0,0,0
2026-07-16 14:56:00,ZO-Bengaluru,0.0,0.0,0.0,1.0,0.0,0.0,0,0,0,0,0,0
2026-07-16 14:56:00,BR-Koramangala,0.0,0.0,0.0,1.0,0.0,0.0,0,0,0,0,0,0
2026-07-16 14:56:00,BR-Whitefield,0.0,0.0,0.0,1.0,0.0,0.0,0,0,0,0,0,0
2026-07-16 14:57:00,HO-Chennai,0.0,0.0,0.0,1.0,0.0,0.0,0,0,0,0,0,0
2026-07-16 14:57:00,ZO-Bengaluru,0.0,0.0,0.0,1.0,0.0,0.0,0,0,0,0,0,0
2026-07-16 14:57:00,BR-Koramangala,0.0,0.0,0.0,1.0,0.0,0.0,0,0,0,0,0,0
2026-07-16 14:57:00,BR-Whitefield,0.0,0.0,0.0,1.0,0.0,0.0,0,0,0,0,0,0
2026-07-16 14:58:00,HO-Chennai,0.078,0.0,0.0,1.0,0.0,0.0,0,0,0,0,0,0
2026-07-16 14:58:00,ZO-Bengaluru,0.12466666666666666,0.0,0.0,1.0,0.0,0.0,0,0,0,0,0,0
2026-07-16 14:58:00,BR-Koramangala,0.10566666666666667,0.0,0.0,1.0,0.0,0.0,0,0,0,0,0,0
2026-07-16 14:58:00,BR-Whitefield,0.0,100.0,0.0,1.0,0.0,0.0,1,0,0,0,0,1
2026-07-16 14:59:00,HO-Chennai,0.07366666666666667,0.0,0.0,1.0,0.0,0.0,0,0,0,0,0,0
2026-07-16 14:59:00,ZO-Bengaluru,0.1245,0.0,0.0,1.0,0.0,0.0,0,0,0,0,0,0
2026-07-16 14:59:00,BR-Koramangala,0.11383333333333334,0.0,0.0,1.0,0.0,0.0,0,0,0,0,0,0
2026-07-16 14:59:00,BR-Whitefield,0.0,100.0,0.0,1.0,0.0,0.0,1,0,0,0,0,1
2026-07-16 15:00:00,HO-Chennai,0.06983333333333333,0.0,0.0,1.0,0.0,0.0,0,0,0,0,0,0
2026-07-16 15:00:00,ZO-Bengaluru,0.11216666666666668,0.0,0.0,1.0,0.0,0.0,0,0,0,0,0,0
2026-07-16 15:00:00,BR-Koramangala,0.10933333333333334,0.0,0.0,1.0,0.0,0.0,0,0,0,0,0,0
2026-07-16 15:00:00,BR-Whitefield,0.0,100.0,0.0,1.0,0.0,0.0,1,0,0,0,0,1
2026-07-16 15:01:00,HO-Chennai,0.06683333333333334,0.0,0.0,1.0,0.0,0.0,0,0,0,0,0,0
2026-07-16 15:01:00,ZO-Bengaluru,0.12416666666666666,0.0,0.0,1.0,0.0,0.0,0,0,0,0,0,0
2026-07-16 15:01:00,BR-Koramangala,0.105,0.0,0.0,1.0,0.0,0.0,0,0,0,0,0,0
2026-07-16 15:01:00,BR-Whitefield,0.0,100.0,0.0,1.0,0.0,0.0,1,0,0,0,0,1
2026-07-16 15:02:00,HO-Chennai,0.06733333333333333,0.0,0.0,1.0,0.0,0.0,0,0,0,0,0,0
2026-07-16 15:02:00,ZO-Bengaluru,0.12016666666666666,0.0,0.0,1.0,0.0,0.0,0,0,0,0,0,0
2026-07-16 15:02:00,BR-Koramangala,0.11866666666666666,0.0,0.0,1.0,0.0,0.0,0,0,0,0,0,0
2026-07-16 15:02:00,BR-Whitefield,0.0,100.0,0.0,1.0,0.0,0.0,1,0,0,0,0,1
2026-07-16 15:03:00,HO-Chennai,0.07033333333333333,0.0,0.0,1.0,0.0,0.0,0,0,0,0,0,0
2026-07-16 15:03:00,ZO-Bengaluru,0.122,0.0,0.0,1.0,0.0,0.0,0,0,0,0,0,0
2026-07-16 15:03:00,BR-Koramangala,0.13333333333333333,0.0,0.0,1.0,0.0,0.0,0,0,0,0,0,0
2026-07-16 15:03:00,BR-Whitefield,0.0,100.0,0.0,1.0,0.0,0.0,1,0,0,0,0,1
2026-07-16 15:04:00,HO-Chennai,0.071,0.0,0.0,1.0,0.0,0.0,0,0,0,0,0,0
2026-07-16 15:04:00,ZO-Bengaluru,0.1225,0.0,0.0,1.0,0.0,0.0,0,0,0,0,0,0
2026-07-16 15:04:00,BR-Koramangala,0.10966666666666668,0.0,0.0,1.0,0.0,0.0,0,0,0,0,0,0
2026-07-16 15:04:00,BR-Whitefield,0.0,100.0,0.0,1.0,0.0,0.0,1,0,0,0,0,1
2026-07-16 15:05:00,HO-Chennai,0.07033333333333333,0.0,0.0,1.0,0.0,0.0,0,0,0,0,0,0
2026-07-16 15:05:00,ZO-Bengaluru,0.12533333333333332,0.0,0.0,1.0,0.0,0.0,0,0,0,0,0,0
2026-07-16 15:05:00,BR-Koramangala,0.143,0.0,0.0,1.0,0.0,0.0,0,0,0,0,0,0
2026-07-16 15:05:00,BR-Whitefield,0.0,100.0,0.0,1.0,0.0,0.0,1,0,0,0,0,1
2026-07-16 15:06:00,HO-Chennai,0.06816666666666667,0.0,0.0,1.0,0.0,0.0,0,0,0,0,0,0
2026-07-16 15:06:00,ZO-Bengaluru,0.11499999999999999,0.0,0.0,1.0,0.0,0.0,0,0,0,0,0,0
2026-07-16 15:06:00,BR-Koramangala,0.1115,0.0,0.0,1.0,0.0,0.0,0,0,0,0,0,0
2026-07-16 15:06:00,BR-Whitefield,0.0,100.0,0.0,1.0,0.0,0.0,1,0,0,0,0,1
2026-07-16 15:07:00,HO-Chennai,0.06616666666666667,0.0,0.0,1.0,0.0,0.0,0,0,0,0,0,0
2026-07-16 15:07:00,ZO-Bengaluru,0.12316666666666666,0.0,0.0,1.0,0.0,0.0,0,0,0,0,0,0
2026-07-16 15:07:00,BR-Koramangala,0.1185,0.0,0.0,1.0,0.0,0.0,0,0,0,0,0,0
2026-07-16 15:07:00,BR-Whitefield,0.0,100.0,0.0,1.0,0.0,0.0,1,0,0,0,0,1
2026-07-16 15:08:00,HO-Chennai,0.071,0.0,0.0,1.0,0.0,0.0,0,0,0,0,0,0
2026-07-16 15:08:00,ZO-Bengaluru,0.11316666666666668,0.0,0.0,1.0,0.0,0.0,0,0,0,0,0,0
2026-07-16 15:08:00,BR-Koramangala,0.11416666666666665,0.0,0.0,1.0,0.0,0.0,0,0,0,0,0,0
2026-07-16 15:08:00,BR-Whitefield,0.0,100.0,0.0,1.0,0.0,0.0,1,0,0,0,0,1
2026-07-16 15:09:00,HO-Chennai,0.05933333333333333,0.0,0.0,1.0,0.0,0.0,0,0,0,0,0,0
2026-07-16 15:09:00,ZO-Bengaluru,0.10533333333333333,0.0,0.0,1.0,0.0,0.0,0,0,0,0,0,0
2026-07-16 15:09:00,BR-Koramangala,0.08800000000000001,0.0,0.0,1.0,0.0,0.0,0,0,0,0,0,0
2026-07-16 15:09:00,BR-Whitefield,0.0,100.0,0.0,1.0,0.0,0.0,1,0,0,0,0,1
2026-07-16 15:10:00,HO-Chennai,0.0605,0.0,0.0,1.0,0.0,0.0,0,0,0,0,0,0
2026-07-16 15:10:00,ZO-Bengaluru,0.109,0.0,0.0,1.0,0.0,0.0,0,0,0,0,0,0
2026-07-16 15:10:00,BR-Koramangala,0.1095,0.0,0.0,1.0,0.0,0.0,0,0,0,0,0,0
2026-07-16 15:10:00,BR-Whitefield,0.0,100.0,0.0,1.0,0.0,0.0,1,0,0,0,0,1
2026-07-16 15:11:00,HO-Chennai,0.05383333333333334,0.0,0.0,1.0,0.0,0.0,0,0,0,0,0,0
2026-07-16 15:11:00,ZO-Bengaluru,0.10916666666666668,0.0,0.0,1.0,0.0,0.0,0,0,0,0,0,0
2026-07-16 15:11:00,BR-Koramangala,0.08733333333333333,0.0,0.0,1.0,0.0,0.0,0,0,0,0,0,0
2026-07-16 15:11:00,BR-Whitefield,0.0,100.0,0.0,1.0,0.0,0.0,1,0,0,0,0,1
2026-07-16 15:12:00,HO-Chennai,0.061,0.0,0.0,1.0,0.0,0.0,0,0,0,0,0,0
2026-07-16 15:12:00,ZO-Bengaluru,0.10483333333333333,0.0,0.0,1.0,0.0,0.0,0,0,0,0,0,0
2026-07-16 15:12:00,BR-Koramangala,0.10233333333333333,0.0,0.0,1.0,0.0,0.0,0,0,0,0,0,0
2026-07-16 15:12:00,BR-Whitefield,0.0,100.0,0.0,1.0,0.0,0.0,1,0,0,0,0,1
2026-07-16 15:13:00,HO-Chennai,0.06583333333333333,0.0,0.0,1.0,0.0,0.0,0,0,0,0,0,0
2026-07-16 15:13:00,ZO-Bengaluru,0.11399999999999999,0.0,0.0,1.0,0.0,0.0,0,0,0,0,0,0
2026-07-16 15:13:00,BR-Koramangala,0.10533333333333333,0.0,0.0,1.0,0.0,0.0,0,0,0,0,0,0
2026-07-16 15:13:00,BR-Whitefield,0.0,100.0,0.0,1.0,0.0,0.0,1,0,0,0,0,1
2026-07-16 15:14:00,HO-Chennai,0.0675,0.0,0.0,1.0,0.0,0.0,0,0,0,0,0,0
2026-07-16 15:14:00,ZO-Bengaluru,0.12266666666666666,0.0,0.0,1.0,0.0,0.0,0,0,0,0,0,0
2026-07-16 15:14:00,BR-Koramangala,0.12216666666666666,0.0,0.0,1.0,0.0,0.0,0,0,0,0,0,0
2026-07-16 15:14:00,BR-Whitefield,0.0,100.0,0.0,1.0,0.0,0.0,1,0,0,0,0,1
2026-07-16 15:15:00,HO-Chennai,0.06233333333333333,0.0,0.0,1.0,0.0,0.0,0,0,0,0,0,0
2026-07-16 15:15:00,ZO-Bengaluru,0.09233333333333334,0.0,0.0,1.0,0.0,0.0,0,0,0,0,0,0
2026-07-16 15:15:00,BR-Koramangala,0.10216666666666667,0.0,0.0,1.0,0.0,0.0,0,0,0,0,0,0
2026-07-16 15:15:00,BR-Whitefield,0.0,100.0,0.0,1.0,0.0,0.0,1,0,0,0,0,1
2026-07-16 15:16:00,HO-Chennai,0.05316666666666667,0.0,0.0,1.0,0.0,0.0,0,0,0,0,0,0
2026-07-16 15:16:00,ZO-Bengaluru,0.12133333333333333,0.0,0.0,1.0,0.0,0.0,0,0,0,0,0,0
2026-07-16 15:16:00,BR-Koramangala,0.13316666666666666,0.0,0.0,1.0,0.0,0.0,0,0,0,0,0,0
2026-07-16 15:16:00,BR-Whitefield,0.0,100.0,0.0,1.0,0.0,0.0,1,0,0,0,0,1
2026-07-16 15:17:00,HO-Chennai,0.05983333333333333,0.0,0.0,1.0,0.0,0.0,0,0,0,0,0,0
2026-07-16 15:17:00,ZO-Bengaluru,0.081,0.0,0.0,1.0,0.0,0.0,0,0,0,0,0,0
2026-07-16 15:17:00,BR-Koramangala,0.08966666666666667,0.0,0.0,1.0,0.0,0.0,0,0,0,0,0,0
2026-07-16 15:17:00,BR-Whitefield,0.0,100.0,0.0,1.0,0.0,0.0,1,0,0,0,0,1
2026-07-16 15:18:00,HO-Chennai,0.066,0.0,0.0,1.0,0.0,0.0,0,0,0,0,0,0
2026-07-16 15:18:00,ZO-Bengaluru,0.126,0.0,0.0,1.0,0.0,0.0,0,0,0,0,0,0
2026-07-16 15:18:00,BR-Koramangala,0.14433333333333334,0.0,0.0,1.0,0.0,0.0,0,0,0,0,0,0
2026-07-16 15:18:00,BR-Whitefield,0.0,100.0,0.0,1.0,0.0,0.0,1,0,0,0,0,1
2026-07-16 15:19:00,HO-Chennai,0.06416666666666666,0.0,0.0,1.0,0.0,0.0,0,0,0,0,0,0
2026-07-16 15:19:00,ZO-Bengaluru,0.1035,0.0,0.0,1.0,0.0,0.0,0,0,0,0,0,0
2026-07-16 15:19:00,BR-Koramangala,0.10783333333333334,0.0,0.0,1.0,0.0,0.0,0,0,0,0,0,0
2026-07-16 15:19:00,BR-Whitefield,0.0,100.0,0.0,1.0,0.0,0.0,1,0,0,0,0,1
2026-07-16 15:20:00,HO-Chennai,0.07283333333333333,0.0,0.0,1.0,0.0,0.0,0,0,0,0,0,0
2026-07-16 15:20:00,ZO-Bengaluru,0.11283333333333333,0.0,0.0,1.0,0.0,0.0,0,0,0,0,0,0
2026-07-16 15:20:00,BR-Koramangala,0.109,0.0,0.0,1.0,0.0,0.0,0,0,0,0,0,0
2026-07-16 15:20:00,BR-Whitefield,0.0,100.0,0.0,1.0,0.0,0.0,1,0,0,0,0,1
2026-07-16 15:21:00,HO-Chennai,0.04833333333333333,0.0,0.0,1.0,0.0,0.0,0,0,0,0,0,0
2026-07-16 15:21:00,ZO-Bengaluru,0.10266666666666667,0.0,0.0,1.0,0.0,0.0,0,0,0,0,0,0
2026-07-16 15:21:00,BR-Koramangala,0.0815,0.0,0.0,1.0,0.0,0.0,0,0,0,0,0,0
2026-07-16 15:21:00,BR-Whitefield,0.0,100.0,0.0,1.0,0.0,0.0,1,0,0,0,0,1
2026-07-16 15:22:00,HO-Chennai,0.04699999999999999,0.0,0.0,1.0,0.0,0.0,0,0,0,0,0,0
2026-07-16 15:22:00,ZO-Bengaluru,0.08683333333333333,0.0,0.0,1.0,0.0,0.0,0,0,0,0,0,0
2026-07-16 15:22:00,BR-Koramangala,0.09449999999999999,0.0,0.0,1.0,0.0,0.0,0,0,0,0,0,0
2026-07-16 15:22:00,BR-Whitefield,0.0,100.0,0.0,1.0,0.0,0.0,1,0,0,0,0,1
2026-07-16 15:23:00,HO-Chennai,0.0645,0.0,0.0,1.0,0.0,0.0,0,0,0,0,0,0
2026-07-16 15:23:00,ZO-Bengaluru,0.1145,0.0,0.0,1.0,0.0,0.0,0,0,0,0,0,0
2026-07-16 15:23:00,BR-Koramangala,0.09766666666666667,0.0,0.0,1.0,0.0,0.0,0,0,0,0,0,0
2026-07-16 15:23:00,BR-Whitefield,0.0,100.0,0.0,1.0,0.0,0.0,1,0,0,0,0,1
2026-07-16 15:24:00,HO-Chennai,0.05449999999999999,0.0,0.0,1.0,0.0,0.0,0,0,0,0,0,0
2026-07-16 15:24:00,ZO-Bengaluru,0.10366666666666667,0.0,0.0,1.0,0.0,0.0,0,0,0,0,0,0
2026-07-16 15:24:00,BR-Koramangala,0.11016666666666668,0.0,0.0,1.0,0.0,0.0,0,0,0,0,0,0
2026-07-16 15:24:00,BR-Whitefield,0.0,100.0,0.0,1.0,0.0,0.0,1,0,0,0,0,1
2026-07-16 15:25:00,HO-Chennai,0.13233333333333333,0.0,0.0,1.0,0.0,0.0,0,0,0,0,0,0
2026-07-16 15:25:00,ZO-Bengaluru,0.24450000000000002,0.0,0.0,1.0,0.0,0.0,0,0,0,0,0,0
2026-07-16 15:25:00,BR-Koramangala,0.22916666666666666,0.0,0.0,1.0,0.0,0.0,0,0,0,0,0,0
2026-07-16 15:25:00,BR-Whitefield,0.0,100.0,0.0,1.0,0.0,0.0,1,0,0,0,0,1
2026-07-16 15:26:00,HO-Chennai,0.127,0.0,0.0,1.0,0.0,0.0,0,0,0,0,0,0
2026-07-16 15:26:00,ZO-Bengaluru,0.2065,0.0,0.0,1.0,0.0,0.0,0,0,0,0,0,0
2026-07-16 15:26:00,BR-Koramangala,0.1925,0.0,0.0,1.0,0.0,0.0,0,0,0,0,0,0
2026-07-16 15:26:00,BR-Whitefield,0.0,100.0,0.0,1.0,0.0,0.0,1,0,0,0,0,1
2026-07-16 15:27:00,HO-Chennai,0.11733333333333333,0.0,0.0,1.0,0.0,0.0,0,0,0,0,0,0
2026-07-16 15:27:00,ZO-Bengaluru,0.21733333333333335,0.0,0.0,1.0,0.0,0.0,0,0,0,0,0,0
2026-07-16 15:27:00,BR-Koramangala,0.1845,0.0,0.0,1.0,0.0,0.0,0,0,0,0,0,0
2026-07-16 15:27:00,BR-Whitefield,0.0,100.0,0.0,1.0,0.0,0.0,1,0,0,0,0,1
2026-07-16 15:28:00,HO-Chennai,0.16216666666666665,0.0,0.0,1.0,0.0,0.0,0,0,0,0,0,0
2026-07-16 15:28:00,ZO-Bengaluru,0.2618333333333333,0.0,0.0,1.0,0.0,0.0,0,0,0,0,0,0
2026-07-16 15:28:00,BR-Koramangala,0.19866666666666666,0.0,0.0,1.0,0.0,0.0,0,0,0,0,0,0
2026-07-16 15:28:00,BR-Whitefield,0.0,100.0,0.0,1.0,0.0,0.0,1,0,0,0,0,1
2026-07-16 15:29:00,HO-Chennai,0.1075,0.0,0.0,1.0,0.0,0.0,0,0,0,0,0,0
2026-07-16 15:29:00,ZO-Bengaluru,0.17016666666666666,0.0,0.0,1.0,0.0,0.0,0,0,0,0,0,0
2026-07-16 15:29:00,BR-Koramangala,0.19633333333333333,0.0,0.0,1.0,0.0,0.0,0,0,0,0,0,0
2026-07-16 15:29:00,BR-Whitefield,0.0,100.0,0.0,1.0,0.0,0.0,1,0,0,0,0,1
2026-07-16 15:30:00,HO-Chennai,0.157,0.0,0.0,1.0,0.0,0.0,0,0,0,0,0,0
2026-07-16 15:30:00,ZO-Bengaluru,0.22116666666666665,0.0,0.0,1.0,0.0,0.0,0,0,0,0,0,0
2026-07-16 15:30:00,BR-Koramangala,0.21966666666666668,0.0,0.0,1.0,0.0,0.0,0,0,0,0,0,0
2026-07-16 15:30:00,BR-Whitefield,0.0,100.0,0.0,1.0,0.0,0.0,1,0,0,0,0,1
2026-07-16 15:31:00,HO-Chennai,0.13533333333333333,0.0,0.0,1.0,0.0,0.0,0,0,0,0,0,0
2026-07-16 15:31:00,ZO-Bengaluru,0.257,0.0,0.0,1.0,0.0,0.0,0,0,0,0,0,0
2026-07-16 15:31:00,BR-Koramangala,0.6206666666666666,0.0,0.0,1.0,0.0,0.0,0,0,0,0,0,0
2026-07-16 15:31:00,BR-Whitefield,0.0,100.0,0.0,1.0,0.0,0.0,1,0,0,0,0,1
2026-07-16 15:32:00,HO-Chennai,0.1691666666666667,0.0,0.0,1.0,0.0,0.0,0,0,0,0,0,0
2026-07-16 15:32:00,ZO-Bengaluru,0.24066666666666667,0.0,0.0,1.0,0.0,0.0,0,0,0,0,0,0
2026-07-16 15:32:00,BR-Koramangala,0.19733333333333336,0.0,0.0,1.0,0.0,0.0,0,0,0,0,0,0
2026-07-16 15:32:00,BR-Whitefield,0.0,100.0,0.0,1.0,0.0,0.0,1,0,0,0,0,1
2026-07-16 15:33:00,HO-Chennai,0.2105,0.0,0.0,1.0,0.0,0.0,0,0,0,0,0,0
2026-07-16 15:33:00,ZO-Bengaluru,0.20233333333333334,0.0,0.0,1.0,0.0,0.0,0,0,0,0,0,0
2026-07-16 15:33:00,BR-Koramangala,0.13366666666666668,0.0,0.0,1.0,0.0,0.0,0,0,0,0,0,0
2026-07-16 15:33:00,BR-Whitefield,0.0,100.0,0.0,1.0,0.0,0.0,1,0,0,0,0,1
2026-07-16 15:34:00,HO-Chennai,0.08666666666666667,0.0,0.0,1.0,0.0,0.0,0,0,0,0,0,0
2026-07-16 15:34:00,ZO-Bengaluru,0.16733333333333333,0.0,0.0,1.0,0.0,0.0,0,0,0,0,0,0
2026-07-16 15:34:00,BR-Koramangala,0.13966666666666666,0.0,0.0,1.0,0.0,0.0,0,0,0,0,0,0
2026-07-16 15:34:00,BR-Whitefield,0.0,100.0,0.0,1.0,0.0,0.0,1,0,0,0,0,1
2026-07-16 15:35:00,HO-Chennai,0.16083333333333333,0.0,0.0,1.0,0.0,0.0,0,0,0,0,0,0
2026-07-16 15:35:00,ZO-Bengaluru,0.2575,0.0,0.0,1.0,0.0,0.0,0,0,0,0,0,0
2026-07-16 15:35:00,BR-Koramangala,0.26,0.0,0.0,1.0,0.0,0.0,0,0,0,0,0,0
2026-07-16 15:35:00,BR-Whitefield,0.0,100.0,0.0,1.0,0.0,0.0,1,0,0,0,0,1
2026-07-16 15:36:00,HO-Chennai,0.11599999999999999,0.0,0.0,1.0,0.0,0.0,0,0,0,0,0,0
2026-07-16 15:36:00,ZO-Bengaluru,0.2005,0.0,0.0,1.0,0.0,0.0,0,0,0,0,0,0
2026-07-16 15:36:00,BR-Koramangala,0.21516666666666664,0.0,0.0,1.0,0.0,0.0,0,0,0,0,0,0
2026-07-16 15:36:00,BR-Whitefield,0.0,100.0,0.0,1.0,0.0,0.0,1,0,0,0,0,1
2026-07-16 15:37:00,HO-Chennai,0.11283333333333334,0.0,0.0,1.0,0.0,0.0,0,0,0,0,0,0
2026-07-16 15:37:00,ZO-Bengaluru,0.19716666666666668,0.0,0.0,1.0,0.0,0.0,0,0,0,0,0,0
2026-07-16 15:37:00,BR-Koramangala,0.1795,0.0,0.0,1.0,0.0,0.0,0,0,0,0,0,0
2026-07-16 15:37:00,BR-Whitefield,0.0,100.0,0.0,1.0,0.0,0.0,1,0,0,0,0,1
2026-07-16 15:38:00,HO-Chennai,0.14216666666666666,0.0,0.0,1.0,0.0,0.0,0,0,0,0,0,0
2026-07-16 15:38:00,ZO-Bengaluru,0.244,0.0,0.0,1.0,0.0,0.0,0,0,0,0,0,0
2026-07-16 15:38:00,BR-Koramangala,0.2225,0.0,0.0,1.0,0.0,0.0,0,0,0,0,0,0
2026-07-16 15:38:00,BR-Whitefield,0.0,100.0,0.0,1.0,0.0,0.0,1,0,0,0,0,1
2026-07-16 15:39:00,HO-Chennai,0.1465,0.0,0.0,1.0,0.0,0.0,0,0,0,0,0,0
2026-07-16 15:39:00,ZO-Bengaluru,0.21266666666666667,0.0,0.0,1.0,0.0,0.0,0,0,0,0,0,0
2026-07-16 15:39:00,BR-Koramangala,1.6616666666666664,0.0,0.0,1.0,0.0,0.0,0,0,0,0,0,0
2026-07-16 15:39:00,BR-Whitefield,0.0,100.0,0.0,1.0,0.0,0.0,1,0,0,0,0,1
2026-07-16 15:40:00,HO-Chennai,0.16433333333333333,0.0,0.0,1.0,0.0,0.0,0,0,0,0,0,0
2026-07-16 15:40:00,ZO-Bengaluru,0.29716666666666663,0.0,0.0,1.0,0.0,0.0,0,0,0,0,0,0
2026-07-16 15:40:00,BR-Koramangala,0.32566666666666666,0.0,0.0,1.0,0.0,0.0,0,0,0,0,0,0
2026-07-16 15:40:00,BR-Whitefield,0.0,100.0,0.0,1.0,0.0,0.0,1,0,0,0,0,1
2026-07-16 15:41:00,HO-Chennai,0.126,0.0,0.0,1.0,0.0,0.0,0,0,0,0,0,0
2026-07-16 15:41:00,ZO-Bengaluru,0.26866666666666666,0.0,0.0,1.0,0.0,0.0,0,0,0,0,0,0
2026-07-16 15:41:00,BR-Koramangala,0.23566666666666666,0.0,0.0,1.0,0.0,0.0,0,0,0,0,0,0
2026-07-16 15:41:00,BR-Whitefield,0.0,100.0,0.0,1.0,0.0,0.0,1,0,0,0,0,1
2026-07-16 15:42:00,HO-Chennai,0.154,0.0,0.0,1.0,0.0,0.0,0,0,0,0,0,0
2026-07-16 15:42:00,ZO-Bengaluru,0.25283333333333335,0.0,0.0,1.0,0.0,0.0,0,0,0,0,0,0
2026-07-16 15:42:00,BR-Koramangala,0.22233333333333336,0.0,0.0,1.0,0.0,0.0,0,0,0,0,0,0
2026-07-16 15:42:00,BR-Whitefield,0.0,100.0,0.0,1.0,0.0,0.0,1,0,0,0,0,1
2026-07-16 15:43:00,HO-Chennai,0.16466666666666666,0.0,0.0,1.0,0.0,0.0,0,0,0,0,0,0
2026-07-16 15:43:00,ZO-Bengaluru,0.2101666666666667,0.0,0.0,1.0,0.0,0.0,0,0,0,0,0,0
2026-07-16 15:43:00,BR-Koramangala,0.25183333333333335,0.0,0.0,1.0,0.0,0.0,0,0,0,0,0,0
2026-07-16 15:43:00,BR-Whitefield,0.0,100.0,0.0,1.0,0.0,0.0,1,0,0,0,0,1
2026-07-16 15:44:00,HO-Chennai,0.10016666666666667,0.0,0.0,1.0,0.0,0.0,0,0,0,0,0,0
2026-07-16 15:44:00,ZO-Bengaluru,0.19899999999999998,0.0,0.0,1.0,0.0,0.0,0,0,0,0,0,0
2026-07-16 15:44:00,BR-Koramangala,0.18016666666666667,0.0,0.0,1.0,0.0,0.0,0,0,0,0,0,0
2026-07-16 15:44:00,BR-Whitefield,0.0,100.0,0.0,1.0,0.0,0.0,1,0,0,0,0,1
2026-07-16 15:45:00,HO-Chennai,0.1345,0.0,0.0,1.0,0.0,0.0,0,0,0,0,0,0
2026-07-16 15:45:00,ZO-Bengaluru,0.23666666666666666,0.0,0.0,1.0,0.0,0.0,0,0,0,0,0,0
2026-07-16 15:45:00,BR-Koramangala,0.20766666666666667,0.0,0.0,1.0,0.0,0.0,0,0,0,0,0,0
2026-07-16 15:45:00,BR-Whitefield,0.0,100.0,0.0,1.0,0.0,0.0,1,0,0,0,0,1
2026-07-16 15:46:00,HO-Chennai,0.118,0.0,0.0,1.0,0.0,0.0,0,0,0,0,0,0
2026-07-16 15:46:00,ZO-Bengaluru,0.19966666666666666,0.0,0.0,1.0,0.0,0.0,0,0,0,0,0,0
2026-07-16 15:46:00,BR-Koramangala,0.18800000000000003,0.0,0.0,1.0,0.0,0.0,0,0,0,0,0,0
2026-07-16 15:46:00,BR-Whitefield,0.0,100.0,0.0,1.0,0.0,0.0,1,0,0,0,0,1
2026-07-16 15:47:00,HO-Chennai,0.1185,0.0,0.0,1.0,0.0,0.0,0,0,0,0,0,0
2026-07-16 15:47:00,ZO-Bengaluru,0.19416666666666668,0.0,0.0,1.0,0.0,0.0,0,0,0,0,0,0
2026-07-16 15:47:00,BR-Koramangala,0.22033333333333335,0.0,0.0,1.0,0.0,0.0,0,0,0,0,0,0
2026-07-16 15:47:00,BR-Whitefield,0.0,100.0,0.0,1.0,0.0,0.0,1,0,0,0,0,1
2026-07-16 15:48:00,HO-Chennai,0.12316666666666666,0.0,0.0,1.0,0.0,0.0,0,0,0,0,0,0
2026-07-16 15:48:00,ZO-Bengaluru,0.2195,0.0,0.0,1.0,0.0,0.0,0,0,0,0,0,0
2026-07-16 15:48:00,BR-Koramangala,0.21983333333333333,0.0,0.0,1.0,0.0,0.0,0,0,0,0,0,0
2026-07-16 15:48:00,BR-Whitefield,0.0,100.0,0.0,1.0,0.0,0.0,1,0,0,0,0,1
2026-07-16 15:49:00,HO-Chennai,1.4719999999999998,0.0,0.0,1.0,0.0,0.0,0,0,0,0,0,0
2026-07-16 15:49:00,ZO-Bengaluru,0.23216666666666666,0.0,0.0,1.0,0.0,0.0,0,0,0,0,0,0
2026-07-16 15:49:00,BR-Koramangala,0.26916666666666667,0.0,0.0,1.0,0.0,0.0,0,0,0,0,0,0
2026-07-16 15:49:00,BR-Whitefield,0.0,100.0,0.0,1.0,0.0,0.0,1,0,0,0,0,1
2026-07-16 15:50:00,HO-Chennai,0.09699999999999999,0.0,0.0,1.0,0.0,0.0,0,0,0,0,0,0
2026-07-16 15:50:00,ZO-Bengaluru,0.18083333333333332,0.0,0.0,1.0,0.0,0.0,0,0,0,0,0,0
2026-07-16 15:50:00,BR-Koramangala,0.15933333333333333,0.0,0.0,1.0,0.0,0.0,0,0,0,0,0,0
2026-07-16 15:50:00,BR-Whitefield,0.0,100.0,0.0,1.0,0.0,0.0,1,0,0,0,0,1
2026-07-16 15:51:00,HO-Chennai,0.1095,0.0,0.0,1.0,0.0,0.0,0,0,0,0,0,0
2026-07-16 15:51:00,ZO-Bengaluru,0.19099999999999998,0.0,0.0,1.0,0.0,0.0,0,0,0,0,0,0
2026-07-16 15:51:00,BR-Koramangala,0.206,0.0,0.0,1.0,0.0,0.0,0,0,0,0,0,0
2026-07-16 15:51:00,BR-Whitefield,0.0,100.0,0.0,1.0,0.0,0.0,1,0,0,0,0,1
2026-07-16 15:52:00,HO-Chennai,0.09699999999999999,0.0,0.0,1.0,0.0,0.0,0,0,0,0,0,0
2026-07-16 15:52:00,ZO-Bengaluru,0.16483333333333333,0.0,0.0,1.0,0.0,0.0,0,0,0,0,0,0
2026-07-16 15:52:00,BR-Koramangala,0.19466666666666665,0.0,0.0,1.0,0.0,0.0,0,0,0,0,0,0
2026-07-16 15:52:00,BR-Whitefield,0.0,100.0,0.0,1.0,0.0,0.0,1,0,0,0,0,1
2026-07-16 15:53:00,HO-Chennai,0.124,0.0,0.0,1.0,0.0,0.0,0,0,0,0,0,0
2026-07-16 15:53:00,ZO-Bengaluru,0.19433333333333333,0.0,0.0,1.0,0.0,0.0,0,0,0,0,0,0
2026-07-16 15:53:00,BR-Koramangala,0.18333333333333335,0.0,0.0,1.0,0.0,0.0,0,0,0,0,0,0
2026-07-16 15:53:00,BR-Whitefield,0.0,100.0,0.0,1.0,0.0,0.0,1,0,0,0,0,1
2026-07-16 15:54:00,HO-Chennai,0.09583333333333334,0.0,0.0,1.0,0.0,0.0,0,0,0,0,0,0
2026-07-16 15:54:00,ZO-Bengaluru,0.1865,0.0,0.0,1.0,0.0,0.0,0,0,0,0,0,0
2026-07-16 15:54:00,BR-Koramangala,0.16066666666666665,0.0,0.0,1.0,0.0,0.0,0,0,0,0,0,0
2026-07-16 15:54:00,BR-Whitefield,0.0,100.0,0.0,1.0,0.0,0.0,1,0,0,0,0,1
2026-07-16 15:55:00,HO-Chennai,0.18833333333333332,0.0,0.0,1.0,0.0,0.0,0,0,0,0,0,0
2026-07-16 15:55:00,ZO-Bengaluru,0.254,0.0,0.0,1.0,0.0,0.0,0,0,0,0,0,0
2026-07-16 15:55:00,BR-Koramangala,0.24050000000000002,0.0,0.0,1.0,0.0,0.0,0,0,0,0,0,0
2026-07-16 15:55:00,BR-Whitefield,0.0,100.0,0.0,1.0,0.0,0.0,1,0,0,0,0,1
2026-07-16 15:56:00,HO-Chennai,0.25366666666666665,0.0,0.0,1.0,0.0,0.0,0,0,0,0,0,0
2026-07-16 15:56:00,ZO-Bengaluru,0.2538333333333333,0.0,0.0,1.0,0.0,0.0,0,0,0,0,0,0
2026-07-16 15:56:00,BR-Koramangala,0.32266666666666666,0.0,0.0,1.0,0.0,0.0,0,0,0,0,0,0
2026-07-16 15:56:00,BR-Whitefield,0.0,100.0,0.0,1.0,0.0,0.0,1,0,0,0,0,1
2026-07-16 15:57:00,HO-Chennai,0.27116666666666667,0.0,0.0,1.0,0.0,0.0,0,0,0,0,0,0
2026-07-16 15:57:00,ZO-Bengaluru,0.35283333333333333,0.0,0.0,1.0,0.0,0.0,0,0,0,0,0,0
2026-07-16 15:57:00,BR-Koramangala,0.37999999999999995,0.0,0.0,1.0,0.0,0.0,0,0,0,0,0,0
2026-07-16 15:57:00,BR-Whitefield,0.0,100.0,0.0,1.0,0.0,0.0,1,0,0,0,0,1
2026-07-16 15:58:00,HO-Chennai,0.1545,0.0,0.0,1.0,0.0,0.0,0,0,0,0,0,0
2026-07-16 15:58:00,ZO-Bengaluru,0.25116666666666665,0.0,0.0,1.0,0.0,0.0,0,0,0,0,0,0
2026-07-16 15:58:00,BR-Koramangala,0.20966666666666667,0.0,0.0,1.0,0.0,0.0,0,0,0,0,0,0
2026-07-16 15:58:00,BR-Whitefield,0.0,100.0,0.0,1.0,0.0,0.0,1,0,0,0,0,1
2026-07-16 15:59:00,HO-Chennai,0.058166666666666665,0.0,0.0,1.0,0.0,0.0,0,0,0,0,0,0
2026-07-16 15:59:00,ZO-Bengaluru,0.11750000000000001,0.0,0.0,1.0,0.0,0.0,0,0,0,0,0,0
2026-07-16 15:59:00,BR-Koramangala,0.10216666666666667,0.0,0.0,1.0,0.0,0.0,0,0,0,0,0,0
2026-07-16 15:59:00,BR-Whitefield,0.0,100.0,0.0,1.0,0.0,0.0,1,0,0,0,0,1
2026-07-16 16:00:00,HO-Chennai,0.050166666666666665,0.0,0.0,1.0,0.0,0.0,0,0,0,0,0,0
2026-07-16 16:00:00,ZO-Bengaluru,0.09849999999999999,0.0,0.0,1.0,0.0,0.0,0,0,0,0,0,0
2026-07-16 16:00:00,BR-Koramangala,0.07316666666666667,0.0,0.0,1.0,0.0,0.0,0,0,0,0,0,0
2026-07-16 16:00:00,BR-Whitefield,0.0,100.0,0.0,1.0,0.0,0.0,1,0,0,0,0,1
2026-07-16 16:01:00,HO-Chennai,0.04816666666666666,0.0,0.0,1.0,0.0,0.0,0,0,0,0,0,0
2026-07-16 16:01:00,ZO-Bengaluru,0.1115,0.0,0.0,1.0,0.0,0.0,0,0,0,0,0,0
2026-07-16 16:01:00,BR-Koramangala,0.11833333333333333,0.0,0.0,1.0,0.0,0.0,0,0,0,0,0,0
2026-07-16 16:01:00,BR-Whitefield,0.0,100.0,0.0,1.0,0.0,0.0,1,0,0,0,0,1
2026-07-16 16:02:00,HO-Chennai,0.0695,0.0,0.0,1.0,0.0,0.0,0,0,0,0,0,0
2026-07-16 16:02:00,ZO-Bengaluru,0.11916666666666666,0.0,0.0,1.0,0.0,0.0,0,0,0,0,0,0
2026-07-16 16:02:00,BR-Koramangala,0.111,0.0,0.0,1.0,0.0,0.0,0,0,0,0,0,0
2026-07-16 16:02:00,BR-Whitefield,0.0,100.0,0.0,1.0,0.0,0.0,1,0,0,0,0,1
2026-07-16 16:03:00,HO-Chennai,0.09933333333333333,0.0,0.0,1.0,0.0,0.0,0,0,0,0,0,0
2026-07-16 16:03:00,ZO-Bengaluru,0.16516666666666668,0.0,0.0,1.0,0.0,0.0,0,0,0,0,0,0
2026-07-16 16:03:00,BR-Koramangala,0.16616666666666666,0.0,0.0,1.0,0.0,0.0,0,0,0,0,0,0
2026-07-16 16:03:00,BR-Whitefield,0.0,100.0,0.0,1.0,0.0,0.0,1,0,0,0,0,1
2026-07-16 16:04:00,HO-Chennai,0.11866666666666666,0.0,0.0,1.0,0.0,0.0,0,0,0,0,0,0
2026-07-16 16:04:00,ZO-Bengaluru,0.19733333333333333,0.0,0.0,1.0,0.0,0.0,0,0,0,0,0,0
2026-07-16 16:04:00,BR-Koramangala,0.22833333333333336,0.0,0.0,1.0,0.0,0.0,0,0,0,0,0,0
2026-07-16 16:04:00,BR-Whitefield,0.0,100.0,0.0,1.0,0.0,0.0,1,0,0,0,0,1
2026-07-16 16:05:00,HO-Chennai,0.12433333333333334,0.0,0.0,1.0,0.0,0.0,0,0,0,0,0,0
2026-07-16 16:05:00,ZO-Bengaluru,0.26116666666666666,0.0,0.0,1.0,0.0,0.0,0,0,0,0,0,0
2026-07-16 16:05:00,BR-Koramangala,0.2031666666666667,0.0,0.0,1.0,0.0,0.0,0,0,0,0,0,0
2026-07-16 16:05:00,BR-Whitefield,0.0,100.0,0.0,1.0,0.0,0.0,1,0,0,0,0,1
2026-07-16 16:06:00,HO-Chennai,0.13449999999999998,0.0,0.0,1.0,0.0,0.0,0,0,0,0,0,0
2026-07-16 16:06:00,ZO-Bengaluru,0.18916666666666668,0.0,0.0,1.0,0.0,0.0,0,0,0,0,0,0
2026-07-16 16:06:00,BR-Koramangala,0.18666666666666665,0.0,0.0,1.0,0.0,0.0,0,0,0,0,0,0
2026-07-16 16:06:00,BR-Whitefield,0.0,100.0,0.0,1.0,0.0,0.0,1,0,0,0,0,1
2026-07-16 16:07:00,HO-Chennai,0.1655,0.0,0.0,1.0,0.0,0.0,0,0,0,0,0,0
2026-07-16 16:07:00,ZO-Bengaluru,0.47350000000000003,0.0,0.0,1.0,0.0,0.0,0,0,0,0,0,0
2026-07-16 16:07:00,BR-Koramangala,0.3163333333333333,0.0,0.0,1.0,0.0,0.0,0,0,0,0,0,0
2026-07-16 16:07:00,BR-Whitefield,0.0,100.0,0.0,1.0,0.0,0.0,1,0,0,0,0,1
2026-07-16 16:08:00,HO-Chennai,0.2145,0.0,0.0,1.0,0.0,0.0,0,0,0,0,0,0
2026-07-16 16:08:00,ZO-Bengaluru,0.9071666666666666,0.0,0.0,1.0,0.0,0.0,0,0,0,0,0,0
2026-07-16 16:08:00,BR-Koramangala,0.3818333333333333,0.0,0.0,1.0,0.0,0.0,0,0,0,0,0,0
2026-07-16 16:08:00,BR-Whitefield,0.0,100.0,0.0,1.0,0.0,0.0,1,0,0,0,0,1
2026-07-16 16:09:00,HO-Chennai,0.12166666666666666,0.0,0.0,1.0,0.0,0.0,0,0,0,0,0,0
2026-07-16 16:09:00,ZO-Bengaluru,0.20099999999999998,0.0,0.0,1.0,0.0,0.0,0,0,0,0,0,0
2026-07-16 16:09:00,BR-Koramangala,0.21966666666666668,0.0,0.0,1.0,0.0,0.0,0,0,0,0,0,0
2026-07-16 16:09:00,BR-Whitefield,0.0,100.0,0.0,1.0,0.0,0.0,1,0,0,0,0,1
2026-07-16 16:10:00,HO-Chennai,0.049833333333333334,0.0,0.0,1.0,0.0,0.0,0,0,0,0,0,0
2026-07-16 16:10:00,ZO-Bengaluru,0.10566666666666667,0.0,0.0,1.0,0.0,0.0,0,0,0,0,0,0
2026-07-16 16:10:00,BR-Koramangala,0.10149999999999999,0.0,0.0,1.0,0.0,0.0,0,0,0,0,0,0
2026-07-16 16:10:00,BR-Whitefield,0.0,100.0,0.0,1.0,0.0,0.0,1,0,0,0,0,1
2026-07-16 16:11:00,HO-Chennai,0.06783333333333333,0.0,0.0,1.0,0.0,0.0,0,0,0,0,0,0
2026-07-16 16:11:00,ZO-Bengaluru,0.11916666666666666,0.0,0.0,1.0,0.0,0.0,0,0,0,0,0,0
2026-07-16 16:11:00,BR-Koramangala,0.11716666666666666,0.0,0.0,1.0,0.0,0.0,0,0,0,0,0,0
2026-07-16 16:11:00,BR-Whitefield,0.0,100.0,0.0,1.0,0.0,0.0,1,0,0,0,0,1
2026-07-16 16:12:00,HO-Chennai,0.051666666666666666,0.0,0.0,1.0,0.0,0.0,0,0,0,0,0,0
2026-07-16 16:12:00,ZO-Bengaluru,0.078,0.0,0.0,1.0,0.0,0.0,0,0,0,0,0,0
2026-07-16 16:12:00,BR-Koramangala,0.08750000000000001,0.0,0.0,1.0,0.0,0.0,0,0,0,0,0,0
2026-07-16 16:12:00,BR-Whitefield,0.0,100.0,0.0,1.0,0.0,0.0,1,0,0,0,0,1
2026-07-16 16:13:00,HO-Chennai,0.057666666666666665,0.0,0.0,1.0,0.0,0.0,0,0,0,0,0,0
2026-07-16 16:13:00,ZO-Bengaluru,0.09666666666666668,0.0,0.0,1.0,0.0,0.0,0,0,0,0,0,0
2026-07-16 16:13:00,BR-Koramangala,0.11316666666666668,0.0,0.0,1.0,0.0,0.0,0,0,0,0,0,0
2026-07-16 16:13:00,BR-Whitefield,0.0,100.0,0.0,1.0,0.0,0.0,1,0,0,0,0,1
2026-07-16 16:14:00,HO-Chennai,0.056333333333333326,0.0,0.0,1.0,0.0,0.0,0,0,0,0,0,0
2026-07-16 16:14:00,ZO-Bengaluru,0.08983333333333333,0.0,0.0,1.0,0.0,0.0,0,0,0,0,0,0
2026-07-16 16:14:00,BR-Koramangala,0.0855,0.0,0.0,1.0,0.0,0.0,0,0,0,0,0,0
2026-07-16 16:14:00,BR-Whitefield,0.0,100.0,0.0,1.0,0.0,0.0,1,0,0,0,0,1
2026-07-16 16:15:00,HO-Chennai,0.04750000000000001,0.0,0.0,1.0,0.0,0.0,0,0,0,0,0,0
2026-07-16 16:15:00,ZO-Bengaluru,0.09400000000000001,0.0,0.0,1.0,0.0,0.0,0,0,0,0,0,0
2026-07-16 16:15:00,BR-Koramangala,0.10766666666666667,0.0,0.0,1.0,0.0,0.0,0,0,0,0,0,0
2026-07-16 16:15:00,BR-Whitefield,0.0,100.0,0.0,1.0,0.0,0.0,1,0,0,0,0,1
2026-07-16 16:16:00,HO-Chennai,0.07616666666666666,0.0,0.0,1.0,0.0,0.0,0,0,0,0,0,0
2026-07-16 16:16:00,ZO-Bengaluru,0.10466666666666667,0.0,0.0,1.0,0.0,0.0,0,0,0,0,0,0
2026-07-16 16:16:00,BR-Koramangala,0.19283333333333333,0.0,0.0,1.0,0.0,0.0,0,0,0,0,0,0
2026-07-16 16:16:00,BR-Whitefield,0.0,100.0,0.0,1.0,0.0,0.0,1,0,0,0,0,1
2026-07-16 16:17:00,HO-Chennai,0.04533333333333334,0.0,0.0,1.0,0.0,0.0,0,0,0,0,0,0
2026-07-16 16:17:00,ZO-Bengaluru,0.09600000000000002,0.0,0.0,1.0,0.0,0.0,0,0,0,0,0,0
2026-07-16 16:17:00,BR-Koramangala,0.09400000000000001,0.0,0.0,1.0,0.0,0.0,0,0,0,0,0,0
2026-07-16 16:17:00,BR-Whitefield,0.0,100.0,0.0,1.0,0.0,0.0,1,0,0,0,0,1
2026-07-16 16:18:00,HO-Chennai,0.37233333333333335,0.0,0.0,1.0,0.0,0.0,0,0,0,0,0,0
2026-07-16 16:18:00,ZO-Bengaluru,0.16,0.0,0.0,1.0,0.0,0.0,0,0,0,0,0,0
2026-07-16 16:18:00,BR-Koramangala,0.1585,0.0,0.0,1.0,0.0,0.0,0,0,0,0,0,0
2026-07-16 16:18:00,BR-Whitefield,0.0,100.0,0.0,1.0,0.0,0.0,1,0,0,0,0,1
2026-07-16 16:19:00,HO-Chennai,0.12183333333333334,0.0,0.0,1.0,0.0,0.0,0,0,0,0,0,0
2026-07-16 16:19:00,ZO-Bengaluru,0.21166666666666667,0.0,0.0,1.0,0.0,0.0,0,0,0,0,0,0
2026-07-16 16:19:00,BR-Koramangala,0.20450000000000002,0.0,0.0,1.0,0.0,0.0,0,0,0,0,0,0
2026-07-16 16:19:00,BR-Whitefield,0.0,100.0,0.0,1.0,0.0,0.0,1,0,0,0,0,1
2026-07-16 16:20:00,HO-Chennai,0.13916666666666666,0.0,0.0,1.0,0.0,0.0,0,0,0,0,0,0
2026-07-16 16:20:00,ZO-Bengaluru,0.21950000000000003,0.0,0.0,1.0,0.0,0.0,0,0,0,0,0,0
2026-07-16 16:20:00,BR-Koramangala,0.20099999999999998,0.0,0.0,1.0,0.0,0.0,0,0,0,0,0,0
2026-07-16 16:20:00,BR-Whitefield,0.0,100.0,0.0,1.0,0.0,0.0,1,0,0,0,0,1
2026-07-16 16:21:00,HO-Chennai,0.20583333333333334,0.0,0.0,1.0,0.0,0.0,0,0,0,0,0,0
2026-07-16 16:21:00,ZO-Bengaluru,0.44916666666666666,0.0,0.0,1.0,0.0,0.0,0,0,0,0,0,0
2026-07-16 16:21:00,BR-Koramangala,0.2628333333333333,0.0,0.0,1.0,0.0,0.0,0,0,0,0,0,0
2026-07-16 16:21:00,BR-Whitefield,0.0,100.0,0.0,1.0,0.0,0.0,1,0,0,0,0,1
2026-07-16 16:22:00,HO-Chennai,0.09266666666666666,0.0,0.0,1.0,0.0,0.0,0,0,0,0,0,0
2026-07-16 16:22:00,ZO-Bengaluru,0.2233333333333333,0.0,0.0,1.0,0.0,0.0,0,0,0,0,0,0
2026-07-16 16:22:00,BR-Koramangala,0.14666666666666667,0.0,0.0,1.0,0.0,0.0,0,0,0,0,0,0
2026-07-16 16:22:00,BR-Whitefield,0.0,100.0,0.0,1.0,0.0,0.0,1,0,0,0,0,1
2026-07-16 16:23:00,HO-Chennai,0.1065,0.0,0.0,1.0,0.0,0.0,0,0,0,0,0,0
2026-07-16 16:23:00,ZO-Bengaluru,0.17233333333333334,0.0,0.0,1.0,0.0,0.0,0,0,0,0,0,0
2026-07-16 16:23:00,BR-Koramangala,0.19483333333333333,0.0,0.0,1.0,0.0,0.0,0,0,0,0,0,0
2026-07-16 16:23:00,BR-Whitefield,0.0,100.0,0.0,1.0,0.0,0.0,1,0,0,0,0,1
2026-07-16 16:24:00,HO-Chennai,0.063,0.0,0.0,1.0,0.0,0.0,0,0,0,0,0,0
2026-07-16 16:24:00,ZO-Bengaluru,0.09483333333333333,0.0,0.0,1.0,0.0,0.0,0,0,0,0,0,0
2026-07-16 16:24:00,BR-Koramangala,0.10149999999999999,0.0,0.0,1.0,0.0,0.0,0,0,0,0,0,0
2026-07-16 16:24:00,BR-Whitefield,0.0,100.0,0.0,1.0,0.0,0.0,1,0,0,0,0,1
2026-07-16 16:25:00,HO-Chennai,0.06733333333333334,0.0,0.0,1.0,0.0,0.0,0,0,0,0,0,0
2026-07-16 16:25:00,ZO-Bengaluru,0.11416666666666668,0.0,0.0,1.0,0.0,0.0,0,0,0,0,0,0
2026-07-16 16:25:00,BR-Koramangala,0.10533333333333333,0.0,0.0,1.0,0.0,0.0,0,0,0,0,0,0
2026-07-16 16:25:00,BR-Whitefield,0.0,100.0,0.0,1.0,0.0,0.0,1,0,0,0,0,1
2026-07-16 16:26:00,HO-Chennai,0.056666666666666664,0.0,0.0,1.0,0.0,0.0,0,0,0,0,0,0
2026-07-16 16:26:00,ZO-Bengaluru,0.10433333333333333,0.0,0.0,1.0,0.0,0.0,0,0,0,0,0,0
2026-07-16 16:26:00,BR-Koramangala,0.12,0.0,0.0,1.0,0.0,0.0,0,0,0,0,0,0
2026-07-16 16:26:00,BR-Whitefield,0.0,100.0,0.0,1.0,0.0,0.0,1,0,0,0,0,1
2026-07-16 16:27:00,HO-Chennai,0.083,0.0,0.0,1.0,0.0,0.0,0,0,0,0,0,0
2026-07-16 16:27:00,ZO-Bengaluru,0.118,0.0,0.0,1.0,0.0,0.0,0,0,0,0,0,0
2026-07-16 16:27:00,BR-Koramangala,0.12066666666666666,0.0,0.0,1.0,0.0,0.0,0,0,0,0,0,0
2026-07-16 16:27:00,BR-Whitefield,0.0,100.0,0.0,1.0,0.0,0.0,1,0,0,0,0,1
2026-07-16 16:28:00,HO-Chennai,0.103,0.0,0.0,1.0,0.0,0.0,0,0,0,0,0,0
2026-07-16 16:28:00,ZO-Bengaluru,0.12533333333333332,0.0,0.0,1.0,0.0,0.0,0,0,0,0,0,0
2026-07-16 16:28:00,BR-Koramangala,0.11783333333333333,0.0,0.0,1.0,0.0,0.0,0,0,0,0,0,0
2026-07-16 16:28:00,BR-Whitefield,0.0,100.0,0.0,1.0,0.0,0.0,1,0,0,0,0,1
2026-07-16 16:29:00,HO-Chennai,0.09783333333333333,0.0,0.0,1.0,0.0,0.0,0,0,0,0,0,0
2026-07-16 16:29:00,ZO-Bengaluru,0.1615,0.0,0.0,1.0,0.0,0.0,0,0,0,0,0,0
2026-07-16 16:29:00,BR-Koramangala,0.1698333333333333,0.0,0.0,1.0,0.0,0.0,0,0,0,0,0,0
2026-07-16 16:29:00,BR-Whitefield,0.0,100.0,0.0,1.0,0.0,0.0,1,0,0,0,0,1
2026-07-16 16:30:00,HO-Chennai,0.105,0.0,0.0,1.0,0.0,0.0,0,0,0,0,0,0
2026-07-16 16:30:00,ZO-Bengaluru,0.21116666666666664,0.0,0.0,1.0,0.0,0.0,0,0,0,0,0,0
2026-07-16 16:30:00,BR-Koramangala,0.19400000000000003,0.0,0.0,1.0,0.0,0.0,0,0,0,0,0,0
2026-07-16 16:30:00,BR-Whitefield,0.0,100.0,0.0,1.0,0.0,0.0,1,0,0,0,0,1
2026-07-16 16:31:00,HO-Chennai,0.14516666666666667,0.0,0.0,1.0,0.0,0.0,0,0,0,0,0,0
2026-07-16 16:31:00,ZO-Bengaluru,0.22633333333333336,0.0,0.0,1.0,0.0,0.0,0,0,0,0,0,0
2026-07-16 16:31:00,BR-Koramangala,0.21633333333333335,0.0,0.0,1.0,0.0,0.0,0,0,0,0,0,0
2026-07-16 16:31:00,BR-Whitefield,0.0,100.0,0.0,1.0,0.0,0.0,1,0,0,0,0,1
2026-07-16 16:32:00,HO-Chennai,0.17566666666666667,0.0,0.0,1.0,0.0,0.0,0,0,0,0,0,0
2026-07-16 16:32:00,ZO-Bengaluru,0.32266666666666666,0.0,0.0,1.0,0.0,0.0,0,0,0,0,0,0
2026-07-16 16:32:00,BR-Koramangala,0.34650000000000003,0.0,0.0,1.0,0.0,0.0,0,0,0,0,0,0
2026-07-16 16:32:00,BR-Whitefield,0.0,100.0,0.0,1.0,0.0,0.0,1,0,0,0,0,1
2026-07-16 16:33:00,HO-Chennai,0.07116666666666667,0.0,0.0,1.0,0.0,0.0,0,0,0,0,0,0
2026-07-16 16:33:00,ZO-Bengaluru,0.11716666666666668,0.0,0.0,1.0,0.0,0.0,0,0,0,0,0,0
2026-07-16 16:33:00,BR-Koramangala,0.10566666666666667,0.0,0.0,1.0,0.0,0.0,0,0,0,0,0,0
2026-07-16 16:33:00,BR-Whitefield,0.0,100.0,0.0,1.0,0.0,0.0,1,0,0,0,0,1
2026-07-16 16:34:00,HO-Chennai,0.06166666666666667,0.0,0.0,1.0,0.0,0.0,0,0,0,0,0,0
2026-07-16 16:34:00,ZO-Bengaluru,0.10583333333333333,0.0,0.0,1.0,0.0,0.0,0,0,0,0,0,0
2026-07-16 16:34:00,BR-Koramangala,0.11133333333333333,0.0,0.0,1.0,0.0,0.0,0,0,0,0,0,0
2026-07-16 16:34:00,BR-Whitefield,0.0,100.0,0.0,1.0,0.0,0.0,1,0,0,0,0,1
2026-07-16 16:35:00,HO-Chennai,0.06866666666666667,0.0,0.0,1.0,0.0,0.0,0,0,0,0,0,0
2026-07-16 16:35:00,ZO-Bengaluru,0.10783333333333334,0.0,0.0,1.0,0.0,0.0,0,0,0,0,0,0
2026-07-16 16:35:00,BR-Koramangala,0.10283333333333333,0.0,0.0,1.0,0.0,0.0,0,0,0,0,0,0
2026-07-16 16:35:00,BR-Whitefield,0.0,100.0,0.0,1.0,0.0,0.0,1,0,0,0,0,1
2026-07-16 16:36:00,HO-Chennai,0.050666666666666665,0.0,0.0,1.0,0.0,0.0,0,0,0,0,0,0
2026-07-16 16:36:00,ZO-Bengaluru,0.7021666666666667,0.0,0.0,1.0,0.0,0.0,0,0,0,0,0,0
2026-07-16 16:36:00,BR-Koramangala,0.08533333333333333,0.0,0.0,1.0,0.0,0.0,0,0,0,0,0,0
2026-07-16 16:36:00,BR-Whitefield,0.0,100.0,0.0,1.0,0.0,0.0,1,0,0,0,0,1
2026-07-16 16:37:00,HO-Chennai,0.10283333333333333,0.0,0.0,1.0,0.0,0.0,0,0,0,0,0,0
2026-07-16 16:37:00,ZO-Bengaluru,0.6663333333333333,0.0,0.0,1.0,0.0,0.0,0,0,0,0,0,0
2026-07-16 16:37:00,BR-Koramangala,0.17149999999999999,0.0,0.0,1.0,0.0,0.0,0,0,0,0,0,0
2026-07-16 16:37:00,BR-Whitefield,0.0,100.0,0.0,1.0,0.0,0.0,1,0,0,0,0,1
2026-07-16 16:38:00,HO-Chennai,0.13116666666666665,0.0,0.0,1.0,0.0,0.0,0,0,0,0,0,0
2026-07-16 16:38:00,ZO-Bengaluru,0.17666666666666667,0.0,0.0,1.0,0.0,0.0,0,0,0,0,0,0
2026-07-16 16:38:00,BR-Koramangala,0.16566666666666666,0.0,0.0,1.0,0.0,0.0,0,0,0,0,0,0
2026-07-16 16:38:00,BR-Whitefield,0.0,100.0,0.0,1.0,0.0,0.0,1,0,0,0,0,1
2026-07-16 16:39:00,HO-Chennai,0.08,0.0,0.0,1.0,0.0,0.0,0,0,0,0,0,0
2026-07-16 16:39:00,ZO-Bengaluru,0.14783333333333334,0.0,0.0,1.0,0.0,0.0,0,0,0,0,0,0
2026-07-16 16:39:00,BR-Koramangala,0.13916666666666666,0.0,0.0,1.0,0.0,0.0,0,0,0,0,0,0
2026-07-16 16:39:00,BR-Whitefield,0.0,100.0,0.0,1.0,0.0,0.0,1,0,0,0,0,1
2026-07-16 16:40:00,HO-Chennai,0.14716666666666667,0.0,0.0,1.0,0.0,0.0,0,0,0,0,0,0
2026-07-16 16:40:00,ZO-Bengaluru,0.21116666666666664,0.0,0.0,1.0,0.0,0.0,0,0,0,0,0,0
2026-07-16 16:40:00,BR-Koramangala,0.24666666666666667,0.0,0.0,1.0,0.0,0.0,0,0,0,0,0,0
2026-07-16 16:40:00,BR-Whitefield,0.0,100.0,0.0,1.0,0.0,0.0,1,0,0,0,0,1
2026-07-16 16:41:00,HO-Chennai,0.18483333333333332,0.0,0.0,1.0,0.0,0.0,0,0,0,0,0,0
2026-07-16 16:41:00,ZO-Bengaluru,0.32466666666666666,0.0,0.0,1.0,0.0,0.0,0,0,0,0,0,0
2026-07-16 16:41:00,BR-Koramangala,0.27016666666666667,0.0,0.0,1.0,0.0,0.0,0,0,0,0,0,0
2026-07-16 16:41:00,BR-Whitefield,0.0,100.0,0.0,1.0,0.0,0.0,1,0,0,0,0,1
2026-07-16 16:42:00,HO-Chennai,0.18899999999999997,0.0,0.0,1.0,0.0,0.0,0,0,0,0,0,0
2026-07-16 16:42:00,ZO-Bengaluru,0.29283333333333333,0.0,0.0,1.0,0.0,0.0,0,0,0,0,0,0
2026-07-16 16:42:00,BR-Koramangala,0.3901666666666666,0.0,0.0,1.0,0.0,0.0,0,0,0,0,0,0
2026-07-16 16:42:00,BR-Whitefield,0.0,100.0,0.0,1.0,0.0,0.0,1,0,0,0,0,1
2026-07-16 16:43:00,HO-Chennai,0.13933333333333334,0.0,0.0,1.0,0.0,0.0,0,0,0,0,0,0
2026-07-16 16:43:00,ZO-Bengaluru,0.32849999999999996,0.0,0.0,1.0,0.0,0.0,0,0,0,0,0,0
2026-07-16 16:43:00,BR-Koramangala,0.329,0.0,0.0,1.0,0.0,0.0,0,0,0,0,0,0
2026-07-16 16:43:00,BR-Whitefield,0.0,100.0,0.0,1.0,0.0,0.0,1,0,0,0,0,1
2026-07-16 16:44:00,HO-Chennai,0.06066666666666667,0.0,0.0,1.0,0.0,0.0,0,0,0,0,0,0
2026-07-16 16:44:00,ZO-Bengaluru,0.104,0.0,0.0,1.0,0.0,0.0,0,0,0,0,0,0
2026-07-16 16:44:00,BR-Koramangala,0.103,0.0,0.0,1.0,0.0,0.0,0,0,0,0,0,0
2026-07-16 16:44:00,BR-Whitefield,0.0,100.0,0.0,1.0,0.0,0.0,1,0,0,0,0,1
2026-07-16 16:45:00,HO-Chennai,0.06966666666666667,0.0,0.0,1.0,0.0,0.0,0,0,0,0,0,0
2026-07-16 16:45:00,ZO-Bengaluru,0.10766666666666667,0.0,0.0,1.0,0.0,0.0,0,0,0,0,0,0
2026-07-16 16:45:00,BR-Koramangala,0.102,0.0,0.0,1.0,0.0,0.0,0,0,0,0,0,0
2026-07-16 16:45:00,BR-Whitefield,0.0,100.0,0.0,1.0,0.0,0.0,1,0,0,0,0,1
2026-07-16 16:46:00,HO-Chennai,0.06416666666666666,0.0,0.0,1.0,0.0,0.0,0,0,0,0,0,0
2026-07-16 16:46:00,ZO-Bengaluru,0.112,0.0,0.0,1.0,0.0,0.0,0,0,0,0,0,0
2026-07-16 16:46:00,BR-Koramangala,0.10383333333333333,0.0,0.0,1.0,0.0,0.0,0,0,0,0,0,0
2026-07-16 16:46:00,BR-Whitefield,0.0,100.0,0.0,1.0,0.0,0.0,1,0,0,0,0,1
2026-07-16 16:47:00,HO-Chennai,0.065,0.0,0.0,1.0,0.0,0.0,0,0,0,0,0,0
2026-07-16 16:47:00,ZO-Bengaluru,0.1155,0.0,0.0,1.0,0.0,0.0,0,0,0,0,0,0
2026-07-16 16:47:00,BR-Koramangala,0.10866666666666668,0.0,0.0,1.0,0.0,0.0,0,0,0,0,0,0
2026-07-16 16:47:00,BR-Whitefield,0.0,100.0,0.0,1.0,0.0,0.0,1,0,0,0,0,1
2026-07-16 16:48:00,HO-Chennai,0.0605,0.0,0.0,1.0,0.0,0.0,0,0,0,0,0,0
2026-07-16 16:48:00,ZO-Bengaluru,0.10766666666666667,0.0,0.0,1.0,0.0,0.0,0,0,0,0,0,0
2026-07-16 16:48:00,BR-Koramangala,0.09416666666666666,0.0,0.0,1.0,0.0,0.0,0,0,0,0,0,0
2026-07-16 16:48:00,BR-Whitefield,0.0,100.0,0.0,1.0,0.0,0.0,1,0,0,0,0,1
2026-07-16 16:49:00,HO-Chennai,0.057166666666666664,0.0,0.0,1.0,0.0,0.0,0,0,0,0,0,0
2026-07-16 16:49:00,ZO-Bengaluru,0.12033333333333333,0.0,0.0,1.0,0.0,0.0,0,0,0,0,0,0
2026-07-16 16:49:00,BR-Koramangala,0.09999999999999999,0.0,0.0,1.0,0.0,0.0,0,0,0,0,0,0
2026-07-16 16:49:00,BR-Whitefield,0.0,100.0,0.0,1.0,0.0,0.0,1,0,0,0,0,1
2026-07-16 16:50:00,HO-Chennai,0.06266666666666666,0.0,0.0,1.0,0.0,0.0,0,0,0,0,0,0
2026-07-16 16:50:00,ZO-Bengaluru,0.11449999999999999,0.0,0.0,1.0,0.0,0.0,0,0,0,0,0,0
2026-07-16 16:50:00,BR-Koramangala,0.111,0.0,0.0,1.0,0.0,0.0,0,0,0,0,0,0
2026-07-16 16:50:00,BR-Whitefield,0.0,100.0,0.0,1.0,0.0,0.0,1,0,0,0,0,1
2026-07-16 16:51:00,HO-Chennai,0.06416666666666666,0.0,0.0,1.0,0.0,0.0,0,0,0,0,0,0
2026-07-16 16:51:00,ZO-Bengaluru,0.10516666666666667,0.0,0.0,1.0,0.0,0.0,0,0,0,0,0,0
2026-07-16 16:51:00,BR-Koramangala,0.09183333333333334,0.0,0.0,1.0,0.0,0.0,0,0,0,0,0,0
2026-07-16 16:51:00,BR-Whitefield,0.0,100.0,0.0,1.0,0.0,0.0,1,0,0,0,0,1
2026-07-16 16:52:00,HO-Chennai,0.05616666666666667,0.0,0.0,1.0,0.0,0.0,0,0,0,0,0,0
2026-07-16 16:52:00,ZO-Bengaluru,0.09966666666666667,0.0,0.0,1.0,0.0,0.0,0,0,0,0,0,0
2026-07-16 16:52:00,BR-Koramangala,0.09516666666666666,0.0,0.0,1.0,0.0,0.0,0,0,0,0,0,0
2026-07-16 16:52:00,BR-Whitefield,0.0,100.0,0.0,1.0,0.0,0.0,1,0,0,0,0,1
2026-07-16 16:53:00,HO-Chennai,0.05783333333333333,0.0,0.0,1.0,0.0,0.0,0,0,0,0,0,0
2026-07-16 16:53:00,ZO-Bengaluru,0.12366666666666666,0.0,0.0,1.0,0.0,0.0,0,0,0,0,0,0
2026-07-16 16:53:00,BR-Koramangala,0.1035,0.0,0.0,1.0,0.0,0.0,0,0,0,0,0,0
2026-07-16 16:53:00,BR-Whitefield,0.0,100.0,0.0,1.0,0.0,0.0,1,0,0,0,0,1
2026-07-16 16:54:00,HO-Chennai,0.066,0.0,0.0,1.0,0.0,0.0,0,0,0,0,0,0
2026-07-16 16:54:00,ZO-Bengaluru,0.10633333333333334,0.0,0.0,1.0,0.0,0.0,0,0,0,0,0,0
2026-07-16 16:54:00,BR-Koramangala,0.09783333333333333,0.0,0.0,1.0,0.0,0.0,0,0,0,0,0,0
2026-07-16 16:54:00,BR-Whitefield,0.0,100.0,0.0,1.0,0.0,0.0,1,0,0,0,0,1
2026-07-16 16:55:00,HO-Chennai,0.06366666666666666,0.0,0.0,1.0,0.0,0.0,0,0,0,0,0,0
2026-07-16 16:55:00,ZO-Bengaluru,0.10866666666666668,0.0,0.0,1.0,0.0,0.0,0,0,0,0,0,0
2026-07-16 16:55:00,BR-Koramangala,0.106,0.0,0.0,1.0,0.0,0.0,0,0,0,0,0,0
2026-07-16 16:55:00,BR-Whitefield,0.0,100.0,0.0,1.0,0.0,0.0,1,0,0,0,0,1
2026-07-16 16:56:00,HO-Chennai,0.06033333333333333,0.0,0.0,1.0,0.0,0.0,0,0,0,0,0,0
2026-07-16 16:56:00,ZO-Bengaluru,0.12,0.0,0.0,1.0,0.0,0.0,0,0,0,0,0,0
2026-07-16 16:56:00,BR-Koramangala,0.10433333333333333,0.0,0.0,1.0,0.0,0.0,0,0,0,0,0,0
2026-07-16 16:56:00,BR-Whitefield,0.0,100.0,0.0,1.0,0.0,0.0,1,0,0,0,0,1
2026-07-16 16:57:00,HO-Chennai,0.06266666666666666,0.0,0.0,1.0,0.0,0.0,0,0,0,0,0,0
2026-07-16 16:57:00,ZO-Bengaluru,0.10533333333333333,0.0,0.0,1.0,0.0,0.0,0,0,0,0,0,0
2026-07-16 16:57:00,BR-Koramangala,0.09599999999999999,0.0,0.0,1.0,0.0,0.0,0,0,0,0,0,0
2026-07-16 16:57:00,BR-Whitefield,0.0,100.0,0.0,1.0,0.0,0.0,1,0,0,0,0,1
2026-07-16 16:58:00,HO-Chennai,0.07083333333333333,0.0,0.0,1.0,0.0,0.0,0,0,0,0,0,0
2026-07-16 16:58:00,ZO-Bengaluru,0.1165,0.0,0.0,1.0,0.0,0.0,0,0,0,0,0,0
2026-07-16 16:58:00,BR-Koramangala,0.10916666666666668,0.0,0.0,1.0,0.0,0.0,0,0,0,0,0,0
2026-07-16 16:58:00,BR-Whitefield,0.0,100.0,0.0,1.0,0.0,0.0,1,0,0,0,0,1
2026-07-16 16:59:00,HO-Chennai,0.052,0.0,0.0,1.0,0.0,0.0,0,0,0,0,0,0
2026-07-16 16:59:00,ZO-Bengaluru,0.08966666666666667,0.0,0.0,1.0,0.0,0.0,0,0,0,0,0,0
2026-07-16 16:59:00,BR-Koramangala,0.09533333333333334,0.0,0.0,1.0,0.0,0.0,0,0,0,0,0,0
2026-07-16 16:59:00,BR-Whitefield,0.0,100.0,0.0,1.0,0.0,0.0,1,0,0,0,0,1
2026-07-16 17:00:00,HO-Chennai,0.041666666666666664,0.0,0.0,1.0,0.0,0.0,0,0,0,0,0,0
2026-07-16 17:00:00,ZO-Bengaluru,0.06733333333333334,0.0,0.0,1.0,0.0,0.0,0,0,0,0,0,0
2026-07-16 17:00:00,BR-Koramangala,0.07566666666666666,0.0,0.0,1.0,0.0,0.0,0,0,0,0,0,0
2026-07-16 17:00:00,BR-Whitefield,0.0,100.0,0.0,1.0,0.0,0.0,1,0,0,0,0,1
2026-07-16 17:01:00,HO-Chennai,0.043500000000000004,0.0,0.0,1.0,0.0,0.0,0,0,0,0,0,0
2026-07-16 17:01:00,ZO-Bengaluru,0.07566666666666666,0.0,0.0,1.0,0.0,0.0,0,0,0,0,0,0
2026-07-16 17:01:00,BR-Koramangala,0.07883333333333334,0.0,0.0,1.0,0.0,0.0,0,0,0,0,0,0
2026-07-16 17:01:00,BR-Whitefield,0.0,100.0,0.0,1.0,0.0,0.0,1,0,0,0,0,1
2026-07-16 17:02:00,HO-Chennai,0.07583333333333334,0.0,0.0,1.0,0.0,0.0,0,0,0,0,0,0
2026-07-16 17:02:00,ZO-Bengaluru,0.10266666666666667,0.0,0.0,1.0,0.0,0.0,0,0,0,0,0,0
2026-07-16 17:02:00,BR-Koramangala,0.09366666666666668,0.0,0.0,1.0,0.0,0.0,0,0,0,0,0,0
2026-07-16 17:02:00,BR-Whitefield,0.0,100.0,0.0,1.0,0.0,0.0,1,0,0,0,0,1
2026-07-16 17:03:00,HO-Chennai,0.06933333333333334,0.0,0.0,1.0,0.0,0.0,0,0,0,0,0,0
2026-07-16 17:03:00,ZO-Bengaluru,0.1366666666666667,0.0,0.0,1.0,0.0,0.0,0,0,0,0,0,0
2026-07-16 17:03:00,BR-Koramangala,0.10833333333333334,0.0,0.0,1.0,0.0,0.0,0,0,0,0,0,0
2026-07-16 17:03:00,BR-Whitefield,0.0,100.0,0.0,1.0,0.0,0.0,1,0,0,0,0,1
2026-07-16 17:04:00,HO-Chennai,0.06333333333333334,0.0,0.0,1.0,0.0,0.0,0,0,0,0,0,0
2026-07-16 17:04:00,ZO-Bengaluru,0.10366666666666667,0.0,0.0,1.0,0.0,0.0,0,0,0,0,0,0
2026-07-16 17:04:00,BR-Koramangala,0.09916666666666667,0.0,0.0,1.0,0.0,0.0,0,0,0,0,0,0
2026-07-16 17:04:00,BR-Whitefield,0.0,100.0,0.0,1.0,0.0,0.0,1,0,0,0,0,1
2026-07-16 17:05:00,HO-Chennai,0.0705,0.0,0.0,1.0,0.0,0.0,0,0,0,0,0,0
2026-07-16 17:05:00,ZO-Bengaluru,0.12733333333333333,0.0,0.0,1.0,0.0,0.0,0,0,0,0,0,0
2026-07-16 17:05:00,BR-Koramangala,0.10966666666666668,0.0,0.0,1.0,0.0,0.0,0,0,0,0,0,0
2026-07-16 17:05:00,BR-Whitefield,0.0,100.0,0.0,1.0,0.0,0.0,1,0,0,0,0,1
2026-07-16 17:06:00,HO-Chennai,0.07316666666666667,0.0,0.0,1.0,0.0,0.0,0,0,0,0,0,0
2026-07-16 17:06:00,ZO-Bengaluru,0.11083333333333334,0.0,0.0,1.0,0.0,0.0,0,0,0,0,0,0
2026-07-16 17:06:00,BR-Koramangala,0.11733333333333333,0.0,0.0,1.0,0.0,0.0,0,0,0,0,0,0
2026-07-16 17:06:00,BR-Whitefield,0.0,100.0,0.0,1.0,0.0,0.0,1,0,0,0,0,1
2026-07-16 17:07:00,HO-Chennai,0.057666666666666665,0.0,0.0,1.0,0.0,0.0,0,0,0,0,0,0
2026-07-16 17:07:00,ZO-Bengaluru,0.09733333333333333,0.0,0.0,1.0,0.0,0.0,0,0,0,0,0,0
2026-07-16 17:07:00,BR-Koramangala,0.09050000000000001,0.0,0.0,1.0,0.0,0.0,0,0,0,0,0,0
2026-07-16 17:07:00,BR-Whitefield,0.0,100.0,0.0,1.0,0.0,0.0,1,0,0,0,0,1
2026-07-16 17:08:00,HO-Chennai,0.056,0.0,0.0,1.0,0.0,0.0,0,0,0,0,0,0
2026-07-16 17:08:00,ZO-Bengaluru,0.10049999999999999,0.0,0.0,1.0,0.0,0.0,0,0,0,0,0,0
2026-07-16 17:08:00,BR-Koramangala,0.11133333333333334,0.0,0.0,1.0,0.0,0.0,0,0,0,0,0,0
2026-07-16 17:08:00,BR-Whitefield,0.0,100.0,0.0,1.0,0.0,0.0,1,0,0,0,0,1
2026-07-16 17:09:00,HO-Chennai,0.06916666666666667,0.0,0.0,1.0,0.0,0.0,0,0,0,0,0,0
2026-07-16 17:09:00,ZO-Bengaluru,0.11683333333333334,0.0,0.0,1.0,0.0,0.0,0,0,0,0,0,0
2026-07-16 17:09:00,BR-Koramangala,0.11649999999999999,0.0,0.0,1.0,0.0,0.0,0,0,0,0,0,0
2026-07-16 17:09:00,BR-Whitefield,0.0,100.0,0.0,1.0,0.0,0.0,1,0,0,0,0,1
2026-07-16 17:10:00,HO-Chennai,0.0765,0.0,0.0,1.0,0.0,0.0,0,0,0,0,0,0
2026-07-16 17:10:00,ZO-Bengaluru,0.11716666666666666,0.0,0.0,1.0,0.0,0.0,0,0,0,0,0,0
2026-07-16 17:10:00,BR-Koramangala,0.105,0.0,0.0,1.0,0.0,0.0,0,0,0,0,0,0
2026-07-16 17:10:00,BR-Whitefield,0.0,100.0,0.0,1.0,0.0,0.0,1,0,0,0,0,1
2026-07-16 17:11:00,HO-Chennai,0.072,0.0,0.0,1.0,0.0,0.0,0,0,0,0,0,0
2026-07-16 17:11:00,ZO-Bengaluru,0.12466666666666666,0.0,0.0,1.0,0.0,0.0,0,0,0,0,0,0
2026-07-16 17:11:00,BR-Koramangala,0.112,0.0,0.0,1.0,0.0,0.0,0,0,0,0,0,0
2026-07-16 17:11:00,BR-Whitefield,0.0,100.0,0.0,1.0,0.0,0.0,1,0,0,0,0,1
2026-07-16 17:12:00,HO-Chennai,0.06666666666666667,0.0,0.0,1.0,0.0,0.0,0,0,0,0,0,0
2026-07-16 17:12:00,ZO-Bengaluru,0.11883333333333335,0.0,0.0,1.0,0.0,0.0,0,0,0,0,0,0
2026-07-16 17:12:00,BR-Koramangala,0.10733333333333334,0.0,0.0,1.0,0.0,0.0,0,0,0,0,0,0
2026-07-16 17:12:00,BR-Whitefield,0.0,100.0,0.0,1.0,0.0,0.0,1,0,0,0,0,1
2026-07-16 17:13:00,HO-Chennai,0.0735,0.0,0.0,1.0,0.0,0.0,0,0,0,0,0,0
2026-07-16 17:13:00,ZO-Bengaluru,0.13283333333333333,0.0,0.0,1.0,0.0,0.0,0,0,0,0,0,0
2026-07-16 17:13:00,BR-Koramangala,0.1095,0.0,0.0,1.0,0.0,0.0,0,0,0,0,0,0
2026-07-16 17:13:00,BR-Whitefield,0.0,100.0,0.0,1.0,0.0,0.0,1,0,0,0,0,1
2026-07-16 17:14:00,HO-Chennai,0.07633333333333334,0.0,0.0,1.0,0.0,0.0,0,0,0,0,0,0
2026-07-16 17:14:00,ZO-Bengaluru,0.1255,0.0,0.0,1.0,0.0,0.0,0,0,0,0,0,0
2026-07-16 17:14:00,BR-Koramangala,0.11966666666666666,0.0,0.0,1.0,0.0,0.0,0,0,0,0,0,0
2026-07-16 17:14:00,BR-Whitefield,0.0,100.0,0.0,1.0,0.0,0.0,1,0,0,0,0,1
2026-07-16 17:15:00,HO-Chennai,0.0665,0.0,0.0,1.0,0.0,0.0,0,0,0,0,0,0
2026-07-16 17:15:00,ZO-Bengaluru,0.12783333333333333,0.0,0.0,1.0,0.0,0.0,0,0,0,0,0,0
2026-07-16 17:15:00,BR-Koramangala,0.1075,0.0,0.0,1.0,0.0,0.0,0,0,0,0,0,0
2026-07-16 17:15:00,BR-Whitefield,0.0,100.0,0.0,1.0,0.0,0.0,1,0,0,0,0,1
2026-07-16 17:16:00,HO-Chennai,0.07183333333333333,0.0,0.0,1.0,0.0,0.0,0,0,0,0,0,0
2026-07-16 17:16:00,ZO-Bengaluru,0.11649999999999999,0.0,0.0,1.0,0.0,0.0,0,0,0,0,0,0
2026-07-16 17:16:00,BR-Koramangala,0.11,0.0,0.0,1.0,0.0,0.0,0,0,0,0,0,0
2026-07-16 17:16:00,BR-Whitefield,0.0,100.0,0.0,1.0,0.0,0.0,1,0,0,0,0,1
2026-07-16 17:17:00,HO-Chennai,0.06816666666666667,0.0,0.0,1.0,0.0,0.0,0,0,0,0,0,0
2026-07-16 17:17:00,ZO-Bengaluru,0.12033333333333333,0.0,0.0,1.0,0.0,0.0,0,0,0,0,0,0
2026-07-16 17:17:00,BR-Koramangala,0.1045,0.0,0.0,1.0,0.0,0.0,0,0,0,0,0,0
2026-07-16 17:17:00,BR-Whitefield,0.0,100.0,0.0,1.0,0.0,0.0,1,0,0,0,0,1
2026-07-16 17:18:00,HO-Chennai,0.0825,0.0,0.0,1.0,0.0,0.0,0,0,0,0,0,0
2026-07-16 17:18:00,ZO-Bengaluru,0.12416666666666666,0.0,0.0,1.0,0.0,0.0,0,0,0,0,0,0
2026-07-16 17:18:00,BR-Koramangala,0.11633333333333333,0.0,0.0,1.0,0.0,0.0,0,0,0,0,0,0
2026-07-16 17:18:00,BR-Whitefield,0.0,100.0,0.0,1.0,0.0,0.0,1,0,0,0,0,1
2026-07-16 17:19:00,HO-Chennai,0.0675,0.0,0.0,1.0,0.0,0.0,0,0,0,0,0,0
2026-07-16 17:19:00,ZO-Bengaluru,0.12366666666666666,0.0,0.0,1.0,0.0,0.0,0,0,0,0,0,0
2026-07-16 17:19:00,BR-Koramangala,0.1155,0.0,0.0,1.0,0.0,0.0,0,0,0,0,0,0
2026-07-16 17:19:00,BR-Whitefield,0.0,100.0,0.0,1.0,0.0,0.0,1,0,0,0,0,1
2026-07-16 17:20:00,HO-Chennai,0.0615,0.0,0.0,1.0,0.0,0.0,0,0,0,0,0,0
2026-07-16 17:20:00,ZO-Bengaluru,0.10333333333333333,0.0,0.0,1.0,0.0,0.0,0,0,0,0,0,0
2026-07-16 17:20:00,BR-Koramangala,0.09949999999999999,0.0,0.0,1.0,0.0,0.0,0,0,0,0,0,0
2026-07-16 17:20:00,BR-Whitefield,0.0,100.0,0.0,1.0,0.0,0.0,1,0,0,0,0,1
2026-07-16 17:21:00,HO-Chennai,0.061,0.0,0.0,1.0,0.0,0.0,0,0,0,0,0,0
2026-07-16 17:21:00,ZO-Bengaluru,0.10333333333333333,0.0,0.0,1.0,0.0,0.0,0,0,0,0,0,0
2026-07-16 17:21:00,BR-Koramangala,0.09466666666666668,0.0,0.0,1.0,0.0,0.0,0,0,0,0,0,0
2026-07-16 17:21:00,BR-Whitefield,0.0,100.0,0.0,1.0,0.0,0.0,1,0,0,0,0,1
2026-07-16 17:22:00,HO-Chennai,0.064,0.0,0.0,1.0,0.0,0.0,0,0,0,0,0,0
2026-07-16 17:22:00,ZO-Bengaluru,0.1215,0.0,0.0,1.0,0.0,0.0,0,0,0,0,0,0
2026-07-16 17:22:00,BR-Koramangala,0.10666666666666667,0.0,0.0,1.0,0.0,0.0,0,0,0,0,0,0
2026-07-16 17:22:00,BR-Whitefield,0.0,100.0,0.0,1.0,0.0,0.0,1,0,0,0,0,1
2026-07-16 17:23:00,HO-Chennai,0.07066666666666667,0.0,0.0,1.0,0.0,0.0,0,0,0,0,0,0
2026-07-16 17:23:00,ZO-Bengaluru,0.13433333333333333,0.0,0.0,1.0,0.0,0.0,0,0,0,0,0,0
2026-07-16 17:23:00,BR-Koramangala,0.11283333333333334,0.0,0.0,1.0,0.0,0.0,0,0,0,0,0,0
2026-07-16 17:23:00,BR-Whitefield,0.0,100.0,0.0,1.0,0.0,0.0,1,0,0,0,0,1
2026-07-16 17:24:00,HO-Chennai,0.07016666666666667,0.0,0.0,1.0,0.0,0.0,0,0,0,0,0,0
2026-07-16 17:24:00,ZO-Bengaluru,0.12416666666666666,0.0,0.0,1.0,0.0,0.0,0,0,0,0,0,0
2026-07-16 17:24:00,BR-Koramangala,0.10983333333333334,0.0,0.0,1.0,0.0,0.0,0,0,0,0,0,0
2026-07-16 17:24:00,BR-Whitefield,0.0,100.0,0.0,1.0,0.0,0.0,1,0,0,0,0,1
2026-07-16 17:25:00,HO-Chennai,0.06333333333333334,0.0,0.0,1.0,0.0,0.0,0,0,0,0,0,0
2026-07-16 17:25:00,ZO-Bengaluru,0.11116666666666668,0.0,0.0,1.0,0.0,0.0,0,0,0,0,0,0
2026-07-16 17:25:00,BR-Koramangala,0.10666666666666667,0.0,0.0,1.0,0.0,0.0,0,0,0,0,0,0
2026-07-16 17:25:00,BR-Whitefield,0.0,100.0,0.0,1.0,0.0,0.0,1,0,0,0,0,1
2026-07-16 17:26:00,HO-Chennai,0.06516666666666666,0.0,0.0,1.0,0.0,0.0,0,0,0,0,0,0
2026-07-16 17:26:00,ZO-Bengaluru,0.11133333333333333,0.0,0.0,1.0,0.0,0.0,0,0,0,0,0,0
2026-07-16 17:26:00,BR-Koramangala,0.11383333333333334,0.0,0.0,1.0,0.0,0.0,0,0,0,0,0,0
2026-07-16 17:26:00,BR-Whitefield,0.0,100.0,0.0,1.0,0.0,0.0,1,0,0,0,0,1
2026-07-16 17:27:00,HO-Chennai,0.073,0.0,0.0,1.0,0.0,0.0,0,0,0,0,0,0
2026-07-16 17:27:00,ZO-Bengaluru,0.12866666666666668,0.0,0.0,1.0,0.0,0.0,0,0,0,0,0,0
2026-07-16 17:27:00,BR-Koramangala,0.1406666666666667,0.0,0.0,1.0,0.0,0.0,0,0,0,0,0,0
2026-07-16 17:27:00,BR-Whitefield,0.0,100.0,0.0,1.0,0.0,0.0,1,0,0,0,0,1
2026-07-16 17:28:00,HO-Chennai,0.072,0.0,0.0,1.0,0.0,0.0,0,0,0,0,0,0
2026-07-16 17:28:00,ZO-Bengaluru,0.1235,0.0,0.0,1.0,0.0,0.0,0,0,0,0,0,0
2026-07-16 17:28:00,BR-Koramangala,0.11566666666666668,0.0,0.0,1.0,0.0,0.0,0,0,0,0,0,0
2026-07-16 17:28:00,BR-Whitefield,0.0,100.0,0.0,1.0,0.0,0.0,1,0,0,0,0,1
2026-07-16 17:29:00,HO-Chennai,0.06733333333333333,0.0,0.0,1.0,0.0,0.0,0,0,0,0,0,0
2026-07-16 17:29:00,ZO-Bengaluru,0.14533333333333334,0.0,0.0,1.0,0.0,0.0,0,0,0,0,0,0
2026-07-16 17:29:00,BR-Koramangala,0.11316666666666668,0.0,0.0,1.0,0.0,0.0,0,0,0,0,0,0
2026-07-16 17:29:00,BR-Whitefield,0.0,100.0,0.0,1.0,0.0,0.0,1,0,0,0,0,1
2026-07-16 17:30:00,HO-Chennai,0.0675,0.0,0.0,1.0,0.0,0.0,0,0,0,0,0,0
2026-07-16 17:30:00,ZO-Bengaluru,0.11433333333333333,0.0,0.0,1.0,0.0,0.0,0,0,0,0,0,0
2026-07-16 17:30:00,BR-Koramangala,0.10716666666666667,0.0,0.0,1.0,0.0,0.0,0,0,0,0,0,0
2026-07-16 17:30:00,BR-Whitefield,0.0,100.0,0.0,1.0,0.0,0.0,1,0,0,0,0,1
2026-07-16 17:31:00,HO-Chennai,0.07833333333333334,0.0,0.0,1.0,0.0,0.0,0,0,0,0,0,0
2026-07-16 17:31:00,ZO-Bengaluru,0.13133333333333333,0.0,0.0,1.0,0.0,0.0,0,0,0,0,0,0
2026-07-16 17:31:00,BR-Koramangala,0.11316666666666668,0.0,0.0,1.0,0.0,0.0,0,0,0,0,0,0
2026-07-16 17:31:00,BR-Whitefield,0.0,100.0,0.0,1.0,0.0,0.0,1,0,0,0,0,1
2026-07-16 17:32:00,HO-Chennai,0.07483333333333334,0.0,0.0,1.0,0.0,0.0,0,0,0,0,0,0
2026-07-16 17:32:00,ZO-Bengaluru,0.11649999999999999,0.0,0.0,1.0,0.0,0.0,0,0,0,0,0,0
2026-07-16 17:32:00,BR-Koramangala,0.11633333333333333,0.0,0.0,1.0,0.0,0.0,0,0,0,0,0,0
2026-07-16 17:32:00,BR-Whitefield,0.0,100.0,0.0,1.0,0.0,0.0,1,0,0,0,0,1
2026-07-16 17:33:00,HO-Chennai,0.06883333333333334,0.0,0.0,1.0,0.0,0.0,0,0,0,0,0,0
2026-07-16 17:33:00,ZO-Bengaluru,0.10933333333333334,0.0,0.0,1.0,0.0,0.0,0,0,0,0,0,0
2026-07-16 17:33:00,BR-Koramangala,0.11533333333333333,0.0,0.0,1.0,0.0,0.0,0,0,0,0,0,0
2026-07-16 17:33:00,BR-Whitefield,0.0,100.0,0.0,1.0,0.0,0.0,1,0,0,0,0,1
2026-07-16 17:34:00,HO-Chennai,0.06016666666666667,0.0,0.0,1.0,0.0,0.0,0,0,0,0,0,0
2026-07-16 17:34:00,ZO-Bengaluru,0.12516666666666668,0.0,0.0,1.0,0.0,0.0,0,0,0,0,0,0
2026-07-16 17:34:00,BR-Koramangala,0.147,0.0,0.0,1.0,0.0,0.0,0,0,0,0,0,0
2026-07-16 17:34:00,BR-Whitefield,0.0,100.0,0.0,1.0,0.0,0.0,1,0,0,0,0,1
2026-07-16 17:35:00,HO-Chennai,0.05933333333333333,0.0,0.0,1.0,0.0,0.0,0,0,0,0,0,0
2026-07-16 17:35:00,ZO-Bengaluru,0.10766666666666667,0.0,0.0,1.0,0.0,0.0,0,0,0,0,0,0
2026-07-16 17:35:00,BR-Koramangala,0.09783333333333333,0.0,0.0,1.0,0.0,0.0,0,0,0,0,0,0
2026-07-16 17:35:00,BR-Whitefield,0.0,100.0,0.0,1.0,0.0,0.0,1,0,0,0,0,1
2026-07-16 17:36:00,HO-Chennai,0.06733333333333334,0.0,0.0,1.0,0.0,0.0,0,0,0,0,0,0
2026-07-16 17:36:00,ZO-Bengaluru,0.1185,0.0,0.0,1.0,0.0,0.0,0,0,0,0,0,0
2026-07-16 17:36:00,BR-Koramangala,0.10166666666666667,0.0,0.0,1.0,0.0,0.0,0,0,0,0,0,0
2026-07-16 17:36:00,BR-Whitefield,0.0,100.0,0.0,1.0,0.0,0.0,1,0,0,0,0,1
2026-07-16 17:37:00,HO-Chennai,0.06516666666666666,0.0,0.0,1.0,0.0,0.0,0,0,0,0,0,0
2026-07-16 17:37:00,ZO-Bengaluru,0.12433333333333334,0.0,0.0,1.0,0.0,0.0,0,0,0,0,0,0
2026-07-16 17:37:00,BR-Koramangala,0.11583333333333334,0.0,0.0,1.0,0.0,0.0,0,0,0,0,0,0
2026-07-16 17:37:00,BR-Whitefield,0.0,100.0,0.0,1.0,0.0,0.0,1,0,0,0,0,1
2026-07-16 17:38:00,HO-Chennai,0.07333333333333333,0.0,0.0,1.0,0.0,0.0,0,0,0,0,0,0
2026-07-16 17:38:00,ZO-Bengaluru,0.12933333333333333,0.0,0.0,1.0,0.0,0.0,0,0,0,0,0,0
2026-07-16 17:38:00,BR-Koramangala,0.11183333333333334,0.0,0.0,1.0,0.0,0.0,0,0,0,0,0,0
2026-07-16 17:38:00,BR-Whitefield,0.0,100.0,0.0,1.0,0.0,0.0,1,0,0,0,0,1
2026-07-16 17:39:00,HO-Chennai,0.0785,0.0,0.0,1.0,0.0,0.0,0,0,0,0,0,0
2026-07-16 17:39:00,ZO-Bengaluru,0.1085,0.0,0.0,1.0,0.0,0.0,0,0,0,0,0,0
2026-07-16 17:39:00,BR-Koramangala,0.1495,0.0,0.0,1.0,0.0,0.0,0,0,0,0,0,0
2026-07-16 17:39:00,BR-Whitefield,0.0,100.0,0.0,1.0,0.0,0.0,1,0,0,0,0,1
2026-07-16 17:40:00,HO-Chennai,0.06366666666666666,0.0,0.0,1.0,0.0,0.0,0,0,0,0,0,0
2026-07-16 17:40:00,ZO-Bengaluru,0.11783333333333333,0.0,0.0,1.0,0.0,0.0,0,0,0,0,0,0
2026-07-16 17:40:00,BR-Koramangala,0.1105,0.0,0.0,1.0,0.0,0.0,0,0,0,0,0,0
2026-07-16 17:40:00,BR-Whitefield,0.0,100.0,0.0,1.0,0.0,0.0,1,0,0,0,0,1
2026-07-16 17:41:00,HO-Chennai,0.06733333333333334,0.0,0.0,1.0,0.0,0.0,0,0,0,0,0,0
2026-07-16 17:41:00,ZO-Bengaluru,0.13166666666666668,0.0,0.0,1.0,0.0,0.0,0,0,0,0,0,0
2026-07-16 17:41:00,BR-Koramangala,0.1145,0.0,0.0,1.0,0.0,0.0,0,0,0,0,0,0
2026-07-16 17:41:00,BR-Whitefield,0.0,100.0,0.0,1.0,0.0,0.0,1,0,0,0,0,1
2026-07-16 17:42:00,HO-Chennai,0.07483333333333334,0.0,0.0,1.0,0.0,0.0,0,0,0,0,0,0
2026-07-16 17:42:00,ZO-Bengaluru,0.1135,0.0,0.0,1.0,0.0,0.0,0,0,0,0,0,0
2026-07-16 17:42:00,BR-Koramangala,0.12266666666666666,0.0,0.0,1.0,0.0,0.0,0,0,0,0,0,0
2026-07-16 17:42:00,BR-Whitefield,0.0,100.0,0.0,1.0,0.0,0.0,1,0,0,0,0,1
2026-07-16 17:43:00,HO-Chennai,0.07083333333333333,0.0,0.0,1.0,0.0,0.0,0,0,0,0,0,0
2026-07-16 17:43:00,ZO-Bengaluru,0.1245,0.0,0.0,1.0,0.0,0.0,0,0,0,0,0,0
2026-07-16 17:43:00,BR-Koramangala,0.13749999999999998,0.0,0.0,1.0,0.0,0.0,0,0,0,0,0,0
2026-07-16 17:43:00,BR-Whitefield,0.0,100.0,0.0,1.0,0.0,0.0,1,0,0,0,0,1
2026-07-16 17:44:00,HO-Chennai,0.07966666666666666,0.0,0.0,1.0,0.0,0.0,0,0,0,0,0,0
2026-07-16 17:44:00,ZO-Bengaluru,0.11316666666666668,0.0,0.0,1.0,0.0,0.0,0,0,0,0,0,0
2026-07-16 17:44:00,BR-Koramangala,0.16283333333333333,0.0,0.0,1.0,0.0,0.0,0,0,0,0,0,0
2026-07-16 17:44:00,BR-Whitefield,0.0,100.0,0.0,1.0,0.0,0.0,1,0,0,0,0,1
2026-07-16 17:45:00,HO-Chennai,0.0685,0.0,0.0,1.0,0.0,0.0,0,0,0,0,0,0
2026-07-16 17:45:00,ZO-Bengaluru,0.11366666666666668,0.0,0.0,1.0,0.0,0.0,0,0,0,0,0,0
2026-07-16 17:45:00,BR-Koramangala,0.10866666666666668,0.0,0.0,1.0,0.0,0.0,0,0,0,0,0,0
2026-07-16 17:45:00,BR-Whitefield,0.0,100.0,0.0,1.0,0.0,0.0,1,0,0,0,0,1
2026-07-16 17:46:00,HO-Chennai,0.07466666666666667,0.0,0.0,1.0,0.0,0.0,0,0,0,0,0,0
2026-07-16 17:46:00,ZO-Bengaluru,0.11766666666666666,0.0,0.0,1.0,0.0,0.0,0,0,0,0,0,0
2026-07-16 17:46:00,BR-Koramangala,0.10733333333333334,0.0,0.0,1.0,0.0,0.0,0,0,0,0,0,0
2026-07-16 17:46:00,BR-Whitefield,0.0,100.0,0.0,1.0,0.0,0.0,1,0,0,0,0,1
2026-07-16 17:47:00,HO-Chennai,0.06683333333333334,0.0,0.0,1.0,0.0,0.0,0,0,0,0,0,0
2026-07-16 17:47:00,ZO-Bengaluru,0.11483333333333334,0.0,0.0,1.0,0.0,0.0,0,0,0,0,0,0
2026-07-16 17:47:00,BR-Koramangala,0.11,0.0,0.0,1.0,0.0,0.0,0,0,0,0,0,0
2026-07-16 17:47:00,BR-Whitefield,0.0,100.0,0.0,1.0,0.0,0.0,1,0,0,0,0,1
2026-07-16 17:48:00,HO-Chennai,0.06433333333333334,0.0,0.0,1.0,0.0,0.0,0,0,0,0,0,0
2026-07-16 17:48:00,ZO-Bengaluru,0.11816666666666666,0.0,0.0,1.0,0.0,0.0,0,0,0,0,0,0
2026-07-16 17:48:00,BR-Koramangala,0.10716666666666667,0.0,0.0,1.0,0.0,0.0,0,0,0,0,0,0
2026-07-16 17:48:00,BR-Whitefield,0.0,100.0,0.0,1.0,0.0,0.0,1,0,0,0,0,1
2026-07-16 17:49:00,HO-Chennai,0.06016666666666667,0.0,0.0,1.0,0.0,0.0,0,0,0,0,0,0
2026-07-16 17:49:00,ZO-Bengaluru,0.09383333333333332,0.0,0.0,1.0,0.0,0.0,0,0,0,0,0,0
2026-07-16 17:49:00,BR-Koramangala,0.10566666666666667,0.0,0.0,1.0,0.0,0.0,0,0,0,0,0,0
2026-07-16 17:49:00,BR-Whitefield,0.0,100.0,0.0,1.0,0.0,0.0,1,0,0,0,0,1
2026-07-16 17:50:00,HO-Chennai,0.062,0.0,0.0,1.0,0.0,0.0,0,0,0,0,0,0
2026-07-16 17:50:00,ZO-Bengaluru,0.131,0.0,0.0,1.0,0.0,0.0,0,0,0,0,0,0
2026-07-16 17:50:00,BR-Koramangala,0.10766666666666667,0.0,0.0,1.0,0.0,0.0,0,0,0,0,0,0
2026-07-16 17:50:00,BR-Whitefield,0.0,100.0,0.0,1.0,0.0,0.0,1,0,0,0,0,1
2026-07-16 17:51:00,HO-Chennai,0.0625,0.0,0.0,1.0,0.0,0.0,0,0,0,0,0,0
2026-07-16 17:51:00,ZO-Bengaluru,0.17416666666666666,0.0,0.0,1.0,0.0,0.0,0,0,0,0,0,0
2026-07-16 17:51:00,BR-Koramangala,0.11233333333333333,0.0,0.0,1.0,0.0,0.0,0,0,0,0,0,0
2026-07-16 17:51:00,BR-Whitefield,0.0,100.0,0.0,1.0,0.0,0.0,1,0,0,0,0,1
2026-07-16 17:52:00,HO-Chennai,0.06733333333333333,0.0,0.0,1.0,0.0,0.0,0,0,0,0,0,0
2026-07-16 17:52:00,ZO-Bengaluru,0.14466666666666667,0.0,0.0,1.0,0.0,0.0,0,0,0,0,0,0
2026-07-16 17:52:00,BR-Koramangala,0.10283333333333333,0.0,0.0,1.0,0.0,0.0,0,0,0,0,0,0
2026-07-16 17:52:00,BR-Whitefield,0.0,100.0,0.0,1.0,0.0,0.0,1,0,0,0,0,1
2026-07-16 17:53:00,HO-Chennai,0.066,0.0,0.0,1.0,0.0,0.0,0,0,0,0,0,0
2026-07-16 17:53:00,ZO-Bengaluru,0.12566666666666668,0.0,0.0,1.0,0.0,0.0,0,0,0,0,0,0
2026-07-16 17:53:00,BR-Koramangala,0.11033333333333334,0.0,0.0,1.0,0.0,0.0,0,0,0,0,0,0
2026-07-16 17:53:00,BR-Whitefield,0.0,100.0,0.0,1.0,0.0,0.0,1,0,0,0,0,1
2026-07-16 17:54:00,HO-Chennai,0.06066666666666667,0.0,0.0,1.0,0.0,0.0,0,0,0,0,0,0
2026-07-16 17:54:00,ZO-Bengaluru,0.12483333333333334,0.0,0.0,1.0,0.0,0.0,0,0,0,0,0,0
2026-07-16 17:54:00,BR-Koramangala,0.10866666666666668,0.0,0.0,1.0,0.0,0.0,0,0,0,0,0,0
2026-07-16 17:54:00,BR-Whitefield,0.0,100.0,0.0,1.0,0.0,0.0,1,0,0,0,0,1
2026-07-16 17:55:00,HO-Chennai,0.0645,0.0,0.0,1.0,0.0,0.0,0,0,0,0,0,0
2026-07-16 17:55:00,ZO-Bengaluru,0.13183333333333333,0.0,0.0,1.0,0.0,0.0,0,0,0,0,0,0
2026-07-16 17:55:00,BR-Koramangala,0.10716666666666667,0.0,0.0,1.0,0.0,0.0,0,0,0,0,0,0
2026-07-16 17:55:00,BR-Whitefield,0.0,100.0,0.0,1.0,0.0,0.0,1,0,0,0,0,1
2026-07-16 17:56:00,HO-Chennai,0.07433333333333333,0.0,0.0,1.0,0.0,0.0,0,0,0,0,0,0
2026-07-16 17:56:00,ZO-Bengaluru,0.1195,0.0,0.0,1.0,0.0,0.0,0,0,0,0,0,0
2026-07-16 17:56:00,BR-Koramangala,0.1165,0.0,0.0,1.0,0.0,0.0,0,0,0,0,0,0
2026-07-16 17:56:00,BR-Whitefield,0.0,100.0,0.0,1.0,0.0,0.0,1,0,0,0,0,1
2026-07-16 17:57:00,HO-Chennai,0.08516666666666667,0.0,0.0,1.0,0.0,0.0,0,0,0,0,0,0
2026-07-16 17:57:00,ZO-Bengaluru,0.12283333333333334,0.0,0.0,1.0,0.0,0.0,0,0,0,0,0,0
2026-07-16 17:57:00,BR-Koramangala,0.1125,0.0,0.0,1.0,0.0,0.0,0,0,0,0,0,0
2026-07-16 17:57:00,BR-Whitefield,0.0,100.0,0.0,1.0,0.0,0.0,1,0,0,0,0,1
2026-07-16 17:58:00,HO-Chennai,0.06733333333333334,0.0,0.0,1.0,0.0,0.0,0,0,0,0,0,0
2026-07-16 17:58:00,ZO-Bengaluru,0.10883333333333334,0.0,0.0,1.0,0.0,0.0,0,0,0,0,0,0
2026-07-16 17:58:00,BR-Koramangala,0.11883333333333333,0.0,0.0,1.0,0.0,0.0,0,0,0,0,0,0
2026-07-16 17:58:00,BR-Whitefield,0.0,100.0,0.0,1.0,0.0,0.0,1,0,0,0,0,1
2026-07-16 17:59:00,HO-Chennai,0.06583333333333334,0.0,0.0,1.0,0.0,0.0,0,0,0,0,0,0
2026-07-16 17:59:00,ZO-Bengaluru,0.12566666666666668,0.0,0.0,1.0,0.0,0.0,0,0,0,0,0,0
2026-07-16 17:59:00,BR-Koramangala,0.12316666666666666,0.0,0.0,1.0,0.0,0.0,0,0,0,0,0,0
2026-07-16 17:59:00,BR-Whitefield,0.0,100.0,0.0,1.0,0.0,0.0,1,0,0,0,0,1
2026-07-16 18:00:00,HO-Chennai,0.06583333333333334,0.0,0.0,1.0,0.0,0.0,0,0,0,0,0,0
2026-07-16 18:00:00,ZO-Bengaluru,0.127,0.0,0.0,1.0,0.0,0.0,0,0,0,0,0,0
2026-07-16 18:00:00,BR-Koramangala,0.12,0.0,0.0,1.0,0.0,0.0,0,0,0,0,0,0
2026-07-16 18:00:00,BR-Whitefield,0.0,100.0,0.0,1.0,0.0,0.0,1,0,0,0,0,1
2026-07-16 18:01:00,HO-Chennai,0.0625,0.0,0.0,1.0,0.0,0.0,0,0,0,0,0,0
2026-07-16 18:01:00,ZO-Bengaluru,0.12466666666666666,0.0,0.0,1.0,0.0,0.0,0,0,0,0,0,0
2026-07-16 18:01:00,BR-Koramangala,0.108,0.0,0.0,1.0,0.0,0.0,0,0,0,0,0,0
2026-07-16 18:01:00,BR-Whitefield,0.0,100.0,0.0,1.0,0.0,0.0,1,0,0,0,0,1
2026-07-16 18:02:00,HO-Chennai,0.06166666666666667,0.0,0.0,1.0,0.0,0.0,0,0,0,0,0,0
2026-07-16 18:02:00,ZO-Bengaluru,0.11216666666666668,0.0,0.0,1.0,0.0,0.0,0,0,0,0,0,0
2026-07-16 18:02:00,BR-Koramangala,0.13749999999999998,0.0,0.0,1.0,0.0,0.0,0,0,0,0,0,0
2026-07-16 18:02:00,BR-Whitefield,0.0,100.0,0.0,1.0,0.0,0.0,1,0,0,0,0,1
2026-07-16 18:03:00,HO-Chennai,0.07400000000000001,0.0,0.0,1.0,0.0,0.0,0,0,0,0,0,0
2026-07-16 18:03:00,ZO-Bengaluru,0.09466666666666668,0.0,0.0,1.0,0.0,0.0,0,0,0,0,0,0
2026-07-16 18:03:00,BR-Koramangala,0.1035,0.0,0.0,1.0,0.0,0.0,0,0,0,0,0,0
2026-07-16 18:03:00,BR-Whitefield,0.0,100.0,0.0,1.0,0.0,0.0,1,0,0,0,0,1
2026-07-16 18:04:00,HO-Chennai,0.06716666666666667,0.0,0.0,1.0,0.0,0.0,0,0,0,0,0,0
2026-07-16 18:04:00,ZO-Bengaluru,0.125,0.0,0.0,1.0,0.0,0.0,0,0,0,0,0,0
2026-07-16 18:04:00,BR-Koramangala,0.11416666666666668,0.0,0.0,1.0,0.0,0.0,0,0,0,0,0,0
2026-07-16 18:04:00,BR-Whitefield,0.0,100.0,0.0,1.0,0.0,0.0,1,0,0,0,0,1
2026-07-16 18:05:00,HO-Chennai,0.06883333333333333,0.0,0.0,1.0,0.0,0.0,0,0,0,0,0,0
2026-07-16 18:05:00,ZO-Bengaluru,0.11833333333333333,0.0,0.0,1.0,0.0,0.0,0,0,0,0,0,0
2026-07-16 18:05:00,BR-Koramangala,0.10616666666666667,0.0,0.0,1.0,0.0,0.0,0,0,0,0,0,0
2026-07-16 18:05:00,BR-Whitefield,0.0,100.0,0.0,1.0,0.0,0.0,1,0,0,0,0,1
2026-07-16 18:06:00,HO-Chennai,0.0695,0.0,0.0,1.0,0.0,0.0,0,0,0,0,0,0
2026-07-16 18:06:00,ZO-Bengaluru,0.12966666666666668,0.0,0.0,1.0,0.0,0.0,0,0,0,0,0,0
2026-07-16 18:06:00,BR-Koramangala,0.1935,0.0,0.0,1.0,0.0,0.0,0,0,0,0,0,0
2026-07-16 18:06:00,BR-Whitefield,0.0,100.0,0.0,1.0,0.0,0.0,1,0,0,0,0,1
2026-07-16 18:07:00,HO-Chennai,0.06816666666666667,0.0,0.0,1.0,0.0,0.0,0,0,0,0,0,0
2026-07-16 18:07:00,ZO-Bengaluru,0.12633333333333333,0.0,0.0,1.0,0.0,0.0,0,0,0,0,0,0
2026-07-16 18:07:00,BR-Koramangala,0.11933333333333333,0.0,0.0,1.0,0.0,0.0,0,0,0,0,0,0
2026-07-16 18:07:00,BR-Whitefield,0.0,100.0,0.0,1.0,0.0,0.0,1,0,0,0,0,1
2026-07-16 18:08:00,HO-Chennai,0.06316666666666666,0.0,0.0,1.0,0.0,0.0,0,0,0,0,0,0
2026-07-16 18:08:00,ZO-Bengaluru,0.12,0.0,0.0,1.0,0.0,0.0,0,0,0,0,0,0
2026-07-16 18:08:00,BR-Koramangala,0.11016666666666668,0.0,0.0,1.0,0.0,0.0,0,0,0,0,0,0
2026-07-16 18:08:00,BR-Whitefield,0.0,100.0,0.0,1.0,0.0,0.0,1,0,0,0,0,1
2026-07-16 18:09:00,HO-Chennai,0.068,0.0,0.0,1.0,0.0,0.0,0,0,0,0,0,0
2026-07-16 18:09:00,ZO-Bengaluru,0.11933333333333333,0.0,0.0,1.0,0.0,0.0,0,0,0,0,0,0
2026-07-16 18:09:00,BR-Koramangala,0.10516666666666667,0.0,0.0,1.0,0.0,0.0,0,0,0,0,0,0
2026-07-16 18:09:00,BR-Whitefield,0.0,100.0,0.0,1.0,0.0,0.0,1,0,0,0,0,1
2026-07-16 18:10:00,HO-Chennai,0.0605,0.0,0.0,1.0,0.0,0.0,0,0,0,0,0,0
2026-07-16 18:10:00,ZO-Bengaluru,0.11699999999999999,0.0,0.0,1.0,0.0,0.0,0,0,0,0,0,0
2026-07-16 18:10:00,BR-Koramangala,0.107,0.0,0.0,1.0,0.0,0.0,0,0,0,0,0,0
2026-07-16 18:10:00,BR-Whitefield,0.0,100.0,0.0,1.0,0.0,0.0,1,0,0,0,0,1
2026-07-16 18:11:00,HO-Chennai,0.06066666666666667,0.0,0.0,1.0,0.0,0.0,0,0,0,0,0,0
2026-07-16 18:11:00,ZO-Bengaluru,0.1255,0.0,0.0,1.0,0.0,0.0,0,0,0,0,0,0
2026-07-16 18:11:00,BR-Koramangala,0.11616666666666668,0.0,0.0,1.0,0.0,0.0,0,0,0,0,0,0
2026-07-16 18:11:00,BR-Whitefield,0.0,100.0,0.0,1.0,0.0,0.0,1,0,0,0,0,1
2026-07-16 18:12:00,HO-Chennai,0.07516666666666667,0.0,0.0,1.0,0.0,0.0,0,0,0,0,0,0
2026-07-16 18:12:00,ZO-Bengaluru,0.1135,0.0,0.0,1.0,0.0,0.0,0,0,0,0,0,0
2026-07-16 18:12:00,BR-Koramangala,0.10733333333333334,0.0,0.0,1.0,0.0,0.0,0,0,0,0,0,0
2026-07-16 18:12:00,BR-Whitefield,0.0,100.0,0.0,1.0,0.0,0.0,1,0,0,0,0,1
2026-07-16 18:13:00,HO-Chennai,0.07166666666666667,0.0,0.0,1.0,0.0,0.0,0,0,0,0,0,0
2026-07-16 18:13:00,ZO-Bengaluru,0.13283333333333333,0.0,0.0,1.0,0.0,0.0,0,0,0,0,0,0
2026-07-16 18:13:00,BR-Koramangala,0.1135,0.0,0.0,1.0,0.0,0.0,0,0,0,0,0,0
2026-07-16 18:13:00,BR-Whitefield,0.0,100.0,0.0,1.0,0.0,0.0,1,0,0,0,0,1
2026-07-16 18:14:00,HO-Chennai,0.06816666666666667,0.0,0.0,1.0,0.0,0.0,0,0,0,0,0,0
2026-07-16 18:14:00,ZO-Bengaluru,0.11816666666666668,0.0,0.0,1.0,0.0,0.0,0,0,0,0,0,0
2026-07-16 18:14:00,BR-Koramangala,0.1095,0.0,0.0,1.0,0.0,0.0,0,0,0,0,0,0
2026-07-16 18:14:00,BR-Whitefield,0.0,100.0,0.0,1.0,0.0,0.0,1,0,0,0,0,1
2026-07-16 18:15:00,HO-Chennai,0.06533333333333334,0.0,0.0,1.0,0.0,0.0,0,0,0,0,0,0
2026-07-16 18:15:00,ZO-Bengaluru,0.1225,0.0,0.0,1.0,0.0,0.0,0,0,0,0,0,0
2026-07-16 18:15:00,BR-Koramangala,0.09883333333333333,0.0,0.0,1.0,0.0,0.0,0,0,0,0,0,0
2026-07-16 18:15:00,BR-Whitefield,0.0,100.0,0.0,1.0,0.0,0.0,1,0,0,0,0,1
2026-07-16 18:16:00,HO-Chennai,0.063,0.0,0.0,1.0,0.0,0.0,0,0,0,0,0,0
2026-07-16 18:16:00,ZO-Bengaluru,0.11099999999999999,0.0,0.0,1.0,0.0,0.0,0,0,0,0,0,0
2026-07-16 18:16:00,BR-Koramangala,0.09933333333333333,0.0,0.0,1.0,0.0,0.0,0,0,0,0,0,0
2026-07-16 18:16:00,BR-Whitefield,0.0,100.0,0.0,1.0,0.0,0.0,1,0,0,0,0,1
2026-07-16 18:17:00,HO-Chennai,0.059166666666666666,0.0,0.0,1.0,0.0,0.0,0,0,0,0,0,0
2026-07-16 18:17:00,ZO-Bengaluru,0.1145,0.0,0.0,1.0,0.0,0.0,0,0,0,0,0,0
2026-07-16 18:17:00,BR-Koramangala,0.10916666666666668,0.0,0.0,1.0,0.0,0.0,0,0,0,0,0,0
2026-07-16 18:17:00,BR-Whitefield,0.0,100.0,0.0,1.0,0.0,0.0,1,0,0,0,0,1
2026-07-16 18:18:00,HO-Chennai,0.06966666666666667,0.0,0.0,1.0,0.0,0.0,0,0,0,0,0,0
2026-07-16 18:18:00,ZO-Bengaluru,0.11916666666666666,0.0,0.0,1.0,0.0,0.0,0,0,0,0,0,0
2026-07-16 18:18:00,BR-Koramangala,0.1305,0.0,0.0,1.0,0.0,0.0,0,0,0,0,0,0
2026-07-16 18:18:00,BR-Whitefield,0.0,100.0,0.0,1.0,0.0,0.0,1,0,0,0,0,1
2026-07-16 18:19:00,HO-Chennai,0.06966666666666667,0.0,0.0,1.0,0.0,0.0,0,0,0,0,0,0
2026-07-16 18:19:00,ZO-Bengaluru,0.11983333333333333,0.0,0.0,1.0,0.0,0.0,0,0,0,0,0,0
2026-07-16 18:19:00,BR-Koramangala,0.11116666666666668,0.0,0.0,1.0,0.0,0.0,0,0,0,0,0,0
2026-07-16 18:19:00,BR-Whitefield,0.0,100.0,0.0,1.0,0.0,0.0,1,0,0,0,0,1
2026-07-16 18:20:00,HO-Chennai,0.07316666666666667,0.0,0.0,1.0,0.0,0.0,0,0,0,0,0,0
2026-07-16 18:20:00,ZO-Bengaluru,0.11333333333333334,0.0,0.0,1.0,0.0,0.0,0,0,0,0,0,0
2026-07-16 18:20:00,BR-Koramangala,0.13999999999999999,0.0,0.0,1.0,0.0,0.0,0,0,0,0,0,0
2026-07-16 18:20:00,BR-Whitefield,0.0,100.0,0.0,1.0,0.0,0.0,1,0,0,0,0,1
2026-07-16 18:21:00,HO-Chennai,0.0675,0.0,0.0,1.0,0.0,0.0,0,0,0,0,0,0
2026-07-16 18:21:00,ZO-Bengaluru,0.11883333333333333,0.0,0.0,1.0,0.0,0.0,0,0,0,0,0,0
2026-07-16 18:21:00,BR-Koramangala,0.1135,0.0,0.0,1.0,0.0,0.0,0,0,0,0,0,0
2026-07-16 18:21:00,BR-Whitefield,0.0,100.0,0.0,1.0,0.0,0.0,1,0,0,0,0,1
2026-07-16 18:22:00,HO-Chennai,0.06883333333333334,0.0,0.0,1.0,0.0,0.0,0,0,0,0,0,0
2026-07-16 18:22:00,ZO-Bengaluru,0.11566666666666668,0.0,0.0,1.0,0.0,0.0,0,0,0,0,0,0
2026-07-16 18:22:00,BR-Koramangala,0.119,0.0,0.0,1.0,0.0,0.0,0,0,0,0,0,0
2026-07-16 18:22:00,BR-Whitefield,0.0,100.0,0.0,1.0,0.0,0.0,1,0,0,0,0,1
2026-07-16 18:23:00,HO-Chennai,0.062,0.0,0.0,1.0,0.0,0.0,0,0,0,0,0,0
2026-07-16 18:23:00,ZO-Bengaluru,0.125,0.0,0.0,1.0,0.0,0.0,0,0,0,0,0,0
2026-07-16 18:23:00,BR-Koramangala,0.11133333333333334,0.0,0.0,1.0,0.0,0.0,0,0,0,0,0,0
2026-07-16 18:23:00,BR-Whitefield,0.0,100.0,0.0,1.0,0.0,0.0,1,0,0,0,0,1
2026-07-16 18:24:00,HO-Chennai,0.07333333333333333,0.0,0.0,1.0,0.0,0.0,0,0,0,0,0,0
2026-07-16 18:24:00,ZO-Bengaluru,0.10716666666666667,0.0,0.0,1.0,0.0,0.0,0,0,0,0,0,0
2026-07-16 18:24:00,BR-Koramangala,0.11733333333333333,0.0,0.0,1.0,0.0,0.0,0,0,0,0,0,0
2026-07-16 18:24:00,BR-Whitefield,0.0,100.0,0.0,1.0,0.0,0.0,1,0,0,0,0,1
2026-07-16 18:25:00,HO-Chennai,0.0685,0.0,0.0,1.0,0.0,0.0,0,0,0,0,0,0
2026-07-16 18:25:00,ZO-Bengaluru,0.11816666666666666,0.0,0.0,1.0,0.0,0.0,0,0,0,0,0,0
2026-07-16 18:25:00,BR-Koramangala,0.10616666666666667,0.0,0.0,1.0,0.0,0.0,0,0,0,0,0,0
2026-07-16 18:25:00,BR-Whitefield,0.0,100.0,0.0,1.0,0.0,0.0,1,0,0,0,0,1
2026-07-16 18:26:00,HO-Chennai,0.072,0.0,0.0,1.0,0.0,0.0,0,0,0,0,0,0
2026-07-16 18:26:00,ZO-Bengaluru,0.1255,0.0,0.0,1.0,0.0,0.0,0,0,0,0,0,0
2026-07-16 18:26:00,BR-Koramangala,0.11716666666666668,0.0,0.0,1.0,0.0,0.0,0,0,0,0,0,0
2026-07-16 18:26:00,BR-Whitefield,0.0,100.0,0.0,1.0,0.0,0.0,1,0,0,0,0,1
2026-07-16 18:27:00,HO-Chennai,0.061,0.0,0.0,1.0,0.0,0.0,0,0,0,0,0,0
2026-07-16 18:27:00,ZO-Bengaluru,0.126,0.0,0.0,1.0,0.0,0.0,0,0,0,0,0,0
2026-07-16 18:27:00,BR-Koramangala,0.124,0.0,0.0,1.0,0.0,0.0,0,0,0,0,0,0
2026-07-16 18:27:00,BR-Whitefield,0.0,100.0,0.0,1.0,0.0,0.0,1,0,0,0,0,1
2026-07-16 18:28:00,HO-Chennai,0.07383333333333333,0.0,0.0,1.0,0.0,0.0,0,0,0,0,0,0
2026-07-16 18:28:00,ZO-Bengaluru,0.137,0.0,0.0,1.0,0.0,0.0,0,0,0,0,0,0
2026-07-16 18:28:00,BR-Koramangala,0.1225,0.0,0.0,1.0,0.0,0.0,0,0,0,0,0,0
2026-07-16 18:28:00,BR-Whitefield,0.0,100.0,0.0,1.0,0.0,0.0,1,0,0,0,0,1
2026-07-16 18:29:00,HO-Chennai,0.06383333333333334,0.0,0.0,1.0,0.0,0.0,0,0,0,0,0,0
2026-07-16 18:29:00,ZO-Bengaluru,0.1115,0.0,0.0,1.0,0.0,0.0,0,0,0,0,0,0
2026-07-16 18:29:00,BR-Koramangala,0.11716666666666666,0.0,0.0,1.0,0.0,0.0,0,0,0,0,0,0
2026-07-16 18:29:00,BR-Whitefield,0.0,100.0,0.0,1.0,0.0,0.0,1,0,0,0,0,1
2026-07-16 18:30:00,HO-Chennai,0.07050000000000001,0.0,0.0,1.0,0.0,0.0,0,0,0,0,0,0
2026-07-16 18:30:00,ZO-Bengaluru,0.10316666666666667,0.0,0.0,1.0,0.0,0.0,0,0,0,0,0,0
2026-07-16 18:30:00,BR-Koramangala,0.09766666666666667,0.0,0.0,1.0,0.0,0.0,0,0,0,0,0,0
2026-07-16 18:30:00,BR-Whitefield,0.0,100.0,0.0,1.0,0.0,0.0,1,0,0,0,0,1
2026-07-16 18:31:00,HO-Chennai,0.07216666666666667,0.0,0.0,1.0,0.0,0.0,0,0,0,0,0,0
2026-07-16 18:31:00,ZO-Bengaluru,0.1095,0.0,0.0,1.0,0.0,0.0,0,0,0,0,0,0
2026-07-16 18:31:00,BR-Koramangala,0.10266666666666667,0.0,0.0,1.0,0.0,0.0,0,0,0,0,0,0
2026-07-16 18:31:00,BR-Whitefield,0.0,100.0,0.0,1.0,0.0,0.0,1,0,0,0,0,1
2026-07-16 18:32:00,HO-Chennai,0.0625,0.0,0.0,1.0,0.0,0.0,0,0,0,0,0,0
2026-07-16 18:32:00,ZO-Bengaluru,0.12333333333333334,0.0,0.0,1.0,0.0,0.0,0,0,0,0,0,0
2026-07-16 18:32:00,BR-Koramangala,0.12316666666666666,0.0,0.0,1.0,0.0,0.0,0,0,0,0,0,0
2026-07-16 18:32:00,BR-Whitefield,0.0,100.0,0.0,1.0,0.0,0.0,1,0,0,0,0,1
2026-07-16 18:33:00,HO-Chennai,0.06616666666666667,0.0,0.0,1.0,0.0,0.0,0,0,0,0,0,0
2026-07-16 18:33:00,ZO-Bengaluru,0.12083333333333333,0.0,0.0,1.0,0.0,0.0,0,0,0,0,0,0
2026-07-16 18:33:00,BR-Koramangala,0.10866666666666668,0.0,0.0,1.0,0.0,0.0,0,0,0,0,0,0
2026-07-16 18:33:00,BR-Whitefield,0.0,100.0,0.0,1.0,0.0,0.0,1,0,0,0,0,1
2026-07-16 18:34:00,HO-Chennai,0.0785,0.0,0.0,1.0,0.0,0.0,0,0,0,0,0,0
2026-07-16 18:34:00,ZO-Bengaluru,0.12666666666666668,0.0,0.0,1.0,0.0,0.0,0,0,0,0,0,0
2026-07-16 18:34:00,BR-Koramangala,0.10916666666666668,0.0,0.0,1.0,0.0,0.0,0,0,0,0,0,0
2026-07-16 18:34:00,BR-Whitefield,0.0,100.0,0.0,1.0,0.0,0.0,1,0,0,0,0,1
2026-07-16 18:35:00,HO-Chennai,0.07683333333333334,0.0,0.0,1.0,0.0,0.0,0,0,0,0,0,0
2026-07-16 18:35:00,ZO-Bengaluru,0.12066666666666666,0.0,0.0,1.0,0.0,0.0,0,0,0,0,0,0
2026-07-16 18:35:00,BR-Koramangala,0.1165,0.0,0.0,1.0,0.0,0.0,0,0,0,0,0,0
2026-07-16 18:35:00,BR-Whitefield,0.0,100.0,0.0,1.0,0.0,0.0,1,0,0,0,0,1
2026-07-16 18:36:00,HO-Chennai,0.06983333333333334,0.0,0.0,1.0,0.0,0.0,0,0,0,0,0,0
2026-07-16 18:36:00,ZO-Bengaluru,0.13433333333333333,0.0,0.0,1.0,0.0,0.0,0,0,0,0,0,0
2026-07-16 18:36:00,BR-Koramangala,0.1065,0.0,0.0,1.0,0.0,0.0,0,0,0,0,0,0
2026-07-16 18:36:00,BR-Whitefield,0.0,100.0,0.0,1.0,0.0,0.0,1,0,0,0,0,1
2026-07-16 18:37:00,HO-Chennai,0.074,0.0,0.0,1.0,0.0,0.0,0,0,0,0,0,0
2026-07-16 18:37:00,ZO-Bengaluru,0.12766666666666668,0.0,0.0,1.0,0.0,0.0,0,0,0,0,0,0
2026-07-16 18:37:00,BR-Koramangala,0.10966666666666668,0.0,0.0,1.0,0.0,0.0,0,0,0,0,0,0
2026-07-16 18:37:00,BR-Whitefield,0.0,100.0,0.0,1.0,0.0,0.0,1,0,0,0,0,1
2026-07-16 18:38:00,HO-Chennai,0.06983333333333333,0.0,0.0,1.0,0.0,0.0,0,0,0,0,0,0
2026-07-16 18:38:00,ZO-Bengaluru,0.12916666666666668,0.0,0.0,1.0,0.0,0.0,0,0,0,0,0,0
2026-07-16 18:38:00,BR-Koramangala,0.11033333333333334,0.0,0.0,1.0,0.0,0.0,0,0,0,0,0,0
2026-07-16 18:38:00,BR-Whitefield,0.0,100.0,0.0,1.0,0.0,0.0,1,0,0,0,0,1
2026-07-16 18:39:00,HO-Chennai,0.06616666666666667,0.0,0.0,1.0,0.0,0.0,0,0,0,0,0,0
2026-07-16 18:39:00,ZO-Bengaluru,0.12666666666666668,0.0,0.0,1.0,0.0,0.0,0,0,0,0,0,0
2026-07-16 18:39:00,BR-Koramangala,0.11166666666666668,0.0,0.0,1.0,0.0,0.0,0,0,0,0,0,0
2026-07-16 18:39:00,BR-Whitefield,0.0,100.0,0.0,1.0,0.0,0.0,1,0,0,0,0,1
2026-07-16 18:40:00,HO-Chennai,0.07416666666666667,0.0,0.0,1.0,0.0,0.0,0,0,0,0,0,0
2026-07-16 18:40:00,ZO-Bengaluru,0.123,0.0,0.0,1.0,0.0,0.0,0,0,0,0,0,0
2026-07-16 18:40:00,BR-Koramangala,0.11083333333333334,0.0,0.0,1.0,0.0,0.0,0,0,0,0,0,0
2026-07-16 18:40:00,BR-Whitefield,0.0,100.0,0.0,1.0,0.0,0.0,1,0,0,0,0,1
2026-07-16 18:41:00,HO-Chennai,0.0665,0.0,0.0,1.0,0.0,0.0,0,0,0,0,0,0
2026-07-16 18:41:00,ZO-Bengaluru,0.12733333333333333,0.0,0.0,1.0,0.0,0.0,0,0,0,0,0,0
2026-07-16 18:41:00,BR-Koramangala,0.11033333333333334,0.0,0.0,1.0,0.0,0.0,0,0,0,0,0,0
2026-07-16 18:41:00,BR-Whitefield,0.0,100.0,0.0,1.0,0.0,0.0,1,0,0,0,0,1
2026-07-16 18:42:00,HO-Chennai,0.07583333333333334,0.0,0.0,1.0,0.0,0.0,0,0,0,0,0,0
2026-07-16 18:42:00,ZO-Bengaluru,0.11466666666666668,0.0,0.0,1.0,0.0,0.0,0,0,0,0,0,0
2026-07-16 18:42:00,BR-Koramangala,0.1075,0.0,0.0,1.0,0.0,0.0,0,0,0,0,0,0
2026-07-16 18:42:00,BR-Whitefield,0.0,100.0,0.0,1.0,0.0,0.0,1,0,0,0,0,1
2026-07-16 18:43:00,HO-Chennai,0.07516666666666667,0.0,0.0,1.0,0.0,0.0,0,0,0,0,0,0
2026-07-16 18:43:00,ZO-Bengaluru,0.1175,0.0,0.0,1.0,0.0,0.0,0,0,0,0,0,0
2026-07-16 18:43:00,BR-Koramangala,0.11266666666666665,0.0,0.0,1.0,0.0,0.0,0,0,0,0,0,0
2026-07-16 18:43:00,BR-Whitefield,0.0,100.0,0.0,1.0,0.0,0.0,1,0,0,0,0,1
2026-07-16 18:44:00,HO-Chennai,0.07166666666666667,0.0,0.0,1.0,0.0,0.0,0,0,0,0,0,0
2026-07-16 18:44:00,ZO-Bengaluru,0.12316666666666666,0.0,0.0,1.0,0.0,0.0,0,0,0,0,0,0
2026-07-16 18:44:00,BR-Koramangala,0.12216666666666666,0.0,0.0,1.0,0.0,0.0,0,0,0,0,0,0
2026-07-16 18:44:00,BR-Whitefield,0.0,100.0,0.0,1.0,0.0,0.0,1,0,0,0,0,1
2026-07-16 18:45:00,HO-Chennai,0.0646,0.0,0.0,1.0,0.0,0.0,0,0,0,0,0,0
2026-07-16 18:45:00,ZO-Bengaluru,0.10300000000000001,0.0,0.0,1.0,0.0,0.0,0,0,0,0,0,0
2026-07-16 18:45:00,BR-Koramangala,0.11779999999999999,0.0,0.0,1.0,0.0,0.0,0,0,0,0,0,0
2026-07-16 18:45:00,BR-Whitefield,0.0,100.0,0.0,1.0,0.0,0.0,1,0,0,0,0,1
2026-07-16 18:46:00,HO-Chennai,0.0,0.0,0.0,1.0,0.0,0.0,0,0,0,0,0,0
2026-07-16 18:46:00,ZO-Bengaluru,0.0,0.0,0.0,1.0,0.0,0.0,0,0,0,0,0,0
2026-07-16 18:46:00,BR-Koramangala,0.0,0.0,0.0,1.0,0.0,0.0,0,0,0,0,0,0
2026-07-16 18:46:00,BR-Whitefield,0.0,0.0,0.0,1.0,0.0,0.0,0,0,0,0,0,0
2026-07-16 18:47:00,HO-Chennai,0.0,0.0,0.0,1.0,0.0,0.0,0,0,0,0,0,0
2026-07-16 18:47:00,ZO-Bengaluru,0.0,0.0,0.0,1.0,0.0,0.0,0,0,0,0,0,0
2026-07-16 18:47:00,BR-Koramangala,0.0,0.0,0.0,1.0,0.0,0.0,0,0,0,0,0,0
2026-07-16 18:47:00,BR-Whitefield,0.0,0.0,0.0,1.0,0.0,0.0,0,0,0,0,0,0
2026-07-16 18:48:00,HO-Chennai,0.0,0.0,0.0,1.0,0.0,0.0,0,0,0,0,0,0
2026-07-16 18:48:00,ZO-Bengaluru,0.0,0.0,0.0,1.0,0.0,0.0,0,0,0,0,0,0
2026-07-16 18:48:00,BR-Koramangala,0.0,0.0,0.0,1.0,0.0,0.0,0,0,0,0,0,0
2026-07-16 18:48:00,BR-Whitefield,0.0,0.0,0.0,1.0,0.0,0.0,0,0,0,0,0,0
2026-07-16 18:49:00,HO-Chennai,0.0,0.0,0.0,1.0,0.0,0.0,0,0,0,0,0,0
2026-07-16 18:49:00,ZO-Bengaluru,0.0,0.0,0.0,1.0,0.0,0.0,0,0,0,0,0,0
2026-07-16 18:49:00,BR-Koramangala,0.0,0.0,0.0,1.0,0.0,0.0,0,0,0,0,0,0
2026-07-16 18:49:00,BR-Whitefield,0.0,0.0,0.0,1.0,0.0,0.0,0,0,0,0,0,0
2026-07-16 18:50:00,HO-Chennai,0.0,0.0,0.0,1.0,0.0,0.0,0,0,0,0,0,0
2026-07-16 18:50:00,ZO-Bengaluru,0.0,0.0,0.0,1.0,0.0,0.0,0,0,0,0,0,0
2026-07-16 18:50:00,BR-Koramangala,0.0,0.0,0.0,1.0,0.0,0.0,0,0,0,0,0,0
2026-07-16 18:50:00,BR-Whitefield,0.0,0.0,0.0,1.0,0.0,0.0,0,0,0,0,0,0
2026-07-16 18:51:00,HO-Chennai,0.0,0.0,0.0,1.0,0.0,0.0,0,0,0,0,0,0
2026-07-16 18:51:00,ZO-Bengaluru,0.0,0.0,0.0,1.0,0.0,0.0,0,0,0,0,0,0
2026-07-16 18:51:00,BR-Koramangala,0.0,0.0,0.0,1.0,0.0,0.0,0,0,0,0,0,0
2026-07-16 18:51:00,BR-Whitefield,0.0,0.0,0.0,1.0,0.0,0.0,0,0,0,0,0,0
2026-07-16 18:52:00,HO-Chennai,0.0,0.0,0.0,1.0,0.0,0.0,0,0,0,0,0,0
2026-07-16 18:52:00,ZO-Bengaluru,0.0,0.0,0.0,1.0,0.0,0.0,0,0,0,0,0,0
2026-07-16 18:52:00,BR-Koramangala,0.0,0.0,0.0,1.0,0.0,0.0,0,0,0,0,0,0
2026-07-16 18:52:00,BR-Whitefield,0.0,0.0,0.0,1.0,0.0,0.0,0,0,0,0,0,0
2026-07-16 18:53:00,HO-Chennai,0.0,0.0,0.0,1.0,0.0,0.0,0,0,0,0,0,0
2026-07-16 18:53:00,ZO-Bengaluru,0.0,0.0,0.0,1.0,0.0,0.0,0,0,0,0,0,0
2026-07-16 18:53:00,BR-Koramangala,0.0,0.0,0.0,1.0,0.0,0.0,0,0,0,0,0,0
2026-07-16 18:53:00,BR-Whitefield,0.0,0.0,0.0,1.0,0.0,0.0,0,0,0,0,0,0
2026-07-16 18:54:00,HO-Chennai,0.0,0.0,0.0,1.0,0.0,0.0,0,0,0,0,0,0
2026-07-16 18:54:00,ZO-Bengaluru,0.0,0.0,0.0,1.0,0.0,0.0,0,0,0,0,0,0
2026-07-16 18:54:00,BR-Koramangala,0.0,0.0,0.0,1.0,0.0,0.0,0,0,0,0,0,0
2026-07-16 18:54:00,BR-Whitefield,0.0,0.0,0.0,1.0,0.0,0.0,0,0,0,0,0,0
2026-07-16 18:55:00,HO-Chennai,0.0,0.0,0.0,1.0,0.0,0.0,0,0,0,0,0,0
2026-07-16 18:55:00,ZO-Bengaluru,0.0,0.0,0.0,1.0,0.0,0.0,0,0,0,0,0,0
2026-07-16 18:55:00,BR-Koramangala,0.0,0.0,0.0,1.0,0.0,0.0,0,0,0,0,0,0
2026-07-16 18:55:00,BR-Whitefield,0.0,0.0,0.0,1.0,0.0,0.0,0,0,0,0,0,0
2026-07-16 18:56:00,HO-Chennai,0.0,0.0,0.0,1.0,0.0,0.0,0,0,0,0,0,0
2026-07-16 18:56:00,ZO-Bengaluru,0.0,0.0,0.0,1.0,0.0,0.0,0,0,0,0,0,0
2026-07-16 18:56:00,BR-Koramangala,0.0,0.0,0.0,1.0,0.0,0.0,0,0,0,0,0,0
2026-07-16 18:56:00,BR-Whitefield,0.0,0.0,0.0,1.0,0.0,0.0,0,0,0,0,0,0
2026-07-16 18:57:00,HO-Chennai,0.0,0.0,0.0,1.0,0.0,0.0,0,0,0,0,0,0
2026-07-16 18:57:00,ZO-Bengaluru,0.0,0.0,0.0,1.0,0.0,0.0,0,0,0,0,0,0
2026-07-16 18:57:00,BR-Koramangala,0.0,0.0,0.0,1.0,0.0,0.0,0,0,0,0,0,0
2026-07-16 18:57:00,BR-Whitefield,0.0,0.0,0.0,1.0,0.0,0.0,0,0,0,0,0,0
2026-07-16 18:58:00,HO-Chennai,0.0,0.0,0.0,1.0,0.0,0.0,0,0,0,0,0,0
2026-07-16 18:58:00,ZO-Bengaluru,0.0,0.0,0.0,1.0,0.0,0.0,0,0,0,0,0,0
2026-07-16 18:58:00,BR-Koramangala,0.0,0.0,0.0,1.0,0.0,0.0,0,0,0,0,0,0
2026-07-16 18:58:00,BR-Whitefield,0.0,0.0,0.0,1.0,0.0,0.0,0,0,0,0,0,0
2026-07-16 18:59:00,HO-Chennai,0.0,0.0,0.0,1.0,0.0,0.0,0,0,0,0,0,0
2026-07-16 18:59:00,ZO-Bengaluru,0.0,0.0,0.0,1.0,0.0,0.0,0,0,0,0,0,0
2026-07-16 18:59:00,BR-Koramangala,0.0,0.0,0.0,1.0,0.0,0.0,0,0,0,0,0,0
2026-07-16 18:59:00,BR-Whitefield,0.0,0.0,0.0,1.0,0.0,0.0,0,0,0,0,0,0
2026-07-16 19:00:00,HO-Chennai,0.0,0.0,0.0,1.0,0.0,0.0,0,0,0,0,0,0
2026-07-16 19:00:00,ZO-Bengaluru,0.0,0.0,0.0,1.0,0.0,0.0,0,0,0,0,0,0
2026-07-16 19:00:00,BR-Koramangala,0.0,0.0,0.0,1.0,0.0,0.0,0,0,0,0,0,0
2026-07-16 19:00:00,BR-Whitefield,0.0,0.0,0.0,1.0,0.0,0.0,0,0,0,0,0,0
2026-07-16 19:01:00,HO-Chennai,0.0,0.0,0.0,1.0,0.0,0.0,0,0,0,0,0,0
2026-07-16 19:01:00,ZO-Bengaluru,0.0,0.0,0.0,1.0,0.0,0.0,0,0,0,0,0,0
2026-07-16 19:01:00,BR-Koramangala,0.0,0.0,0.0,1.0,0.0,0.0,0,0,0,0,0,0
2026-07-16 19:01:00,BR-Whitefield,0.0,0.0,0.0,1.0,0.0,0.0,0,0,0,0,0,0
2026-07-16 19:02:00,HO-Chennai,0.0,0.0,0.0,1.0,0.0,0.0,0,0,0,0,0,0
2026-07-16 19:02:00,ZO-Bengaluru,0.0,0.0,0.0,1.0,0.0,0.0,0,0,0,0,0,0
2026-07-16 19:02:00,BR-Koramangala,0.0,0.0,0.0,1.0,0.0,0.0,0,0,0,0,0,0
2026-07-16 19:02:00,BR-Whitefield,0.0,0.0,0.0,1.0,0.0,0.0,0,0,0,0,0,0
2026-07-16 19:03:00,HO-Chennai,0.0,0.0,0.0,1.0,0.0,0.0,0,0,0,0,0,0
2026-07-16 19:03:00,ZO-Bengaluru,0.0,0.0,0.0,1.0,0.0,0.0,0,0,0,0,0,0
2026-07-16 19:03:00,BR-Koramangala,0.0,0.0,0.0,1.0,0.0,0.0,0,0,0,0,0,0
2026-07-16 19:03:00,BR-Whitefield,0.0,0.0,0.0,1.0,0.0,0.0,0,0,0,0,0,0
2026-07-16 19:04:00,HO-Chennai,0.0,0.0,0.0,1.0,0.0,0.0,0,0,0,0,0,0
2026-07-16 19:04:00,ZO-Bengaluru,0.0,0.0,0.0,1.0,0.0,0.0,0,0,0,0,0,0
2026-07-16 19:04:00,BR-Koramangala,0.0,0.0,0.0,1.0,0.0,0.0,0,0,0,0,0,0
2026-07-16 19:04:00,BR-Whitefield,0.0,0.0,0.0,1.0,0.0,0.0,0,0,0,0,0,0
2026-07-16 19:05:00,HO-Chennai,0.0,0.0,0.0,1.0,0.0,0.0,0,0,0,0,0,0
2026-07-16 19:05:00,ZO-Bengaluru,0.0,0.0,0.0,1.0,0.0,0.0,0,0,0,0,0,0
2026-07-16 19:05:00,BR-Koramangala,0.0,0.0,0.0,1.0,0.0,0.0,0,0,0,0,0,0
2026-07-16 19:05:00,BR-Whitefield,0.0,0.0,0.0,1.0,0.0,0.0,0,0,0,0,0,0
2026-07-16 19:06:00,HO-Chennai,0.0,0.0,0.0,1.0,0.0,0.0,0,0,0,0,0,0
2026-07-16 19:06:00,ZO-Bengaluru,0.0,0.0,0.0,1.0,0.0,0.0,0,0,0,0,0,0
2026-07-16 19:06:00,BR-Koramangala,0.0,0.0,0.0,1.0,0.0,0.0,0,0,0,0,0,0
2026-07-16 19:06:00,BR-Whitefield,0.0,0.0,0.0,1.0,0.0,0.0,0,0,0,0,0,0
2026-07-16 19:07:00,HO-Chennai,0.0,0.0,0.0,1.0,0.0,0.0,0,0,0,0,0,0
2026-07-16 19:07:00,ZO-Bengaluru,0.0,0.0,0.0,1.0,0.0,0.0,0,0,0,0,0,0
2026-07-16 19:07:00,BR-Koramangala,0.0,0.0,0.0,1.0,0.0,0.0,0,0,0,0,0,0
2026-07-16 19:07:00,BR-Whitefield,0.0,0.0,0.0,1.0,0.0,0.0,0,0,0,0,0,0
2026-07-16 19:08:00,HO-Chennai,0.0,0.0,0.0,1.0,0.0,0.0,0,0,0,0,0,0
2026-07-16 19:08:00,ZO-Bengaluru,0.0,0.0,0.0,1.0,0.0,0.0,0,0,0,0,0,0
2026-07-16 19:08:00,BR-Koramangala,0.0,0.0,0.0,1.0,0.0,0.0,0,0,0,0,0,0
2026-07-16 19:08:00,BR-Whitefield,0.0,0.0,0.0,1.0,0.0,0.0,0,0,0,0,0,0
2026-07-16 19:09:00,HO-Chennai,0.0,0.0,0.0,1.0,0.0,0.0,0,0,0,0,0,0
2026-07-16 19:09:00,ZO-Bengaluru,0.0,0.0,0.0,1.0,0.0,0.0,0,0,0,0,0,0
2026-07-16 19:09:00,BR-Koramangala,0.0,0.0,0.0,1.0,0.0,0.0,0,0,0,0,0,0
2026-07-16 19:09:00,BR-Whitefield,0.0,0.0,0.0,1.0,0.0,0.0,0,0,0,0,0,0
2026-07-16 19:10:00,HO-Chennai,0.0,0.0,0.0,1.0,0.0,0.0,0,0,0,0,0,0
2026-07-16 19:10:00,ZO-Bengaluru,0.0,0.0,0.0,1.0,0.0,0.0,0,0,0,0,0,0
2026-07-16 19:10:00,BR-Koramangala,0.0,0.0,0.0,1.0,0.0,0.0,0,0,0,0,0,0
2026-07-16 19:10:00,BR-Whitefield,0.0,0.0,0.0,1.0,0.0,0.0,0,0,0,0,0,0
2026-07-16 19:11:00,HO-Chennai,0.0,0.0,0.0,1.0,0.0,0.0,0,0,0,0,0,0
2026-07-16 19:11:00,ZO-Bengaluru,0.0,0.0,0.0,1.0,0.0,0.0,0,0,0,0,0,0
2026-07-16 19:11:00,BR-Koramangala,0.0,0.0,0.0,1.0,0.0,0.0,0,0,0,0,0,0
2026-07-16 19:11:00,BR-Whitefield,0.0,0.0,0.0,1.0,0.0,0.0,0,0,0,0,0,0
2026-07-16 19:12:00,HO-Chennai,0.0,0.0,0.0,1.0,0.0,0.0,0,0,0,0,0,0
2026-07-16 19:12:00,ZO-Bengaluru,0.0,0.0,0.0,1.0,0.0,0.0,0,0,0,0,0,0
2026-07-16 19:12:00,BR-Koramangala,0.0,0.0,0.0,1.0,0.0,0.0,0,0,0,0,0,0
2026-07-16 19:12:00,BR-Whitefield,0.0,0.0,0.0,1.0,0.0,0.0,0,0,0,0,0,0
2026-07-16 19:13:00,HO-Chennai,0.0,0.0,0.0,1.0,0.0,0.0,0,0,0,0,0,0
2026-07-16 19:13:00,ZO-Bengaluru,0.0,0.0,0.0,1.0,0.0,0.0,0,0,0,0,0,0
2026-07-16 19:13:00,BR-Koramangala,0.0,0.0,0.0,1.0,0.0,0.0,0,0,0,0,0,0
2026-07-16 19:13:00,BR-Whitefield,0.0,0.0,0.0,1.0,0.0,0.0,0,0,0,0,0,0
2026-07-16 19:14:00,HO-Chennai,0.0,0.0,0.0,1.0,0.0,0.0,0,0,0,0,0,0
2026-07-16 19:14:00,ZO-Bengaluru,0.0,0.0,0.0,1.0,0.0,0.0,0,0,0,0,0,0
2026-07-16 19:14:00,BR-Koramangala,0.0,0.0,0.0,1.0,0.0,0.0,0,0,0,0,0,0
2026-07-16 19:14:00,BR-Whitefield,0.0,0.0,0.0,1.0,0.0,0.0,0,0,0,0,0,0
2026-07-16 19:15:00,HO-Chennai,0.0,0.0,0.0,1.0,0.0,0.0,0,0,0,0,0,0
2026-07-16 19:15:00,ZO-Bengaluru,0.0,0.0,0.0,1.0,0.0,0.0,0,0,0,0,0,0
2026-07-16 19:15:00,BR-Koramangala,0.0,0.0,0.0,1.0,0.0,0.0,0,0,0,0,0,0
2026-07-16 19:15:00,BR-Whitefield,0.0,0.0,0.0,1.0,0.0,0.0,0,0,0,0,0,0
2026-07-16 19:16:00,HO-Chennai,0.0,0.0,0.0,1.0,0.0,0.0,0,0,0,0,0,0
2026-07-16 19:16:00,ZO-Bengaluru,0.0,0.0,0.0,1.0,0.0,0.0,0,0,0,0,0,0
2026-07-16 19:16:00,BR-Koramangala,0.0,0.0,0.0,1.0,0.0,0.0,0,0,0,0,0,0
2026-07-16 19:16:00,BR-Whitefield,0.0,0.0,0.0,1.0,0.0,0.0,0,0,0,0,0,0
2026-07-16 19:17:00,HO-Chennai,0.0,0.0,0.0,1.0,0.0,0.0,0,0,0,0,0,0
2026-07-16 19:17:00,ZO-Bengaluru,0.0,0.0,0.0,1.0,0.0,0.0,0,0,0,0,0,0
2026-07-16 19:17:00,BR-Koramangala,0.0,0.0,0.0,1.0,0.0,0.0,0,0,0,0,0,0
2026-07-16 19:17:00,BR-Whitefield,0.0,0.0,0.0,1.0,0.0,0.0,0,0,0,0,0,0
2026-07-16 19:18:00,HO-Chennai,0.0,0.0,0.0,1.0,0.0,0.0,0,0,0,0,0,0
2026-07-16 19:18:00,ZO-Bengaluru,0.0,0.0,0.0,1.0,0.0,0.0,0,0,0,0,0,0
2026-07-16 19:18:00,BR-Koramangala,0.0,0.0,0.0,1.0,0.0,0.0,0,0,0,0,0,0
2026-07-16 19:18:00,BR-Whitefield,0.0,0.0,0.0,1.0,0.0,0.0,0,0,0,0,0,0
2026-07-16 19:19:00,HO-Chennai,0.0,0.0,0.0,1.0,0.0,0.0,0,0,0,0,0,0
2026-07-16 19:19:00,ZO-Bengaluru,0.0,0.0,0.0,1.0,0.0,0.0,0,0,0,0,0,0
2026-07-16 19:19:00,BR-Koramangala,0.0,0.0,0.0,1.0,0.0,0.0,0,0,0,0,0,0
2026-07-16 19:19:00,BR-Whitefield,0.0,0.0,0.0,1.0,0.0,0.0,0,0,0,0,0,0
2026-07-16 19:20:00,HO-Chennai,0.0,0.0,0.0,1.0,0.0,0.0,0,0,0,0,0,0
2026-07-16 19:20:00,ZO-Bengaluru,0.0,0.0,0.0,1.0,0.0,0.0,0,0,0,0,0,0
2026-07-16 19:20:00,BR-Koramangala,0.0,0.0,0.0,1.0,0.0,0.0,0,0,0,0,0,0
2026-07-16 19:20:00,BR-Whitefield,0.0,0.0,0.0,1.0,0.0,0.0,0,0,0,0,0,0
2026-07-16 19:21:00,HO-Chennai,0.0,0.0,0.0,1.0,0.0,0.0,0,0,0,0,0,0
2026-07-16 19:21:00,ZO-Bengaluru,0.0,0.0,0.0,1.0,0.0,0.0,0,0,0,0,0,0
2026-07-16 19:21:00,BR-Koramangala,0.0,0.0,0.0,1.0,0.0,0.0,0,0,0,0,0,0
2026-07-16 19:21:00,BR-Whitefield,0.0,0.0,0.0,1.0,0.0,0.0,0,0,0,0,0,0
2026-07-16 19:22:00,HO-Chennai,0.0,0.0,0.0,1.0,0.0,0.0,0,0,0,0,0,0
2026-07-16 19:22:00,ZO-Bengaluru,0.0,0.0,0.0,1.0,0.0,0.0,0,0,0,0,0,0
2026-07-16 19:22:00,BR-Koramangala,0.0,0.0,0.0,1.0,0.0,0.0,0,0,0,0,0,0
2026-07-16 19:22:00,BR-Whitefield,0.0,0.0,0.0,1.0,0.0,0.0,0,0,0,0,0,0
2026-07-16 19:23:00,HO-Chennai,0.0,0.0,0.0,1.0,0.0,0.0,0,0,0,0,0,0
2026-07-16 19:23:00,ZO-Bengaluru,0.0,0.0,0.0,1.0,0.0,0.0,0,0,0,0,0,0
2026-07-16 19:23:00,BR-Koramangala,0.0,0.0,0.0,1.0,0.0,0.0,0,0,0,0,0,0
2026-07-16 19:23:00,BR-Whitefield,0.0,0.0,0.0,1.0,0.0,0.0,0,0,0,0,0,0
2026-07-16 19:24:00,HO-Chennai,0.0,0.0,0.0,1.0,0.0,0.0,0,0,0,0,0,0
2026-07-16 19:24:00,ZO-Bengaluru,0.0,0.0,0.0,1.0,0.0,0.0,0,0,0,0,0,0
2026-07-16 19:24:00,BR-Koramangala,0.0,0.0,0.0,1.0,0.0,0.0,0,0,0,0,0,0
2026-07-16 19:24:00,BR-Whitefield,0.0,0.0,0.0,1.0,0.0,0.0,0,0,0,0,0,0
2026-07-16 19:25:00,HO-Chennai,0.0,0.0,0.0,1.0,0.0,0.0,0,0,0,0,0,0
2026-07-16 19:25:00,ZO-Bengaluru,0.0,0.0,0.0,1.0,0.0,0.0,0,0,0,0,0,0
2026-07-16 19:25:00,BR-Koramangala,0.0,0.0,0.0,1.0,0.0,0.0,0,0,0,0,0,0
2026-07-16 19:25:00,BR-Whitefield,0.0,0.0,0.0,1.0,0.0,0.0,0,0,0,0,0,0
2026-07-16 19:26:00,HO-Chennai,0.0,0.0,0.0,1.0,0.0,0.0,0,0,0,0,0,0
2026-07-16 19:26:00,ZO-Bengaluru,0.0,0.0,0.0,1.0,0.0,0.0,0,0,0,0,0,0
2026-07-16 19:26:00,BR-Koramangala,0.0,0.0,0.0,1.0,0.0,0.0,0,0,0,0,0,0
2026-07-16 19:26:00,BR-Whitefield,0.0,0.0,0.0,1.0,0.0,0.0,0,0,0,0,0,0
2026-07-16 19:27:00,HO-Chennai,0.0,0.0,0.0,1.0,0.0,0.0,0,0,0,0,0,0
2026-07-16 19:27:00,ZO-Bengaluru,0.0,0.0,0.0,1.0,0.0,0.0,0,0,0,0,0,0
2026-07-16 19:27:00,BR-Koramangala,0.0,0.0,0.0,1.0,0.0,0.0,0,0,0,0,0,0
2026-07-16 19:27:00,BR-Whitefield,0.0,0.0,0.0,1.0,0.0,0.0,0,0,0,0,0,0
2026-07-16 19:28:00,HO-Chennai,0.0,0.0,0.0,1.0,0.0,0.0,0,0,0,0,0,0
2026-07-16 19:28:00,ZO-Bengaluru,0.0,0.0,0.0,1.0,0.0,0.0,0,0,0,0,0,0
2026-07-16 19:28:00,BR-Koramangala,0.0,0.0,0.0,1.0,0.0,0.0,0,0,0,0,0,0
2026-07-16 19:28:00,BR-Whitefield,0.0,0.0,0.0,1.0,0.0,0.0,0,0,0,0,0,0
2026-07-16 19:29:00,HO-Chennai,0.0,0.0,0.0,1.0,0.0,0.0,0,0,0,0,0,0
2026-07-16 19:29:00,ZO-Bengaluru,0.0,0.0,0.0,1.0,0.0,0.0,0,0,0,0,0,0
2026-07-16 19:29:00,BR-Koramangala,0.0,0.0,0.0,1.0,0.0,0.0,0,0,0,0,0,0
2026-07-16 19:29:00,BR-Whitefield,0.0,0.0,0.0,1.0,0.0,0.0,0,0,0,0,0,0
2026-07-16 19:30:00,HO-Chennai,0.0,0.0,0.0,1.0,0.0,0.0,0,0,0,0,0,0
2026-07-16 19:30:00,ZO-Bengaluru,0.0,0.0,0.0,1.0,0.0,0.0,0,0,0,0,0,0
2026-07-16 19:30:00,BR-Koramangala,0.0,0.0,0.0,1.0,0.0,0.0,0,0,0,0,0,0
2026-07-16 19:30:00,BR-Whitefield,0.0,0.0,0.0,1.0,0.0,0.0,0,0,0,0,0,0
2026-07-16 19:31:00,HO-Chennai,0.0,0.0,0.0,1.0,0.0,0.0,0,0,0,0,0,0
2026-07-16 19:31:00,ZO-Bengaluru,0.0,0.0,0.0,1.0,0.0,0.0,0,0,0,0,0,0
2026-07-16 19:31:00,BR-Koramangala,0.0,0.0,0.0,1.0,0.0,0.0,0,0,0,0,0,0
2026-07-16 19:31:00,BR-Whitefield,0.0,0.0,0.0,1.0,0.0,0.0,0,0,0,0,0,0
2026-07-16 19:32:00,HO-Chennai,0.0,0.0,0.0,1.0,0.0,0.0,0,0,0,0,0,0
2026-07-16 19:32:00,ZO-Bengaluru,0.0,0.0,0.0,1.0,0.0,0.0,0,0,0,0,0,0
2026-07-16 19:32:00,BR-Koramangala,0.0,0.0,0.0,1.0,0.0,0.0,0,0,0,0,0,0
2026-07-16 19:32:00,BR-Whitefield,0.0,0.0,0.0,1.0,0.0,0.0,0,0,0,0,0,0
2026-07-16 19:33:00,HO-Chennai,0.0,0.0,0.0,1.0,0.0,0.0,0,0,0,0,0,0
2026-07-16 19:33:00,ZO-Bengaluru,0.0,0.0,0.0,1.0,0.0,0.0,0,0,0,0,0,0
2026-07-16 19:33:00,BR-Koramangala,0.0,0.0,0.0,1.0,0.0,0.0,0,0,0,0,0,0
2026-07-16 19:33:00,BR-Whitefield,0.0,0.0,0.0,1.0,0.0,0.0,0,0,0,0,0,0
2026-07-16 19:34:00,HO-Chennai,0.0,0.0,0.0,1.0,0.0,0.0,0,0,0,0,0,0
2026-07-16 19:34:00,ZO-Bengaluru,0.0,0.0,0.0,1.0,0.0,0.0,0,0,0,0,0,0
2026-07-16 19:34:00,BR-Koramangala,0.0,0.0,0.0,1.0,0.0,0.0,0,0,0,0,0,0
2026-07-16 19:34:00,BR-Whitefield,0.0,0.0,0.0,1.0,0.0,0.0,0,0,0,0,0,0
2026-07-16 19:35:00,HO-Chennai,0.0,0.0,0.0,1.0,0.0,0.0,0,0,0,0,0,0
2026-07-16 19:35:00,ZO-Bengaluru,0.0,0.0,0.0,1.0,0.0,0.0,0,0,0,0,0,0
2026-07-16 19:35:00,BR-Koramangala,0.0,0.0,0.0,1.0,0.0,0.0,0,0,0,0,0,0
2026-07-16 19:35:00,BR-Whitefield,0.0,0.0,0.0,1.0,0.0,0.0,0,0,0,0,0,0
2026-07-16 19:36:00,HO-Chennai,0.0,0.0,0.0,1.0,0.0,0.0,0,0,0,0,0,0
2026-07-16 19:36:00,ZO-Bengaluru,0.0,0.0,0.0,1.0,0.0,0.0,0,0,0,0,0,0
2026-07-16 19:36:00,BR-Koramangala,0.0,0.0,0.0,1.0,0.0,0.0,0,0,0,0,0,0
2026-07-16 19:36:00,BR-Whitefield,0.0,0.0,0.0,1.0,0.0,0.0,0,0,0,0,0,0
2026-07-16 19:37:00,HO-Chennai,0.0,0.0,0.0,1.0,0.0,0.0,0,0,0,0,0,0
2026-07-16 19:37:00,ZO-Bengaluru,0.0,0.0,0.0,1.0,0.0,0.0,0,0,0,0,0,0
2026-07-16 19:37:00,BR-Koramangala,0.0,0.0,0.0,1.0,0.0,0.0,0,0,0,0,0,0
2026-07-16 19:37:00,BR-Whitefield,0.0,0.0,0.0,1.0,0.0,0.0,0,0,0,0,0,0
2026-07-16 19:38:00,HO-Chennai,0.0,0.0,0.0,1.0,0.0,0.0,0,0,0,0,0,0
2026-07-16 19:38:00,ZO-Bengaluru,0.0,0.0,0.0,1.0,0.0,0.0,0,0,0,0,0,0
2026-07-16 19:38:00,BR-Koramangala,0.0,0.0,0.0,1.0,0.0,0.0,0,0,0,0,0,0
2026-07-16 19:38:00,BR-Whitefield,0.0,0.0,0.0,1.0,0.0,0.0,0,0,0,0,0,0
2026-07-16 19:39:00,HO-Chennai,0.0,0.0,0.0,1.0,0.0,0.0,0,0,0,0,0,0
2026-07-16 19:39:00,ZO-Bengaluru,0.0,0.0,0.0,1.0,0.0,0.0,0,0,0,0,0,0
2026-07-16 19:39:00,BR-Koramangala,0.0,0.0,0.0,1.0,0.0,0.0,0,0,0,0,0,0
2026-07-16 19:39:00,BR-Whitefield,0.0,0.0,0.0,1.0,0.0,0.0,0,0,0,0,0,0
2026-07-16 19:40:00,HO-Chennai,0.0,0.0,0.0,1.0,0.0,0.0,0,0,0,0,0,0
2026-07-16 19:40:00,ZO-Bengaluru,0.0,0.0,0.0,1.0,0.0,0.0,0,0,0,0,0,0
2026-07-16 19:40:00,BR-Koramangala,0.0,0.0,0.0,1.0,0.0,0.0,0,0,0,0,0,0
2026-07-16 19:40:00,BR-Whitefield,0.0,0.0,0.0,1.0,0.0,0.0,0,0,0,0,0,0
2026-07-16 19:41:00,HO-Chennai,0.0,0.0,0.0,1.0,0.0,0.0,0,0,0,0,0,0
2026-07-16 19:41:00,ZO-Bengaluru,0.0,0.0,0.0,1.0,0.0,0.0,0,0,0,0,0,0
2026-07-16 19:41:00,BR-Koramangala,0.0,0.0,0.0,1.0,0.0,0.0,0,0,0,0,0,0
2026-07-16 19:41:00,BR-Whitefield,0.0,0.0,0.0,1.0,0.0,0.0,0,0,0,0,0,0
2026-07-16 19:42:00,HO-Chennai,0.0,0.0,0.0,1.0,0.0,0.0,0,0,0,0,0,0
2026-07-16 19:42:00,ZO-Bengaluru,0.0,0.0,0.0,1.0,0.0,0.0,0,0,0,0,0,0
2026-07-16 19:42:00,BR-Koramangala,0.0,0.0,0.0,1.0,0.0,0.0,0,0,0,0,0,0
2026-07-16 19:42:00,BR-Whitefield,0.0,0.0,0.0,1.0,0.0,0.0,0,0,0,0,0,0
2026-07-16 19:43:00,HO-Chennai,0.0,0.0,0.0,1.0,0.0,0.0,0,0,0,0,0,0
2026-07-16 19:43:00,ZO-Bengaluru,0.0,0.0,0.0,1.0,0.0,0.0,0,0,0,0,0,0
2026-07-16 19:43:00,BR-Koramangala,0.0,0.0,0.0,1.0,0.0,0.0,0,0,0,0,0,0
2026-07-16 19:43:00,BR-Whitefield,0.0,0.0,0.0,1.0,0.0,0.0,0,0,0,0,0,0
2026-07-16 19:44:00,HO-Chennai,0.0,0.0,0.0,1.0,0.0,0.0,0,0,0,0,0,0
2026-07-16 19:44:00,ZO-Bengaluru,0.0,0.0,0.0,1.0,0.0,0.0,0,0,0,0,0,0
2026-07-16 19:44:00,BR-Koramangala,0.0,0.0,0.0,1.0,0.0,0.0,0,0,0,0,0,0
2026-07-16 19:44:00,BR-Whitefield,0.0,0.0,0.0,1.0,0.0,0.0,0,0,0,0,0,0
2026-07-16 19:45:00,HO-Chennai,0.0,0.0,0.0,1.0,0.0,0.0,0,0,0,0,0,0
2026-07-16 19:45:00,ZO-Bengaluru,0.0,0.0,0.0,1.0,0.0,0.0,0,0,0,0,0,0
2026-07-16 19:45:00,BR-Koramangala,0.0,0.0,0.0,1.0,0.0,0.0,0,0,0,0,0,0
2026-07-16 19:45:00,BR-Whitefield,0.0,0.0,0.0,1.0,0.0,0.0,0,0,0,0,0,0
2026-07-16 19:46:00,HO-Chennai,0.0,0.0,0.0,1.0,0.0,0.0,0,0,0,0,0,0
2026-07-16 19:46:00,ZO-Bengaluru,0.0,0.0,0.0,1.0,0.0,0.0,0,0,0,0,0,0
2026-07-16 19:46:00,BR-Koramangala,0.0,0.0,0.0,1.0,0.0,0.0,0,0,0,0,0,0
2026-07-16 19:46:00,BR-Whitefield,0.0,0.0,0.0,1.0,0.0,0.0,0,0,0,0,0,0
2026-07-16 19:47:00,HO-Chennai,0.0,0.0,0.0,1.0,0.0,0.0,0,0,0,0,0,0
2026-07-16 19:47:00,ZO-Bengaluru,0.0,0.0,0.0,1.0,0.0,0.0,0,0,0,0,0,0
2026-07-16 19:47:00,BR-Koramangala,0.0,0.0,0.0,1.0,0.0,0.0,0,0,0,0,0,0
2026-07-16 19:47:00,BR-Whitefield,0.0,0.0,0.0,1.0,0.0,0.0,0,0,0,0,0,0
2026-07-16 19:48:00,HO-Chennai,0.0,0.0,0.0,1.0,0.0,0.0,0,0,0,0,0,0
2026-07-16 19:48:00,ZO-Bengaluru,0.0,0.0,0.0,1.0,0.0,0.0,0,0,0,0,0,0
2026-07-16 19:48:00,BR-Koramangala,0.0,0.0,0.0,1.0,0.0,0.0,0,0,0,0,0,0
2026-07-16 19:48:00,BR-Whitefield,0.0,0.0,0.0,1.0,0.0,0.0,0,0,0,0,0,0
2026-07-16 19:49:00,HO-Chennai,0.0,0.0,0.0,1.0,0.0,0.0,0,0,0,0,0,0
2026-07-16 19:49:00,ZO-Bengaluru,0.0,0.0,0.0,1.0,0.0,0.0,0,0,0,0,0,0
2026-07-16 19:49:00,BR-Koramangala,0.0,0.0,0.0,1.0,0.0,0.0,0,0,0,0,0,0
2026-07-16 19:49:00,BR-Whitefield,0.0,0.0,0.0,1.0,0.0,0.0,0,0,0,0,0,0
2026-07-16 19:50:00,HO-Chennai,0.0,0.0,0.0,1.0,0.0,0.0,0,0,0,0,0,0
2026-07-16 19:50:00,ZO-Bengaluru,0.0,0.0,0.0,1.0,0.0,0.0,0,0,0,0,0,0
2026-07-16 19:50:00,BR-Koramangala,0.0,0.0,0.0,1.0,0.0,0.0,0,0,0,0,0,0
2026-07-16 19:50:00,BR-Whitefield,0.0,0.0,0.0,1.0,0.0,0.0,0,0,0,0,0,0
2026-07-16 19:51:00,HO-Chennai,0.0,0.0,0.0,1.0,0.0,0.0,0,0,0,0,0,0
2026-07-16 19:51:00,ZO-Bengaluru,0.0,0.0,0.0,1.0,0.0,0.0,0,0,0,0,0,0
2026-07-16 19:51:00,BR-Koramangala,0.0,0.0,0.0,1.0,0.0,0.0,0,0,0,0,0,0
2026-07-16 19:51:00,BR-Whitefield,0.0,0.0,0.0,1.0,0.0,0.0,0,0,0,0,0,0
2026-07-16 19:52:00,HO-Chennai,0.0,0.0,0.0,1.0,0.0,0.0,0,0,0,0,0,0
2026-07-16 19:52:00,ZO-Bengaluru,0.0,0.0,0.0,1.0,0.0,0.0,0,0,0,0,0,0
2026-07-16 19:52:00,BR-Koramangala,0.0,0.0,0.0,1.0,0.0,0.0,0,0,0,0,0,0
2026-07-16 19:52:00,BR-Whitefield,0.0,0.0,0.0,1.0,0.0,0.0,0,0,0,0,0,0
2026-07-16 19:53:00,HO-Chennai,0.0,0.0,0.0,1.0,0.0,0.0,0,0,0,0,0,0
2026-07-16 19:53:00,ZO-Bengaluru,0.0,0.0,0.0,1.0,0.0,0.0,0,0,0,0,0,0
2026-07-16 19:53:00,BR-Koramangala,0.0,0.0,0.0,1.0,0.0,0.0,0,0,0,0,0,0
2026-07-16 19:53:00,BR-Whitefield,0.0,0.0,0.0,1.0,0.0,0.0,0,0,0,0,0,0
2026-07-16 19:54:00,HO-Chennai,0.0,0.0,0.0,1.0,0.0,0.0,0,0,0,0,0,0
2026-07-16 19:54:00,ZO-Bengaluru,0.0,0.0,0.0,1.0,0.0,0.0,0,0,0,0,0,0
2026-07-16 19:54:00,BR-Koramangala,0.0,0.0,0.0,1.0,0.0,0.0,0,0,0,0,0,0
2026-07-16 19:54:00,BR-Whitefield,0.0,0.0,0.0,1.0,0.0,0.0,0,0,0,0,0,0
2026-07-16 19:55:00,HO-Chennai,0.0,0.0,0.0,1.0,0.0,0.0,0,0,0,0,0,0
2026-07-16 19:55:00,ZO-Bengaluru,0.0,0.0,0.0,1.0,0.0,0.0,0,0,0,0,0,0
2026-07-16 19:55:00,BR-Koramangala,0.0,0.0,0.0,1.0,0.0,0.0,0,0,0,0,0,0
2026-07-16 19:55:00,BR-Whitefield,0.0,0.0,0.0,1.0,0.0,0.0,0,0,0,0,0,0
2026-07-16 19:56:00,HO-Chennai,0.0,0.0,0.0,1.0,0.0,0.0,0,0,0,0,0,0
2026-07-16 19:56:00,ZO-Bengaluru,0.0,0.0,0.0,1.0,0.0,0.0,0,0,0,0,0,0
2026-07-16 19:56:00,BR-Koramangala,0.0,0.0,0.0,1.0,0.0,0.0,0,0,0,0,0,0
2026-07-16 19:56:00,BR-Whitefield,0.0,0.0,0.0,1.0,0.0,0.0,0,0,0,0,0,0
2026-07-16 19:57:00,HO-Chennai,0.0,0.0,0.0,1.0,0.0,0.0,0,0,0,0,0,0
2026-07-16 19:57:00,ZO-Bengaluru,0.0,0.0,0.0,1.0,0.0,0.0,0,0,0,0,0,0
2026-07-16 19:57:00,BR-Koramangala,0.0,0.0,0.0,1.0,0.0,0.0,0,0,0,0,0,0
2026-07-16 19:57:00,BR-Whitefield,0.0,0.0,0.0,1.0,0.0,0.0,0,0,0,0,0,0
2026-07-16 19:58:00,HO-Chennai,0.0,0.0,0.0,1.0,0.0,0.0,0,0,0,0,0,0
2026-07-16 19:58:00,ZO-Bengaluru,0.0,0.0,0.0,1.0,0.0,0.0,0,0,0,0,0,0
2026-07-16 19:58:00,BR-Koramangala,0.0,0.0,0.0,1.0,0.0,0.0,0,0,0,0,0,0
2026-07-16 19:58:00,BR-Whitefield,0.0,0.0,0.0,1.0,0.0,0.0,0,0,0,0,0,0
2026-07-16 19:59:00,HO-Chennai,0.0,0.0,0.0,1.0,0.0,0.0,0,0,0,0,0,0
2026-07-16 19:59:00,ZO-Bengaluru,0.0,0.0,0.0,1.0,0.0,0.0,0,0,0,0,0,0
2026-07-16 19:59:00,BR-Koramangala,0.0,0.0,0.0,1.0,0.0,0.0,0,0,0,0,0,0
2026-07-16 19:59:00,BR-Whitefield,0.0,0.0,0.0,1.0,0.0,0.0,0,0,0,0,0,0
2026-07-16 20:00:00,HO-Chennai,0.0,0.0,0.0,1.0,0.0,0.0,0,0,0,0,0,0
2026-07-16 20:00:00,ZO-Bengaluru,0.0,0.0,0.0,1.0,0.0,0.0,0,0,0,0,0,0
2026-07-16 20:00:00,BR-Koramangala,0.0,0.0,0.0,1.0,0.0,0.0,0,0,0,0,0,0
2026-07-16 20:00:00,BR-Whitefield,0.0,0.0,0.0,1.0,0.0,0.0,0,0,0,0,0,0
2026-07-16 20:01:00,HO-Chennai,0.0,0.0,0.0,1.0,0.0,0.0,0,0,0,0,0,0
2026-07-16 20:01:00,ZO-Bengaluru,0.0,0.0,0.0,1.0,0.0,0.0,0,0,0,0,0,0
2026-07-16 20:01:00,BR-Koramangala,0.0,0.0,0.0,1.0,0.0,0.0,0,0,0,0,0,0
2026-07-16 20:01:00,BR-Whitefield,0.0,0.0,0.0,1.0,0.0,0.0,0,0,0,0,0,0
2026-07-16 20:02:00,HO-Chennai,0.0,0.0,0.0,1.0,0.0,0.0,0,0,0,0,0,0
2026-07-16 20:02:00,ZO-Bengaluru,0.0,0.0,0.0,1.0,0.0,0.0,0,0,0,0,0,0
2026-07-16 20:02:00,BR-Koramangala,0.0,0.0,0.0,1.0,0.0,0.0,0,0,0,0,0,0
2026-07-16 20:02:00,BR-Whitefield,0.0,0.0,0.0,1.0,0.0,0.0,0,0,0,0,0,0
2026-07-16 20:03:00,HO-Chennai,0.0,0.0,0.0,1.0,0.0,0.0,0,0,0,0,0,0
2026-07-16 20:03:00,ZO-Bengaluru,0.0,0.0,0.0,1.0,0.0,0.0,0,0,0,0,0,0
2026-07-16 20:03:00,BR-Koramangala,0.0,0.0,0.0,1.0,0.0,0.0,0,0,0,0,0,0
2026-07-16 20:03:00,BR-Whitefield,0.0,0.0,0.0,1.0,0.0,0.0,0,0,0,0,0,0
2026-07-16 20:04:00,HO-Chennai,0.0,0.0,0.0,1.0,0.0,0.0,0,0,0,0,0,0
2026-07-16 20:04:00,ZO-Bengaluru,0.0,0.0,0.0,1.0,0.0,0.0,0,0,0,0,0,0
2026-07-16 20:04:00,BR-Koramangala,0.0,0.0,0.0,1.0,0.0,0.0,0,0,0,0,0,0
2026-07-16 20:04:00,BR-Whitefield,0.0,0.0,0.0,1.0,0.0,0.0,0,0,0,0,0,0
2026-07-16 20:05:00,HO-Chennai,0.0,0.0,0.0,1.0,0.0,0.0,0,0,0,0,0,0
2026-07-16 20:05:00,ZO-Bengaluru,0.0,0.0,0.0,1.0,0.0,0.0,0,0,0,0,0,0
2026-07-16 20:05:00,BR-Koramangala,0.0,0.0,0.0,1.0,0.0,0.0,0,0,0,0,0,0
2026-07-16 20:05:00,BR-Whitefield,0.0,0.0,0.0,1.0,0.0,0.0,0,0,0,0,0,0
2026-07-16 20:06:00,HO-Chennai,0.0,0.0,0.0,1.0,0.0,0.0,0,0,0,0,0,0
2026-07-16 20:06:00,ZO-Bengaluru,0.0,0.0,0.0,1.0,0.0,0.0,0,0,0,0,0,0
2026-07-16 20:06:00,BR-Koramangala,0.0,0.0,0.0,1.0,0.0,0.0,0,0,0,0,0,0
2026-07-16 20:06:00,BR-Whitefield,0.0,0.0,0.0,1.0,0.0,0.0,0,0,0,0,0,0
2026-07-16 20:07:00,HO-Chennai,0.0,0.0,0.0,1.0,0.0,0.0,0,0,0,0,0,0
2026-07-16 20:07:00,ZO-Bengaluru,0.0,0.0,0.0,1.0,0.0,0.0,0,0,0,0,0,0
2026-07-16 20:07:00,BR-Koramangala,0.0,0.0,0.0,1.0,0.0,0.0,0,0,0,0,0,0
2026-07-16 20:07:00,BR-Whitefield,0.0,0.0,0.0,1.0,0.0,0.0,0,0,0,0,0,0
2026-07-16 20:08:00,HO-Chennai,0.0,0.0,0.0,1.0,0.0,0.0,0,0,0,0,0,0
2026-07-16 20:08:00,ZO-Bengaluru,0.0,0.0,0.0,1.0,0.0,0.0,0,0,0,0,0,0
2026-07-16 20:08:00,BR-Koramangala,0.0,0.0,0.0,1.0,0.0,0.0,0,0,0,0,0,0
2026-07-16 20:08:00,BR-Whitefield,0.0,0.0,0.0,1.0,0.0,0.0,0,0,0,0,0,0
2026-07-16 20:09:00,HO-Chennai,0.0,0.0,0.0,1.0,0.0,0.0,0,0,0,0,0,0
2026-07-16 20:09:00,ZO-Bengaluru,0.0,0.0,0.0,1.0,0.0,0.0,0,0,0,0,0,0
2026-07-16 20:09:00,BR-Koramangala,0.0,0.0,0.0,1.0,0.0,0.0,0,0,0,0,0,0
2026-07-16 20:09:00,BR-Whitefield,0.0,0.0,0.0,1.0,0.0,0.0,0,0,0,0,0,0
2026-07-16 20:10:00,HO-Chennai,0.0,0.0,0.0,1.0,0.0,0.0,0,0,0,0,0,0
2026-07-16 20:10:00,ZO-Bengaluru,0.0,0.0,0.0,1.0,0.0,0.0,0,0,0,0,0,0
2026-07-16 20:10:00,BR-Koramangala,0.0,0.0,0.0,1.0,0.0,0.0,0,0,0,0,0,0
2026-07-16 20:10:00,BR-Whitefield,0.0,0.0,0.0,1.0,0.0,0.0,0,0,0,0,0,0
2026-07-16 20:11:00,HO-Chennai,0.0,0.0,0.0,1.0,0.0,0.0,0,0,0,0,0,0
2026-07-16 20:11:00,ZO-Bengaluru,0.0,0.0,0.0,1.0,0.0,0.0,0,0,0,0,0,0
2026-07-16 20:11:00,BR-Koramangala,0.0,0.0,0.0,1.0,0.0,0.0,0,0,0,0,0,0
2026-07-16 20:11:00,BR-Whitefield,0.0,0.0,0.0,1.0,0.0,0.0,0,0,0,0,0,0
2026-07-16 20:12:00,HO-Chennai,0.0,0.0,0.0,1.0,0.0,0.0,0,0,0,0,0,0
2026-07-16 20:12:00,ZO-Bengaluru,0.0,0.0,0.0,1.0,0.0,0.0,0,0,0,0,0,0
2026-07-16 20:12:00,BR-Koramangala,0.0,0.0,0.0,1.0,0.0,0.0,0,0,0,0,0,0
2026-07-16 20:12:00,BR-Whitefield,0.0,0.0,0.0,1.0,0.0,0.0,0,0,0,0,0,0
2026-07-16 20:13:00,HO-Chennai,0.0,0.0,0.0,1.0,0.0,0.0,0,0,0,0,0,0
2026-07-16 20:13:00,ZO-Bengaluru,0.0,0.0,0.0,1.0,0.0,0.0,0,0,0,0,0,0
2026-07-16 20:13:00,BR-Koramangala,0.0,0.0,0.0,1.0,0.0,0.0,0,0,0,0,0,0
2026-07-16 20:13:00,BR-Whitefield,0.0,0.0,0.0,1.0,0.0,0.0,0,0,0,0,0,0
2026-07-16 20:14:00,HO-Chennai,0.0,0.0,0.0,1.0,0.0,0.0,0,0,0,0,0,0
2026-07-16 20:14:00,ZO-Bengaluru,0.0,0.0,0.0,1.0,0.0,0.0,0,0,0,0,0,0
2026-07-16 20:14:00,BR-Koramangala,0.0,0.0,0.0,1.0,0.0,0.0,0,0,0,0,0,0
2026-07-16 20:14:00,BR-Whitefield,0.0,0.0,0.0,1.0,0.0,0.0,0,0,0,0,0,0
2026-07-16 20:15:00,HO-Chennai,0.0,0.0,0.0,1.0,0.0,0.0,0,0,0,0,0,0
2026-07-16 20:15:00,ZO-Bengaluru,0.0,0.0,0.0,1.0,0.0,0.0,0,0,0,0,0,0
2026-07-16 20:15:00,BR-Koramangala,0.0,0.0,0.0,1.0,0.0,0.0,0,0,0,0,0,0
2026-07-16 20:15:00,BR-Whitefield,0.0,0.0,0.0,1.0,0.0,0.0,0,0,0,0,0,0
2026-07-16 20:16:00,HO-Chennai,0.0,0.0,0.0,1.0,0.0,0.0,0,0,0,0,0,0
2026-07-16 20:16:00,ZO-Bengaluru,0.0,0.0,0.0,1.0,0.0,0.0,0,0,0,0,0,0
2026-07-16 20:16:00,BR-Koramangala,0.0,0.0,0.0,1.0,0.0,0.0,0,0,0,0,0,0
2026-07-16 20:16:00,BR-Whitefield,0.0,0.0,0.0,1.0,0.0,0.0,0,0,0,0,0,0
2026-07-16 20:17:00,HO-Chennai,0.0,0.0,0.0,1.0,0.0,0.0,0,0,0,0,0,0
2026-07-16 20:17:00,ZO-Bengaluru,0.0,0.0,0.0,1.0,0.0,0.0,0,0,0,0,0,0
2026-07-16 20:17:00,BR-Koramangala,0.0,0.0,0.0,1.0,0.0,0.0,0,0,0,0,0,0
2026-07-16 20:17:00,BR-Whitefield,0.0,0.0,0.0,1.0,0.0,0.0,0,0,0,0,0,0
2026-07-16 20:18:00,HO-Chennai,0.0,0.0,0.0,1.0,0.0,0.0,0,0,0,0,0,0
2026-07-16 20:18:00,ZO-Bengaluru,0.0,0.0,0.0,1.0,0.0,0.0,0,0,0,0,0,0
2026-07-16 20:18:00,BR-Koramangala,0.0,0.0,0.0,1.0,0.0,0.0,0,0,0,0,0,0
2026-07-16 20:18:00,BR-Whitefield,0.0,0.0,0.0,1.0,0.0,0.0,0,0,0,0,0,0
2026-07-16 20:19:00,HO-Chennai,0.0,0.0,0.0,1.0,0.0,0.0,0,0,0,0,0,0
2026-07-16 20:19:00,ZO-Bengaluru,0.0,0.0,0.0,1.0,0.0,0.0,0,0,0,0,0,0
2026-07-16 20:19:00,BR-Koramangala,0.0,0.0,0.0,1.0,0.0,0.0,0,0,0,0,0,0
2026-07-16 20:19:00,BR-Whitefield,0.0,0.0,0.0,1.0,0.0,0.0,0,0,0,0,0,0
2026-07-16 20:20:00,HO-Chennai,0.0,0.0,0.0,1.0,0.0,0.0,0,0,0,0,0,0
2026-07-16 20:20:00,ZO-Bengaluru,0.0,0.0,0.0,1.0,0.0,0.0,0,0,0,0,0,0
2026-07-16 20:20:00,BR-Koramangala,0.0,0.0,0.0,1.0,0.0,0.0,0,0,0,0,0,0
2026-07-16 20:20:00,BR-Whitefield,0.0,0.0,0.0,1.0,0.0,0.0,0,0,0,0,0,0
2026-07-16 20:21:00,HO-Chennai,0.0,0.0,0.0,1.0,0.0,0.0,0,0,0,0,0,0
2026-07-16 20:21:00,ZO-Bengaluru,0.0,0.0,0.0,1.0,0.0,0.0,0,0,0,0,0,0
2026-07-16 20:21:00,BR-Koramangala,0.0,0.0,0.0,1.0,0.0,0.0,0,0,0,0,0,0
2026-07-16 20:21:00,BR-Whitefield,0.0,0.0,0.0,1.0,0.0,0.0,0,0,0,0,0,0
2026-07-16 20:22:00,HO-Chennai,0.0,0.0,0.0,1.0,0.0,0.0,0,0,0,0,0,0
2026-07-16 20:22:00,ZO-Bengaluru,0.0,0.0,0.0,1.0,0.0,0.0,0,0,0,0,0,0
2026-07-16 20:22:00,BR-Koramangala,0.0,0.0,0.0,1.0,0.0,0.0,0,0,0,0,0,0
2026-07-16 20:22:00,BR-Whitefield,0.0,0.0,0.0,1.0,0.0,0.0,0,0,0,0,0,0
2026-07-16 20:23:00,HO-Chennai,0.0,0.0,0.0,1.0,0.0,0.0,0,0,0,0,0,0
2026-07-16 20:23:00,ZO-Bengaluru,0.0,0.0,0.0,1.0,0.0,0.0,0,0,0,0,0,0
2026-07-16 20:23:00,BR-Koramangala,0.0,0.0,0.0,1.0,0.0,0.0,0,0,0,0,0,0
2026-07-16 20:23:00,BR-Whitefield,0.0,0.0,0.0,1.0,0.0,0.0,0,0,0,0,0,0
2026-07-16 20:24:00,HO-Chennai,0.0,0.0,0.0,1.0,0.0,0.0,0,0,0,0,0,0
2026-07-16 20:24:00,ZO-Bengaluru,0.0,0.0,0.0,1.0,0.0,0.0,0,0,0,0,0,0
2026-07-16 20:24:00,BR-Koramangala,0.0,0.0,0.0,1.0,0.0,0.0,0,0,0,0,0,0
2026-07-16 20:24:00,BR-Whitefield,0.0,0.0,0.0,1.0,0.0,0.0,0,0,0,0,0,0
2026-07-16 20:25:00,HO-Chennai,0.0,0.0,0.0,1.0,0.0,0.0,0,0,0,0,0,0
2026-07-16 20:25:00,ZO-Bengaluru,0.0,0.0,0.0,1.0,0.0,0.0,0,0,0,0,0,0
2026-07-16 20:25:00,BR-Koramangala,0.0,0.0,0.0,1.0,0.0,0.0,0,0,0,0,0,0
2026-07-16 20:25:00,BR-Whitefield,0.0,0.0,0.0,1.0,0.0,0.0,0,0,0,0,0,0
2026-07-16 20:26:00,HO-Chennai,0.0,0.0,0.0,1.0,0.0,0.0,0,0,0,0,0,0
2026-07-16 20:26:00,ZO-Bengaluru,0.0,0.0,0.0,1.0,0.0,0.0,0,0,0,0,0,0
2026-07-16 20:26:00,BR-Koramangala,0.0,0.0,0.0,1.0,0.0,0.0,0,0,0,0,0,0
2026-07-16 20:26:00,BR-Whitefield,0.0,0.0,0.0,1.0,0.0,0.0,0,0,0,0,0,0
2026-07-16 20:27:00,HO-Chennai,0.0,0.0,0.0,1.0,0.0,0.0,0,0,0,0,0,0
2026-07-16 20:27:00,ZO-Bengaluru,0.0,0.0,0.0,1.0,0.0,0.0,0,0,0,0,0,0
2026-07-16 20:27:00,BR-Koramangala,0.0,0.0,0.0,1.0,0.0,0.0,0,0,0,0,0,0
2026-07-16 20:27:00,BR-Whitefield,0.0,0.0,0.0,1.0,0.0,0.0,0,0,0,0,0,0
2026-07-16 20:28:00,HO-Chennai,0.0,0.0,0.0,1.0,0.0,0.0,0,0,0,0,0,0
2026-07-16 20:28:00,ZO-Bengaluru,0.0,0.0,0.0,1.0,0.0,0.0,0,0,0,0,0,0
2026-07-16 20:28:00,BR-Koramangala,0.0,0.0,0.0,1.0,0.0,0.0,0,0,0,0,0,0
2026-07-16 20:28:00,BR-Whitefield,0.0,0.0,0.0,1.0,0.0,0.0,0,0,0,0,0,0
2026-07-16 20:29:00,HO-Chennai,0.0,0.0,0.0,1.0,0.0,0.0,0,0,0,0,0,0
2026-07-16 20:29:00,ZO-Bengaluru,0.0,0.0,0.0,1.0,0.0,0.0,0,0,0,0,0,0
2026-07-16 20:29:00,BR-Koramangala,0.0,0.0,0.0,1.0,0.0,0.0,0,0,0,0,0,0
2026-07-16 20:29:00,BR-Whitefield,0.0,0.0,0.0,1.0,0.0,0.0,0,0,0,0,0,0
2026-07-16 20:30:00,HO-Chennai,0.0,0.0,0.0,1.0,0.0,0.0,0,0,0,0,0,0
2026-07-16 20:30:00,ZO-Bengaluru,0.0,0.0,0.0,1.0,0.0,0.0,0,0,0,0,0,0
2026-07-16 20:30:00,BR-Koramangala,0.0,0.0,0.0,1.0,0.0,0.0,0,0,0,0,0,0
2026-07-16 20:30:00,BR-Whitefield,0.0,0.0,0.0,1.0,0.0,0.0,0,0,0,0,0,0
2026-07-16 20:31:00,HO-Chennai,0.0,0.0,0.0,1.0,0.0,0.0,0,0,0,0,0,0
2026-07-16 20:31:00,ZO-Bengaluru,0.0,0.0,0.0,1.0,0.0,0.0,0,0,0,0,0,0
2026-07-16 20:31:00,BR-Koramangala,0.0,0.0,0.0,1.0,0.0,0.0,0,0,0,0,0,0
2026-07-16 20:31:00,BR-Whitefield,0.0,0.0,0.0,1.0,0.0,0.0,0,0,0,0,0,0
2026-07-16 20:32:00,HO-Chennai,0.0,0.0,0.0,1.0,0.0,0.0,0,0,0,0,0,0
2026-07-16 20:32:00,ZO-Bengaluru,0.0,0.0,0.0,1.0,0.0,0.0,0,0,0,0,0,0
2026-07-16 20:32:00,BR-Koramangala,0.0,0.0,0.0,1.0,0.0,0.0,0,0,0,0,0,0
2026-07-16 20:32:00,BR-Whitefield,0.0,0.0,0.0,1.0,0.0,0.0,0,0,0,0,0,0
2026-07-16 20:33:00,HO-Chennai,0.0,0.0,0.0,1.0,0.0,0.0,0,0,0,0,0,0
2026-07-16 20:33:00,ZO-Bengaluru,0.0,0.0,0.0,1.0,0.0,0.0,0,0,0,0,0,0
2026-07-16 20:33:00,BR-Koramangala,0.0,0.0,0.0,1.0,0.0,0.0,0,0,0,0,0,0
2026-07-16 20:33:00,BR-Whitefield,0.0,0.0,0.0,1.0,0.0,0.0,0,0,0,0,0,0
2026-07-16 20:34:00,HO-Chennai,0.0,0.0,0.0,1.0,0.0,0.0,0,0,0,0,0,0
2026-07-16 20:34:00,ZO-Bengaluru,0.0,0.0,0.0,1.0,0.0,0.0,0,0,0,0,0,0
2026-07-16 20:34:00,BR-Koramangala,0.0,0.0,0.0,1.0,0.0,0.0,0,0,0,0,0,0
2026-07-16 20:34:00,BR-Whitefield,0.0,0.0,0.0,1.0,0.0,0.0,0,0,0,0,0,0
2026-07-16 20:35:00,HO-Chennai,0.0,0.0,0.0,1.0,0.0,0.0,0,0,0,0,0,0
2026-07-16 20:35:00,ZO-Bengaluru,0.0,0.0,0.0,1.0,0.0,0.0,0,0,0,0,0,0
2026-07-16 20:35:00,BR-Koramangala,0.0,0.0,0.0,1.0,0.0,0.0,0,0,0,0,0,0
2026-07-16 20:35:00,BR-Whitefield,0.0,0.0,0.0,1.0,0.0,0.0,0,0,0,0,0,0
2026-07-16 20:36:00,HO-Chennai,0.0,0.0,0.0,1.0,0.0,0.0,0,0,0,0,0,0
2026-07-16 20:36:00,ZO-Bengaluru,0.0,0.0,0.0,1.0,0.0,0.0,0,0,0,0,0,0
2026-07-16 20:36:00,BR-Koramangala,0.0,0.0,0.0,1.0,0.0,0.0,0,0,0,0,0,0
2026-07-16 20:36:00,BR-Whitefield,0.0,0.0,0.0,1.0,0.0,0.0,0,0,0,0,0,0
2026-07-16 20:37:00,HO-Chennai,0.0,0.0,0.0,1.0,0.0,0.0,0,0,0,0,0,0
2026-07-16 20:37:00,ZO-Bengaluru,0.0,0.0,0.0,1.0,0.0,0.0,0,0,0,0,0,0
2026-07-16 20:37:00,BR-Koramangala,0.0,0.0,0.0,1.0,0.0,0.0,0,0,0,0,0,0
2026-07-16 20:37:00,BR-Whitefield,0.0,0.0,0.0,1.0,0.0,0.0,0,0,0,0,0,0
2026-07-16 20:38:00,HO-Chennai,0.0,0.0,0.0,1.0,0.0,0.0,0,0,0,0,0,0
2026-07-16 20:38:00,ZO-Bengaluru,0.0,0.0,0.0,1.0,0.0,0.0,0,0,0,0,0,0
2026-07-16 20:38:00,BR-Koramangala,0.0,0.0,0.0,1.0,0.0,0.0,0,0,0,0,0,0
2026-07-16 20:38:00,BR-Whitefield,0.0,0.0,0.0,1.0,0.0,0.0,0,0,0,0,0,0
2026-07-16 20:39:00,HO-Chennai,0.0,0.0,0.0,1.0,0.0,0.0,0,0,0,0,0,0
2026-07-16 20:39:00,ZO-Bengaluru,0.0,0.0,0.0,1.0,0.0,0.0,0,0,0,0,0,0
2026-07-16 20:39:00,BR-Koramangala,0.0,0.0,0.0,1.0,0.0,0.0,0,0,0,0,0,0
2026-07-16 20:39:00,BR-Whitefield,0.0,0.0,0.0,1.0,0.0,0.0,0,0,0,0,0,0
2026-07-16 20:40:00,HO-Chennai,0.0,0.0,0.0,1.0,0.0,0.0,0,0,0,0,0,0
2026-07-16 20:40:00,ZO-Bengaluru,0.0,0.0,0.0,1.0,0.0,0.0,0,0,0,0,0,0
2026-07-16 20:40:00,BR-Koramangala,0.0,0.0,0.0,1.0,0.0,0.0,0,0,0,0,0,0
2026-07-16 20:40:00,BR-Whitefield,0.0,0.0,0.0,1.0,0.0,0.0,0,0,0,0,0,0
2026-07-16 20:41:00,HO-Chennai,0.0,0.0,0.0,1.0,0.0,0.0,0,0,0,0,0,0
2026-07-16 20:41:00,ZO-Bengaluru,0.0,0.0,0.0,1.0,0.0,0.0,0,0,0,0,0,0
2026-07-16 20:41:00,BR-Koramangala,0.0,0.0,0.0,1.0,0.0,0.0,0,0,0,0,0,0
2026-07-16 20:41:00,BR-Whitefield,0.0,0.0,0.0,1.0,0.0,0.0,0,0,0,0,0,0
2026-07-16 20:42:00,HO-Chennai,0.0,0.0,0.0,1.0,0.0,0.0,0,0,0,0,0,0
2026-07-16 20:42:00,ZO-Bengaluru,0.0,0.0,0.0,1.0,0.0,0.0,0,0,0,0,0,0
2026-07-16 20:42:00,BR-Koramangala,0.0,0.0,0.0,1.0,0.0,0.0,0,0,0,0,0,0
2026-07-16 20:42:00,BR-Whitefield,0.0,0.0,0.0,1.0,0.0,0.0,0,0,0,0,0,0
2026-07-16 20:43:00,HO-Chennai,0.0,0.0,0.0,1.0,0.0,0.0,0,0,0,0,0,0
2026-07-16 20:43:00,ZO-Bengaluru,0.0,0.0,0.0,1.0,0.0,0.0,0,0,0,0,0,0
2026-07-16 20:43:00,BR-Koramangala,0.0,0.0,0.0,1.0,0.0,0.0,0,0,0,0,0,0
2026-07-16 20:43:00,BR-Whitefield,0.0,0.0,0.0,1.0,0.0,0.0,0,0,0,0,0,0
2026-07-16 20:44:00,HO-Chennai,0.0,0.0,0.0,1.0,0.0,0.0,0,0,0,0,0,0
2026-07-16 20:44:00,ZO-Bengaluru,0.0,0.0,0.0,1.0,0.0,0.0,0,0,0,0,0,0
2026-07-16 20:44:00,BR-Koramangala,0.0,0.0,0.0,1.0,0.0,0.0,0,0,0,0,0,0
2026-07-16 20:44:00,BR-Whitefield,0.0,0.0,0.0,1.0,0.0,0.0,0,0,0,0,0,0
2026-07-16 20:45:00,HO-Chennai,0.0,0.0,0.0,1.0,0.0,0.0,0,0,0,0,0,0
2026-07-16 20:45:00,ZO-Bengaluru,0.0,0.0,0.0,1.0,0.0,0.0,0,0,0,0,0,0
2026-07-16 20:45:00,BR-Koramangala,0.0,0.0,0.0,1.0,0.0,0.0,0,0,0,0,0,0
2026-07-16 20:45:00,BR-Whitefield,0.0,0.0,0.0,1.0,0.0,0.0,0,0,0,0,0,0
2026-07-16 20:46:00,HO-Chennai,0.0,0.0,0.0,1.0,0.0,0.0,0,0,0,0,0,0
2026-07-16 20:46:00,ZO-Bengaluru,0.0,0.0,0.0,1.0,0.0,0.0,0,0,0,0,0,0
2026-07-16 20:46:00,BR-Koramangala,0.0,0.0,0.0,1.0,0.0,0.0,0,0,0,0,0,0
2026-07-16 20:46:00,BR-Whitefield,0.0,0.0,0.0,1.0,0.0,0.0,0,0,0,0,0,0
2026-07-16 20:47:00,HO-Chennai,0.0,0.0,0.0,1.0,0.0,0.0,0,0,0,0,0,0
2026-07-16 20:47:00,ZO-Bengaluru,0.0,0.0,0.0,1.0,0.0,0.0,0,0,0,0,0,0
2026-07-16 20:47:00,BR-Koramangala,0.0,0.0,0.0,1.0,0.0,0.0,0,0,0,0,0,0
2026-07-16 20:47:00,BR-Whitefield,0.0,0.0,0.0,1.0,0.0,0.0,0,0,0,0,0,0
2026-07-16 20:48:00,HO-Chennai,0.0,0.0,0.0,1.0,0.0,0.0,0,0,0,0,0,0
2026-07-16 20:48:00,ZO-Bengaluru,0.0,0.0,0.0,1.0,0.0,0.0,0,0,0,0,0,0
2026-07-16 20:48:00,BR-Koramangala,0.0,0.0,0.0,1.0,0.0,0.0,0,0,0,0,0,0
2026-07-16 20:48:00,BR-Whitefield,0.0,0.0,0.0,1.0,0.0,0.0,0,0,0,0,0,0
2026-07-16 20:49:00,HO-Chennai,0.0,0.0,0.0,1.0,0.0,0.0,0,0,0,0,0,0
2026-07-16 20:49:00,ZO-Bengaluru,0.0,0.0,0.0,1.0,0.0,0.0,0,0,0,0,0,0
2026-07-16 20:49:00,BR-Koramangala,0.0,0.0,0.0,1.0,0.0,0.0,0,0,0,0,0,0
2026-07-16 20:49:00,BR-Whitefield,0.0,0.0,0.0,1.0,0.0,0.0,0,0,0,0,0,0
2026-07-16 20:50:00,HO-Chennai,0.0,0.0,0.0,1.0,0.0,0.0,0,0,0,0,0,0
2026-07-16 20:50:00,ZO-Bengaluru,0.0,0.0,0.0,1.0,0.0,0.0,0,0,0,0,0,0
2026-07-16 20:50:00,BR-Koramangala,0.0,0.0,0.0,1.0,0.0,0.0,0,0,0,0,0,0
2026-07-16 20:50:00,BR-Whitefield,0.0,0.0,0.0,1.0,0.0,0.0,0,0,0,0,0,0
2026-07-16 20:51:00,HO-Chennai,0.0,0.0,0.0,1.0,0.0,0.0,0,0,0,0,0,0
2026-07-16 20:51:00,ZO-Bengaluru,0.0,0.0,0.0,1.0,0.0,0.0,0,0,0,0,0,0
2026-07-16 20:51:00,BR-Koramangala,0.0,0.0,0.0,1.0,0.0,0.0,0,0,0,0,0,0
2026-07-16 20:51:00,BR-Whitefield,0.0,0.0,0.0,1.0,0.0,0.0,0,0,0,0,0,0
2026-07-16 20:52:00,HO-Chennai,0.0,0.0,0.0,1.0,0.0,0.0,0,0,0,0,0,0
2026-07-16 20:52:00,ZO-Bengaluru,0.0,0.0,0.0,1.0,0.0,0.0,0,0,0,0,0,0
2026-07-16 20:52:00,BR-Koramangala,0.0,0.0,0.0,1.0,0.0,0.0,0,0,0,0,0,0
2026-07-16 20:52:00,BR-Whitefield,0.0,0.0,0.0,1.0,0.0,0.0,0,0,0,0,0,0
2026-07-16 20:53:00,HO-Chennai,0.0,0.0,0.0,1.0,0.0,0.0,0,0,0,0,0,0
2026-07-16 20:53:00,ZO-Bengaluru,0.0,0.0,0.0,1.0,0.0,0.0,0,0,0,0,0,0
2026-07-16 20:53:00,BR-Koramangala,0.0,0.0,0.0,1.0,0.0,0.0,0,0,0,0,0,0
2026-07-16 20:53:00,BR-Whitefield,0.0,0.0,0.0,1.0,0.0,0.0,0,0,0,0,0,0
2026-07-16 20:54:00,HO-Chennai,0.0,0.0,0.0,1.0,0.0,0.0,0,0,0,0,0,0
2026-07-16 20:54:00,ZO-Bengaluru,0.0,0.0,0.0,1.0,0.0,0.0,0,0,0,0,0,0
2026-07-16 20:54:00,BR-Koramangala,0.0,0.0,0.0,1.0,0.0,0.0,0,0,0,0,0,0
2026-07-16 20:54:00,BR-Whitefield,0.0,0.0,0.0,1.0,0.0,0.0,0,0,0,0,0,0
2026-07-16 20:55:00,HO-Chennai,0.0,0.0,0.0,1.0,0.0,0.0,0,0,0,0,0,0
2026-07-16 20:55:00,ZO-Bengaluru,0.0,0.0,0.0,1.0,0.0,0.0,0,0,0,0,0,0
2026-07-16 20:55:00,BR-Koramangala,0.0,0.0,0.0,1.0,0.0,0.0,0,0,0,0,0,0
2026-07-16 20:55:00,BR-Whitefield,0.0,0.0,0.0,1.0,0.0,0.0,0,0,0,0,0,0
2026-07-16 20:56:00,HO-Chennai,0.0,0.0,0.0,1.0,0.0,0.0,0,0,0,0,0,0
2026-07-16 20:56:00,ZO-Bengaluru,0.0,0.0,0.0,1.0,0.0,0.0,0,0,0,0,0,0
2026-07-16 20:56:00,BR-Koramangala,0.0,0.0,0.0,1.0,0.0,0.0,0,0,0,0,0,0
2026-07-16 20:56:00,BR-Whitefield,0.0,0.0,0.0,1.0,0.0,0.0,0,0,0,0,0,0
2026-07-16 20:57:00,HO-Chennai,0.0,0.0,0.0,1.0,0.0,0.0,0,0,0,0,0,0
2026-07-16 20:57:00,ZO-Bengaluru,0.0,0.0,0.0,1.0,0.0,0.0,0,0,0,0,0,0
2026-07-16 20:57:00,BR-Koramangala,0.0,0.0,0.0,1.0,0.0,0.0,0,0,0,0,0,0
2026-07-16 20:57:00,BR-Whitefield,0.0,0.0,0.0,1.0,0.0,0.0,0,0,0,0,0,0
2026-07-16 20:58:00,HO-Chennai,0.0,0.0,0.0,1.0,0.0,0.0,0,0,0,0,0,0
2026-07-16 20:58:00,ZO-Bengaluru,0.0,0.0,0.0,1.0,0.0,0.0,0,0,0,0,0,0
2026-07-16 20:58:00,BR-Koramangala,0.0,0.0,0.0,1.0,0.0,0.0,0,0,0,0,0,0
2026-07-16 20:58:00,BR-Whitefield,0.0,0.0,0.0,1.0,0.0,0.0,0,0,0,0,0,0
2026-07-16 20:59:00,HO-Chennai,0.0,0.0,0.0,1.0,0.0,0.0,0,0,0,0,0,0
2026-07-16 20:59:00,ZO-Bengaluru,0.0,0.0,0.0,1.0,0.0,0.0,0,0,0,0,0,0
2026-07-16 20:59:00,BR-Koramangala,0.0,0.0,0.0,1.0,0.0,0.0,0,0,0,0,0,0
2026-07-16 20:59:00,BR-Whitefield,0.0,0.0,0.0,1.0,0.0,0.0,0,0,0,0,0,0
2026-07-16 21:00:00,HO-Chennai,0.0,0.0,0.0,1.0,0.0,0.0,0,0,0,0,0,0
2026-07-16 21:00:00,ZO-Bengaluru,0.0,0.0,0.0,1.0,0.0,0.0,0,0,0,0,0,0
2026-07-16 21:00:00,BR-Koramangala,0.0,0.0,0.0,1.0,0.0,0.0,0,0,0,0,0,0
2026-07-16 21:00:00,BR-Whitefield,0.0,0.0,0.0,1.0,0.0,0.0,0,0,0,0,0,0
2026-07-16 21:01:00,HO-Chennai,0.0,0.0,0.0,1.0,0.0,0.0,0,0,0,0,0,0
2026-07-16 21:01:00,ZO-Bengaluru,0.0,0.0,0.0,1.0,0.0,0.0,0,0,0,0,0,0
2026-07-16 21:01:00,BR-Koramangala,0.0,0.0,0.0,1.0,0.0,0.0,0,0,0,0,0,0
2026-07-16 21:01:00,BR-Whitefield,0.0,0.0,0.0,1.0,0.0,0.0,0,0,0,0,0,0
2026-07-16 21:02:00,HO-Chennai,0.0,0.0,0.0,1.0,0.0,0.0,0,0,0,0,0,0
2026-07-16 21:02:00,ZO-Bengaluru,0.0,0.0,0.0,1.0,0.0,0.0,0,0,0,0,0,0
2026-07-16 21:02:00,BR-Koramangala,0.0,0.0,0.0,1.0,0.0,0.0,0,0,0,0,0,0
2026-07-16 21:02:00,BR-Whitefield,0.0,0.0,0.0,1.0,0.0,0.0,0,0,0,0,0,0
2026-07-16 21:03:00,HO-Chennai,0.0,0.0,0.0,1.0,0.0,0.0,0,0,0,0,0,0
2026-07-16 21:03:00,ZO-Bengaluru,0.0,0.0,0.0,1.0,0.0,0.0,0,0,0,0,0,0
2026-07-16 21:03:00,BR-Koramangala,0.0,0.0,0.0,1.0,0.0,0.0,0,0,0,0,0,0
2026-07-16 21:03:00,BR-Whitefield,0.0,0.0,0.0,1.0,0.0,0.0,0,0,0,0,0,0
2026-07-16 21:04:00,HO-Chennai,0.0,0.0,0.0,1.0,0.0,0.0,0,0,0,0,0,0
2026-07-16 21:04:00,ZO-Bengaluru,0.0,0.0,0.0,1.0,0.0,0.0,0,0,0,0,0,0
2026-07-16 21:04:00,BR-Koramangala,0.0,0.0,0.0,1.0,0.0,0.0,0,0,0,0,0,0
2026-07-16 21:04:00,BR-Whitefield,0.0,0.0,0.0,1.0,0.0,0.0,0,0,0,0,0,0
2026-07-16 21:05:00,HO-Chennai,0.0,0.0,0.0,1.0,0.0,0.0,0,0,0,0,0,0
2026-07-16 21:05:00,ZO-Bengaluru,0.0,0.0,0.0,1.0,0.0,0.0,0,0,0,0,0,0
2026-07-16 21:05:00,BR-Koramangala,0.0,0.0,0.0,1.0,0.0,0.0,0,0,0,0,0,0
2026-07-16 21:05:00,BR-Whitefield,0.0,0.0,0.0,1.0,0.0,0.0,0,0,0,0,0,0
2026-07-16 21:06:00,HO-Chennai,0.0,0.0,0.0,1.0,0.0,0.0,0,0,0,0,0,0
2026-07-16 21:06:00,ZO-Bengaluru,0.0,0.0,0.0,1.0,0.0,0.0,0,0,0,0,0,0
2026-07-16 21:06:00,BR-Koramangala,0.0,0.0,0.0,1.0,0.0,0.0,0,0,0,0,0,0
2026-07-16 21:06:00,BR-Whitefield,0.0,0.0,0.0,1.0,0.0,0.0,0,0,0,0,0,0
2026-07-16 21:07:00,HO-Chennai,0.0,0.0,0.0,1.0,0.0,0.0,0,0,0,0,0,0
2026-07-16 21:07:00,ZO-Bengaluru,0.0,0.0,0.0,1.0,0.0,0.0,0,0,0,0,0,0
2026-07-16 21:07:00,BR-Koramangala,0.0,0.0,0.0,1.0,0.0,0.0,0,0,0,0,0,0
2026-07-16 21:07:00,BR-Whitefield,0.0,0.0,0.0,1.0,0.0,0.0,0,0,0,0,0,0
2026-07-16 21:08:00,HO-Chennai,0.0,0.0,0.0,1.0,0.0,0.0,0,0,0,0,0,0
2026-07-16 21:08:00,ZO-Bengaluru,0.0,0.0,0.0,1.0,0.0,0.0,0,0,0,0,0,0
2026-07-16 21:08:00,BR-Koramangala,0.0,0.0,0.0,1.0,0.0,0.0,0,0,0,0,0,0
2026-07-16 21:08:00,BR-Whitefield,0.0,0.0,0.0,1.0,0.0,0.0,0,0,0,0,0,0
2026-07-16 21:09:00,HO-Chennai,0.0,0.0,0.0,1.0,0.0,0.0,0,0,0,0,0,0
2026-07-16 21:09:00,ZO-Bengaluru,0.0,0.0,0.0,1.0,0.0,0.0,0,0,0,0,0,0
2026-07-16 21:09:00,BR-Koramangala,0.0,0.0,0.0,1.0,0.0,0.0,0,0,0,0,0,0
2026-07-16 21:09:00,BR-Whitefield,0.0,0.0,0.0,1.0,0.0,0.0,0,0,0,0,0,0
2026-07-16 21:10:00,HO-Chennai,0.0,0.0,0.0,1.0,0.0,0.0,0,0,0,0,0,0
2026-07-16 21:10:00,ZO-Bengaluru,0.0,0.0,0.0,1.0,0.0,0.0,0,0,0,0,0,0
2026-07-16 21:10:00,BR-Koramangala,0.0,0.0,0.0,1.0,0.0,0.0,0,0,0,0,0,0
2026-07-16 21:10:00,BR-Whitefield,0.0,0.0,0.0,1.0,0.0,0.0,0,0,0,0,0,0
2026-07-16 21:11:00,HO-Chennai,0.0,0.0,0.0,1.0,0.0,0.0,0,0,0,0,0,0
2026-07-16 21:11:00,ZO-Bengaluru,0.0,0.0,0.0,1.0,0.0,0.0,0,0,0,0,0,0
2026-07-16 21:11:00,BR-Koramangala,0.0,0.0,0.0,1.0,0.0,0.0,0,0,0,0,0,0
2026-07-16 21:11:00,BR-Whitefield,0.0,0.0,0.0,1.0,0.0,0.0,0,0,0,0,0,0
2026-07-16 21:12:00,HO-Chennai,0.0,0.0,0.0,1.0,0.0,0.0,0,0,0,0,0,0
2026-07-16 21:12:00,ZO-Bengaluru,0.0,0.0,0.0,1.0,0.0,0.0,0,0,0,0,0,0
2026-07-16 21:12:00,BR-Koramangala,0.0,0.0,0.0,1.0,0.0,0.0,0,0,0,0,0,0
2026-07-16 21:12:00,BR-Whitefield,0.0,0.0,0.0,1.0,0.0,0.0,0,0,0,0,0,0
2026-07-16 21:13:00,HO-Chennai,0.0,0.0,0.0,1.0,0.0,0.0,0,0,0,0,0,0
2026-07-16 21:13:00,ZO-Bengaluru,0.0,0.0,0.0,1.0,0.0,0.0,0,0,0,0,0,0
2026-07-16 21:13:00,BR-Koramangala,0.0,0.0,0.0,1.0,0.0,0.0,0,0,0,0,0,0
2026-07-16 21:13:00,BR-Whitefield,0.0,0.0,0.0,1.0,0.0,0.0,0,0,0,0,0,0
2026-07-16 21:14:00,HO-Chennai,0.0,0.0,0.0,1.0,0.0,0.0,0,0,0,0,0,0
2026-07-16 21:14:00,ZO-Bengaluru,0.0,0.0,0.0,1.0,0.0,0.0,0,0,0,0,0,0
2026-07-16 21:14:00,BR-Koramangala,0.0,0.0,0.0,1.0,0.0,0.0,0,0,0,0,0,0
2026-07-16 21:14:00,BR-Whitefield,0.0,0.0,0.0,1.0,0.0,0.0,0,0,0,0,0,0
2026-07-16 21:15:00,HO-Chennai,0.0,0.0,0.0,1.0,0.0,0.0,0,0,0,0,0,0
2026-07-16 21:15:00,ZO-Bengaluru,0.0,0.0,0.0,1.0,0.0,0.0,0,0,0,0,0,0
2026-07-16 21:15:00,BR-Koramangala,0.0,0.0,0.0,1.0,0.0,0.0,0,0,0,0,0,0
2026-07-16 21:15:00,BR-Whitefield,0.0,0.0,0.0,1.0,0.0,0.0,0,0,0,0,0,0
2026-07-16 21:16:00,HO-Chennai,0.0,0.0,0.0,1.0,0.0,0.0,0,0,0,0,0,0
2026-07-16 21:16:00,ZO-Bengaluru,0.0,0.0,0.0,1.0,0.0,0.0,0,0,0,0,0,0
2026-07-16 21:16:00,BR-Koramangala,0.0,0.0,0.0,1.0,0.0,0.0,0,0,0,0,0,0
2026-07-16 21:16:00,BR-Whitefield,0.0,0.0,0.0,1.0,0.0,0.0,0,0,0,0,0,0
2026-07-16 21:17:00,HO-Chennai,0.0,0.0,0.0,1.0,0.0,0.0,0,0,0,0,0,0
2026-07-16 21:17:00,ZO-Bengaluru,0.0,0.0,0.0,1.0,0.0,0.0,0,0,0,0,0,0
2026-07-16 21:17:00,BR-Koramangala,0.0,0.0,0.0,1.0,0.0,0.0,0,0,0,0,0,0
2026-07-16 21:17:00,BR-Whitefield,0.0,0.0,0.0,1.0,0.0,0.0,0,0,0,0,0,0
2026-07-16 21:18:00,HO-Chennai,0.0,0.0,0.0,1.0,0.0,0.0,0,0,0,0,0,0
2026-07-16 21:18:00,ZO-Bengaluru,0.0,0.0,0.0,1.0,0.0,0.0,0,0,0,0,0,0
2026-07-16 21:18:00,BR-Koramangala,0.0,0.0,0.0,1.0,0.0,0.0,0,0,0,0,0,0
2026-07-16 21:18:00,BR-Whitefield,0.0,0.0,0.0,1.0,0.0,0.0,0,0,0,0,0,0
2026-07-16 21:19:00,HO-Chennai,0.0,0.0,0.0,1.0,0.0,0.0,0,0,0,0,0,0
2026-07-16 21:19:00,ZO-Bengaluru,0.0,0.0,0.0,1.0,0.0,0.0,0,0,0,0,0,0
2026-07-16 21:19:00,BR-Koramangala,0.0,0.0,0.0,1.0,0.0,0.0,0,0,0,0,0,0
2026-07-16 21:19:00,BR-Whitefield,0.0,0.0,0.0,1.0,0.0,0.0,0,0,0,0,0,0
2026-07-16 21:20:00,HO-Chennai,0.0,0.0,0.0,1.0,0.0,0.0,0,0,0,0,0,0
2026-07-16 21:20:00,ZO-Bengaluru,0.0,0.0,0.0,1.0,0.0,0.0,0,0,0,0,0,0
2026-07-16 21:20:00,BR-Koramangala,0.0,0.0,0.0,1.0,0.0,0.0,0,0,0,0,0,0
2026-07-16 21:20:00,BR-Whitefield,0.0,0.0,0.0,1.0,0.0,0.0,0,0,0,0,0,0
2026-07-16 21:21:00,HO-Chennai,0.0,0.0,0.0,1.0,0.0,0.0,0,0,0,0,0,0
2026-07-16 21:21:00,ZO-Bengaluru,0.0,0.0,0.0,1.0,0.0,0.0,0,0,0,0,0,0
2026-07-16 21:21:00,BR-Koramangala,0.0,0.0,0.0,1.0,0.0,0.0,0,0,0,0,0,0
2026-07-16 21:21:00,BR-Whitefield,0.0,0.0,0.0,1.0,0.0,0.0,0,0,0,0,0,0
2026-07-16 21:22:00,HO-Chennai,0.0,0.0,0.0,1.0,0.0,0.0,0,0,0,0,0,0
2026-07-16 21:22:00,ZO-Bengaluru,0.0,0.0,0.0,1.0,0.0,0.0,0,0,0,0,0,0
2026-07-16 21:22:00,BR-Koramangala,0.0,0.0,0.0,1.0,0.0,0.0,0,0,0,0,0,0
2026-07-16 21:22:00,BR-Whitefield,0.0,0.0,0.0,1.0,0.0,0.0,0,0,0,0,0,0
2026-07-16 21:23:00,HO-Chennai,0.0,0.0,0.0,1.0,0.0,0.0,0,0,0,0,0,0
2026-07-16 21:23:00,ZO-Bengaluru,0.0,0.0,0.0,1.0,0.0,0.0,0,0,0,0,0,0
2026-07-16 21:23:00,BR-Koramangala,0.0,0.0,0.0,1.0,0.0,0.0,0,0,0,0,0,0
2026-07-16 21:23:00,BR-Whitefield,0.0,0.0,0.0,1.0,0.0,0.0,0,0,0,0,0,0
2026-07-16 21:24:00,HO-Chennai,0.0,0.0,0.0,1.0,0.0,0.0,0,0,0,0,0,0
2026-07-16 21:24:00,ZO-Bengaluru,0.0,0.0,0.0,1.0,0.0,0.0,0,0,0,0,0,0
2026-07-16 21:24:00,BR-Koramangala,0.0,0.0,0.0,1.0,0.0,0.0,0,0,0,0,0,0
2026-07-16 21:24:00,BR-Whitefield,0.0,0.0,0.0,1.0,0.0,0.0,0,0,0,0,0,0
2026-07-16 21:25:00,HO-Chennai,0.0,0.0,0.0,1.0,0.0,0.0,0,0,0,0,0,0
2026-07-16 21:25:00,ZO-Bengaluru,0.0,0.0,0.0,1.0,0.0,0.0,0,0,0,0,0,0
2026-07-16 21:25:00,BR-Koramangala,0.0,0.0,0.0,1.0,0.0,0.0,0,0,0,0,0,0
2026-07-16 21:25:00,BR-Whitefield,0.0,0.0,0.0,1.0,0.0,0.0,0,0,0,0,0,0
2026-07-16 21:26:00,HO-Chennai,0.0,0.0,0.0,1.0,0.0,0.0,0,0,0,0,0,0
2026-07-16 21:26:00,ZO-Bengaluru,0.0,0.0,0.0,1.0,0.0,0.0,0,0,0,0,0,0
2026-07-16 21:26:00,BR-Koramangala,0.0,0.0,0.0,1.0,0.0,0.0,0,0,0,0,0,0
2026-07-16 21:26:00,BR-Whitefield,0.0,0.0,0.0,1.0,0.0,0.0,0,0,0,0,0,0
2026-07-16 21:27:00,HO-Chennai,0.0,0.0,0.0,1.0,0.0,0.0,0,0,0,0,0,0
2026-07-16 21:27:00,ZO-Bengaluru,0.0,0.0,0.0,1.0,0.0,0.0,0,0,0,0,0,0
2026-07-16 21:27:00,BR-Koramangala,0.0,0.0,0.0,1.0,0.0,0.0,0,0,0,0,0,0
2026-07-16 21:27:00,BR-Whitefield,0.0,0.0,0.0,1.0,0.0,0.0,0,0,0,0,0,0
2026-07-16 21:28:00,HO-Chennai,0.0,0.0,0.0,1.0,0.0,0.0,0,0,0,0,0,0
2026-07-16 21:28:00,ZO-Bengaluru,0.0,0.0,0.0,1.0,0.0,0.0,0,0,0,0,0,0
2026-07-16 21:28:00,BR-Koramangala,0.0,0.0,0.0,1.0,0.0,0.0,0,0,0,0,0,0
2026-07-16 21:28:00,BR-Whitefield,0.0,0.0,0.0,1.0,0.0,0.0,0,0,0,0,0,0
2026-07-16 21:29:00,HO-Chennai,0.0,0.0,0.0,1.0,0.0,0.0,0,0,0,0,0,0
2026-07-16 21:29:00,ZO-Bengaluru,0.0,0.0,0.0,1.0,0.0,0.0,0,0,0,0,0,0
2026-07-16 21:29:00,BR-Koramangala,0.0,0.0,0.0,1.0,0.0,0.0,0,0,0,0,0,0
2026-07-16 21:29:00,BR-Whitefield,0.0,0.0,0.0,1.0,0.0,0.0,0,0,0,0,0,0
2026-07-16 21:30:00,HO-Chennai,0.0,0.0,0.0,1.0,0.0,0.0,0,0,0,0,0,0
2026-07-16 21:30:00,ZO-Bengaluru,0.0,0.0,0.0,1.0,0.0,0.0,0,0,0,0,0,0
2026-07-16 21:30:00,BR-Koramangala,0.0,0.0,0.0,1.0,0.0,0.0,0,0,0,0,0,0
2026-07-16 21:30:00,BR-Whitefield,0.0,0.0,0.0,1.0,0.0,0.0,0,0,0,0,0,0
2026-07-16 21:31:00,HO-Chennai,0.0,0.0,0.0,1.0,0.0,0.0,0,0,0,0,0,0
2026-07-16 21:31:00,ZO-Bengaluru,0.0,0.0,0.0,1.0,0.0,0.0,0,0,0,0,0,0
2026-07-16 21:31:00,BR-Koramangala,0.0,0.0,0.0,1.0,0.0,0.0,0,0,0,0,0,0
2026-07-16 21:31:00,BR-Whitefield,0.0,0.0,0.0,1.0,0.0,0.0,0,0,0,0,0,0
2026-07-16 21:32:00,HO-Chennai,0.0,0.0,0.0,1.0,0.0,0.0,0,0,0,0,0,0
2026-07-16 21:32:00,ZO-Bengaluru,0.0,0.0,0.0,1.0,0.0,0.0,0,0,0,0,0,0
2026-07-16 21:32:00,BR-Koramangala,0.0,0.0,0.0,1.0,0.0,0.0,0,0,0,0,0,0
2026-07-16 21:32:00,BR-Whitefield,0.0,0.0,0.0,1.0,0.0,0.0,0,0,0,0,0,0
2026-07-16 21:33:00,HO-Chennai,0.0,0.0,0.0,1.0,0.0,0.0,0,0,0,0,0,0
2026-07-16 21:33:00,ZO-Bengaluru,0.0,0.0,0.0,1.0,0.0,0.0,0,0,0,0,0,0
2026-07-16 21:33:00,BR-Koramangala,0.0,0.0,0.0,1.0,0.0,0.0,0,0,0,0,0,0
2026-07-16 21:33:00,BR-Whitefield,0.0,0.0,0.0,1.0,0.0,0.0,0,0,0,0,0,0
2026-07-16 21:34:00,HO-Chennai,0.0,0.0,0.0,1.0,0.0,0.0,0,0,0,0,0,0
2026-07-16 21:34:00,ZO-Bengaluru,0.0,0.0,0.0,1.0,0.0,0.0,0,0,0,0,0,0
2026-07-16 21:34:00,BR-Koramangala,0.0,0.0,0.0,1.0,0.0,0.0,0,0,0,0,0,0
2026-07-16 21:34:00,BR-Whitefield,0.0,0.0,0.0,1.0,0.0,0.0,0,0,0,0,0,0
2026-07-16 21:35:00,HO-Chennai,0.0,0.0,0.0,1.0,0.0,0.0,0,0,0,0,0,0
2026-07-16 21:35:00,ZO-Bengaluru,0.0,0.0,0.0,1.0,0.0,0.0,0,0,0,0,0,0
2026-07-16 21:35:00,BR-Koramangala,0.0,0.0,0.0,1.0,0.0,0.0,0,0,0,0,0,0
2026-07-16 21:35:00,BR-Whitefield,0.0,0.0,0.0,1.0,0.0,0.0,0,0,0,0,0,0
2026-07-16 21:36:00,HO-Chennai,0.0,0.0,0.0,1.0,0.0,0.0,0,0,0,0,0,0
2026-07-16 21:36:00,ZO-Bengaluru,0.0,0.0,0.0,1.0,0.0,0.0,0,0,0,0,0,0
2026-07-16 21:36:00,BR-Koramangala,0.0,0.0,0.0,1.0,0.0,0.0,0,0,0,0,0,0
2026-07-16 21:36:00,BR-Whitefield,0.0,0.0,0.0,1.0,0.0,0.0,0,0,0,0,0,0
2026-07-16 21:37:00,HO-Chennai,0.0,0.0,0.0,1.0,0.0,0.0,0,0,0,0,0,0
2026-07-16 21:37:00,ZO-Bengaluru,0.0,0.0,0.0,1.0,0.0,0.0,0,0,0,0,0,0
2026-07-16 21:37:00,BR-Koramangala,0.0,0.0,0.0,1.0,0.0,0.0,0,0,0,0,0,0
2026-07-16 21:37:00,BR-Whitefield,0.0,0.0,0.0,1.0,0.0,0.0,0,0,0,0,0,0
2026-07-16 21:38:00,HO-Chennai,0.0,0.0,0.0,1.0,0.0,0.0,0,0,0,0,0,0
2026-07-16 21:38:00,ZO-Bengaluru,0.0,0.0,0.0,1.0,0.0,0.0,0,0,0,0,0,0
2026-07-16 21:38:00,BR-Koramangala,0.0,0.0,0.0,1.0,0.0,0.0,0,0,0,0,0,0
2026-07-16 21:38:00,BR-Whitefield,0.0,0.0,0.0,1.0,0.0,0.0,0,0,0,0,0,0
2026-07-16 21:39:00,HO-Chennai,0.0,0.0,0.0,1.0,0.0,0.0,0,0,0,0,0,0
2026-07-16 21:39:00,ZO-Bengaluru,0.0,0.0,0.0,1.0,0.0,0.0,0,0,0,0,0,0
2026-07-16 21:39:00,BR-Koramangala,0.0,0.0,0.0,1.0,0.0,0.0,0,0,0,0,0,0
2026-07-16 21:39:00,BR-Whitefield,0.0,0.0,0.0,1.0,0.0,0.0,0,0,0,0,0,0
2026-07-16 21:40:00,HO-Chennai,0.0,0.0,0.0,1.0,0.0,0.0,0,0,0,0,0,0
2026-07-16 21:40:00,ZO-Bengaluru,0.0,0.0,0.0,1.0,0.0,0.0,0,0,0,0,0,0
2026-07-16 21:40:00,BR-Koramangala,0.0,0.0,0.0,1.0,0.0,0.0,0,0,0,0,0,0
2026-07-16 21:40:00,BR-Whitefield,0.0,0.0,0.0,1.0,0.0,0.0,0,0,0,0,0,0
2026-07-16 21:41:00,HO-Chennai,0.0,0.0,0.0,1.0,0.0,0.0,0,0,0,0,0,0
2026-07-16 21:41:00,ZO-Bengaluru,0.0,0.0,0.0,1.0,0.0,0.0,0,0,0,0,0,0
2026-07-16 21:41:00,BR-Koramangala,0.0,0.0,0.0,1.0,0.0,0.0,0,0,0,0,0,0
2026-07-16 21:41:00,BR-Whitefield,0.0,0.0,0.0,1.0,0.0,0.0,0,0,0,0,0,0
2026-07-16 21:42:00,HO-Chennai,0.0,0.0,0.0,1.0,0.0,0.0,0,0,0,0,0,0
2026-07-16 21:42:00,ZO-Bengaluru,0.0,0.0,0.0,1.0,0.0,0.0,0,0,0,0,0,0
2026-07-16 21:42:00,BR-Koramangala,0.0,0.0,0.0,1.0,0.0,0.0,0,0,0,0,0,0
2026-07-16 21:42:00,BR-Whitefield,0.0,0.0,0.0,1.0,0.0,0.0,0,0,0,0,0,0
2026-07-16 21:43:00,HO-Chennai,0.0,0.0,0.0,1.0,0.0,0.0,0,0,0,0,0,0
2026-07-16 21:43:00,ZO-Bengaluru,0.0,0.0,0.0,1.0,0.0,0.0,0,0,0,0,0,0
2026-07-16 21:43:00,BR-Koramangala,0.0,0.0,0.0,1.0,0.0,0.0,0,0,0,0,0,0
2026-07-16 21:43:00,BR-Whitefield,0.0,0.0,0.0,1.0,0.0,0.0,0,0,0,0,0,0
2026-07-16 21:44:00,HO-Chennai,0.0,0.0,0.0,1.0,0.0,0.0,0,0,0,0,0,0
2026-07-16 21:44:00,ZO-Bengaluru,0.0,0.0,0.0,1.0,0.0,0.0,0,0,0,0,0,0
2026-07-16 21:44:00,BR-Koramangala,0.0,0.0,0.0,1.0,0.0,0.0,0,0,0,0,0,0
2026-07-16 21:44:00,BR-Whitefield,0.0,0.0,0.0,1.0,0.0,0.0,0,0,0,0,0,0
2026-07-16 21:45:00,HO-Chennai,0.0,0.0,0.0,1.0,0.0,0.0,0,0,0,0,0,0
2026-07-16 21:45:00,ZO-Bengaluru,0.0,0.0,0.0,1.0,0.0,0.0,0,0,0,0,0,0
2026-07-16 21:45:00,BR-Koramangala,0.0,0.0,0.0,1.0,0.0,0.0,0,0,0,0,0,0
2026-07-16 21:45:00,BR-Whitefield,0.0,0.0,0.0,1.0,0.0,0.0,0,0,0,0,0,0
2026-07-16 21:46:00,HO-Chennai,0.0,0.0,0.0,1.0,0.0,0.0,0,0,0,0,0,0
2026-07-16 21:46:00,ZO-Bengaluru,0.0,0.0,0.0,1.0,0.0,0.0,0,0,0,0,0,0
2026-07-16 21:46:00,BR-Koramangala,0.0,0.0,0.0,1.0,0.0,0.0,0,0,0,0,0,0
2026-07-16 21:46:00,BR-Whitefield,0.0,0.0,0.0,1.0,0.0,0.0,0,0,0,0,0,0
2026-07-16 21:47:00,HO-Chennai,0.0,0.0,0.0,1.0,0.0,0.0,0,0,0,0,0,0
2026-07-16 21:47:00,ZO-Bengaluru,0.0,0.0,0.0,1.0,0.0,0.0,0,0,0,0,0,0
2026-07-16 21:47:00,BR-Koramangala,0.0,0.0,0.0,1.0,0.0,0.0,0,0,0,0,0,0
2026-07-16 21:47:00,BR-Whitefield,0.0,0.0,0.0,1.0,0.0,0.0,0,0,0,0,0,0
2026-07-16 21:48:00,HO-Chennai,0.0,0.0,0.0,1.0,0.0,0.0,0,0,0,0,0,0
2026-07-16 21:48:00,ZO-Bengaluru,0.0,0.0,0.0,1.0,0.0,0.0,0,0,0,0,0,0
2026-07-16 21:48:00,BR-Koramangala,0.0,0.0,0.0,1.0,0.0,0.0,0,0,0,0,0,0
2026-07-16 21:48:00,BR-Whitefield,0.0,0.0,0.0,1.0,0.0,0.0,0,0,0,0,0,0
2026-07-16 21:49:00,HO-Chennai,0.0,0.0,0.0,1.0,0.0,0.0,0,0,0,0,0,0
2026-07-16 21:49:00,ZO-Bengaluru,0.0,0.0,0.0,1.0,0.0,0.0,0,0,0,0,0,0
2026-07-16 21:49:00,BR-Koramangala,0.0,0.0,0.0,1.0,0.0,0.0,0,0,0,0,0,0
2026-07-16 21:49:00,BR-Whitefield,0.0,0.0,0.0,1.0,0.0,0.0,0,0,0,0,0,0
2026-07-16 21:50:00,HO-Chennai,0.0,0.0,0.0,1.0,0.0,0.0,0,0,0,0,0,0
2026-07-16 21:50:00,ZO-Bengaluru,0.0,0.0,0.0,1.0,0.0,0.0,0,0,0,0,0,0
2026-07-16 21:50:00,BR-Koramangala,0.0,0.0,0.0,1.0,0.0,0.0,0,0,0,0,0,0
2026-07-16 21:50:00,BR-Whitefield,0.0,0.0,0.0,1.0,0.0,0.0,0,0,0,0,0,0
2026-07-16 21:51:00,HO-Chennai,0.0,0.0,0.0,1.0,0.0,0.0,0,0,0,0,0,0
2026-07-16 21:51:00,ZO-Bengaluru,0.0,0.0,0.0,1.0,0.0,0.0,0,0,0,0,0,0
2026-07-16 21:51:00,BR-Koramangala,0.0,0.0,0.0,1.0,0.0,0.0,0,0,0,0,0,0
2026-07-16 21:51:00,BR-Whitefield,0.0,0.0,0.0,1.0,0.0,0.0,0,0,0,0,0,0
2026-07-16 21:52:00,HO-Chennai,0.0,0.0,0.0,1.0,0.0,0.0,0,0,0,0,0,0
2026-07-16 21:52:00,ZO-Bengaluru,0.0,0.0,0.0,1.0,0.0,0.0,0,0,0,0,0,0
2026-07-16 21:52:00,BR-Koramangala,0.0,0.0,0.0,1.0,0.0,0.0,0,0,0,0,0,0
2026-07-16 21:52:00,BR-Whitefield,0.0,0.0,0.0,1.0,0.0,0.0,0,0,0,0,0,0
2026-07-16 21:53:00,HO-Chennai,0.0,0.0,0.0,1.0,0.0,0.0,0,0,0,0,0,0
2026-07-16 21:53:00,ZO-Bengaluru,0.0,0.0,0.0,1.0,0.0,0.0,0,0,0,0,0,0
2026-07-16 21:53:00,BR-Koramangala,0.0,0.0,0.0,1.0,0.0,0.0,0,0,0,0,0,0
2026-07-16 21:53:00,BR-Whitefield,0.0,0.0,0.0,1.0,0.0,0.0,0,0,0,0,0,0
2026-07-16 21:54:00,HO-Chennai,0.0,0.0,0.0,1.0,0.0,0.0,0,0,0,0,0,0
2026-07-16 21:54:00,ZO-Bengaluru,0.0,0.0,0.0,1.0,0.0,0.0,0,0,0,0,0,0
2026-07-16 21:54:00,BR-Koramangala,0.0,0.0,0.0,1.0,0.0,0.0,0,0,0,0,0,0
2026-07-16 21:54:00,BR-Whitefield,0.0,0.0,0.0,1.0,0.0,0.0,0,0,0,0,0,0
2026-07-16 21:55:00,HO-Chennai,0.0,0.0,0.0,1.0,0.0,0.0,0,0,0,0,0,0
2026-07-16 21:55:00,ZO-Bengaluru,0.0,0.0,0.0,1.0,0.0,0.0,0,0,0,0,0,0
2026-07-16 21:55:00,BR-Koramangala,0.0,0.0,0.0,1.0,0.0,0.0,0,0,0,0,0,0
2026-07-16 21:55:00,BR-Whitefield,0.0,0.0,0.0,1.0,0.0,0.0,0,0,0,0,0,0
2026-07-16 21:56:00,HO-Chennai,0.0,0.0,0.0,1.0,0.0,0.0,0,0,0,0,0,0
2026-07-16 21:56:00,ZO-Bengaluru,0.0,0.0,0.0,1.0,0.0,0.0,0,0,0,0,0,0
2026-07-16 21:56:00,BR-Koramangala,0.0,0.0,0.0,1.0,0.0,0.0,0,0,0,0,0,0
2026-07-16 21:56:00,BR-Whitefield,0.0,0.0,0.0,1.0,0.0,0.0,0,0,0,0,0,0
2026-07-16 21:57:00,HO-Chennai,0.0,0.0,0.0,1.0,0.0,0.0,0,0,0,0,0,0
2026-07-16 21:57:00,ZO-Bengaluru,0.0,0.0,0.0,1.0,0.0,0.0,0,0,0,0,0,0
2026-07-16 21:57:00,BR-Koramangala,0.0,0.0,0.0,1.0,0.0,0.0,0,0,0,0,0,0
2026-07-16 21:57:00,BR-Whitefield,0.0,0.0,0.0,1.0,0.0,0.0,0,0,0,0,0,0
2026-07-16 21:58:00,HO-Chennai,0.0,0.0,0.0,1.0,0.0,0.0,0,0,0,0,0,0
2026-07-16 21:58:00,ZO-Bengaluru,0.0,0.0,0.0,1.0,0.0,0.0,0,0,0,0,0,0
2026-07-16 21:58:00,BR-Koramangala,0.0,0.0,0.0,1.0,0.0,0.0,0,0,0,0,0,0
2026-07-16 21:58:00,BR-Whitefield,0.0,0.0,0.0,1.0,0.0,0.0,0,0,0,0,0,0
2026-07-16 21:59:00,HO-Chennai,0.0,0.0,0.0,1.0,0.0,0.0,0,0,0,0,0,0
2026-07-16 21:59:00,ZO-Bengaluru,0.0,0.0,0.0,1.0,0.0,0.0,0,0,0,0,0,0
2026-07-16 21:59:00,BR-Koramangala,0.0,0.0,0.0,1.0,0.0,0.0,0,0,0,0,0,0
2026-07-16 21:59:00,BR-Whitefield,0.0,0.0,0.0,1.0,0.0,0.0,0,0,0,0,0,0
2026-07-16 22:00:00,HO-Chennai,0.0,0.0,0.0,1.0,0.0,0.0,0,0,0,0,0,0
2026-07-16 22:00:00,ZO-Bengaluru,0.0,0.0,0.0,1.0,0.0,0.0,0,0,0,0,0,0
2026-07-16 22:00:00,BR-Koramangala,0.0,0.0,0.0,1.0,0.0,0.0,0,0,0,0,0,0
2026-07-16 22:00:00,BR-Whitefield,0.0,0.0,0.0,1.0,0.0,0.0,0,0,0,0,0,0
2026-07-16 22:01:00,HO-Chennai,0.0,0.0,0.0,1.0,0.0,0.0,0,0,0,0,0,0
2026-07-16 22:01:00,ZO-Bengaluru,0.0,0.0,0.0,1.0,0.0,0.0,0,0,0,0,0,0
2026-07-16 22:01:00,BR-Koramangala,0.0,0.0,0.0,1.0,0.0,0.0,0,0,0,0,0,0
2026-07-16 22:01:00,BR-Whitefield,0.0,0.0,0.0,1.0,0.0,0.0,0,0,0,0,0,0
2026-07-16 22:02:00,HO-Chennai,0.0,0.0,0.0,1.0,0.0,0.0,0,0,0,0,0,0
2026-07-16 22:02:00,ZO-Bengaluru,0.0,0.0,0.0,1.0,0.0,0.0,0,0,0,0,0,0
2026-07-16 22:02:00,BR-Koramangala,0.0,0.0,0.0,1.0,0.0,0.0,0,0,0,0,0,0
2026-07-16 22:02:00,BR-Whitefield,0.0,0.0,0.0,1.0,0.0,0.0,0,0,0,0,0,0
2026-07-16 22:03:00,HO-Chennai,0.0,0.0,0.0,1.0,0.0,0.0,0,0,0,0,0,0
2026-07-16 22:03:00,ZO-Bengaluru,0.0,0.0,0.0,1.0,0.0,0.0,0,0,0,0,0,0
2026-07-16 22:03:00,BR-Koramangala,0.0,0.0,0.0,1.0,0.0,0.0,0,0,0,0,0,0
2026-07-16 22:03:00,BR-Whitefield,0.0,0.0,0.0,1.0,0.0,0.0,0,0,0,0,0,0
2026-07-16 22:04:00,HO-Chennai,0.0,0.0,0.0,1.0,0.0,0.0,0,0,0,0,0,0
2026-07-16 22:04:00,ZO-Bengaluru,0.0,0.0,0.0,1.0,0.0,0.0,0,0,0,0,0,0
2026-07-16 22:04:00,BR-Koramangala,0.0,0.0,0.0,1.0,0.0,0.0,0,0,0,0,0,0
2026-07-16 22:04:00,BR-Whitefield,0.0,0.0,0.0,1.0,0.0,0.0,0,0,0,0,0,0
2026-07-16 22:05:00,HO-Chennai,0.0,0.0,0.0,1.0,0.0,0.0,0,0,0,0,0,0
2026-07-16 22:05:00,ZO-Bengaluru,0.0,0.0,0.0,1.0,0.0,0.0,0,0,0,0,0,0
2026-07-16 22:05:00,BR-Koramangala,0.0,0.0,0.0,1.0,0.0,0.0,0,0,0,0,0,0
2026-07-16 22:05:00,BR-Whitefield,0.0,0.0,0.0,1.0,0.0,0.0,0,0,0,0,0,0
2026-07-16 22:06:00,HO-Chennai,0.0,0.0,0.0,1.0,0.0,0.0,0,0,0,0,0,0
2026-07-16 22:06:00,ZO-Bengaluru,0.0,0.0,0.0,1.0,0.0,0.0,0,0,0,0,0,0
2026-07-16 22:06:00,BR-Koramangala,0.0,0.0,0.0,1.0,0.0,0.0,0,0,0,0,0,0
2026-07-16 22:06:00,BR-Whitefield,0.0,0.0,0.0,1.0,0.0,0.0,0,0,0,0,0,0
2026-07-16 22:07:00,HO-Chennai,0.0,0.0,0.0,1.0,0.0,0.0,0,0,0,0,0,0
2026-07-16 22:07:00,ZO-Bengaluru,0.0,0.0,0.0,1.0,0.0,0.0,0,0,0,0,0,0
2026-07-16 22:07:00,BR-Koramangala,0.0,0.0,0.0,1.0,0.0,0.0,0,0,0,0,0,0
2026-07-16 22:07:00,BR-Whitefield,0.0,0.0,0.0,1.0,0.0,0.0,0,0,0,0,0,0
2026-07-16 22:08:00,HO-Chennai,0.0,0.0,0.0,1.0,0.0,0.0,0,0,0,0,0,0
2026-07-16 22:08:00,ZO-Bengaluru,0.0,0.0,0.0,1.0,0.0,0.0,0,0,0,0,0,0
2026-07-16 22:08:00,BR-Koramangala,0.0,0.0,0.0,1.0,0.0,0.0,0,0,0,0,0,0
2026-07-16 22:08:00,BR-Whitefield,0.0,0.0,0.0,1.0,0.0,0.0,0,0,0,0,0,0
2026-07-16 22:09:00,HO-Chennai,0.0,0.0,0.0,1.0,0.0,0.0,0,0,0,0,0,0
2026-07-16 22:09:00,ZO-Bengaluru,0.0,0.0,0.0,1.0,0.0,0.0,0,0,0,0,0,0
2026-07-16 22:09:00,BR-Koramangala,0.0,0.0,0.0,1.0,0.0,0.0,0,0,0,0,0,0
2026-07-16 22:09:00,BR-Whitefield,0.0,0.0,0.0,1.0,0.0,0.0,0,0,0,0,0,0
2026-07-16 22:10:00,HO-Chennai,0.0,0.0,0.0,1.0,0.0,0.0,0,0,0,0,0,0
2026-07-16 22:10:00,ZO-Bengaluru,0.0,0.0,0.0,1.0,0.0,0.0,0,0,0,0,0,0
2026-07-16 22:10:00,BR-Koramangala,0.0,0.0,0.0,1.0,0.0,0.0,0,0,0,0,0,0
2026-07-16 22:10:00,BR-Whitefield,0.0,0.0,0.0,1.0,0.0,0.0,0,0,0,0,0,0
2026-07-16 22:11:00,HO-Chennai,0.0,0.0,0.0,1.0,0.0,0.0,0,0,0,0,0,0
2026-07-16 22:11:00,ZO-Bengaluru,0.0,0.0,0.0,1.0,0.0,0.0,0,0,0,0,0,0
2026-07-16 22:11:00,BR-Koramangala,0.0,0.0,0.0,1.0,0.0,0.0,0,0,0,0,0,0
2026-07-16 22:11:00,BR-Whitefield,0.0,0.0,0.0,1.0,0.0,0.0,0,0,0,0,0,0
2026-07-16 22:12:00,HO-Chennai,0.0,0.0,0.0,1.0,0.0,0.0,0,0,0,0,0,0
2026-07-16 22:12:00,ZO-Bengaluru,0.0,0.0,0.0,1.0,0.0,0.0,0,0,0,0,0,0
2026-07-16 22:12:00,BR-Koramangala,0.0,0.0,0.0,1.0,0.0,0.0,0,0,0,0,0,0
2026-07-16 22:12:00,BR-Whitefield,0.0,0.0,0.0,1.0,0.0,0.0,0,0,0,0,0,0
2026-07-16 22:13:00,HO-Chennai,0.0,0.0,0.0,1.0,0.0,0.0,0,0,0,0,0,0
2026-07-16 22:13:00,ZO-Bengaluru,0.0,0.0,0.0,1.0,0.0,0.0,0,0,0,0,0,0
2026-07-16 22:13:00,BR-Koramangala,0.0,0.0,0.0,1.0,0.0,0.0,0,0,0,0,0,0
2026-07-16 22:13:00,BR-Whitefield,0.0,0.0,0.0,1.0,0.0,0.0,0,0,0,0,0,0
2026-07-16 22:14:00,HO-Chennai,0.0,0.0,0.0,1.0,0.0,0.0,0,0,0,0,0,0
2026-07-16 22:14:00,ZO-Bengaluru,0.0,0.0,0.0,1.0,0.0,0.0,0,0,0,0,0,0
2026-07-16 22:14:00,BR-Koramangala,0.0,0.0,0.0,1.0,0.0,0.0,0,0,0,0,0,0
2026-07-16 22:14:00,BR-Whitefield,0.0,0.0,0.0,1.0,0.0,0.0,0,0,0,0,0,0
2026-07-16 22:15:00,HO-Chennai,0.0,0.0,0.0,1.0,0.0,0.0,0,0,0,0,0,0
2026-07-16 22:15:00,ZO-Bengaluru,0.0,0.0,0.0,1.0,0.0,0.0,0,0,0,0,0,0
2026-07-16 22:15:00,BR-Koramangala,0.0,0.0,0.0,1.0,0.0,0.0,0,0,0,0,0,0
2026-07-16 22:15:00,BR-Whitefield,0.0,0.0,0.0,1.0,0.0,0.0,0,0,0,0,0,0
2026-07-16 22:16:00,HO-Chennai,0.0,0.0,0.0,1.0,0.0,0.0,0,0,0,0,0,0
2026-07-16 22:16:00,ZO-Bengaluru,0.0,0.0,0.0,1.0,0.0,0.0,0,0,0,0,0,0
2026-07-16 22:16:00,BR-Koramangala,0.0,0.0,0.0,1.0,0.0,0.0,0,0,0,0,0,0
2026-07-16 22:16:00,BR-Whitefield,0.0,0.0,0.0,1.0,0.0,0.0,0,0,0,0,0,0
2026-07-16 22:17:00,HO-Chennai,0.0,0.0,0.0,1.0,0.0,0.0,0,0,0,0,0,0
2026-07-16 22:17:00,ZO-Bengaluru,0.0,0.0,0.0,1.0,0.0,0.0,0,0,0,0,0,0
2026-07-16 22:17:00,BR-Koramangala,0.0,0.0,0.0,1.0,0.0,0.0,0,0,0,0,0,0
2026-07-16 22:17:00,BR-Whitefield,0.0,0.0,0.0,1.0,0.0,0.0,0,0,0,0,0,0
2026-07-16 22:18:00,HO-Chennai,0.0,0.0,0.0,1.0,0.0,0.0,0,0,0,0,0,0
2026-07-16 22:18:00,ZO-Bengaluru,0.0,0.0,0.0,1.0,0.0,0.0,0,0,0,0,0,0
2026-07-16 22:18:00,BR-Koramangala,0.0,0.0,0.0,1.0,0.0,0.0,0,0,0,0,0,0
2026-07-16 22:18:00,BR-Whitefield,0.0,0.0,0.0,1.0,0.0,0.0,0,0,0,0,0,0
2026-07-16 22:19:00,HO-Chennai,0.0,0.0,0.0,1.0,0.0,0.0,0,0,0,0,0,0
2026-07-16 22:19:00,ZO-Bengaluru,0.0,0.0,0.0,1.0,0.0,0.0,0,0,0,0,0,0
2026-07-16 22:19:00,BR-Koramangala,0.0,0.0,0.0,1.0,0.0,0.0,0,0,0,0,0,0
2026-07-16 22:19:00,BR-Whitefield,0.0,0.0,0.0,1.0,0.0,0.0,0,0,0,0,0,0
2026-07-16 22:20:00,HO-Chennai,0.0,0.0,0.0,1.0,0.0,0.0,0,0,0,0,0,0
2026-07-16 22:20:00,ZO-Bengaluru,0.0,0.0,0.0,1.0,0.0,0.0,0,0,0,0,0,0
2026-07-16 22:20:00,BR-Koramangala,0.0,0.0,0.0,1.0,0.0,0.0,0,0,0,0,0,0
2026-07-16 22:20:00,BR-Whitefield,0.0,0.0,0.0,1.0,0.0,0.0,0,0,0,0,0,0
2026-07-16 22:21:00,HO-Chennai,0.0,0.0,0.0,1.0,0.0,0.0,0,0,0,0,0,0
2026-07-16 22:21:00,ZO-Bengaluru,0.0,0.0,0.0,1.0,0.0,0.0,0,0,0,0,0,0
2026-07-16 22:21:00,BR-Koramangala,0.0,0.0,0.0,1.0,0.0,0.0,0,0,0,0,0,0
2026-07-16 22:21:00,BR-Whitefield,0.0,0.0,0.0,1.0,0.0,0.0,0,0,0,0,0,0
2026-07-16 22:22:00,HO-Chennai,0.0,0.0,0.0,1.0,0.0,0.0,0,0,0,0,0,0
2026-07-16 22:22:00,ZO-Bengaluru,0.0,0.0,0.0,1.0,0.0,0.0,0,0,0,0,0,0
2026-07-16 22:22:00,BR-Koramangala,0.0,0.0,0.0,1.0,0.0,0.0,0,0,0,0,0,0
2026-07-16 22:22:00,BR-Whitefield,0.0,0.0,0.0,1.0,0.0,0.0,0,0,0,0,0,0
2026-07-16 22:23:00,HO-Chennai,0.0,0.0,0.0,1.0,0.0,0.0,0,0,0,0,0,0
2026-07-16 22:23:00,ZO-Bengaluru,0.0,0.0,0.0,1.0,0.0,0.0,0,0,0,0,0,0
2026-07-16 22:23:00,BR-Koramangala,0.0,0.0,0.0,1.0,0.0,0.0,0,0,0,0,0,0
2026-07-16 22:23:00,BR-Whitefield,0.0,0.0,0.0,1.0,0.0,0.0,0,0,0,0,0,0
2026-07-16 22:24:00,HO-Chennai,0.0,0.0,0.0,1.0,0.0,0.0,0,0,0,0,0,0
2026-07-16 22:24:00,ZO-Bengaluru,0.0,0.0,0.0,1.0,0.0,0.0,0,0,0,0,0,0
2026-07-16 22:24:00,BR-Koramangala,0.0,0.0,0.0,1.0,0.0,0.0,0,0,0,0,0,0
2026-07-16 22:24:00,BR-Whitefield,0.0,0.0,0.0,1.0,0.0,0.0,0,0,0,0,0,0
2026-07-16 22:25:00,HO-Chennai,0.0,0.0,0.0,1.0,0.0,0.0,0,0,0,0,0,0
2026-07-16 22:25:00,ZO-Bengaluru,0.0,0.0,0.0,1.0,0.0,0.0,0,0,0,0,0,0
2026-07-16 22:25:00,BR-Koramangala,0.0,0.0,0.0,1.0,0.0,0.0,0,0,0,0,0,0
2026-07-16 22:25:00,BR-Whitefield,0.0,0.0,0.0,1.0,0.0,0.0,0,0,0,0,0,0
2026-07-16 22:26:00,HO-Chennai,0.0,0.0,0.0,1.0,0.0,0.0,0,0,0,0,0,0
2026-07-16 22:26:00,ZO-Bengaluru,0.0,0.0,0.0,1.0,0.0,0.0,0,0,0,0,0,0
2026-07-16 22:26:00,BR-Koramangala,0.0,0.0,0.0,1.0,0.0,0.0,0,0,0,0,0,0
2026-07-16 22:26:00,BR-Whitefield,0.0,0.0,0.0,1.0,0.0,0.0,0,0,0,0,0,0
2026-07-16 22:27:00,HO-Chennai,0.0,0.0,0.0,1.0,0.0,0.0,0,0,0,0,0,0
2026-07-16 22:27:00,ZO-Bengaluru,0.0,0.0,0.0,1.0,0.0,0.0,0,0,0,0,0,0
2026-07-16 22:27:00,BR-Koramangala,0.0,0.0,0.0,1.0,0.0,0.0,0,0,0,0,0,0
2026-07-16 22:27:00,BR-Whitefield,0.0,0.0,0.0,1.0,0.0,0.0,0,0,0,0,0,0
2026-07-16 22:28:00,HO-Chennai,0.0,0.0,0.0,1.0,0.0,0.0,0,0,0,0,0,0
2026-07-16 22:28:00,ZO-Bengaluru,0.0,0.0,0.0,1.0,0.0,0.0,0,0,0,0,0,0
2026-07-16 22:28:00,BR-Koramangala,0.0,0.0,0.0,1.0,0.0,0.0,0,0,0,0,0,0
2026-07-16 22:28:00,BR-Whitefield,0.0,0.0,0.0,1.0,0.0,0.0,0,0,0,0,0,0
2026-07-16 22:29:00,HO-Chennai,0.0,0.0,0.0,1.0,0.0,0.0,0,0,0,0,0,0
2026-07-16 22:29:00,ZO-Bengaluru,0.0,0.0,0.0,1.0,0.0,0.0,0,0,0,0,0,0
2026-07-16 22:29:00,BR-Koramangala,0.0,0.0,0.0,1.0,0.0,0.0,0,0,0,0,0,0
2026-07-16 22:29:00,BR-Whitefield,0.0,0.0,0.0,1.0,0.0,0.0,0,0,0,0,0,0
2026-07-16 22:30:00,HO-Chennai,0.0,0.0,0.0,1.0,0.0,0.0,0,0,0,0,0,0
2026-07-16 22:30:00,ZO-Bengaluru,0.0,0.0,0.0,1.0,0.0,0.0,0,0,0,0,0,0
2026-07-16 22:30:00,BR-Koramangala,0.0,0.0,0.0,1.0,0.0,0.0,0,0,0,0,0,0
2026-07-16 22:30:00,BR-Whitefield,0.0,0.0,0.0,1.0,0.0,0.0,0,0,0,0,0,0
2026-07-16 22:31:00,HO-Chennai,0.0,0.0,0.0,1.0,0.0,0.0,0,0,0,0,0,0
2026-07-16 22:31:00,ZO-Bengaluru,0.0,0.0,0.0,1.0,0.0,0.0,0,0,0,0,0,0
2026-07-16 22:31:00,BR-Koramangala,0.0,0.0,0.0,1.0,0.0,0.0,0,0,0,0,0,0
2026-07-16 22:31:00,BR-Whitefield,0.0,0.0,0.0,1.0,0.0,0.0,0,0,0,0,0,0
2026-07-16 22:32:00,HO-Chennai,0.0,0.0,0.0,1.0,0.0,0.0,0,0,0,0,0,0
2026-07-16 22:32:00,ZO-Bengaluru,0.0,0.0,0.0,1.0,0.0,0.0,0,0,0,0,0,0
2026-07-16 22:32:00,BR-Koramangala,0.0,0.0,0.0,1.0,0.0,0.0,0,0,0,0,0,0
2026-07-16 22:32:00,BR-Whitefield,0.0,0.0,0.0,1.0,0.0,0.0,0,0,0,0,0,0
2026-07-16 22:33:00,HO-Chennai,0.0,0.0,0.0,1.0,0.0,0.0,0,0,0,0,0,0
2026-07-16 22:33:00,ZO-Bengaluru,0.0,0.0,0.0,1.0,0.0,0.0,0,0,0,0,0,0
2026-07-16 22:33:00,BR-Koramangala,0.0,0.0,0.0,1.0,0.0,0.0,0,0,0,0,0,0
2026-07-16 22:33:00,BR-Whitefield,0.0,0.0,0.0,1.0,0.0,0.0,0,0,0,0,0,0
2026-07-16 22:34:00,HO-Chennai,0.0,0.0,0.0,1.0,0.0,0.0,0,0,0,0,0,0
2026-07-16 22:34:00,ZO-Bengaluru,0.0,0.0,0.0,1.0,0.0,0.0,0,0,0,0,0,0
2026-07-16 22:34:00,BR-Koramangala,0.0,0.0,0.0,1.0,0.0,0.0,0,0,0,0,0,0
2026-07-16 22:34:00,BR-Whitefield,0.0,0.0,0.0,1.0,0.0,0.0,0,0,0,0,0,0
2026-07-16 22:35:00,HO-Chennai,0.0,0.0,0.0,1.0,0.0,0.0,0,0,0,0,0,0
2026-07-16 22:35:00,ZO-Bengaluru,0.0,0.0,0.0,1.0,0.0,0.0,0,0,0,0,0,0
2026-07-16 22:35:00,BR-Koramangala,0.0,0.0,0.0,1.0,0.0,0.0,0,0,0,0,0,0
2026-07-16 22:35:00,BR-Whitefield,0.0,0.0,0.0,1.0,0.0,0.0,0,0,0,0,0,0
2026-07-16 22:36:00,HO-Chennai,0.0,0.0,0.0,1.0,0.0,0.0,0,0,0,0,0,0
2026-07-16 22:36:00,ZO-Bengaluru,0.0,0.0,0.0,1.0,0.0,0.0,0,0,0,0,0,0
2026-07-16 22:36:00,BR-Koramangala,0.0,0.0,0.0,1.0,0.0,0.0,0,0,0,0,0,0
2026-07-16 22:36:00,BR-Whitefield,0.0,0.0,0.0,1.0,0.0,0.0,0,0,0,0,0,0
2026-07-16 22:37:00,HO-Chennai,0.0,0.0,0.0,1.0,0.0,0.0,0,0,0,0,0,0
2026-07-16 22:37:00,ZO-Bengaluru,0.0,0.0,0.0,1.0,0.0,0.0,0,0,0,0,0,0
2026-07-16 22:37:00,BR-Koramangala,0.0,0.0,0.0,1.0,0.0,0.0,0,0,0,0,0,0
2026-07-16 22:37:00,BR-Whitefield,0.0,0.0,0.0,1.0,0.0,0.0,0,0,0,0,0,0
2026-07-16 22:38:00,HO-Chennai,0.0,0.0,0.0,1.0,0.0,0.0,0,0,0,0,0,0
2026-07-16 22:38:00,ZO-Bengaluru,0.0,0.0,0.0,1.0,0.0,0.0,0,0,0,0,0,0
2026-07-16 22:38:00,BR-Koramangala,0.0,0.0,0.0,1.0,0.0,0.0,0,0,0,0,0,0
2026-07-16 22:38:00,BR-Whitefield,0.0,0.0,0.0,1.0,0.0,0.0,0,0,0,0,0,0
2026-07-16 22:39:00,HO-Chennai,0.0,0.0,0.0,1.0,0.0,0.0,0,0,0,0,0,0
2026-07-16 22:39:00,ZO-Bengaluru,0.0,0.0,0.0,1.0,0.0,0.0,0,0,0,0,0,0
2026-07-16 22:39:00,BR-Koramangala,0.0,0.0,0.0,1.0,0.0,0.0,0,0,0,0,0,0
2026-07-16 22:39:00,BR-Whitefield,0.0,0.0,0.0,1.0,0.0,0.0,0,0,0,0,0,0
2026-07-16 22:40:00,HO-Chennai,0.0,0.0,0.0,1.0,0.0,0.0,0,0,0,0,0,0
2026-07-16 22:40:00,ZO-Bengaluru,0.0,0.0,0.0,1.0,0.0,0.0,0,0,0,0,0,0
2026-07-16 22:40:00,BR-Koramangala,0.0,0.0,0.0,1.0,0.0,0.0,0,0,0,0,0,0
2026-07-16 22:40:00,BR-Whitefield,0.0,0.0,0.0,1.0,0.0,0.0,0,0,0,0,0,0
2026-07-16 22:41:00,HO-Chennai,0.0,0.0,0.0,1.0,0.0,0.0,0,0,0,0,0,0
2026-07-16 22:41:00,ZO-Bengaluru,0.0,0.0,0.0,1.0,0.0,0.0,0,0,0,0,0,0
2026-07-16 22:41:00,BR-Koramangala,0.0,0.0,0.0,1.0,0.0,0.0,0,0,0,0,0,0
2026-07-16 22:41:00,BR-Whitefield,0.0,0.0,0.0,1.0,0.0,0.0,0,0,0,0,0,0
2026-07-16 22:42:00,HO-Chennai,0.0,0.0,0.0,1.0,0.0,0.0,0,0,0,0,0,0
2026-07-16 22:42:00,ZO-Bengaluru,0.0,0.0,0.0,1.0,0.0,0.0,0,0,0,0,0,0
2026-07-16 22:42:00,BR-Koramangala,0.0,0.0,0.0,1.0,0.0,0.0,0,0,0,0,0,0
2026-07-16 22:42:00,BR-Whitefield,0.0,0.0,0.0,1.0,0.0,0.0,0,0,0,0,0,0
2026-07-16 22:43:00,HO-Chennai,0.0,0.0,0.0,1.0,0.0,0.0,0,0,0,0,0,0
2026-07-16 22:43:00,ZO-Bengaluru,0.0,0.0,0.0,1.0,0.0,0.0,0,0,0,0,0,0
2026-07-16 22:43:00,BR-Koramangala,0.0,0.0,0.0,1.0,0.0,0.0,0,0,0,0,0,0
2026-07-16 22:43:00,BR-Whitefield,0.0,0.0,0.0,1.0,0.0,0.0,0,0,0,0,0,0
2026-07-16 22:44:00,HO-Chennai,0.0,0.0,0.0,1.0,0.0,0.0,0,0,0,0,0,0
2026-07-16 22:44:00,ZO-Bengaluru,0.0,0.0,0.0,1.0,0.0,0.0,0,0,0,0,0,0
2026-07-16 22:44:00,BR-Koramangala,0.0,0.0,0.0,1.0,0.0,0.0,0,0,0,0,0,0
2026-07-16 22:44:00,BR-Whitefield,0.0,0.0,0.0,1.0,0.0,0.0,0,0,0,0,0,0
2026-07-16 22:45:00,HO-Chennai,0.0,0.0,0.0,1.0,0.0,0.0,0,0,0,0,0,0
2026-07-16 22:45:00,ZO-Bengaluru,0.0,0.0,0.0,1.0,0.0,0.0,0,0,0,0,0,0
2026-07-16 22:45:00,BR-Koramangala,0.0,0.0,0.0,1.0,0.0,0.0,0,0,0,0,0,0
2026-07-16 22:45:00,BR-Whitefield,0.0,0.0,0.0,1.0,0.0,0.0,0,0,0,0,0,0
2026-07-16 22:46:00,HO-Chennai,0.0,0.0,0.0,1.0,0.0,0.0,0,0,0,0,0,0
2026-07-16 22:46:00,ZO-Bengaluru,0.0,0.0,0.0,1.0,0.0,0.0,0,0,0,0,0,0
2026-07-16 22:46:00,BR-Koramangala,0.0,0.0,0.0,1.0,0.0,0.0,0,0,0,0,0,0
2026-07-16 22:46:00,BR-Whitefield,0.0,0.0,0.0,1.0,0.0,0.0,0,0,0,0,0,0
2026-07-16 22:47:00,HO-Chennai,0.0,0.0,0.0,1.0,0.0,0.0,0,0,0,0,0,0
2026-07-16 22:47:00,ZO-Bengaluru,0.0,0.0,0.0,1.0,0.0,0.0,0,0,0,0,0,0
2026-07-16 22:47:00,BR-Koramangala,0.0,0.0,0.0,1.0,0.0,0.0,0,0,0,0,0,0
2026-07-16 22:47:00,BR-Whitefield,0.0,0.0,0.0,1.0,0.0,0.0,0,0,0,0,0,0
2026-07-16 22:48:00,HO-Chennai,0.0,0.0,0.0,1.0,0.0,0.0,0,0,0,0,0,0
2026-07-16 22:48:00,ZO-Bengaluru,0.0,0.0,0.0,1.0,0.0,0.0,0,0,0,0,0,0
2026-07-16 22:48:00,BR-Koramangala,0.0,0.0,0.0,1.0,0.0,0.0,0,0,0,0,0,0
2026-07-16 22:48:00,BR-Whitefield,0.0,0.0,0.0,1.0,0.0,0.0,0,0,0,0,0,0
2026-07-16 22:49:00,HO-Chennai,0.0,0.0,0.0,1.0,0.0,0.0,0,0,0,0,0,0
2026-07-16 22:49:00,ZO-Bengaluru,0.0,0.0,0.0,1.0,0.0,0.0,0,0,0,0,0,0
2026-07-16 22:49:00,BR-Koramangala,0.0,0.0,0.0,1.0,0.0,0.0,0,0,0,0,0,0
2026-07-16 22:49:00,BR-Whitefield,0.0,0.0,0.0,1.0,0.0,0.0,0,0,0,0,0,0
2026-07-16 22:50:00,HO-Chennai,0.0,0.0,0.0,1.0,0.0,0.0,0,0,0,0,0,0
2026-07-16 22:50:00,ZO-Bengaluru,0.0,0.0,0.0,1.0,0.0,0.0,0,0,0,0,0,0
2026-07-16 22:50:00,BR-Koramangala,0.0,0.0,0.0,1.0,0.0,0.0,0,0,0,0,0,0
2026-07-16 22:50:00,BR-Whitefield,0.0,0.0,0.0,1.0,0.0,0.0,0,0,0,0,0,0
2026-07-16 22:51:00,HO-Chennai,0.0,0.0,0.0,1.0,0.0,0.0,0,0,0,0,0,0
2026-07-16 22:51:00,ZO-Bengaluru,0.0,0.0,0.0,1.0,0.0,0.0,0,0,0,0,0,0
2026-07-16 22:51:00,BR-Koramangala,0.0,0.0,0.0,1.0,0.0,0.0,0,0,0,0,0,0
2026-07-16 22:51:00,BR-Whitefield,0.0,0.0,0.0,1.0,0.0,0.0,0,0,0,0,0,0
2026-07-16 22:52:00,HO-Chennai,0.0,0.0,0.0,1.0,0.0,0.0,0,0,0,0,0,0
2026-07-16 22:52:00,ZO-Bengaluru,0.0,0.0,0.0,1.0,0.0,0.0,0,0,0,0,0,0
2026-07-16 22:52:00,BR-Koramangala,0.0,0.0,0.0,1.0,0.0,0.0,0,0,0,0,0,0
2026-07-16 22:52:00,BR-Whitefield,0.0,0.0,0.0,1.0,0.0,0.0,0,0,0,0,0,0
2026-07-16 22:53:00,HO-Chennai,0.0,0.0,0.0,1.0,0.0,0.0,0,0,0,0,0,0
2026-07-16 22:53:00,ZO-Bengaluru,0.0,0.0,0.0,1.0,0.0,0.0,0,0,0,0,0,0
2026-07-16 22:53:00,BR-Koramangala,0.0,0.0,0.0,1.0,0.0,0.0,0,0,0,0,0,0
2026-07-16 22:53:00,BR-Whitefield,0.0,0.0,0.0,1.0,0.0,0.0,0,0,0,0,0,0
2026-07-16 22:54:00,HO-Chennai,0.0,0.0,0.0,1.0,0.0,0.0,0,0,0,0,0,0
2026-07-16 22:54:00,ZO-Bengaluru,0.0,0.0,0.0,1.0,0.0,0.0,0,0,0,0,0,0
2026-07-16 22:54:00,BR-Koramangala,0.0,0.0,0.0,1.0,0.0,0.0,0,0,0,0,0,0
2026-07-16 22:54:00,BR-Whitefield,0.0,0.0,0.0,1.0,0.0,0.0,0,0,0,0,0,0
2026-07-16 22:55:00,HO-Chennai,0.0,0.0,0.0,1.0,0.0,0.0,0,0,0,0,0,0
2026-07-16 22:55:00,ZO-Bengaluru,0.0,0.0,0.0,1.0,0.0,0.0,0,0,0,0,0,0
2026-07-16 22:55:00,BR-Koramangala,0.0,0.0,0.0,1.0,0.0,0.0,0,0,0,0,0,0
2026-07-16 22:55:00,BR-Whitefield,0.0,0.0,0.0,1.0,0.0,0.0,0,0,0,0,0,0
2026-07-16 22:56:00,HO-Chennai,0.0,0.0,0.0,1.0,0.0,0.0,0,0,0,0,0,0
2026-07-16 22:56:00,ZO-Bengaluru,0.0,0.0,0.0,1.0,0.0,0.0,0,0,0,0,0,0
2026-07-16 22:56:00,BR-Koramangala,0.0,0.0,0.0,1.0,0.0,0.0,0,0,0,0,0,0
2026-07-16 22:56:00,BR-Whitefield,0.0,0.0,0.0,1.0,0.0,0.0,0,0,0,0,0,0
2026-07-16 22:57:00,HO-Chennai,0.0,0.0,0.0,1.0,0.0,0.0,0,0,0,0,0,0
2026-07-16 22:57:00,ZO-Bengaluru,0.0,0.0,0.0,1.0,0.0,0.0,0,0,0,0,0,0
2026-07-16 22:57:00,BR-Koramangala,0.0,0.0,0.0,1.0,0.0,0.0,0,0,0,0,0,0
2026-07-16 22:57:00,BR-Whitefield,0.0,0.0,0.0,1.0,0.0,0.0,0,0,0,0,0,0
2026-07-16 22:58:00,HO-Chennai,0.0,0.0,0.0,1.0,0.0,0.0,0,0,0,0,0,0
2026-07-16 22:58:00,ZO-Bengaluru,0.0,0.0,0.0,1.0,0.0,0.0,0,0,0,0,0,0
2026-07-16 22:58:00,BR-Koramangala,0.0,0.0,0.0,1.0,0.0,0.0,0,0,0,0,0,0
2026-07-16 22:58:00,BR-Whitefield,0.0,0.0,0.0,1.0,0.0,0.0,0,0,0,0,0,0
2026-07-16 22:59:00,HO-Chennai,0.0,0.0,0.0,1.0,0.0,0.0,0,0,0,0,0,0
2026-07-16 22:59:00,ZO-Bengaluru,0.0,0.0,0.0,1.0,0.0,0.0,0,0,0,0,0,0
2026-07-16 22:59:00,BR-Koramangala,0.0,0.0,0.0,1.0,0.0,0.0,0,0,0,0,0,0
2026-07-16 22:59:00,BR-Whitefield,0.0,0.0,0.0,1.0,0.0,0.0,0,0,0,0,0,0
2026-07-16 23:00:00,HO-Chennai,0.0,0.0,0.0,1.0,0.0,0.0,0,0,0,0,0,0
2026-07-16 23:00:00,ZO-Bengaluru,0.0,0.0,0.0,1.0,0.0,0.0,0,0,0,0,0,0
2026-07-16 23:00:00,BR-Koramangala,0.0,0.0,0.0,1.0,0.0,0.0,0,0,0,0,0,0
2026-07-16 23:00:00,BR-Whitefield,0.0,0.0,0.0,1.0,0.0,0.0,0,0,0,0,0,0
2026-07-16 23:01:00,HO-Chennai,0.0,0.0,0.0,1.0,0.0,0.0,0,0,0,0,0,0
2026-07-16 23:01:00,ZO-Bengaluru,0.0,0.0,0.0,1.0,0.0,0.0,0,0,0,0,0,0
2026-07-16 23:01:00,BR-Koramangala,0.0,0.0,0.0,1.0,0.0,0.0,0,0,0,0,0,0
2026-07-16 23:01:00,BR-Whitefield,0.0,0.0,0.0,1.0,0.0,0.0,0,0,0,0,0,0
2026-07-16 23:02:00,HO-Chennai,0.0,0.0,0.0,1.0,0.0,0.0,0,0,0,0,0,0
2026-07-16 23:02:00,ZO-Bengaluru,0.0,0.0,0.0,1.0,0.0,0.0,0,0,0,0,0,0
2026-07-16 23:02:00,BR-Koramangala,0.0,0.0,0.0,1.0,0.0,0.0,0,0,0,0,0,0
2026-07-16 23:02:00,BR-Whitefield,0.0,0.0,0.0,1.0,0.0,0.0,0,0,0,0,0,0
2026-07-16 23:03:00,HO-Chennai,0.0,0.0,0.0,1.0,0.0,0.0,0,0,0,0,0,0
2026-07-16 23:03:00,ZO-Bengaluru,0.0,0.0,0.0,1.0,0.0,0.0,0,0,0,0,0,0
2026-07-16 23:03:00,BR-Koramangala,0.0,0.0,0.0,1.0,0.0,0.0,0,0,0,0,0,0
2026-07-16 23:03:00,BR-Whitefield,0.0,0.0,0.0,1.0,0.0,0.0,0,0,0,0,0,0
2026-07-16 23:04:00,HO-Chennai,0.0,0.0,0.0,1.0,0.0,0.0,0,0,0,0,0,0
2026-07-16 23:04:00,ZO-Bengaluru,0.0,0.0,0.0,1.0,0.0,0.0,0,0,0,0,0,0
2026-07-16 23:04:00,BR-Koramangala,0.0,0.0,0.0,1.0,0.0,0.0,0,0,0,0,0,0
2026-07-16 23:04:00,BR-Whitefield,0.0,0.0,0.0,1.0,0.0,0.0,0,0,0,0,0,0
2026-07-16 23:05:00,HO-Chennai,0.0,0.0,0.0,1.0,0.0,0.0,0,0,0,0,0,0
2026-07-16 23:05:00,ZO-Bengaluru,0.0,0.0,0.0,1.0,0.0,0.0,0,0,0,0,0,0
2026-07-16 23:05:00,BR-Koramangala,0.0,0.0,0.0,1.0,0.0,0.0,0,0,0,0,0,0
2026-07-16 23:05:00,BR-Whitefield,0.0,0.0,0.0,1.0,0.0,0.0,0,0,0,0,0,0
2026-07-16 23:06:00,HO-Chennai,0.0,0.0,0.0,1.0,0.0,0.0,0,0,0,0,0,0
2026-07-16 23:06:00,ZO-Bengaluru,0.0,0.0,0.0,1.0,0.0,0.0,0,0,0,0,0,0
2026-07-16 23:06:00,BR-Koramangala,0.0,0.0,0.0,1.0,0.0,0.0,0,0,0,0,0,0
2026-07-16 23:06:00,BR-Whitefield,0.0,0.0,0.0,1.0,0.0,0.0,0,0,0,0,0,0
2026-07-16 23:07:00,HO-Chennai,0.0,0.0,0.0,1.0,0.0,0.0,0,0,0,0,0,0
2026-07-16 23:07:00,ZO-Bengaluru,0.0,0.0,0.0,1.0,0.0,0.0,0,0,0,0,0,0
2026-07-16 23:07:00,BR-Koramangala,0.0,0.0,0.0,1.0,0.0,0.0,0,0,0,0,0,0
2026-07-16 23:07:00,BR-Whitefield,0.0,0.0,0.0,1.0,0.0,0.0,0,0,0,0,0,0
2026-07-16 23:08:00,HO-Chennai,0.0,0.0,0.0,1.0,0.0,0.0,0,0,0,0,0,0
2026-07-16 23:08:00,ZO-Bengaluru,0.0,0.0,0.0,1.0,0.0,0.0,0,0,0,0,0,0
2026-07-16 23:08:00,BR-Koramangala,0.0,0.0,0.0,1.0,0.0,0.0,0,0,0,0,0,0
2026-07-16 23:08:00,BR-Whitefield,0.0,0.0,0.0,1.0,0.0,0.0,0,0,0,0,0,0
2026-07-16 23:09:00,HO-Chennai,0.0,0.0,0.0,1.0,0.0,0.0,0,0,0,0,0,0
2026-07-16 23:09:00,ZO-Bengaluru,0.0,0.0,0.0,1.0,0.0,0.0,0,0,0,0,0,0
2026-07-16 23:09:00,BR-Koramangala,0.0,0.0,0.0,1.0,0.0,0.0,0,0,0,0,0,0
2026-07-16 23:09:00,BR-Whitefield,0.0,0.0,0.0,1.0,0.0,0.0,0,0,0,0,0,0
2026-07-16 23:10:00,HO-Chennai,0.0,0.0,0.0,1.0,0.0,0.0,0,0,0,0,0,0
2026-07-16 23:10:00,ZO-Bengaluru,0.0,0.0,0.0,1.0,0.0,0.0,0,0,0,0,0,0
2026-07-16 23:10:00,BR-Koramangala,0.0,0.0,0.0,1.0,0.0,0.0,0,0,0,0,0,0
2026-07-16 23:10:00,BR-Whitefield,0.0,0.0,0.0,1.0,0.0,0.0,0,0,0,0,0,0
2026-07-16 23:11:00,HO-Chennai,0.0,0.0,0.0,1.0,0.0,0.0,0,0,0,0,0,0
2026-07-16 23:11:00,ZO-Bengaluru,0.0,0.0,0.0,1.0,0.0,0.0,0,0,0,0,0,0
2026-07-16 23:11:00,BR-Koramangala,0.0,0.0,0.0,1.0,0.0,0.0,0,0,0,0,0,0
2026-07-16 23:11:00,BR-Whitefield,0.0,0.0,0.0,1.0,0.0,0.0,0,0,0,0,0,0
2026-07-16 23:12:00,HO-Chennai,0.0,0.0,0.0,1.0,0.0,0.0,0,0,0,0,0,0
2026-07-16 23:12:00,ZO-Bengaluru,0.0,0.0,0.0,1.0,0.0,0.0,0,0,0,0,0,0
2026-07-16 23:12:00,BR-Koramangala,0.0,0.0,0.0,1.0,0.0,0.0,0,0,0,0,0,0
2026-07-16 23:12:00,BR-Whitefield,0.0,0.0,0.0,1.0,0.0,0.0,0,0,0,0,0,0
2026-07-16 23:13:00,HO-Chennai,0.0,0.0,0.0,1.0,0.0,0.0,0,0,0,0,0,0
2026-07-16 23:13:00,ZO-Bengaluru,0.0,0.0,0.0,1.0,0.0,0.0,0,0,0,0,0,0
2026-07-16 23:13:00,BR-Koramangala,0.0,0.0,0.0,1.0,0.0,0.0,0,0,0,0,0,0
2026-07-16 23:13:00,BR-Whitefield,0.0,0.0,0.0,1.0,0.0,0.0,0,0,0,0,0,0
2026-07-16 23:14:00,HO-Chennai,0.0,0.0,0.0,1.0,0.0,0.0,0,0,0,0,0,0
2026-07-16 23:14:00,ZO-Bengaluru,0.0,0.0,0.0,1.0,0.0,0.0,0,0,0,0,0,0
2026-07-16 23:14:00,BR-Koramangala,0.0,0.0,0.0,1.0,0.0,0.0,0,0,0,0,0,0
2026-07-16 23:14:00,BR-Whitefield,0.0,0.0,0.0,1.0,0.0,0.0,0,0,0,0,0,0
2026-07-16 23:15:00,HO-Chennai,0.0,0.0,0.0,1.0,0.0,0.0,0,0,0,0,0,0
2026-07-16 23:15:00,ZO-Bengaluru,0.0,0.0,0.0,1.0,0.0,0.0,0,0,0,0,0,0
2026-07-16 23:15:00,BR-Koramangala,0.0,0.0,0.0,1.0,0.0,0.0,0,0,0,0,0,0
2026-07-16 23:15:00,BR-Whitefield,0.0,0.0,0.0,1.0,0.0,0.0,0,0,0,0,0,0
2026-07-16 23:16:00,HO-Chennai,0.0,0.0,0.0,1.0,0.0,0.0,0,0,0,0,0,0
2026-07-16 23:16:00,ZO-Bengaluru,0.0,0.0,0.0,1.0,0.0,0.0,0,0,0,0,0,0
2026-07-16 23:16:00,BR-Koramangala,0.0,0.0,0.0,1.0,0.0,0.0,0,0,0,0,0,0
2026-07-16 23:16:00,BR-Whitefield,0.0,0.0,0.0,1.0,0.0,0.0,0,0,0,0,0,0
2026-07-16 23:17:00,HO-Chennai,0.0,0.0,0.0,1.0,0.0,0.0,0,0,0,0,0,0
2026-07-16 23:17:00,ZO-Bengaluru,0.0,0.0,0.0,1.0,0.0,0.0,0,0,0,0,0,0
2026-07-16 23:17:00,BR-Koramangala,0.0,0.0,0.0,1.0,0.0,0.0,0,0,0,0,0,0
2026-07-16 23:17:00,BR-Whitefield,0.0,0.0,0.0,1.0,0.0,0.0,0,0,0,0,0,0
2026-07-16 23:18:00,HO-Chennai,0.0,0.0,0.0,1.0,0.0,0.0,0,0,0,0,0,0
2026-07-16 23:18:00,ZO-Bengaluru,0.0,0.0,0.0,1.0,0.0,0.0,0,0,0,0,0,0
2026-07-16 23:18:00,BR-Koramangala,0.0,0.0,0.0,1.0,0.0,0.0,0,0,0,0,0,0
2026-07-16 23:18:00,BR-Whitefield,0.0,0.0,0.0,1.0,0.0,0.0,0,0,0,0,0,0
2026-07-16 23:19:00,HO-Chennai,0.0,0.0,0.0,1.0,0.0,0.0,0,0,0,0,0,0
2026-07-16 23:19:00,ZO-Bengaluru,0.0,0.0,0.0,1.0,0.0,0.0,0,0,0,0,0,0
2026-07-16 23:19:00,BR-Koramangala,0.0,0.0,0.0,1.0,0.0,0.0,0,0,0,0,0,0
2026-07-16 23:19:00,BR-Whitefield,0.0,0.0,0.0,1.0,0.0,0.0,0,0,0,0,0,0
2026-07-16 23:20:00,HO-Chennai,0.0,0.0,0.0,1.0,0.0,0.0,0,0,0,0,0,0
2026-07-16 23:20:00,ZO-Bengaluru,0.0,0.0,0.0,1.0,0.0,0.0,0,0,0,0,0,0
2026-07-16 23:20:00,BR-Koramangala,0.0,0.0,0.0,1.0,0.0,0.0,0,0,0,0,0,0
2026-07-16 23:20:00,BR-Whitefield,0.0,0.0,0.0,1.0,0.0,0.0,0,0,0,0,0,0
2026-07-16 23:21:00,HO-Chennai,0.0,0.0,0.0,1.0,0.0,0.0,0,0,0,0,0,0
2026-07-16 23:21:00,ZO-Bengaluru,0.0,0.0,0.0,1.0,0.0,0.0,0,0,0,0,0,0
2026-07-16 23:21:00,BR-Koramangala,0.0,0.0,0.0,1.0,0.0,0.0,0,0,0,0,0,0
2026-07-16 23:21:00,BR-Whitefield,0.0,0.0,0.0,1.0,0.0,0.0,0,0,0,0,0,0
2026-07-16 23:22:00,HO-Chennai,0.0,0.0,0.0,1.0,0.0,0.0,0,0,0,0,0,0
2026-07-16 23:22:00,ZO-Bengaluru,0.0,0.0,0.0,1.0,0.0,0.0,0,0,0,0,0,0
2026-07-16 23:22:00,BR-Koramangala,0.0,0.0,0.0,1.0,0.0,0.0,0,0,0,0,0,0
2026-07-16 23:22:00,BR-Whitefield,0.0,0.0,0.0,1.0,0.0,0.0,0,0,0,0,0,0
2026-07-16 23:23:00,HO-Chennai,0.0,0.0,0.0,1.0,0.0,0.0,0,0,0,0,0,0
2026-07-16 23:23:00,ZO-Bengaluru,0.0,0.0,0.0,1.0,0.0,0.0,0,0,0,0,0,0
2026-07-16 23:23:00,BR-Koramangala,0.0,0.0,0.0,1.0,0.0,0.0,0,0,0,0,0,0
2026-07-16 23:23:00,BR-Whitefield,0.0,0.0,0.0,1.0,0.0,0.0,0,0,0,0,0,0
2026-07-16 23:24:00,HO-Chennai,0.0,0.0,0.0,1.0,0.0,0.0,0,0,0,0,0,0
2026-07-16 23:24:00,ZO-Bengaluru,0.0,0.0,0.0,1.0,0.0,0.0,0,0,0,0,0,0
2026-07-16 23:24:00,BR-Koramangala,0.0,0.0,0.0,1.0,0.0,0.0,0,0,0,0,0,0
2026-07-16 23:24:00,BR-Whitefield,0.0,0.0,0.0,1.0,0.0,0.0,0,0,0,0,0,0
2026-07-16 23:25:00,HO-Chennai,0.0,0.0,0.0,1.0,0.0,0.0,0,0,0,0,0,0
2026-07-16 23:25:00,ZO-Bengaluru,0.0,0.0,0.0,1.0,0.0,0.0,0,0,0,0,0,0
2026-07-16 23:25:00,BR-Koramangala,0.0,0.0,0.0,1.0,0.0,0.0,0,0,0,0,0,0
2026-07-16 23:25:00,BR-Whitefield,0.0,0.0,0.0,1.0,0.0,0.0,0,0,0,0,0,0
2026-07-16 23:26:00,HO-Chennai,0.0,0.0,0.0,1.0,0.0,0.0,0,0,0,0,0,0
2026-07-16 23:26:00,ZO-Bengaluru,0.0,0.0,0.0,1.0,0.0,0.0,0,0,0,0,0,0
2026-07-16 23:26:00,BR-Koramangala,0.0,0.0,0.0,1.0,0.0,0.0,0,0,0,0,0,0
2026-07-16 23:26:00,BR-Whitefield,0.0,0.0,0.0,1.0,0.0,0.0,0,0,0,0,0,0
2026-07-16 23:27:00,HO-Chennai,0.0,0.0,0.0,1.0,0.0,0.0,0,0,0,0,0,0
2026-07-16 23:27:00,ZO-Bengaluru,0.0,0.0,0.0,1.0,0.0,0.0,0,0,0,0,0,0
2026-07-16 23:27:00,BR-Koramangala,0.0,0.0,0.0,1.0,0.0,0.0,0,0,0,0,0,0
2026-07-16 23:27:00,BR-Whitefield,0.0,0.0,0.0,1.0,0.0,0.0,0,0,0,0,0,0
2026-07-16 23:28:00,HO-Chennai,0.0,0.0,0.0,1.0,0.0,0.0,0,0,0,0,0,0
2026-07-16 23:28:00,ZO-Bengaluru,0.0,0.0,0.0,1.0,0.0,0.0,0,0,0,0,0,0
2026-07-16 23:28:00,BR-Koramangala,0.0,0.0,0.0,1.0,0.0,0.0,0,0,0,0,0,0
2026-07-16 23:28:00,BR-Whitefield,0.0,0.0,0.0,1.0,0.0,0.0,0,0,0,0,0,0
2026-07-16 23:29:00,HO-Chennai,0.0,0.0,0.0,1.0,0.0,0.0,0,0,0,0,0,0
2026-07-16 23:29:00,ZO-Bengaluru,0.0,0.0,0.0,1.0,0.0,0.0,0,0,0,0,0,0
2026-07-16 23:29:00,BR-Koramangala,0.0,0.0,0.0,1.0,0.0,0.0,0,0,0,0,0,0
2026-07-16 23:29:00,BR-Whitefield,0.0,0.0,0.0,1.0,0.0,0.0,0,0,0,0,0,0
2026-07-16 23:30:00,HO-Chennai,0.0,0.0,0.0,1.0,0.0,0.0,0,0,0,0,0,0
2026-07-16 23:30:00,ZO-Bengaluru,0.0,0.0,0.0,1.0,0.0,0.0,0,0,0,0,0,0
2026-07-16 23:30:00,BR-Koramangala,0.0,0.0,0.0,1.0,0.0,0.0,0,0,0,0,0,0
2026-07-16 23:30:00,BR-Whitefield,0.0,0.0,0.0,1.0,0.0,0.0,0,0,0,0,0,0
2026-07-16 23:31:00,HO-Chennai,0.0,0.0,0.0,1.0,0.0,0.0,0,0,0,0,0,0
2026-07-16 23:31:00,ZO-Bengaluru,0.0,0.0,0.0,1.0,0.0,0.0,0,0,0,0,0,0
2026-07-16 23:31:00,BR-Koramangala,0.0,0.0,0.0,1.0,0.0,0.0,0,0,0,0,0,0
2026-07-16 23:31:00,BR-Whitefield,0.0,0.0,0.0,1.0,0.0,0.0,0,0,0,0,0,0
2026-07-16 23:32:00,HO-Chennai,0.0,0.0,0.0,1.0,0.0,0.0,0,0,0,0,0,0
2026-07-16 23:32:00,ZO-Bengaluru,0.0,0.0,0.0,1.0,0.0,0.0,0,0,0,0,0,0
2026-07-16 23:32:00,BR-Koramangala,0.0,0.0,0.0,1.0,0.0,0.0,0,0,0,0,0,0
2026-07-16 23:32:00,BR-Whitefield,0.0,0.0,0.0,1.0,0.0,0.0,0,0,0,0,0,0
2026-07-16 23:33:00,HO-Chennai,0.0,0.0,0.0,1.0,0.0,0.0,0,0,0,0,0,0
2026-07-16 23:33:00,ZO-Bengaluru,0.0,0.0,0.0,1.0,0.0,0.0,0,0,0,0,0,0
2026-07-16 23:33:00,BR-Koramangala,0.0,0.0,0.0,1.0,0.0,0.0,0,0,0,0,0,0
2026-07-16 23:33:00,BR-Whitefield,0.0,0.0,0.0,1.0,0.0,0.0,0,0,0,0,0,0
2026-07-16 23:34:00,HO-Chennai,0.0,0.0,0.0,1.0,0.0,0.0,0,0,0,0,0,0
2026-07-16 23:34:00,ZO-Bengaluru,0.0,0.0,0.0,1.0,0.0,0.0,0,0,0,0,0,0
2026-07-16 23:34:00,BR-Koramangala,0.0,0.0,0.0,1.0,0.0,0.0,0,0,0,0,0,0
2026-07-16 23:34:00,BR-Whitefield,0.0,0.0,0.0,1.0,0.0,0.0,0,0,0,0,0,0
2026-07-16 23:35:00,HO-Chennai,0.0,0.0,0.0,1.0,0.0,0.0,0,0,0,0,0,0
2026-07-16 23:35:00,ZO-Bengaluru,0.0,0.0,0.0,1.0,0.0,0.0,0,0,0,0,0,0
2026-07-16 23:35:00,BR-Koramangala,0.0,0.0,0.0,1.0,0.0,0.0,0,0,0,0,0,0
2026-07-16 23:35:00,BR-Whitefield,0.0,0.0,0.0,1.0,0.0,0.0,0,0,0,0,0,0
2026-07-16 23:36:00,HO-Chennai,0.0,0.0,0.0,1.0,0.0,0.0,0,0,0,0,0,0
2026-07-16 23:36:00,ZO-Bengaluru,0.0,0.0,0.0,1.0,0.0,0.0,0,0,0,0,0,0
2026-07-16 23:36:00,BR-Koramangala,0.0,0.0,0.0,1.0,0.0,0.0,0,0,0,0,0,0
2026-07-16 23:36:00,BR-Whitefield,0.0,0.0,0.0,1.0,0.0,0.0,0,0,0,0,0,0
2026-07-16 23:37:00,HO-Chennai,0.0,0.0,0.0,1.0,0.0,0.0,0,0,0,0,0,0
2026-07-16 23:37:00,ZO-Bengaluru,0.0,0.0,0.0,1.0,0.0,0.0,0,0,0,0,0,0
2026-07-16 23:37:00,BR-Koramangala,0.0,0.0,0.0,1.0,0.0,0.0,0,0,0,0,0,0
2026-07-16 23:37:00,BR-Whitefield,0.0,0.0,0.0,1.0,0.0,0.0,0,0,0,0,0,0
2026-07-16 23:38:00,HO-Chennai,0.0,0.0,0.0,1.0,0.0,0.0,0,0,0,0,0,0
2026-07-16 23:38:00,ZO-Bengaluru,0.0,0.0,0.0,1.0,0.0,0.0,0,0,0,0,0,0
2026-07-16 23:38:00,BR-Koramangala,0.0,0.0,0.0,1.0,0.0,0.0,0,0,0,0,0,0
2026-07-16 23:38:00,BR-Whitefield,0.0,0.0,0.0,1.0,0.0,0.0,0,0,0,0,0,0
2026-07-16 23:39:00,HO-Chennai,0.0,0.0,0.0,1.0,0.0,0.0,0,0,0,0,0,0
2026-07-16 23:39:00,ZO-Bengaluru,0.0,0.0,0.0,1.0,0.0,0.0,0,0,0,0,0,0
2026-07-16 23:39:00,BR-Koramangala,0.0,0.0,0.0,1.0,0.0,0.0,0,0,0,0,0,0
2026-07-16 23:39:00,BR-Whitefield,0.0,0.0,0.0,1.0,0.0,0.0,0,0,0,0,0,0
2026-07-16 23:40:00,HO-Chennai,0.0,0.0,0.0,1.0,0.0,0.0,0,0,0,0,0,0
2026-07-16 23:40:00,ZO-Bengaluru,0.0,0.0,0.0,1.0,0.0,0.0,0,0,0,0,0,0
2026-07-16 23:40:00,BR-Koramangala,0.0,0.0,0.0,1.0,0.0,0.0,0,0,0,0,0,0
2026-07-16 23:40:00,BR-Whitefield,0.0,0.0,0.0,1.0,0.0,0.0,0,0,0,0,0,0
2026-07-16 23:41:00,HO-Chennai,0.0,0.0,0.0,1.0,0.0,0.0,0,0,0,0,0,0
2026-07-16 23:41:00,ZO-Bengaluru,0.0,0.0,0.0,1.0,0.0,0.0,0,0,0,0,0,0
2026-07-16 23:41:00,BR-Koramangala,0.0,0.0,0.0,1.0,0.0,0.0,0,0,0,0,0,0
2026-07-16 23:41:00,BR-Whitefield,0.0,0.0,0.0,1.0,0.0,0.0,0,0,0,0,0,0
2026-07-16 23:42:00,HO-Chennai,0.0,0.0,0.0,1.0,0.0,0.0,0,0,0,0,0,0
2026-07-16 23:42:00,ZO-Bengaluru,0.0,0.0,0.0,1.0,0.0,0.0,0,0,0,0,0,0
2026-07-16 23:42:00,BR-Koramangala,0.0,0.0,0.0,1.0,0.0,0.0,0,0,0,0,0,0
2026-07-16 23:42:00,BR-Whitefield,0.0,0.0,0.0,1.0,0.0,0.0,0,0,0,0,0,0
2026-07-16 23:43:00,HO-Chennai,0.0,0.0,0.0,1.0,0.0,0.0,0,0,0,0,0,0
2026-07-16 23:43:00,ZO-Bengaluru,0.0,0.0,0.0,1.0,0.0,0.0,0,0,0,0,0,0
2026-07-16 23:43:00,BR-Koramangala,0.0,0.0,0.0,1.0,0.0,0.0,0,0,0,0,0,0
2026-07-16 23:43:00,BR-Whitefield,0.0,0.0,0.0,1.0,0.0,0.0,0,0,0,0,0,0
2026-07-16 23:44:00,HO-Chennai,0.0,0.0,0.0,1.0,0.0,0.0,0,0,0,0,0,0
2026-07-16 23:44:00,ZO-Bengaluru,0.0,0.0,0.0,1.0,0.0,0.0,0,0,0,0,0,0
2026-07-16 23:44:00,BR-Koramangala,0.0,0.0,0.0,1.0,0.0,0.0,0,0,0,0,0,0
2026-07-16 23:44:00,BR-Whitefield,0.0,0.0,0.0,1.0,0.0,0.0,0,0,0,0,0,0
2026-07-16 23:45:00,HO-Chennai,0.0,0.0,0.0,1.0,0.0,0.0,0,0,0,0,0,0
2026-07-16 23:45:00,ZO-Bengaluru,0.0,0.0,0.0,1.0,0.0,0.0,0,0,0,0,0,0
2026-07-16 23:45:00,BR-Koramangala,0.0,0.0,0.0,1.0,0.0,0.0,0,0,0,0,0,0
2026-07-16 23:45:00,BR-Whitefield,0.0,0.0,0.0,1.0,0.0,0.0,0,0,0,0,0,0
2026-07-16 23:46:00,HO-Chennai,0.0,0.0,0.0,1.0,0.0,0.0,0,0,0,0,0,0
2026-07-16 23:46:00,ZO-Bengaluru,0.0,0.0,0.0,1.0,0.0,0.0,0,0,0,0,0,0
2026-07-16 23:46:00,BR-Koramangala,0.0,0.0,0.0,1.0,0.0,0.0,0,0,0,0,0,0
2026-07-16 23:46:00,BR-Whitefield,0.0,0.0,0.0,1.0,0.0,0.0,0,0,0,0,0,0
2026-07-16 23:47:00,HO-Chennai,0.0,0.0,0.0,1.0,0.0,0.0,0,0,0,0,0,0
2026-07-16 23:47:00,ZO-Bengaluru,0.0,0.0,0.0,1.0,0.0,0.0,0,0,0,0,0,0
2026-07-16 23:47:00,BR-Koramangala,0.0,0.0,0.0,1.0,0.0,0.0,0,0,0,0,0,0
2026-07-16 23:47:00,BR-Whitefield,0.0,0.0,0.0,1.0,0.0,0.0,0,0,0,0,0,0
2026-07-16 23:48:00,HO-Chennai,0.0,0.0,0.0,1.0,0.0,0.0,0,0,0,0,0,0
2026-07-16 23:48:00,ZO-Bengaluru,0.0,0.0,0.0,1.0,0.0,0.0,0,0,0,0,0,0
2026-07-16 23:48:00,BR-Koramangala,0.0,0.0,0.0,1.0,0.0,0.0,0,0,0,0,0,0
2026-07-16 23:48:00,BR-Whitefield,0.0,0.0,0.0,1.0,0.0,0.0,0,0,0,0,0,0
2026-07-16 23:49:00,HO-Chennai,0.0,0.0,0.0,1.0,0.0,0.0,0,0,0,0,0,0
2026-07-16 23:49:00,ZO-Bengaluru,0.0,0.0,0.0,1.0,0.0,0.0,0,0,0,0,0,0
2026-07-16 23:49:00,BR-Koramangala,0.0,0.0,0.0,1.0,0.0,0.0,0,0,0,0,0,0
2026-07-16 23:49:00,BR-Whitefield,0.0,0.0,0.0,1.0,0.0,0.0,0,0,0,0,0,0
2026-07-16 23:50:00,HO-Chennai,0.0,0.0,0.0,1.0,0.0,0.0,0,0,0,0,0,0
2026-07-16 23:50:00,ZO-Bengaluru,0.0,0.0,0.0,1.0,0.0,0.0,0,0,0,0,0,0
2026-07-16 23:50:00,BR-Koramangala,0.0,0.0,0.0,1.0,0.0,0.0,0,0,0,0,0,0
2026-07-16 23:50:00,BR-Whitefield,0.0,0.0,0.0,1.0,0.0,0.0,0,0,0,0,0,0
2026-07-16 23:51:00,HO-Chennai,0.0,0.0,0.0,1.0,0.0,0.0,0,0,0,0,0,0
2026-07-16 23:51:00,ZO-Bengaluru,0.0,0.0,0.0,1.0,0.0,0.0,0,0,0,0,0,0
2026-07-16 23:51:00,BR-Koramangala,0.0,0.0,0.0,1.0,0.0,0.0,0,0,0,0,0,0
2026-07-16 23:51:00,BR-Whitefield,0.0,0.0,0.0,1.0,0.0,0.0,0,0,0,0,0,0
2026-07-16 23:52:00,HO-Chennai,0.0,0.0,0.0,1.0,0.0,0.0,0,0,0,0,0,0
2026-07-16 23:52:00,ZO-Bengaluru,0.0,0.0,0.0,1.0,0.0,0.0,0,0,0,0,0,0
2026-07-16 23:52:00,BR-Koramangala,0.0,0.0,0.0,1.0,0.0,0.0,0,0,0,0,0,0
2026-07-16 23:52:00,BR-Whitefield,0.0,0.0,0.0,1.0,0.0,0.0,0,0,0,0,0,0
2026-07-16 23:53:00,HO-Chennai,0.0,0.0,0.0,1.0,0.0,0.0,0,0,0,0,0,0
2026-07-16 23:53:00,ZO-Bengaluru,0.0,0.0,0.0,1.0,0.0,0.0,0,0,0,0,0,0
2026-07-16 23:53:00,BR-Koramangala,0.0,0.0,0.0,1.0,0.0,0.0,0,0,0,0,0,0
2026-07-16 23:53:00,BR-Whitefield,0.0,0.0,0.0,1.0,0.0,0.0,0,0,0,0,0,0
2026-07-16 23:54:00,HO-Chennai,0.0,0.0,0.0,1.0,0.0,0.0,0,0,0,0,0,0
2026-07-16 23:54:00,ZO-Bengaluru,0.0,0.0,0.0,1.0,0.0,0.0,0,0,0,0,0,0
2026-07-16 23:54:00,BR-Koramangala,0.0,0.0,0.0,1.0,0.0,0.0,0,0,0,0,0,0
2026-07-16 23:54:00,BR-Whitefield,0.0,0.0,0.0,1.0,0.0,0.0,0,0,0,0,0,0
2026-07-16 23:55:00,HO-Chennai,0.0,0.0,0.0,1.0,0.0,0.0,0,0,0,0,0,0
2026-07-16 23:55:00,ZO-Bengaluru,0.0,0.0,0.0,1.0,0.0,0.0,0,0,0,0,0,0
2026-07-16 23:55:00,BR-Koramangala,0.0,0.0,0.0,1.0,0.0,0.0,0,0,0,0,0,0
2026-07-16 23:55:00,BR-Whitefield,0.0,0.0,0.0,1.0,0.0,0.0,0,0,0,0,0,0
2026-07-16 23:56:00,HO-Chennai,0.0,0.0,0.0,1.0,0.0,0.0,0,0,0,0,0,0
2026-07-16 23:56:00,ZO-Bengaluru,0.0,0.0,0.0,1.0,0.0,0.0,0,0,0,0,0,0
2026-07-16 23:56:00,BR-Koramangala,0.0,0.0,0.0,1.0,0.0,0.0,0,0,0,0,0,0
2026-07-16 23:56:00,BR-Whitefield,0.0,0.0,0.0,1.0,0.0,0.0,0,0,0,0,0,0
2026-07-16 23:57:00,HO-Chennai,0.0,0.0,0.0,1.0,0.0,0.0,0,0,0,0,0,0
2026-07-16 23:57:00,ZO-Bengaluru,0.0,0.0,0.0,1.0,0.0,0.0,0,0,0,0,0,0
2026-07-16 23:57:00,BR-Koramangala,0.0,0.0,0.0,1.0,0.0,0.0,0,0,0,0,0,0
2026-07-16 23:57:00,BR-Whitefield,0.0,0.0,0.0,1.0,0.0,0.0,0,0,0,0,0,0
2026-07-16 23:58:00,HO-Chennai,0.0,0.0,0.0,1.0,0.0,0.0,0,0,0,0,0,0
2026-07-16 23:58:00,ZO-Bengaluru,0.0,0.0,0.0,1.0,0.0,0.0,0,0,0,0,0,0
2026-07-16 23:58:00,BR-Koramangala,0.0,0.0,0.0,1.0,0.0,0.0,0,0,0,0,0,0
2026-07-16 23:58:00,BR-Whitefield,0.0,0.0,0.0,1.0,0.0,0.0,0,0,0,0,0,0
2026-07-16 23:59:00,HO-Chennai,0.0,0.0,0.0,1.0,0.0,0.0,0,0,0,0,0,0
2026-07-16 23:59:00,ZO-Bengaluru,0.0,0.0,0.0,1.0,0.0,0.0,0,0,0,0,0,0
2026-07-16 23:59:00,BR-Koramangala,0.0,0.0,0.0,1.0,0.0,0.0,0,0,0,0,0,0
2026-07-16 23:59:00,BR-Whitefield,0.0,0.0,0.0,1.0,0.0,0.0,0,0,0,0,0,0
2026-07-17 00:00:00,HO-Chennai,0.0,0.0,0.0,1.0,0.0,0.0,0,0,0,0,0,0
2026-07-17 00:00:00,ZO-Bengaluru,0.0,0.0,0.0,1.0,0.0,0.0,0,0,0,0,0,0
2026-07-17 00:00:00,BR-Koramangala,0.0,0.0,0.0,1.0,0.0,0.0,0,0,0,0,0,0
2026-07-17 00:00:00,BR-Whitefield,0.0,0.0,0.0,1.0,0.0,0.0,0,0,0,0,0,0
2026-07-17 00:01:00,HO-Chennai,0.0,0.0,0.0,1.0,0.0,0.0,0,0,0,0,0,0
2026-07-17 00:01:00,ZO-Bengaluru,0.0,0.0,0.0,1.0,0.0,0.0,0,0,0,0,0,0
2026-07-17 00:01:00,BR-Koramangala,0.0,0.0,0.0,1.0,0.0,0.0,0,0,0,0,0,0
2026-07-17 00:01:00,BR-Whitefield,0.0,0.0,0.0,1.0,0.0,0.0,0,0,0,0,0,0
2026-07-17 00:02:00,HO-Chennai,0.0,0.0,0.0,1.0,0.0,0.0,0,0,0,0,0,0
2026-07-17 00:02:00,ZO-Bengaluru,0.0,0.0,0.0,1.0,0.0,0.0,0,0,0,0,0,0
2026-07-17 00:02:00,BR-Koramangala,0.0,0.0,0.0,1.0,0.0,0.0,0,0,0,0,0,0
2026-07-17 00:02:00,BR-Whitefield,0.0,0.0,0.0,1.0,0.0,0.0,0,0,0,0,0,0
2026-07-17 00:03:00,HO-Chennai,0.0,0.0,0.0,1.0,0.0,0.0,0,0,0,0,0,0
2026-07-17 00:03:00,ZO-Bengaluru,0.0,0.0,0.0,1.0,0.0,0.0,0,0,0,0,0,0
2026-07-17 00:03:00,BR-Koramangala,0.0,0.0,0.0,1.0,0.0,0.0,0,0,0,0,0,0
2026-07-17 00:03:00,BR-Whitefield,0.0,0.0,0.0,1.0,0.0,0.0,0,0,0,0,0,0
2026-07-17 00:04:00,HO-Chennai,0.0,0.0,0.0,1.0,0.0,0.0,0,0,0,0,0,0
2026-07-17 00:04:00,ZO-Bengaluru,0.0,0.0,0.0,1.0,0.0,0.0,0,0,0,0,0,0
2026-07-17 00:04:00,BR-Koramangala,0.0,0.0,0.0,1.0,0.0,0.0,0,0,0,0,0,0
2026-07-17 00:04:00,BR-Whitefield,0.0,0.0,0.0,1.0,0.0,0.0,0,0,0,0,0,0
2026-07-17 00:05:00,HO-Chennai,0.0,0.0,0.0,1.0,0.0,0.0,0,0,0,0,0,0
2026-07-17 00:05:00,ZO-Bengaluru,0.0,0.0,0.0,1.0,0.0,0.0,0,0,0,0,0,0
2026-07-17 00:05:00,BR-Koramangala,0.0,0.0,0.0,1.0,0.0,0.0,0,0,0,0,0,0
2026-07-17 00:05:00,BR-Whitefield,0.0,0.0,0.0,1.0,0.0,0.0,0,0,0,0,0,0
2026-07-17 00:06:00,HO-Chennai,0.0,0.0,0.0,1.0,0.0,0.0,0,0,0,0,0,0
2026-07-17 00:06:00,ZO-Bengaluru,0.0,0.0,0.0,1.0,0.0,0.0,0,0,0,0,0,0
2026-07-17 00:06:00,BR-Koramangala,0.0,0.0,0.0,1.0,0.0,0.0,0,0,0,0,0,0
2026-07-17 00:06:00,BR-Whitefield,0.0,0.0,0.0,1.0,0.0,0.0,0,0,0,0,0,0
2026-07-17 00:07:00,HO-Chennai,0.0,0.0,0.0,1.0,0.0,0.0,0,0,0,0,0,0
2026-07-17 00:07:00,ZO-Bengaluru,0.0,0.0,0.0,1.0,0.0,0.0,0,0,0,0,0,0
2026-07-17 00:07:00,BR-Koramangala,0.0,0.0,0.0,1.0,0.0,0.0,0,0,0,0,0,0
2026-07-17 00:07:00,BR-Whitefield,0.0,0.0,0.0,1.0,0.0,0.0,0,0,0,0,0,0
2026-07-17 00:08:00,HO-Chennai,0.0,0.0,0.0,1.0,0.0,0.0,0,0,0,0,0,0
2026-07-17 00:08:00,ZO-Bengaluru,0.0,0.0,0.0,1.0,0.0,0.0,0,0,0,0,0,0
2026-07-17 00:08:00,BR-Koramangala,0.0,0.0,0.0,1.0,0.0,0.0,0,0,0,0,0,0
2026-07-17 00:08:00,BR-Whitefield,0.0,0.0,0.0,1.0,0.0,0.0,0,0,0,0,0,0
2026-07-17 00:09:00,HO-Chennai,0.0,0.0,0.0,1.0,0.0,0.0,0,0,0,0,0,0
2026-07-17 00:09:00,ZO-Bengaluru,0.0,0.0,0.0,1.0,0.0,0.0,0,0,0,0,0,0
2026-07-17 00:09:00,BR-Koramangala,0.0,0.0,0.0,1.0,0.0,0.0,0,0,0,0,0,0
2026-07-17 00:09:00,BR-Whitefield,0.0,0.0,0.0,1.0,0.0,0.0,0,0,0,0,0,0
2026-07-17 00:10:00,HO-Chennai,0.0,0.0,0.0,1.0,0.0,0.0,0,0,0,0,0,0
2026-07-17 00:10:00,ZO-Bengaluru,0.0,0.0,0.0,1.0,0.0,0.0,0,0,0,0,0,0
2026-07-17 00:10:00,BR-Koramangala,0.0,0.0,0.0,1.0,0.0,0.0,0,0,0,0,0,0
2026-07-17 00:10:00,BR-Whitefield,0.0,0.0,0.0,1.0,0.0,0.0,0,0,0,0,0,0
2026-07-17 00:11:00,HO-Chennai,0.0,0.0,0.0,1.0,0.0,0.0,0,0,0,0,0,0
2026-07-17 00:11:00,ZO-Bengaluru,0.0,0.0,0.0,1.0,0.0,0.0,0,0,0,0,0,0
2026-07-17 00:11:00,BR-Koramangala,0.0,0.0,0.0,1.0,0.0,0.0,0,0,0,0,0,0
2026-07-17 00:11:00,BR-Whitefield,0.0,0.0,0.0,1.0,0.0,0.0,0,0,0,0,0,0
2026-07-17 00:12:00,HO-Chennai,0.0,0.0,0.0,1.0,0.0,0.0,0,0,0,0,0,0
2026-07-17 00:12:00,ZO-Bengaluru,0.0,0.0,0.0,1.0,0.0,0.0,0,0,0,0,0,0
2026-07-17 00:12:00,BR-Koramangala,0.0,0.0,0.0,1.0,0.0,0.0,0,0,0,0,0,0
2026-07-17 00:12:00,BR-Whitefield,0.0,0.0,0.0,1.0,0.0,0.0,0,0,0,0,0,0
2026-07-17 00:13:00,HO-Chennai,0.0,0.0,0.0,1.0,0.0,0.0,0,0,0,0,0,0
2026-07-17 00:13:00,ZO-Bengaluru,0.0,0.0,0.0,1.0,0.0,0.0,0,0,0,0,0,0
2026-07-17 00:13:00,BR-Koramangala,0.0,0.0,0.0,1.0,0.0,0.0,0,0,0,0,0,0
2026-07-17 00:13:00,BR-Whitefield,0.0,0.0,0.0,1.0,0.0,0.0,0,0,0,0,0,0
2026-07-17 00:14:00,HO-Chennai,0.0,0.0,0.0,1.0,0.0,0.0,0,0,0,0,0,0
2026-07-17 00:14:00,ZO-Bengaluru,0.0,0.0,0.0,1.0,0.0,0.0,0,0,0,0,0,0
2026-07-17 00:14:00,BR-Koramangala,0.0,0.0,0.0,1.0,0.0,0.0,0,0,0,0,0,0
2026-07-17 00:14:00,BR-Whitefield,0.0,0.0,0.0,1.0,0.0,0.0,0,0,0,0,0,0
2026-07-17 00:15:00,HO-Chennai,0.0,0.0,0.0,1.0,0.0,0.0,0,0,0,0,0,0
2026-07-17 00:15:00,ZO-Bengaluru,0.0,0.0,0.0,1.0,0.0,0.0,0,0,0,0,0,0
2026-07-17 00:15:00,BR-Koramangala,0.0,0.0,0.0,1.0,0.0,0.0,0,0,0,0,0,0
2026-07-17 00:15:00,BR-Whitefield,0.0,0.0,0.0,1.0,0.0,0.0,0,0,0,0,0,0
2026-07-17 00:16:00,HO-Chennai,0.0,0.0,0.0,1.0,0.0,0.0,0,0,0,0,0,0
2026-07-17 00:16:00,ZO-Bengaluru,0.0,0.0,0.0,1.0,0.0,0.0,0,0,0,0,0,0
2026-07-17 00:16:00,BR-Koramangala,0.0,0.0,0.0,1.0,0.0,0.0,0,0,0,0,0,0
2026-07-17 00:16:00,BR-Whitefield,0.0,0.0,0.0,1.0,0.0,0.0,0,0,0,0,0,0
2026-07-17 00:17:00,HO-Chennai,0.0,0.0,0.0,1.0,0.0,0.0,0,0,0,0,0,0
2026-07-17 00:17:00,ZO-Bengaluru,0.0,0.0,0.0,1.0,0.0,0.0,0,0,0,0,0,0
2026-07-17 00:17:00,BR-Koramangala,0.0,0.0,0.0,1.0,0.0,0.0,0,0,0,0,0,0
2026-07-17 00:17:00,BR-Whitefield,0.0,0.0,0.0,1.0,0.0,0.0,0,0,0,0,0,0
2026-07-17 00:18:00,HO-Chennai,0.0,0.0,0.0,1.0,0.0,0.0,0,0,0,0,0,0
2026-07-17 00:18:00,ZO-Bengaluru,0.0,0.0,0.0,1.0,0.0,0.0,0,0,0,0,0,0
2026-07-17 00:18:00,BR-Koramangala,0.0,0.0,0.0,1.0,0.0,0.0,0,0,0,0,0,0
2026-07-17 00:18:00,BR-Whitefield,0.0,0.0,0.0,1.0,0.0,0.0,0,0,0,0,0,0
2026-07-17 00:19:00,HO-Chennai,0.0,0.0,0.0,1.0,0.0,0.0,0,0,0,0,0,0
2026-07-17 00:19:00,ZO-Bengaluru,0.0,0.0,0.0,1.0,0.0,0.0,0,0,0,0,0,0
2026-07-17 00:19:00,BR-Koramangala,0.0,0.0,0.0,1.0,0.0,0.0,0,0,0,0,0,0
2026-07-17 00:19:00,BR-Whitefield,0.0,0.0,0.0,1.0,0.0,0.0,0,0,0,0,0,0
2026-07-17 00:20:00,HO-Chennai,0.0,0.0,0.0,1.0,0.0,0.0,0,0,0,0,0,0
2026-07-17 00:20:00,ZO-Bengaluru,0.0,0.0,0.0,1.0,0.0,0.0,0,0,0,0,0,0
2026-07-17 00:20:00,BR-Koramangala,0.0,0.0,0.0,1.0,0.0,0.0,0,0,0,0,0,0
2026-07-17 00:20:00,BR-Whitefield,0.0,0.0,0.0,1.0,0.0,0.0,0,0,0,0,0,0
2026-07-17 00:21:00,HO-Chennai,0.0,0.0,0.0,1.0,0.0,0.0,0,0,0,0,0,0
2026-07-17 00:21:00,ZO-Bengaluru,0.0,0.0,0.0,1.0,0.0,0.0,0,0,0,0,0,0
2026-07-17 00:21:00,BR-Koramangala,0.0,0.0,0.0,1.0,0.0,0.0,0,0,0,0,0,0
2026-07-17 00:21:00,BR-Whitefield,0.0,0.0,0.0,1.0,0.0,0.0,0,0,0,0,0,0
2026-07-17 00:22:00,HO-Chennai,0.0,0.0,0.0,1.0,0.0,0.0,0,0,0,0,0,0
2026-07-17 00:22:00,ZO-Bengaluru,0.0,0.0,0.0,1.0,0.0,0.0,0,0,0,0,0,0
2026-07-17 00:22:00,BR-Koramangala,0.0,0.0,0.0,1.0,0.0,0.0,0,0,0,0,0,0
2026-07-17 00:22:00,BR-Whitefield,0.0,0.0,0.0,1.0,0.0,0.0,0,0,0,0,0,0
2026-07-17 00:23:00,HO-Chennai,0.0,0.0,0.0,1.0,0.0,0.0,0,0,0,0,0,0
2026-07-17 00:23:00,ZO-Bengaluru,0.0,0.0,0.0,1.0,0.0,0.0,0,0,0,0,0,0
2026-07-17 00:23:00,BR-Koramangala,0.0,0.0,0.0,1.0,0.0,0.0,0,0,0,0,0,0
2026-07-17 00:23:00,BR-Whitefield,0.0,0.0,0.0,1.0,0.0,0.0,0,0,0,0,0,0
2026-07-17 00:24:00,HO-Chennai,0.0,0.0,0.0,1.0,0.0,0.0,0,0,0,0,0,0
2026-07-17 00:24:00,ZO-Bengaluru,0.0,0.0,0.0,1.0,0.0,0.0,0,0,0,0,0,0
2026-07-17 00:24:00,BR-Koramangala,0.0,0.0,0.0,1.0,0.0,0.0,0,0,0,0,0,0
2026-07-17 00:24:00,BR-Whitefield,0.0,0.0,0.0,1.0,0.0,0.0,0,0,0,0,0,0
2026-07-17 00:25:00,HO-Chennai,0.0,0.0,0.0,1.0,0.0,0.0,0,0,0,0,0,0
2026-07-17 00:25:00,ZO-Bengaluru,0.0,0.0,0.0,1.0,0.0,0.0,0,0,0,0,0,0
2026-07-17 00:25:00,BR-Koramangala,0.0,0.0,0.0,1.0,0.0,0.0,0,0,0,0,0,0
2026-07-17 00:25:00,BR-Whitefield,0.0,0.0,0.0,1.0,0.0,0.0,0,0,0,0,0,0
2026-07-17 00:26:00,HO-Chennai,0.0,0.0,0.0,1.0,0.0,0.0,0,0,0,0,0,0
2026-07-17 00:26:00,ZO-Bengaluru,0.0,0.0,0.0,1.0,0.0,0.0,0,0,0,0,0,0
2026-07-17 00:26:00,BR-Koramangala,0.0,0.0,0.0,1.0,0.0,0.0,0,0,0,0,0,0
2026-07-17 00:26:00,BR-Whitefield,0.0,0.0,0.0,1.0,0.0,0.0,0,0,0,0,0,0
2026-07-17 00:27:00,HO-Chennai,0.0,0.0,0.0,1.0,0.0,0.0,0,0,0,0,0,0
2026-07-17 00:27:00,ZO-Bengaluru,0.0,0.0,0.0,1.0,0.0,0.0,0,0,0,0,0,0
2026-07-17 00:27:00,BR-Koramangala,0.0,0.0,0.0,1.0,0.0,0.0,0,0,0,0,0,0
2026-07-17 00:27:00,BR-Whitefield,0.0,0.0,0.0,1.0,0.0,0.0,0,0,0,0,0,0
2026-07-17 00:28:00,HO-Chennai,0.0,0.0,0.0,1.0,0.0,0.0,0,0,0,0,0,0
2026-07-17 00:28:00,ZO-Bengaluru,0.0,0.0,0.0,1.0,0.0,0.0,0,0,0,0,0,0
2026-07-17 00:28:00,BR-Koramangala,0.0,0.0,0.0,1.0,0.0,0.0,0,0,0,0,0,0
2026-07-17 00:28:00,BR-Whitefield,0.0,0.0,0.0,1.0,0.0,0.0,0,0,0,0,0,0
2026-07-17 00:29:00,HO-Chennai,0.0,0.0,0.0,1.0,0.0,0.0,0,0,0,0,0,0
2026-07-17 00:29:00,ZO-Bengaluru,0.0,0.0,0.0,1.0,0.0,0.0,0,0,0,0,0,0
2026-07-17 00:29:00,BR-Koramangala,0.0,0.0,0.0,1.0,0.0,0.0,0,0,0,0,0,0
2026-07-17 00:29:00,BR-Whitefield,0.0,0.0,0.0,1.0,0.0,0.0,0,0,0,0,0,0
2026-07-17 00:30:00,HO-Chennai,0.0,0.0,0.0,1.0,0.0,0.0,0,0,0,0,0,0
2026-07-17 00:30:00,ZO-Bengaluru,0.0,0.0,0.0,1.0,0.0,0.0,0,0,0,0,0,0
2026-07-17 00:30:00,BR-Koramangala,0.0,0.0,0.0,1.0,0.0,0.0,0,0,0,0,0,0
2026-07-17 00:30:00,BR-Whitefield,0.0,0.0,0.0,1.0,0.0,0.0,0,0,0,0,0,0
2026-07-17 00:31:00,HO-Chennai,0.0,0.0,0.0,1.0,0.0,0.0,0,0,0,0,0,0
2026-07-17 00:31:00,ZO-Bengaluru,0.0,0.0,0.0,1.0,0.0,0.0,0,0,0,0,0,0
2026-07-17 00:31:00,BR-Koramangala,0.0,0.0,0.0,1.0,0.0,0.0,0,0,0,0,0,0
2026-07-17 00:31:00,BR-Whitefield,0.0,0.0,0.0,1.0,0.0,0.0,0,0,0,0,0,0
2026-07-17 00:32:00,HO-Chennai,0.0,0.0,0.0,1.0,0.0,0.0,0,0,0,0,0,0
2026-07-17 00:32:00,ZO-Bengaluru,0.0,0.0,0.0,1.0,0.0,0.0,0,0,0,0,0,0
2026-07-17 00:32:00,BR-Koramangala,0.0,0.0,0.0,1.0,0.0,0.0,0,0,0,0,0,0
2026-07-17 00:32:00,BR-Whitefield,0.0,0.0,0.0,1.0,0.0,0.0,0,0,0,0,0,0
2026-07-17 00:33:00,HO-Chennai,0.0,0.0,0.0,1.0,0.0,0.0,0,0,0,0,0,0
2026-07-17 00:33:00,ZO-Bengaluru,0.0,0.0,0.0,1.0,0.0,0.0,0,0,0,0,0,0
2026-07-17 00:33:00,BR-Koramangala,0.0,0.0,0.0,1.0,0.0,0.0,0,0,0,0,0,0
2026-07-17 00:33:00,BR-Whitefield,0.0,0.0,0.0,1.0,0.0,0.0,0,0,0,0,0,0
2026-07-17 00:34:00,HO-Chennai,0.0,0.0,0.0,1.0,0.0,0.0,0,0,0,0,0,0
2026-07-17 00:34:00,ZO-Bengaluru,0.0,0.0,0.0,1.0,0.0,0.0,0,0,0,0,0,0
2026-07-17 00:34:00,BR-Koramangala,0.0,0.0,0.0,1.0,0.0,0.0,0,0,0,0,0,0
2026-07-17 00:34:00,BR-Whitefield,0.0,0.0,0.0,1.0,0.0,0.0,0,0,0,0,0,0
2026-07-17 00:35:00,HO-Chennai,0.0,0.0,0.0,1.0,0.0,0.0,0,0,0,0,0,0
2026-07-17 00:35:00,ZO-Bengaluru,0.0,0.0,0.0,1.0,0.0,0.0,0,0,0,0,0,0
2026-07-17 00:35:00,BR-Koramangala,0.0,0.0,0.0,1.0,0.0,0.0,0,0,0,0,0,0
2026-07-17 00:35:00,BR-Whitefield,0.0,0.0,0.0,1.0,0.0,0.0,0,0,0,0,0,0
2026-07-17 00:36:00,HO-Chennai,0.0,0.0,0.0,1.0,0.0,0.0,0,0,0,0,0,0
2026-07-17 00:36:00,ZO-Bengaluru,0.0,0.0,0.0,1.0,0.0,0.0,0,0,0,0,0,0
2026-07-17 00:36:00,BR-Koramangala,0.0,0.0,0.0,1.0,0.0,0.0,0,0,0,0,0,0
2026-07-17 00:36:00,BR-Whitefield,0.0,0.0,0.0,1.0,0.0,0.0,0,0,0,0,0,0
2026-07-17 00:37:00,HO-Chennai,0.0,0.0,0.0,1.0,0.0,0.0,0,0,0,0,0,0
2026-07-17 00:37:00,ZO-Bengaluru,0.0,0.0,0.0,1.0,0.0,0.0,0,0,0,0,0,0
2026-07-17 00:37:00,BR-Koramangala,0.0,0.0,0.0,1.0,0.0,0.0,0,0,0,0,0,0
2026-07-17 00:37:00,BR-Whitefield,0.0,0.0,0.0,1.0,0.0,0.0,0,0,0,0,0,0
2026-07-17 00:38:00,HO-Chennai,0.0,0.0,0.0,1.0,0.0,0.0,0,0,0,0,0,0
2026-07-17 00:38:00,ZO-Bengaluru,0.0,0.0,0.0,1.0,0.0,0.0,0,0,0,0,0,0
2026-07-17 00:38:00,BR-Koramangala,0.0,0.0,0.0,1.0,0.0,0.0,0,0,0,0,0,0
2026-07-17 00:38:00,BR-Whitefield,0.0,0.0,0.0,1.0,0.0,0.0,0,0,0,0,0,0
2026-07-17 00:39:00,HO-Chennai,0.0,0.0,0.0,1.0,0.0,0.0,0,0,0,0,0,0
2026-07-17 00:39:00,ZO-Bengaluru,0.0,0.0,0.0,1.0,0.0,0.0,0,0,0,0,0,0
2026-07-17 00:39:00,BR-Koramangala,0.0,0.0,0.0,1.0,0.0,0.0,0,0,0,0,0,0
2026-07-17 00:39:00,BR-Whitefield,0.0,0.0,0.0,1.0,0.0,0.0,0,0,0,0,0,0
2026-07-17 00:40:00,HO-Chennai,0.0,0.0,0.0,1.0,0.0,0.0,0,0,0,0,0,0
2026-07-17 00:40:00,ZO-Bengaluru,0.0,0.0,0.0,1.0,0.0,0.0,0,0,0,0,0,0
2026-07-17 00:40:00,BR-Koramangala,0.0,0.0,0.0,1.0,0.0,0.0,0,0,0,0,0,0
2026-07-17 00:40:00,BR-Whitefield,0.0,0.0,0.0,1.0,0.0,0.0,0,0,0,0,0,0
2026-07-17 00:41:00,HO-Chennai,0.0,0.0,0.0,1.0,0.0,0.0,0,0,0,0,0,0
2026-07-17 00:41:00,ZO-Bengaluru,0.0,0.0,0.0,1.0,0.0,0.0,0,0,0,0,0,0
2026-07-17 00:41:00,BR-Koramangala,0.0,0.0,0.0,1.0,0.0,0.0,0,0,0,0,0,0
2026-07-17 00:41:00,BR-Whitefield,0.0,0.0,0.0,1.0,0.0,0.0,0,0,0,0,0,0
2026-07-17 00:42:00,HO-Chennai,0.0,0.0,0.0,1.0,0.0,0.0,0,0,0,0,0,0
2026-07-17 00:42:00,ZO-Bengaluru,0.0,0.0,0.0,1.0,0.0,0.0,0,0,0,0,0,0
2026-07-17 00:42:00,BR-Koramangala,0.0,0.0,0.0,1.0,0.0,0.0,0,0,0,0,0,0
2026-07-17 00:42:00,BR-Whitefield,0.0,0.0,0.0,1.0,0.0,0.0,0,0,0,0,0,0
2026-07-17 00:43:00,HO-Chennai,0.0,0.0,0.0,1.0,0.0,0.0,0,0,0,0,0,0
2026-07-17 00:43:00,ZO-Bengaluru,0.0,0.0,0.0,1.0,0.0,0.0,0,0,0,0,0,0
2026-07-17 00:43:00,BR-Koramangala,0.0,0.0,0.0,1.0,0.0,0.0,0,0,0,0,0,0
2026-07-17 00:43:00,BR-Whitefield,0.0,0.0,0.0,1.0,0.0,0.0,0,0,0,0,0,0
2026-07-17 00:44:00,HO-Chennai,0.0,0.0,0.0,1.0,0.0,0.0,0,0,0,0,0,0
2026-07-17 00:44:00,ZO-Bengaluru,0.0,0.0,0.0,1.0,0.0,0.0,0,0,0,0,0,0
2026-07-17 00:44:00,BR-Koramangala,0.0,0.0,0.0,1.0,0.0,0.0,0,0,0,0,0,0
2026-07-17 00:44:00,BR-Whitefield,0.0,0.0,0.0,1.0,0.0,0.0,0,0,0,0,0,0
2026-07-17 00:45:00,HO-Chennai,0.0,0.0,0.0,1.0,0.0,0.0,0,0,0,0,0,0
2026-07-17 00:45:00,ZO-Bengaluru,0.0,0.0,0.0,1.0,0.0,0.0,0,0,0,0,0,0
2026-07-17 00:45:00,BR-Koramangala,0.0,0.0,0.0,1.0,0.0,0.0,0,0,0,0,0,0
2026-07-17 00:45:00,BR-Whitefield,0.0,0.0,0.0,1.0,0.0,0.0,0,0,0,0,0,0
2026-07-17 00:46:00,HO-Chennai,0.0,0.0,0.0,1.0,0.0,0.0,0,0,0,0,0,0
2026-07-17 00:46:00,ZO-Bengaluru,0.0,0.0,0.0,1.0,0.0,0.0,0,0,0,0,0,0
2026-07-17 00:46:00,BR-Koramangala,0.0,0.0,0.0,1.0,0.0,0.0,0,0,0,0,0,0
2026-07-17 00:46:00,BR-Whitefield,0.0,0.0,0.0,1.0,0.0,0.0,0,0,0,0,0,0
2026-07-17 00:47:00,HO-Chennai,0.0,0.0,0.0,1.0,0.0,0.0,0,0,0,0,0,0
2026-07-17 00:47:00,ZO-Bengaluru,0.0,0.0,0.0,1.0,0.0,0.0,0,0,0,0,0,0
2026-07-17 00:47:00,BR-Koramangala,0.0,0.0,0.0,1.0,0.0,0.0,0,0,0,0,0,0
2026-07-17 00:47:00,BR-Whitefield,0.0,0.0,0.0,1.0,0.0,0.0,0,0,0,0,0,0
2026-07-17 00:48:00,HO-Chennai,0.0,0.0,0.0,1.0,0.0,0.0,0,0,0,0,0,0
2026-07-17 00:48:00,ZO-Bengaluru,0.0,0.0,0.0,1.0,0.0,0.0,0,0,0,0,0,0
2026-07-17 00:48:00,BR-Koramangala,0.0,0.0,0.0,1.0,0.0,0.0,0,0,0,0,0,0
2026-07-17 00:48:00,BR-Whitefield,0.0,0.0,0.0,1.0,0.0,0.0,0,0,0,0,0,0
2026-07-17 00:49:00,HO-Chennai,0.0,0.0,0.0,1.0,0.0,0.0,0,0,0,0,0,0
2026-07-17 00:49:00,ZO-Bengaluru,0.0,0.0,0.0,1.0,0.0,0.0,0,0,0,0,0,0
2026-07-17 00:49:00,BR-Koramangala,0.0,0.0,0.0,1.0,0.0,0.0,0,0,0,0,0,0
2026-07-17 00:49:00,BR-Whitefield,0.0,0.0,0.0,1.0,0.0,0.0,0,0,0,0,0,0
2026-07-17 00:50:00,HO-Chennai,0.0,0.0,0.0,1.0,0.0,0.0,0,0,0,0,0,0
2026-07-17 00:50:00,ZO-Bengaluru,0.0,0.0,0.0,1.0,0.0,0.0,0,0,0,0,0,0
2026-07-17 00:50:00,BR-Koramangala,0.0,0.0,0.0,1.0,0.0,0.0,0,0,0,0,0,0
2026-07-17 00:50:00,BR-Whitefield,0.0,0.0,0.0,1.0,0.0,0.0,0,0,0,0,0,0
2026-07-17 00:51:00,HO-Chennai,0.0,0.0,0.0,1.0,0.0,0.0,0,0,0,0,0,0
2026-07-17 00:51:00,ZO-Bengaluru,0.0,0.0,0.0,1.0,0.0,0.0,0,0,0,0,0,0
2026-07-17 00:51:00,BR-Koramangala,0.0,0.0,0.0,1.0,0.0,0.0,0,0,0,0,0,0
2026-07-17 00:51:00,BR-Whitefield,0.0,0.0,0.0,1.0,0.0,0.0,0,0,0,0,0,0
2026-07-17 00:52:00,HO-Chennai,0.0,0.0,0.0,1.0,0.0,0.0,0,0,0,0,0,0
2026-07-17 00:52:00,ZO-Bengaluru,0.0,0.0,0.0,1.0,0.0,0.0,0,0,0,0,0,0
2026-07-17 00:52:00,BR-Koramangala,0.0,0.0,0.0,1.0,0.0,0.0,0,0,0,0,0,0
2026-07-17 00:52:00,BR-Whitefield,0.0,0.0,0.0,1.0,0.0,0.0,0,0,0,0,0,0
2026-07-17 00:53:00,HO-Chennai,0.0,0.0,0.0,1.0,0.0,0.0,0,0,0,0,0,0
2026-07-17 00:53:00,ZO-Bengaluru,0.0,0.0,0.0,1.0,0.0,0.0,0,0,0,0,0,0
2026-07-17 00:53:00,BR-Koramangala,0.0,0.0,0.0,1.0,0.0,0.0,0,0,0,0,0,0
2026-07-17 00:53:00,BR-Whitefield,0.0,0.0,0.0,1.0,0.0,0.0,0,0,0,0,0,0
2026-07-17 00:54:00,HO-Chennai,0.0,0.0,0.0,1.0,0.0,0.0,0,0,0,0,0,0
2026-07-17 00:54:00,ZO-Bengaluru,0.0,0.0,0.0,1.0,0.0,0.0,0,0,0,0,0,0
2026-07-17 00:54:00,BR-Koramangala,0.0,0.0,0.0,1.0,0.0,0.0,0,0,0,0,0,0
2026-07-17 00:54:00,BR-Whitefield,0.0,0.0,0.0,1.0,0.0,0.0,0,0,0,0,0,0
2026-07-17 00:55:00,HO-Chennai,0.0,0.0,0.0,1.0,0.0,0.0,0,0,0,0,0,0
2026-07-17 00:55:00,ZO-Bengaluru,0.0,0.0,0.0,1.0,0.0,0.0,0,0,0,0,0,0
2026-07-17 00:55:00,BR-Koramangala,0.0,0.0,0.0,1.0,0.0,0.0,0,0,0,0,0,0
2026-07-17 00:55:00,BR-Whitefield,0.0,0.0,0.0,1.0,0.0,0.0,0,0,0,0,0,0
2026-07-17 00:56:00,HO-Chennai,0.0,0.0,0.0,1.0,0.0,0.0,0,0,0,0,0,0
2026-07-17 00:56:00,ZO-Bengaluru,0.0,0.0,0.0,1.0,0.0,0.0,0,0,0,0,0,0
2026-07-17 00:56:00,BR-Koramangala,0.0,0.0,0.0,1.0,0.0,0.0,0,0,0,0,0,0
2026-07-17 00:56:00,BR-Whitefield,0.0,0.0,0.0,1.0,0.0,0.0,0,0,0,0,0,0
2026-07-17 00:57:00,HO-Chennai,0.0,0.0,0.0,1.0,0.0,0.0,0,0,0,0,0,0
2026-07-17 00:57:00,ZO-Bengaluru,0.0,0.0,0.0,1.0,0.0,0.0,0,0,0,0,0,0
2026-07-17 00:57:00,BR-Koramangala,0.0,0.0,0.0,1.0,0.0,0.0,0,0,0,0,0,0
2026-07-17 00:57:00,BR-Whitefield,0.0,0.0,0.0,1.0,0.0,0.0,0,0,0,0,0,0
2026-07-17 00:58:00,HO-Chennai,0.0,0.0,0.0,1.0,0.0,0.0,0,0,0,0,0,0
2026-07-17 00:58:00,ZO-Bengaluru,0.0,0.0,0.0,1.0,0.0,0.0,0,0,0,0,0,0
2026-07-17 00:58:00,BR-Koramangala,0.0,0.0,0.0,1.0,0.0,0.0,0,0,0,0,0,0
2026-07-17 00:58:00,BR-Whitefield,0.0,0.0,0.0,1.0,0.0,0.0,0,0,0,0,0,0
2026-07-17 00:59:00,HO-Chennai,0.0,0.0,0.0,1.0,0.0,0.0,0,0,0,0,0,0
2026-07-17 00:59:00,ZO-Bengaluru,0.0,0.0,0.0,1.0,0.0,0.0,0,0,0,0,0,0
2026-07-17 00:59:00,BR-Koramangala,0.0,0.0,0.0,1.0,0.0,0.0,0,0,0,0,0,0
2026-07-17 00:59:00,BR-Whitefield,0.0,0.0,0.0,1.0,0.0,0.0,0,0,0,0,0,0
2026-07-17 01:00:00,HO-Chennai,0.0,0.0,0.0,1.0,0.0,0.0,0,0,0,0,0,0
2026-07-17 01:00:00,ZO-Bengaluru,0.0,0.0,0.0,1.0,0.0,0.0,0,0,0,0,0,0
2026-07-17 01:00:00,BR-Koramangala,0.0,0.0,0.0,1.0,0.0,0.0,0,0,0,0,0,0
2026-07-17 01:00:00,BR-Whitefield,0.0,0.0,0.0,1.0,0.0,0.0,0,0,0,0,0,0
2026-07-17 01:01:00,HO-Chennai,0.0,0.0,0.0,1.0,0.0,0.0,0,0,0,0,0,0
2026-07-17 01:01:00,ZO-Bengaluru,0.0,0.0,0.0,1.0,0.0,0.0,0,0,0,0,0,0
2026-07-17 01:01:00,BR-Koramangala,0.0,0.0,0.0,1.0,0.0,0.0,0,0,0,0,0,0
2026-07-17 01:01:00,BR-Whitefield,0.0,0.0,0.0,1.0,0.0,0.0,0,0,0,0,0,0
2026-07-17 01:02:00,HO-Chennai,0.0,0.0,0.0,1.0,0.0,0.0,0,0,0,0,0,0
2026-07-17 01:02:00,ZO-Bengaluru,0.0,0.0,0.0,1.0,0.0,0.0,0,0,0,0,0,0
2026-07-17 01:02:00,BR-Koramangala,0.0,0.0,0.0,1.0,0.0,0.0,0,0,0,0,0,0
2026-07-17 01:02:00,BR-Whitefield,0.0,0.0,0.0,1.0,0.0,0.0,0,0,0,0,0,0
2026-07-17 01:03:00,HO-Chennai,0.0,0.0,0.0,1.0,0.0,0.0,0,0,0,0,0,0
2026-07-17 01:03:00,ZO-Bengaluru,0.0,0.0,0.0,1.0,0.0,0.0,0,0,0,0,0,0
2026-07-17 01:03:00,BR-Koramangala,0.0,0.0,0.0,1.0,0.0,0.0,0,0,0,0,0,0
2026-07-17 01:03:00,BR-Whitefield,0.0,0.0,0.0,1.0,0.0,0.0,0,0,0,0,0,0
2026-07-17 01:04:00,HO-Chennai,0.0,0.0,0.0,1.0,0.0,0.0,0,0,0,0,0,0
2026-07-17 01:04:00,ZO-Bengaluru,0.0,0.0,0.0,1.0,0.0,0.0,0,0,0,0,0,0
2026-07-17 01:04:00,BR-Koramangala,0.0,0.0,0.0,1.0,0.0,0.0,0,0,0,0,0,0
2026-07-17 01:04:00,BR-Whitefield,0.0,0.0,0.0,1.0,0.0,0.0,0,0,0,0,0,0
2026-07-17 01:05:00,HO-Chennai,0.0,0.0,0.0,1.0,0.0,0.0,0,0,0,0,0,0
2026-07-17 01:05:00,ZO-Bengaluru,0.0,0.0,0.0,1.0,0.0,0.0,0,0,0,0,0,0
2026-07-17 01:05:00,BR-Koramangala,0.0,0.0,0.0,1.0,0.0,0.0,0,0,0,0,0,0
2026-07-17 01:05:00,BR-Whitefield,0.0,0.0,0.0,1.0,0.0,0.0,0,0,0,0,0,0
2026-07-17 01:06:00,HO-Chennai,0.0,0.0,0.0,1.0,0.0,0.0,0,0,0,0,0,0
2026-07-17 01:06:00,ZO-Bengaluru,0.0,0.0,0.0,1.0,0.0,0.0,0,0,0,0,0,0
2026-07-17 01:06:00,BR-Koramangala,0.0,0.0,0.0,1.0,0.0,0.0,0,0,0,0,0,0
2026-07-17 01:06:00,BR-Whitefield,0.0,0.0,0.0,1.0,0.0,0.0,0,0,0,0,0,0
2026-07-17 01:07:00,HO-Chennai,0.0,0.0,0.0,1.0,0.0,0.0,0,0,0,0,0,0
2026-07-17 01:07:00,ZO-Bengaluru,0.0,0.0,0.0,1.0,0.0,0.0,0,0,0,0,0,0
2026-07-17 01:07:00,BR-Koramangala,0.0,0.0,0.0,1.0,0.0,0.0,0,0,0,0,0,0
2026-07-17 01:07:00,BR-Whitefield,0.0,0.0,0.0,1.0,0.0,0.0,0,0,0,0,0,0
2026-07-17 01:08:00,HO-Chennai,0.0,0.0,0.0,1.0,0.0,0.0,0,0,0,0,0,0
2026-07-17 01:08:00,ZO-Bengaluru,0.0,0.0,0.0,1.0,0.0,0.0,0,0,0,0,0,0
2026-07-17 01:08:00,BR-Koramangala,0.0,0.0,0.0,1.0,0.0,0.0,0,0,0,0,0,0
2026-07-17 01:08:00,BR-Whitefield,0.0,0.0,0.0,1.0,0.0,0.0,0,0,0,0,0,0
2026-07-17 01:09:00,HO-Chennai,0.0,0.0,0.0,1.0,0.0,0.0,0,0,0,0,0,0
2026-07-17 01:09:00,ZO-Bengaluru,0.0,0.0,0.0,1.0,0.0,0.0,0,0,0,0,0,0
2026-07-17 01:09:00,BR-Koramangala,0.0,0.0,0.0,1.0,0.0,0.0,0,0,0,0,0,0
2026-07-17 01:09:00,BR-Whitefield,0.0,0.0,0.0,1.0,0.0,0.0,0,0,0,0,0,0
2026-07-17 01:10:00,HO-Chennai,0.0,0.0,0.0,1.0,0.0,0.0,0,0,0,0,0,0
2026-07-17 01:10:00,ZO-Bengaluru,0.0,0.0,0.0,1.0,0.0,0.0,0,0,0,0,0,0
2026-07-17 01:10:00,BR-Koramangala,0.0,0.0,0.0,1.0,0.0,0.0,0,0,0,0,0,0
2026-07-17 01:10:00,BR-Whitefield,0.0,0.0,0.0,1.0,0.0,0.0,0,0,0,0,0,0
2026-07-17 01:11:00,HO-Chennai,0.0,0.0,0.0,1.0,0.0,0.0,0,0,0,0,0,0
2026-07-17 01:11:00,ZO-Bengaluru,0.0,0.0,0.0,1.0,0.0,0.0,0,0,0,0,0,0
2026-07-17 01:11:00,BR-Koramangala,0.0,0.0,0.0,1.0,0.0,0.0,0,0,0,0,0,0
2026-07-17 01:11:00,BR-Whitefield,0.0,0.0,0.0,1.0,0.0,0.0,0,0,0,0,0,0
2026-07-17 01:12:00,HO-Chennai,0.0,0.0,0.0,1.0,0.0,0.0,0,0,0,0,0,0
2026-07-17 01:12:00,ZO-Bengaluru,0.0,0.0,0.0,1.0,0.0,0.0,0,0,0,0,0,0
2026-07-17 01:12:00,BR-Koramangala,0.0,0.0,0.0,1.0,0.0,0.0,0,0,0,0,0,0
2026-07-17 01:12:00,BR-Whitefield,0.0,0.0,0.0,1.0,0.0,0.0,0,0,0,0,0,0
2026-07-17 01:13:00,HO-Chennai,0.0,0.0,0.0,1.0,0.0,0.0,0,0,0,0,0,0
2026-07-17 01:13:00,ZO-Bengaluru,0.0,0.0,0.0,1.0,0.0,0.0,0,0,0,0,0,0
2026-07-17 01:13:00,BR-Koramangala,0.0,0.0,0.0,1.0,0.0,0.0,0,0,0,0,0,0
2026-07-17 01:13:00,BR-Whitefield,0.0,0.0,0.0,1.0,0.0,0.0,0,0,0,0,0,0
2026-07-17 01:14:00,HO-Chennai,0.0,0.0,0.0,1.0,0.0,0.0,0,0,0,0,0,0
2026-07-17 01:14:00,ZO-Bengaluru,0.0,0.0,0.0,1.0,0.0,0.0,0,0,0,0,0,0
2026-07-17 01:14:00,BR-Koramangala,0.0,0.0,0.0,1.0,0.0,0.0,0,0,0,0,0,0
2026-07-17 01:14:00,BR-Whitefield,0.0,0.0,0.0,1.0,0.0,0.0,0,0,0,0,0,0
2026-07-17 01:15:00,HO-Chennai,0.0,0.0,0.0,1.0,0.0,0.0,0,0,0,0,0,0
2026-07-17 01:15:00,ZO-Bengaluru,0.0,0.0,0.0,1.0,0.0,0.0,0,0,0,0,0,0
2026-07-17 01:15:00,BR-Koramangala,0.0,0.0,0.0,1.0,0.0,0.0,0,0,0,0,0,0
2026-07-17 01:15:00,BR-Whitefield,0.0,0.0,0.0,1.0,0.0,0.0,0,0,0,0,0,0
2026-07-17 01:16:00,HO-Chennai,0.0,0.0,0.0,1.0,0.0,0.0,0,0,0,0,0,0
2026-07-17 01:16:00,ZO-Bengaluru,0.0,0.0,0.0,1.0,0.0,0.0,0,0,0,0,0,0
2026-07-17 01:16:00,BR-Koramangala,0.0,0.0,0.0,1.0,0.0,0.0,0,0,0,0,0,0
2026-07-17 01:16:00,BR-Whitefield,0.0,0.0,0.0,1.0,0.0,0.0,0,0,0,0,0,0
2026-07-17 01:17:00,HO-Chennai,0.0,0.0,0.0,1.0,0.0,0.0,0,0,0,0,0,0
2026-07-17 01:17:00,ZO-Bengaluru,0.0,0.0,0.0,1.0,0.0,0.0,0,0,0,0,0,0
2026-07-17 01:17:00,BR-Koramangala,0.0,0.0,0.0,1.0,0.0,0.0,0,0,0,0,0,0
2026-07-17 01:17:00,BR-Whitefield,0.0,0.0,0.0,1.0,0.0,0.0,0,0,0,0,0,0
2026-07-17 01:18:00,HO-Chennai,0.0,0.0,0.0,1.0,0.0,0.0,0,0,0,0,0,0
2026-07-17 01:18:00,ZO-Bengaluru,0.0,0.0,0.0,1.0,0.0,0.0,0,0,0,0,0,0
2026-07-17 01:18:00,BR-Koramangala,0.0,0.0,0.0,1.0,0.0,0.0,0,0,0,0,0,0
2026-07-17 01:18:00,BR-Whitefield,0.0,0.0,0.0,1.0,0.0,0.0,0,0,0,0,0,0
2026-07-17 01:19:00,HO-Chennai,0.0,0.0,0.0,1.0,0.0,0.0,0,0,0,0,0,0
2026-07-17 01:19:00,ZO-Bengaluru,0.0,0.0,0.0,1.0,0.0,0.0,0,0,0,0,0,0
2026-07-17 01:19:00,BR-Koramangala,0.0,0.0,0.0,1.0,0.0,0.0,0,0,0,0,0,0
2026-07-17 01:19:00,BR-Whitefield,0.0,0.0,0.0,1.0,0.0,0.0,0,0,0,0,0,0
2026-07-17 01:20:00,HO-Chennai,0.0,0.0,0.0,1.0,0.0,0.0,0,0,0,0,0,0
2026-07-17 01:20:00,ZO-Bengaluru,0.0,0.0,0.0,1.0,0.0,0.0,0,0,0,0,0,0
2026-07-17 01:20:00,BR-Koramangala,0.0,0.0,0.0,1.0,0.0,0.0,0,0,0,0,0,0
2026-07-17 01:20:00,BR-Whitefield,0.0,0.0,0.0,1.0,0.0,0.0,0,0,0,0,0,0
2026-07-17 01:21:00,HO-Chennai,0.0,0.0,0.0,1.0,0.0,0.0,0,0,0,0,0,0
2026-07-17 01:21:00,ZO-Bengaluru,0.0,0.0,0.0,1.0,0.0,0.0,0,0,0,0,0,0
2026-07-17 01:21:00,BR-Koramangala,0.0,0.0,0.0,1.0,0.0,0.0,0,0,0,0,0,0
2026-07-17 01:21:00,BR-Whitefield,0.0,0.0,0.0,1.0,0.0,0.0,0,0,0,0,0,0
2026-07-17 01:22:00,HO-Chennai,0.0,0.0,0.0,1.0,0.0,0.0,0,0,0,0,0,0
2026-07-17 01:22:00,ZO-Bengaluru,0.0,0.0,0.0,1.0,0.0,0.0,0,0,0,0,0,0
2026-07-17 01:22:00,BR-Koramangala,0.0,0.0,0.0,1.0,0.0,0.0,0,0,0,0,0,0
2026-07-17 01:22:00,BR-Whitefield,0.0,0.0,0.0,1.0,0.0,0.0,0,0,0,0,0,0
2026-07-17 01:23:00,HO-Chennai,0.0,0.0,0.0,1.0,0.0,0.0,0,0,0,0,0,0
2026-07-17 01:23:00,ZO-Bengaluru,0.0,0.0,0.0,1.0,0.0,0.0,0,0,0,0,0,0
2026-07-17 01:23:00,BR-Koramangala,0.0,0.0,0.0,1.0,0.0,0.0,0,0,0,0,0,0
2026-07-17 01:23:00,BR-Whitefield,0.0,0.0,0.0,1.0,0.0,0.0,0,0,0,0,0,0
2026-07-17 01:24:00,HO-Chennai,0.0,0.0,0.0,1.0,0.0,0.0,0,0,0,0,0,0
2026-07-17 01:24:00,ZO-Bengaluru,0.0,0.0,0.0,1.0,0.0,0.0,0,0,0,0,0,0
2026-07-17 01:24:00,BR-Koramangala,0.0,0.0,0.0,1.0,0.0,0.0,0,0,0,0,0,0
2026-07-17 01:24:00,BR-Whitefield,0.0,0.0,0.0,1.0,0.0,0.0,0,0,0,0,0,0
2026-07-17 01:25:00,HO-Chennai,0.0,0.0,0.0,1.0,0.0,0.0,0,0,0,0,0,0
2026-07-17 01:25:00,ZO-Bengaluru,0.0,0.0,0.0,1.0,0.0,0.0,0,0,0,0,0,0
2026-07-17 01:25:00,BR-Koramangala,0.0,0.0,0.0,1.0,0.0,0.0,0,0,0,0,0,0
2026-07-17 01:25:00,BR-Whitefield,0.0,0.0,0.0,1.0,0.0,0.0,0,0,0,0,0,0
2026-07-17 01:26:00,HO-Chennai,0.0,0.0,0.0,1.0,0.0,0.0,0,0,0,0,0,0
2026-07-17 01:26:00,ZO-Bengaluru,0.0,0.0,0.0,1.0,0.0,0.0,0,0,0,0,0,0
2026-07-17 01:26:00,BR-Koramangala,0.0,0.0,0.0,1.0,0.0,0.0,0,0,0,0,0,0
2026-07-17 01:26:00,BR-Whitefield,0.0,0.0,0.0,1.0,0.0,0.0,0,0,0,0,0,0
2026-07-17 01:27:00,HO-Chennai,0.0,0.0,0.0,1.0,0.0,0.0,0,0,0,0,0,0
2026-07-17 01:27:00,ZO-Bengaluru,0.0,0.0,0.0,1.0,0.0,0.0,0,0,0,0,0,0
2026-07-17 01:27:00,BR-Koramangala,0.0,0.0,0.0,1.0,0.0,0.0,0,0,0,0,0,0
2026-07-17 01:27:00,BR-Whitefield,0.0,0.0,0.0,1.0,0.0,0.0,0,0,0,0,0,0
2026-07-17 01:28:00,HO-Chennai,0.0,0.0,0.0,1.0,0.0,0.0,0,0,0,0,0,0
2026-07-17 01:28:00,ZO-Bengaluru,0.0,0.0,0.0,1.0,0.0,0.0,0,0,0,0,0,0
2026-07-17 01:28:00,BR-Koramangala,0.0,0.0,0.0,1.0,0.0,0.0,0,0,0,0,0,0
2026-07-17 01:28:00,BR-Whitefield,0.0,0.0,0.0,1.0,0.0,0.0,0,0,0,0,0,0
2026-07-17 01:29:00,HO-Chennai,0.0,0.0,0.0,1.0,0.0,0.0,0,0,0,0,0,0
2026-07-17 01:29:00,ZO-Bengaluru,0.0,0.0,0.0,1.0,0.0,0.0,0,0,0,0,0,0
2026-07-17 01:29:00,BR-Koramangala,0.0,0.0,0.0,1.0,0.0,0.0,0,0,0,0,0,0
2026-07-17 01:29:00,BR-Whitefield,0.0,0.0,0.0,1.0,0.0,0.0,0,0,0,0,0,0
2026-07-17 01:30:00,HO-Chennai,0.0,0.0,0.0,1.0,0.0,0.0,0,0,0,0,0,0
2026-07-17 01:30:00,ZO-Bengaluru,0.0,0.0,0.0,1.0,0.0,0.0,0,0,0,0,0,0
2026-07-17 01:30:00,BR-Koramangala,0.0,0.0,0.0,1.0,0.0,0.0,0,0,0,0,0,0
2026-07-17 01:30:00,BR-Whitefield,0.0,0.0,0.0,1.0,0.0,0.0,0,0,0,0,0,0
2026-07-17 01:31:00,HO-Chennai,0.0,0.0,0.0,1.0,0.0,0.0,0,0,0,0,0,0
2026-07-17 01:31:00,ZO-Bengaluru,0.0,0.0,0.0,1.0,0.0,0.0,0,0,0,0,0,0
2026-07-17 01:31:00,BR-Koramangala,0.0,0.0,0.0,1.0,0.0,0.0,0,0,0,0,0,0
2026-07-17 01:31:00,BR-Whitefield,0.0,0.0,0.0,1.0,0.0,0.0,0,0,0,0,0,0
2026-07-17 01:32:00,HO-Chennai,0.0,0.0,0.0,1.0,0.0,0.0,0,0,0,0,0,0
2026-07-17 01:32:00,ZO-Bengaluru,0.0,0.0,0.0,1.0,0.0,0.0,0,0,0,0,0,0
2026-07-17 01:32:00,BR-Koramangala,0.0,0.0,0.0,1.0,0.0,0.0,0,0,0,0,0,0
2026-07-17 01:32:00,BR-Whitefield,0.0,0.0,0.0,1.0,0.0,0.0,0,0,0,0,0,0
2026-07-17 01:33:00,HO-Chennai,0.0,0.0,0.0,1.0,0.0,0.0,0,0,0,0,0,0
2026-07-17 01:33:00,ZO-Bengaluru,0.0,0.0,0.0,1.0,0.0,0.0,0,0,0,0,0,0
2026-07-17 01:33:00,BR-Koramangala,0.0,0.0,0.0,1.0,0.0,0.0,0,0,0,0,0,0
2026-07-17 01:33:00,BR-Whitefield,0.0,0.0,0.0,1.0,0.0,0.0,0,0,0,0,0,0
2026-07-17 01:34:00,HO-Chennai,0.0,0.0,0.0,1.0,0.0,0.0,0,0,0,0,0,0
2026-07-17 01:34:00,ZO-Bengaluru,0.0,0.0,0.0,1.0,0.0,0.0,0,0,0,0,0,0
2026-07-17 01:34:00,BR-Koramangala,0.0,0.0,0.0,1.0,0.0,0.0,0,0,0,0,0,0
2026-07-17 01:34:00,BR-Whitefield,0.0,0.0,0.0,1.0,0.0,0.0,0,0,0,0,0,0
2026-07-17 01:35:00,HO-Chennai,0.0,0.0,0.0,1.0,0.0,0.0,0,0,0,0,0,0
2026-07-17 01:35:00,ZO-Bengaluru,0.0,0.0,0.0,1.0,0.0,0.0,0,0,0,0,0,0
2026-07-17 01:35:00,BR-Koramangala,0.0,0.0,0.0,1.0,0.0,0.0,0,0,0,0,0,0
2026-07-17 01:35:00,BR-Whitefield,0.0,0.0,0.0,1.0,0.0,0.0,0,0,0,0,0,0
2026-07-17 01:36:00,HO-Chennai,0.0,0.0,0.0,1.0,0.0,0.0,0,0,0,0,0,0
2026-07-17 01:36:00,ZO-Bengaluru,0.0,0.0,0.0,1.0,0.0,0.0,0,0,0,0,0,0
2026-07-17 01:36:00,BR-Koramangala,0.0,0.0,0.0,1.0,0.0,0.0,0,0,0,0,0,0
2026-07-17 01:36:00,BR-Whitefield,0.0,0.0,0.0,1.0,0.0,0.0,0,0,0,0,0,0
2026-07-17 01:37:00,HO-Chennai,0.0,0.0,0.0,1.0,0.0,0.0,0,0,0,0,0,0
2026-07-17 01:37:00,ZO-Bengaluru,0.0,0.0,0.0,1.0,0.0,0.0,0,0,0,0,0,0
2026-07-17 01:37:00,BR-Koramangala,0.0,0.0,0.0,1.0,0.0,0.0,0,0,0,0,0,0
2026-07-17 01:37:00,BR-Whitefield,0.0,0.0,0.0,1.0,0.0,0.0,0,0,0,0,0,0
2026-07-17 01:38:00,HO-Chennai,0.0,0.0,0.0,1.0,0.0,0.0,0,0,0,0,0,0
2026-07-17 01:38:00,ZO-Bengaluru,0.0,0.0,0.0,1.0,0.0,0.0,0,0,0,0,0,0
2026-07-17 01:38:00,BR-Koramangala,0.0,0.0,0.0,1.0,0.0,0.0,0,0,0,0,0,0
2026-07-17 01:38:00,BR-Whitefield,0.0,0.0,0.0,1.0,0.0,0.0,0,0,0,0,0,0
2026-07-17 01:39:00,HO-Chennai,0.0,0.0,0.0,1.0,0.0,0.0,0,0,0,0,0,0
2026-07-17 01:39:00,ZO-Bengaluru,0.0,0.0,0.0,1.0,0.0,0.0,0,0,0,0,0,0
2026-07-17 01:39:00,BR-Koramangala,0.0,0.0,0.0,1.0,0.0,0.0,0,0,0,0,0,0
2026-07-17 01:39:00,BR-Whitefield,0.0,0.0,0.0,1.0,0.0,0.0,0,0,0,0,0,0
2026-07-17 01:40:00,HO-Chennai,0.0,0.0,0.0,1.0,0.0,0.0,0,0,0,0,0,0
2026-07-17 01:40:00,ZO-Bengaluru,0.0,0.0,0.0,1.0,0.0,0.0,0,0,0,0,0,0
2026-07-17 01:40:00,BR-Koramangala,0.0,0.0,0.0,1.0,0.0,0.0,0,0,0,0,0,0
2026-07-17 01:40:00,BR-Whitefield,0.0,0.0,0.0,1.0,0.0,0.0,0,0,0,0,0,0
2026-07-17 01:41:00,HO-Chennai,0.0,0.0,0.0,1.0,0.0,0.0,0,0,0,0,0,0
2026-07-17 01:41:00,ZO-Bengaluru,0.0,0.0,0.0,1.0,0.0,0.0,0,0,0,0,0,0
2026-07-17 01:41:00,BR-Koramangala,0.0,0.0,0.0,1.0,0.0,0.0,0,0,0,0,0,0
2026-07-17 01:41:00,BR-Whitefield,0.0,0.0,0.0,1.0,0.0,0.0,0,0,0,0,0,0
2026-07-17 01:42:00,HO-Chennai,0.0,0.0,0.0,1.0,0.0,0.0,0,0,0,0,0,0
2026-07-17 01:42:00,ZO-Bengaluru,0.0,0.0,0.0,1.0,0.0,0.0,0,0,0,0,0,0
2026-07-17 01:42:00,BR-Koramangala,0.0,0.0,0.0,1.0,0.0,0.0,0,0,0,0,0,0
2026-07-17 01:42:00,BR-Whitefield,0.0,0.0,0.0,1.0,0.0,0.0,0,0,0,0,0,0
2026-07-17 01:43:00,HO-Chennai,0.0,0.0,0.0,1.0,0.0,0.0,0,0,0,0,0,0
2026-07-17 01:43:00,ZO-Bengaluru,0.0,0.0,0.0,1.0,0.0,0.0,0,0,0,0,0,0
2026-07-17 01:43:00,BR-Koramangala,0.0,0.0,0.0,1.0,0.0,0.0,0,0,0,0,0,0
2026-07-17 01:43:00,BR-Whitefield,0.0,0.0,0.0,1.0,0.0,0.0,0,0,0,0,0,0
2026-07-17 01:44:00,HO-Chennai,0.0,0.0,0.0,1.0,0.0,0.0,0,0,0,0,0,0
2026-07-17 01:44:00,ZO-Bengaluru,0.0,0.0,0.0,1.0,0.0,0.0,0,0,0,0,0,0
2026-07-17 01:44:00,BR-Koramangala,0.0,0.0,0.0,1.0,0.0,0.0,0,0,0,0,0,0
2026-07-17 01:44:00,BR-Whitefield,0.0,0.0,0.0,1.0,0.0,0.0,0,0,0,0,0,0
2026-07-17 01:45:00,HO-Chennai,0.0,0.0,0.0,1.0,0.0,0.0,0,0,0,0,0,0
2026-07-17 01:45:00,ZO-Bengaluru,0.0,0.0,0.0,1.0,0.0,0.0,0,0,0,0,0,0
2026-07-17 01:45:00,BR-Koramangala,0.0,0.0,0.0,1.0,0.0,0.0,0,0,0,0,0,0
2026-07-17 01:45:00,BR-Whitefield,0.0,0.0,0.0,1.0,0.0,0.0,0,0,0,0,0,0
2026-07-17 01:46:00,HO-Chennai,0.0,0.0,0.0,1.0,0.0,0.0,0,0,0,0,0,0
2026-07-17 01:46:00,ZO-Bengaluru,0.0,0.0,0.0,1.0,0.0,0.0,0,0,0,0,0,0
2026-07-17 01:46:00,BR-Koramangala,0.0,0.0,0.0,1.0,0.0,0.0,0,0,0,0,0,0
2026-07-17 01:46:00,BR-Whitefield,0.0,0.0,0.0,1.0,0.0,0.0,0,0,0,0,0,0
2026-07-17 01:47:00,HO-Chennai,0.0,0.0,0.0,1.0,0.0,0.0,0,0,0,0,0,0
2026-07-17 01:47:00,ZO-Bengaluru,0.0,0.0,0.0,1.0,0.0,0.0,0,0,0,0,0,0
2026-07-17 01:47:00,BR-Koramangala,0.0,0.0,0.0,1.0,0.0,0.0,0,0,0,0,0,0
2026-07-17 01:47:00,BR-Whitefield,0.0,0.0,0.0,1.0,0.0,0.0,0,0,0,0,0,0
2026-07-17 01:48:00,HO-Chennai,0.0,0.0,0.0,1.0,0.0,0.0,0,0,0,0,0,0
2026-07-17 01:48:00,ZO-Bengaluru,0.0,0.0,0.0,1.0,0.0,0.0,0,0,0,0,0,0
2026-07-17 01:48:00,BR-Koramangala,0.0,0.0,0.0,1.0,0.0,0.0,0,0,0,0,0,0
2026-07-17 01:48:00,BR-Whitefield,0.0,0.0,0.0,1.0,0.0,0.0,0,0,0,0,0,0
2026-07-17 01:49:00,HO-Chennai,0.0,0.0,0.0,1.0,0.0,0.0,0,0,0,0,0,0
2026-07-17 01:49:00,ZO-Bengaluru,0.0,0.0,0.0,1.0,0.0,0.0,0,0,0,0,0,0
2026-07-17 01:49:00,BR-Koramangala,0.0,0.0,0.0,1.0,0.0,0.0,0,0,0,0,0,0
2026-07-17 01:49:00,BR-Whitefield,0.0,0.0,0.0,1.0,0.0,0.0,0,0,0,0,0,0
2026-07-17 01:50:00,HO-Chennai,0.0,0.0,0.0,1.0,0.0,0.0,0,0,0,0,0,0
2026-07-17 01:50:00,ZO-Bengaluru,0.0,0.0,0.0,1.0,0.0,0.0,0,0,0,0,0,0
2026-07-17 01:50:00,BR-Koramangala,0.0,0.0,0.0,1.0,0.0,0.0,0,0,0,0,0,0
2026-07-17 01:50:00,BR-Whitefield,0.0,0.0,0.0,1.0,0.0,0.0,0,0,0,0,0,0
2026-07-17 01:51:00,HO-Chennai,0.0,0.0,0.0,1.0,0.0,0.0,0,0,0,0,0,0
2026-07-17 01:51:00,ZO-Bengaluru,0.0,0.0,0.0,1.0,0.0,0.0,0,0,0,0,0,0
2026-07-17 01:51:00,BR-Koramangala,0.0,0.0,0.0,1.0,0.0,0.0,0,0,0,0,0,0
2026-07-17 01:51:00,BR-Whitefield,0.0,0.0,0.0,1.0,0.0,0.0,0,0,0,0,0,0
2026-07-17 01:52:00,HO-Chennai,0.0,0.0,0.0,1.0,0.0,0.0,0,0,0,0,0,0
2026-07-17 01:52:00,ZO-Bengaluru,0.0,0.0,0.0,1.0,0.0,0.0,0,0,0,0,0,0
2026-07-17 01:52:00,BR-Koramangala,0.0,0.0,0.0,1.0,0.0,0.0,0,0,0,0,0,0
2026-07-17 01:52:00,BR-Whitefield,0.0,0.0,0.0,1.0,0.0,0.0,0,0,0,0,0,0
2026-07-17 01:53:00,HO-Chennai,0.0,0.0,0.0,1.0,0.0,0.0,0,0,0,0,0,0
2026-07-17 01:53:00,ZO-Bengaluru,0.0,0.0,0.0,1.0,0.0,0.0,0,0,0,0,0,0
2026-07-17 01:53:00,BR-Koramangala,0.0,0.0,0.0,1.0,0.0,0.0,0,0,0,0,0,0
2026-07-17 01:53:00,BR-Whitefield,0.0,0.0,0.0,1.0,0.0,0.0,0,0,0,0,0,0
2026-07-17 01:54:00,HO-Chennai,0.0,0.0,0.0,1.0,0.0,0.0,0,0,0,0,0,0
2026-07-17 01:54:00,ZO-Bengaluru,0.0,0.0,0.0,1.0,0.0,0.0,0,0,0,0,0,0
2026-07-17 01:54:00,BR-Koramangala,0.0,0.0,0.0,1.0,0.0,0.0,0,0,0,0,0,0
2026-07-17 01:54:00,BR-Whitefield,0.0,0.0,0.0,1.0,0.0,0.0,0,0,0,0,0,0
2026-07-17 01:55:00,HO-Chennai,0.0,0.0,0.0,1.0,0.0,0.0,0,0,0,0,0,0
2026-07-17 01:55:00,ZO-Bengaluru,0.0,0.0,0.0,1.0,0.0,0.0,0,0,0,0,0,0
2026-07-17 01:55:00,BR-Koramangala,0.0,0.0,0.0,1.0,0.0,0.0,0,0,0,0,0,0
2026-07-17 01:55:00,BR-Whitefield,0.0,0.0,0.0,1.0,0.0,0.0,0,0,0,0,0,0
2026-07-17 01:56:00,HO-Chennai,0.0,0.0,0.0,1.0,0.0,0.0,0,0,0,0,0,0
2026-07-17 01:56:00,ZO-Bengaluru,0.0,0.0,0.0,1.0,0.0,0.0,0,0,0,0,0,0
2026-07-17 01:56:00,BR-Koramangala,0.0,0.0,0.0,1.0,0.0,0.0,0,0,0,0,0,0
2026-07-17 01:56:00,BR-Whitefield,0.0,0.0,0.0,1.0,0.0,0.0,0,0,0,0,0,0
2026-07-17 01:57:00,HO-Chennai,0.0,0.0,0.0,1.0,0.0,0.0,0,0,0,0,0,0
2026-07-17 01:57:00,ZO-Bengaluru,0.0,0.0,0.0,1.0,0.0,0.0,0,0,0,0,0,0
2026-07-17 01:57:00,BR-Koramangala,0.0,0.0,0.0,1.0,0.0,0.0,0,0,0,0,0,0
2026-07-17 01:57:00,BR-Whitefield,0.0,0.0,0.0,1.0,0.0,0.0,0,0,0,0,0,0
2026-07-17 01:58:00,HO-Chennai,0.0,0.0,0.0,1.0,0.0,0.0,0,0,0,0,0,0
2026-07-17 01:58:00,ZO-Bengaluru,0.0,0.0,0.0,1.0,0.0,0.0,0,0,0,0,0,0
2026-07-17 01:58:00,BR-Koramangala,0.0,0.0,0.0,1.0,0.0,0.0,0,0,0,0,0,0
2026-07-17 01:58:00,BR-Whitefield,0.0,0.0,0.0,1.0,0.0,0.0,0,0,0,0,0,0
2026-07-17 01:59:00,HO-Chennai,0.0,0.0,0.0,1.0,0.0,0.0,0,0,0,0,0,0
2026-07-17 01:59:00,ZO-Bengaluru,0.0,0.0,0.0,1.0,0.0,0.0,0,0,0,0,0,0
2026-07-17 01:59:00,BR-Koramangala,0.0,0.0,0.0,1.0,0.0,0.0,0,0,0,0,0,0
2026-07-17 01:59:00,BR-Whitefield,0.0,0.0,0.0,1.0,0.0,0.0,0,0,0,0,0,0
2026-07-17 02:00:00,HO-Chennai,0.0,0.0,0.0,1.0,0.0,0.0,0,0,0,0,0,0
2026-07-17 02:00:00,ZO-Bengaluru,0.0,0.0,0.0,1.0,0.0,0.0,0,0,0,0,0,0
2026-07-17 02:00:00,BR-Koramangala,0.0,0.0,0.0,1.0,0.0,0.0,0,0,0,0,0,0
2026-07-17 02:00:00,BR-Whitefield,0.0,0.0,0.0,1.0,0.0,0.0,0,0,0,0,0,0
2026-07-17 02:01:00,HO-Chennai,0.0,0.0,0.0,1.0,0.0,0.0,0,0,0,0,0,0
2026-07-17 02:01:00,ZO-Bengaluru,0.0,0.0,0.0,1.0,0.0,0.0,0,0,0,0,0,0
2026-07-17 02:01:00,BR-Koramangala,0.0,0.0,0.0,1.0,0.0,0.0,0,0,0,0,0,0
2026-07-17 02:01:00,BR-Whitefield,0.0,0.0,0.0,1.0,0.0,0.0,0,0,0,0,0,0
2026-07-17 02:02:00,HO-Chennai,0.0,0.0,0.0,1.0,0.0,0.0,0,0,0,0,0,0
2026-07-17 02:02:00,ZO-Bengaluru,0.0,0.0,0.0,1.0,0.0,0.0,0,0,0,0,0,0
2026-07-17 02:02:00,BR-Koramangala,0.0,0.0,0.0,1.0,0.0,0.0,0,0,0,0,0,0
2026-07-17 02:02:00,BR-Whitefield,0.0,0.0,0.0,1.0,0.0,0.0,0,0,0,0,0,0
2026-07-17 02:03:00,HO-Chennai,0.0,0.0,0.0,1.0,0.0,0.0,0,0,0,0,0,0
2026-07-17 02:03:00,ZO-Bengaluru,0.0,0.0,0.0,1.0,0.0,0.0,0,0,0,0,0,0
2026-07-17 02:03:00,BR-Koramangala,0.0,0.0,0.0,1.0,0.0,0.0,0,0,0,0,0,0
2026-07-17 02:03:00,BR-Whitefield,0.0,0.0,0.0,1.0,0.0,0.0,0,0,0,0,0,0
2026-07-17 02:04:00,HO-Chennai,0.0,0.0,0.0,1.0,0.0,0.0,0,0,0,0,0,0
2026-07-17 02:04:00,ZO-Bengaluru,0.0,0.0,0.0,1.0,0.0,0.0,0,0,0,0,0,0
2026-07-17 02:04:00,BR-Koramangala,0.0,0.0,0.0,1.0,0.0,0.0,0,0,0,0,0,0
2026-07-17 02:04:00,BR-Whitefield,0.0,0.0,0.0,1.0,0.0,0.0,0,0,0,0,0,0
2026-07-17 02:05:00,HO-Chennai,0.0,0.0,0.0,1.0,0.0,0.0,0,0,0,0,0,0
2026-07-17 02:05:00,ZO-Bengaluru,0.0,0.0,0.0,1.0,0.0,0.0,0,0,0,0,0,0
2026-07-17 02:05:00,BR-Koramangala,0.0,0.0,0.0,1.0,0.0,0.0,0,0,0,0,0,0
2026-07-17 02:05:00,BR-Whitefield,0.0,0.0,0.0,1.0,0.0,0.0,0,0,0,0,0,0
2026-07-17 02:06:00,HO-Chennai,0.0,0.0,0.0,1.0,0.0,0.0,0,0,0,0,0,0
2026-07-17 02:06:00,ZO-Bengaluru,0.0,0.0,0.0,1.0,0.0,0.0,0,0,0,0,0,0
2026-07-17 02:06:00,BR-Koramangala,0.0,0.0,0.0,1.0,0.0,0.0,0,0,0,0,0,0
2026-07-17 02:06:00,BR-Whitefield,0.0,0.0,0.0,1.0,0.0,0.0,0,0,0,0,0,0
2026-07-17 02:07:00,HO-Chennai,0.0,0.0,0.0,1.0,0.0,0.0,0,0,0,0,0,0
2026-07-17 02:07:00,ZO-Bengaluru,0.0,0.0,0.0,1.0,0.0,0.0,0,0,0,0,0,0
2026-07-17 02:07:00,BR-Koramangala,0.0,0.0,0.0,1.0,0.0,0.0,0,0,0,0,0,0
2026-07-17 02:07:00,BR-Whitefield,0.0,0.0,0.0,1.0,0.0,0.0,0,0,0,0,0,0
2026-07-17 02:08:00,HO-Chennai,0.0,0.0,0.0,1.0,0.0,0.0,0,0,0,0,0,0
2026-07-17 02:08:00,ZO-Bengaluru,0.0,0.0,0.0,1.0,0.0,0.0,0,0,0,0,0,0
2026-07-17 02:08:00,BR-Koramangala,0.0,0.0,0.0,1.0,0.0,0.0,0,0,0,0,0,0
2026-07-17 02:08:00,BR-Whitefield,0.0,0.0,0.0,1.0,0.0,0.0,0,0,0,0,0,0
2026-07-17 02:09:00,HO-Chennai,0.0,0.0,0.0,1.0,0.0,0.0,0,0,0,0,0,0
2026-07-17 02:09:00,ZO-Bengaluru,0.0,0.0,0.0,1.0,0.0,0.0,0,0,0,0,0,0
2026-07-17 02:09:00,BR-Koramangala,0.0,0.0,0.0,1.0,0.0,0.0,0,0,0,0,0,0
2026-07-17 02:09:00,BR-Whitefield,0.0,0.0,0.0,1.0,0.0,0.0,0,0,0,0,0,0
2026-07-17 02:10:00,HO-Chennai,0.0,0.0,0.0,1.0,0.0,0.0,0,0,0,0,0,0
2026-07-17 02:10:00,ZO-Bengaluru,0.0,0.0,0.0,1.0,0.0,0.0,0,0,0,0,0,0
2026-07-17 02:10:00,BR-Koramangala,0.0,0.0,0.0,1.0,0.0,0.0,0,0,0,0,0,0
2026-07-17 02:10:00,BR-Whitefield,0.0,0.0,0.0,1.0,0.0,0.0,0,0,0,0,0,0
2026-07-17 02:11:00,HO-Chennai,0.0,0.0,0.0,1.0,0.0,0.0,0,0,0,0,0,0
2026-07-17 02:11:00,ZO-Bengaluru,0.0,0.0,0.0,1.0,0.0,0.0,0,0,0,0,0,0
2026-07-17 02:11:00,BR-Koramangala,0.0,0.0,0.0,1.0,0.0,0.0,0,0,0,0,0,0
2026-07-17 02:11:00,BR-Whitefield,0.0,0.0,0.0,1.0,0.0,0.0,0,0,0,0,0,0
2026-07-17 02:12:00,HO-Chennai,0.0,0.0,0.0,1.0,0.0,0.0,0,0,0,0,0,0
2026-07-17 02:12:00,ZO-Bengaluru,0.0,0.0,0.0,1.0,0.0,0.0,0,0,0,0,0,0
2026-07-17 02:12:00,BR-Koramangala,0.0,0.0,0.0,1.0,0.0,0.0,0,0,0,0,0,0
2026-07-17 02:12:00,BR-Whitefield,0.0,0.0,0.0,1.0,0.0,0.0,0,0,0,0,0,0
2026-07-17 02:13:00,HO-Chennai,0.0,0.0,0.0,1.0,0.0,0.0,0,0,0,0,0,0
2026-07-17 02:13:00,ZO-Bengaluru,0.0,0.0,0.0,1.0,0.0,0.0,0,0,0,0,0,0
2026-07-17 02:13:00,BR-Koramangala,0.0,0.0,0.0,1.0,0.0,0.0,0,0,0,0,0,0
2026-07-17 02:13:00,BR-Whitefield,0.0,0.0,0.0,1.0,0.0,0.0,0,0,0,0,0,0
2026-07-17 02:14:00,HO-Chennai,0.0,0.0,0.0,1.0,0.0,0.0,0,0,0,0,0,0
2026-07-17 02:14:00,ZO-Bengaluru,0.0,0.0,0.0,1.0,0.0,0.0,0,0,0,0,0,0
2026-07-17 02:14:00,BR-Koramangala,0.0,0.0,0.0,1.0,0.0,0.0,0,0,0,0,0,0
2026-07-17 02:14:00,BR-Whitefield,0.0,0.0,0.0,1.0,0.0,0.0,0,0,0,0,0,0
2026-07-17 02:15:00,HO-Chennai,0.0,0.0,0.0,1.0,0.0,0.0,0,0,0,0,0,0
2026-07-17 02:15:00,ZO-Bengaluru,0.0,0.0,0.0,1.0,0.0,0.0,0,0,0,0,0,0
2026-07-17 02:15:00,BR-Koramangala,0.0,0.0,0.0,1.0,0.0,0.0,0,0,0,0,0,0
2026-07-17 02:15:00,BR-Whitefield,0.0,0.0,0.0,1.0,0.0,0.0,0,0,0,0,0,0
2026-07-17 02:16:00,HO-Chennai,0.0,0.0,0.0,1.0,0.0,0.0,0,0,0,0,0,0
2026-07-17 02:16:00,ZO-Bengaluru,0.0,0.0,0.0,1.0,0.0,0.0,0,0,0,0,0,0
2026-07-17 02:16:00,BR-Koramangala,0.0,0.0,0.0,1.0,0.0,0.0,0,0,0,0,0,0
2026-07-17 02:16:00,BR-Whitefield,0.0,0.0,0.0,1.0,0.0,0.0,0,0,0,0,0,0
2026-07-17 02:17:00,HO-Chennai,0.0,0.0,0.0,1.0,0.0,0.0,0,0,0,0,0,0
2026-07-17 02:17:00,ZO-Bengaluru,0.0,0.0,0.0,1.0,0.0,0.0,0,0,0,0,0,0
2026-07-17 02:17:00,BR-Koramangala,0.0,0.0,0.0,1.0,0.0,0.0,0,0,0,0,0,0
2026-07-17 02:17:00,BR-Whitefield,0.0,0.0,0.0,1.0,0.0,0.0,0,0,0,0,0,0
2026-07-17 02:18:00,HO-Chennai,0.0,0.0,0.0,1.0,0.0,0.0,0,0,0,0,0,0
2026-07-17 02:18:00,ZO-Bengaluru,0.0,0.0,0.0,1.0,0.0,0.0,0,0,0,0,0,0
2026-07-17 02:18:00,BR-Koramangala,0.0,0.0,0.0,1.0,0.0,0.0,0,0,0,0,0,0
2026-07-17 02:18:00,BR-Whitefield,0.0,0.0,0.0,1.0,0.0,0.0,0,0,0,0,0,0
2026-07-17 02:19:00,HO-Chennai,0.0,0.0,0.0,1.0,0.0,0.0,0,0,0,0,0,0
2026-07-17 02:19:00,ZO-Bengaluru,0.0,0.0,0.0,1.0,0.0,0.0,0,0,0,0,0,0
2026-07-17 02:19:00,BR-Koramangala,0.0,0.0,0.0,1.0,0.0,0.0,0,0,0,0,0,0
2026-07-17 02:19:00,BR-Whitefield,0.0,0.0,0.0,1.0,0.0,0.0,0,0,0,0,0,0
2026-07-17 02:20:00,HO-Chennai,0.0,0.0,0.0,1.0,0.0,0.0,0,0,0,0,0,0
2026-07-17 02:20:00,ZO-Bengaluru,0.0,0.0,0.0,1.0,0.0,0.0,0,0,0,0,0,0
2026-07-17 02:20:00,BR-Koramangala,0.0,0.0,0.0,1.0,0.0,0.0,0,0,0,0,0,0
2026-07-17 02:20:00,BR-Whitefield,0.0,0.0,0.0,1.0,0.0,0.0,0,0,0,0,0,0
2026-07-17 02:21:00,HO-Chennai,0.0,0.0,0.0,1.0,0.0,0.0,0,0,0,0,0,0
2026-07-17 02:21:00,ZO-Bengaluru,0.0,0.0,0.0,1.0,0.0,0.0,0,0,0,0,0,0
2026-07-17 02:21:00,BR-Koramangala,0.0,0.0,0.0,1.0,0.0,0.0,0,0,0,0,0,0
2026-07-17 02:21:00,BR-Whitefield,0.0,0.0,0.0,1.0,0.0,0.0,0,0,0,0,0,0
2026-07-17 02:22:00,HO-Chennai,0.0,0.0,0.0,1.0,0.0,0.0,0,0,0,0,0,0
2026-07-17 02:22:00,ZO-Bengaluru,0.0,0.0,0.0,1.0,0.0,0.0,0,0,0,0,0,0
2026-07-17 02:22:00,BR-Koramangala,0.0,0.0,0.0,1.0,0.0,0.0,0,0,0,0,0,0
2026-07-17 02:22:00,BR-Whitefield,0.0,0.0,0.0,1.0,0.0,0.0,0,0,0,0,0,0
2026-07-17 02:23:00,HO-Chennai,0.0,0.0,0.0,1.0,0.0,0.0,0,0,0,0,0,0
2026-07-17 02:23:00,ZO-Bengaluru,0.0,0.0,0.0,1.0,0.0,0.0,0,0,0,0,0,0
2026-07-17 02:23:00,BR-Koramangala,0.0,0.0,0.0,1.0,0.0,0.0,0,0,0,0,0,0
2026-07-17 02:23:00,BR-Whitefield,0.0,0.0,0.0,1.0,0.0,0.0,0,0,0,0,0,0
2026-07-17 02:24:00,HO-Chennai,0.0,0.0,0.0,1.0,0.0,0.0,0,0,0,0,0,0
2026-07-17 02:24:00,ZO-Bengaluru,0.0,0.0,0.0,1.0,0.0,0.0,0,0,0,0,0,0
2026-07-17 02:24:00,BR-Koramangala,0.0,0.0,0.0,1.0,0.0,0.0,0,0,0,0,0,0
2026-07-17 02:24:00,BR-Whitefield,0.0,0.0,0.0,1.0,0.0,0.0,0,0,0,0,0,0
2026-07-17 02:25:00,HO-Chennai,0.0,0.0,0.0,1.0,0.0,0.0,0,0,0,0,0,0
2026-07-17 02:25:00,ZO-Bengaluru,0.0,0.0,0.0,1.0,0.0,0.0,0,0,0,0,0,0
2026-07-17 02:25:00,BR-Koramangala,0.0,0.0,0.0,1.0,0.0,0.0,0,0,0,0,0,0
2026-07-17 02:25:00,BR-Whitefield,0.0,0.0,0.0,1.0,0.0,0.0,0,0,0,0,0,0
2026-07-17 02:26:00,HO-Chennai,0.0,0.0,0.0,1.0,0.0,0.0,0,0,0,0,0,0
2026-07-17 02:26:00,ZO-Bengaluru,0.0,0.0,0.0,1.0,0.0,0.0,0,0,0,0,0,0
2026-07-17 02:26:00,BR-Koramangala,0.0,0.0,0.0,1.0,0.0,0.0,0,0,0,0,0,0
2026-07-17 02:26:00,BR-Whitefield,0.0,0.0,0.0,1.0,0.0,0.0,0,0,0,0,0,0
2026-07-17 02:27:00,HO-Chennai,0.0,0.0,0.0,1.0,0.0,0.0,0,0,0,0,0,0
2026-07-17 02:27:00,ZO-Bengaluru,0.0,0.0,0.0,1.0,0.0,0.0,0,0,0,0,0,0
2026-07-17 02:27:00,BR-Koramangala,0.0,0.0,0.0,1.0,0.0,0.0,0,0,0,0,0,0
2026-07-17 02:27:00,BR-Whitefield,0.0,0.0,0.0,1.0,0.0,0.0,0,0,0,0,0,0
2026-07-17 02:28:00,HO-Chennai,0.0,0.0,0.0,1.0,0.0,0.0,0,0,0,0,0,0
2026-07-17 02:28:00,ZO-Bengaluru,0.0,0.0,0.0,1.0,0.0,0.0,0,0,0,0,0,0
2026-07-17 02:28:00,BR-Koramangala,0.0,0.0,0.0,1.0,0.0,0.0,0,0,0,0,0,0
2026-07-17 02:28:00,BR-Whitefield,0.0,0.0,0.0,1.0,0.0,0.0,0,0,0,0,0,0
2026-07-17 02:29:00,HO-Chennai,0.0,0.0,0.0,1.0,0.0,0.0,0,0,0,0,0,0
2026-07-17 02:29:00,ZO-Bengaluru,0.0,0.0,0.0,1.0,0.0,0.0,0,0,0,0,0,0
2026-07-17 02:29:00,BR-Koramangala,0.0,0.0,0.0,1.0,0.0,0.0,0,0,0,0,0,0
2026-07-17 02:29:00,BR-Whitefield,0.0,0.0,0.0,1.0,0.0,0.0,0,0,0,0,0,0
2026-07-17 02:30:00,HO-Chennai,0.0,0.0,0.0,1.0,0.0,0.0,0,0,0,0,0,0
2026-07-17 02:30:00,ZO-Bengaluru,0.0,0.0,0.0,1.0,0.0,0.0,0,0,0,0,0,0
2026-07-17 02:30:00,BR-Koramangala,0.0,0.0,0.0,1.0,0.0,0.0,0,0,0,0,0,0
2026-07-17 02:30:00,BR-Whitefield,0.0,0.0,0.0,1.0,0.0,0.0,0,0,0,0,0,0
2026-07-17 02:31:00,HO-Chennai,0.0,0.0,0.0,1.0,0.0,0.0,0,0,0,0,0,0
2026-07-17 02:31:00,ZO-Bengaluru,0.0,0.0,0.0,1.0,0.0,0.0,0,0,0,0,0,0
2026-07-17 02:31:00,BR-Koramangala,0.0,0.0,0.0,1.0,0.0,0.0,0,0,0,0,0,0
2026-07-17 02:31:00,BR-Whitefield,0.0,0.0,0.0,1.0,0.0,0.0,0,0,0,0,0,0
2026-07-17 02:32:00,HO-Chennai,0.0,0.0,0.0,1.0,0.0,0.0,0,0,0,0,0,0
2026-07-17 02:32:00,ZO-Bengaluru,0.0,0.0,0.0,1.0,0.0,0.0,0,0,0,0,0,0
2026-07-17 02:32:00,BR-Koramangala,0.0,0.0,0.0,1.0,0.0,0.0,0,0,0,0,0,0
2026-07-17 02:32:00,BR-Whitefield,0.0,0.0,0.0,1.0,0.0,0.0,0,0,0,0,0,0
2026-07-17 02:33:00,HO-Chennai,0.0,0.0,0.0,1.0,0.0,0.0,0,0,0,0,0,0
2026-07-17 02:33:00,ZO-Bengaluru,0.0,0.0,0.0,1.0,0.0,0.0,0,0,0,0,0,0
2026-07-17 02:33:00,BR-Koramangala,0.0,0.0,0.0,1.0,0.0,0.0,0,0,0,0,0,0
2026-07-17 02:33:00,BR-Whitefield,0.0,0.0,0.0,1.0,0.0,0.0,0,0,0,0,0,0
2026-07-17 02:34:00,HO-Chennai,0.0,0.0,0.0,1.0,0.0,0.0,0,0,0,0,0,0
2026-07-17 02:34:00,ZO-Bengaluru,0.0,0.0,0.0,1.0,0.0,0.0,0,0,0,0,0,0
2026-07-17 02:34:00,BR-Koramangala,0.0,0.0,0.0,1.0,0.0,0.0,0,0,0,0,0,0
2026-07-17 02:34:00,BR-Whitefield,0.0,0.0,0.0,1.0,0.0,0.0,0,0,0,0,0,0
2026-07-17 02:35:00,HO-Chennai,0.0,0.0,0.0,1.0,0.0,0.0,0,0,0,0,0,0
2026-07-17 02:35:00,ZO-Bengaluru,0.0,0.0,0.0,1.0,0.0,0.0,0,0,0,0,0,0
2026-07-17 02:35:00,BR-Koramangala,0.0,0.0,0.0,1.0,0.0,0.0,0,0,0,0,0,0
2026-07-17 02:35:00,BR-Whitefield,0.0,0.0,0.0,1.0,0.0,0.0,0,0,0,0,0,0
2026-07-17 02:36:00,HO-Chennai,0.0,0.0,0.0,1.0,0.0,0.0,0,0,0,0,0,0
2026-07-17 02:36:00,ZO-Bengaluru,0.0,0.0,0.0,1.0,0.0,0.0,0,0,0,0,0,0
2026-07-17 02:36:00,BR-Koramangala,0.0,0.0,0.0,1.0,0.0,0.0,0,0,0,0,0,0
2026-07-17 02:36:00,BR-Whitefield,0.0,0.0,0.0,1.0,0.0,0.0,0,0,0,0,0,0
2026-07-17 02:37:00,HO-Chennai,0.0,0.0,0.0,1.0,0.0,0.0,0,0,0,0,0,0
2026-07-17 02:37:00,ZO-Bengaluru,0.0,0.0,0.0,1.0,0.0,0.0,0,0,0,0,0,0
2026-07-17 02:37:00,BR-Koramangala,0.0,0.0,0.0,1.0,0.0,0.0,0,0,0,0,0,0
2026-07-17 02:37:00,BR-Whitefield,0.0,0.0,0.0,1.0,0.0,0.0,0,0,0,0,0,0
2026-07-17 02:38:00,HO-Chennai,0.0,0.0,0.0,1.0,0.0,0.0,0,0,0,0,0,0
2026-07-17 02:38:00,ZO-Bengaluru,0.0,0.0,0.0,1.0,0.0,0.0,0,0,0,0,0,0
2026-07-17 02:38:00,BR-Koramangala,0.0,0.0,0.0,1.0,0.0,0.0,0,0,0,0,0,0
2026-07-17 02:38:00,BR-Whitefield,0.0,0.0,0.0,1.0,0.0,0.0,0,0,0,0,0,0
2026-07-17 02:39:00,HO-Chennai,0.0,0.0,0.0,1.0,0.0,0.0,0,0,0,0,0,0
2026-07-17 02:39:00,ZO-Bengaluru,0.0,0.0,0.0,1.0,0.0,0.0,0,0,0,0,0,0
2026-07-17 02:39:00,BR-Koramangala,0.0,0.0,0.0,1.0,0.0,0.0,0,0,0,0,0,0
2026-07-17 02:39:00,BR-Whitefield,0.0,0.0,0.0,1.0,0.0,0.0,0,0,0,0,0,0
2026-07-17 02:40:00,HO-Chennai,0.0,0.0,0.0,1.0,0.0,0.0,0,0,0,0,0,0
2026-07-17 02:40:00,ZO-Bengaluru,0.0,0.0,0.0,1.0,0.0,0.0,0,0,0,0,0,0
2026-07-17 02:40:00,BR-Koramangala,0.0,0.0,0.0,1.0,0.0,0.0,0,0,0,0,0,0
2026-07-17 02:40:00,BR-Whitefield,0.0,0.0,0.0,1.0,0.0,0.0,0,0,0,0,0,0
2026-07-17 02:41:00,HO-Chennai,0.0,0.0,0.0,1.0,0.0,0.0,0,0,0,0,0,0
2026-07-17 02:41:00,ZO-Bengaluru,0.0,0.0,0.0,1.0,0.0,0.0,0,0,0,0,0,0
2026-07-17 02:41:00,BR-Koramangala,0.0,0.0,0.0,1.0,0.0,0.0,0,0,0,0,0,0
2026-07-17 02:41:00,BR-Whitefield,0.0,0.0,0.0,1.0,0.0,0.0,0,0,0,0,0,0
2026-07-17 02:42:00,HO-Chennai,0.0,0.0,0.0,1.0,0.0,0.0,0,0,0,0,0,0
2026-07-17 02:42:00,ZO-Bengaluru,0.0,0.0,0.0,1.0,0.0,0.0,0,0,0,0,0,0
2026-07-17 02:42:00,BR-Koramangala,0.0,0.0,0.0,1.0,0.0,0.0,0,0,0,0,0,0
2026-07-17 02:42:00,BR-Whitefield,0.0,0.0,0.0,1.0,0.0,0.0,0,0,0,0,0,0
2026-07-17 02:43:00,HO-Chennai,0.0,0.0,0.0,1.0,0.0,0.0,0,0,0,0,0,0
2026-07-17 02:43:00,ZO-Bengaluru,0.0,0.0,0.0,1.0,0.0,0.0,0,0,0,0,0,0
2026-07-17 02:43:00,BR-Koramangala,0.0,0.0,0.0,1.0,0.0,0.0,0,0,0,0,0,0
2026-07-17 02:43:00,BR-Whitefield,0.0,0.0,0.0,1.0,0.0,0.0,0,0,0,0,0,0
2026-07-17 02:44:00,HO-Chennai,0.0,0.0,0.0,1.0,0.0,0.0,0,0,0,0,0,0
2026-07-17 02:44:00,ZO-Bengaluru,0.0,0.0,0.0,1.0,0.0,0.0,0,0,0,0,0,0
2026-07-17 02:44:00,BR-Koramangala,0.0,0.0,0.0,1.0,0.0,0.0,0,0,0,0,0,0
2026-07-17 02:44:00,BR-Whitefield,0.0,0.0,0.0,1.0,0.0,0.0,0,0,0,0,0,0
2026-07-17 02:45:00,HO-Chennai,0.0,0.0,0.0,1.0,0.0,0.0,0,0,0,0,0,0
2026-07-17 02:45:00,ZO-Bengaluru,0.0,0.0,0.0,1.0,0.0,0.0,0,0,0,0,0,0
2026-07-17 02:45:00,BR-Koramangala,0.0,0.0,0.0,1.0,0.0,0.0,0,0,0,0,0,0
2026-07-17 02:45:00,BR-Whitefield,0.0,0.0,0.0,1.0,0.0,0.0,0,0,0,0,0,0
2026-07-17 02:46:00,HO-Chennai,0.0,0.0,0.0,1.0,0.0,0.0,0,0,0,0,0,0
2026-07-17 02:46:00,ZO-Bengaluru,0.0,0.0,0.0,1.0,0.0,0.0,0,0,0,0,0,0
2026-07-17 02:46:00,BR-Koramangala,0.0,0.0,0.0,1.0,0.0,0.0,0,0,0,0,0,0
2026-07-17 02:46:00,BR-Whitefield,0.0,0.0,0.0,1.0,0.0,0.0,0,0,0,0,0,0
2026-07-17 02:47:00,HO-Chennai,0.0,0.0,0.0,1.0,0.0,0.0,0,0,0,0,0,0
2026-07-17 02:47:00,ZO-Bengaluru,0.0,0.0,0.0,1.0,0.0,0.0,0,0,0,0,0,0
2026-07-17 02:47:00,BR-Koramangala,0.0,0.0,0.0,1.0,0.0,0.0,0,0,0,0,0,0
2026-07-17 02:47:00,BR-Whitefield,0.0,0.0,0.0,1.0,0.0,0.0,0,0,0,0,0,0
2026-07-17 02:48:00,HO-Chennai,0.0,0.0,0.0,1.0,0.0,0.0,0,0,0,0,0,0
2026-07-17 02:48:00,ZO-Bengaluru,0.0,0.0,0.0,1.0,0.0,0.0,0,0,0,0,0,0
2026-07-17 02:48:00,BR-Koramangala,0.0,0.0,0.0,1.0,0.0,0.0,0,0,0,0,0,0
2026-07-17 02:48:00,BR-Whitefield,0.0,0.0,0.0,1.0,0.0,0.0,0,0,0,0,0,0
2026-07-17 02:49:00,HO-Chennai,0.0,0.0,0.0,1.0,0.0,0.0,0,0,0,0,0,0
2026-07-17 02:49:00,ZO-Bengaluru,0.0,0.0,0.0,1.0,0.0,0.0,0,0,0,0,0,0
2026-07-17 02:49:00,BR-Koramangala,0.0,0.0,0.0,1.0,0.0,0.0,0,0,0,0,0,0
2026-07-17 02:49:00,BR-Whitefield,0.0,0.0,0.0,1.0,0.0,0.0,0,0,0,0,0,0
2026-07-17 02:50:00,HO-Chennai,0.0,0.0,0.0,1.0,0.0,0.0,0,0,0,0,0,0
2026-07-17 02:50:00,ZO-Bengaluru,0.0,0.0,0.0,1.0,0.0,0.0,0,0,0,0,0,0
2026-07-17 02:50:00,BR-Koramangala,0.0,0.0,0.0,1.0,0.0,0.0,0,0,0,0,0,0
2026-07-17 02:50:00,BR-Whitefield,0.0,0.0,0.0,1.0,0.0,0.0,0,0,0,0,0,0
2026-07-17 02:51:00,HO-Chennai,0.0,0.0,0.0,1.0,0.0,0.0,0,0,0,0,0,0
2026-07-17 02:51:00,ZO-Bengaluru,0.0,0.0,0.0,1.0,0.0,0.0,0,0,0,0,0,0
2026-07-17 02:51:00,BR-Koramangala,0.0,0.0,0.0,1.0,0.0,0.0,0,0,0,0,0,0
2026-07-17 02:51:00,BR-Whitefield,0.0,0.0,0.0,1.0,0.0,0.0,0,0,0,0,0,0
2026-07-17 02:52:00,HO-Chennai,0.0,0.0,0.0,1.0,0.0,0.0,0,0,0,0,0,0
2026-07-17 02:52:00,ZO-Bengaluru,0.0,0.0,0.0,1.0,0.0,0.0,0,0,0,0,0,0
2026-07-17 02:52:00,BR-Koramangala,0.0,0.0,0.0,1.0,0.0,0.0,0,0,0,0,0,0
2026-07-17 02:52:00,BR-Whitefield,0.0,0.0,0.0,1.0,0.0,0.0,0,0,0,0,0,0
2026-07-17 02:53:00,HO-Chennai,0.0,0.0,0.0,1.0,0.0,0.0,0,0,0,0,0,0
2026-07-17 02:53:00,ZO-Bengaluru,0.0,0.0,0.0,1.0,0.0,0.0,0,0,0,0,0,0
2026-07-17 02:53:00,BR-Koramangala,0.0,0.0,0.0,1.0,0.0,0.0,0,0,0,0,0,0
2026-07-17 02:53:00,BR-Whitefield,0.0,0.0,0.0,1.0,0.0,0.0,0,0,0,0,0,0
2026-07-17 02:54:00,HO-Chennai,0.0,0.0,0.0,1.0,0.0,0.0,0,0,0,0,0,0
2026-07-17 02:54:00,ZO-Bengaluru,0.0,0.0,0.0,1.0,0.0,0.0,0,0,0,0,0,0
2026-07-17 02:54:00,BR-Koramangala,0.0,0.0,0.0,1.0,0.0,0.0,0,0,0,0,0,0
2026-07-17 02:54:00,BR-Whitefield,0.0,0.0,0.0,1.0,0.0,0.0,0,0,0,0,0,0
2026-07-17 02:55:00,HO-Chennai,0.0,0.0,0.0,1.0,0.0,0.0,0,0,0,0,0,0
2026-07-17 02:55:00,ZO-Bengaluru,0.0,0.0,0.0,1.0,0.0,0.0,0,0,0,0,0,0
2026-07-17 02:55:00,BR-Koramangala,0.0,0.0,0.0,1.0,0.0,0.0,0,0,0,0,0,0
2026-07-17 02:55:00,BR-Whitefield,0.0,0.0,0.0,1.0,0.0,0.0,0,0,0,0,0,0
2026-07-17 02:56:00,HO-Chennai,0.0,0.0,0.0,1.0,0.0,0.0,0,0,0,0,0,0
2026-07-17 02:56:00,ZO-Bengaluru,0.0,0.0,0.0,1.0,0.0,0.0,0,0,0,0,0,0
2026-07-17 02:56:00,BR-Koramangala,0.0,0.0,0.0,1.0,0.0,0.0,0,0,0,0,0,0
2026-07-17 02:56:00,BR-Whitefield,0.0,0.0,0.0,1.0,0.0,0.0,0,0,0,0,0,0
2026-07-17 02:57:00,HO-Chennai,0.0,0.0,0.0,1.0,0.0,0.0,0,0,0,0,0,0
2026-07-17 02:57:00,ZO-Bengaluru,0.0,0.0,0.0,1.0,0.0,0.0,0,0,0,0,0,0
2026-07-17 02:57:00,BR-Koramangala,0.0,0.0,0.0,1.0,0.0,0.0,0,0,0,0,0,0
2026-07-17 02:57:00,BR-Whitefield,0.0,0.0,0.0,1.0,0.0,0.0,0,0,0,0,0,0
2026-07-17 02:58:00,HO-Chennai,0.0,0.0,0.0,1.0,0.0,0.0,0,0,0,0,0,0
2026-07-17 02:58:00,ZO-Bengaluru,0.0,0.0,0.0,1.0,0.0,0.0,0,0,0,0,0,0
2026-07-17 02:58:00,BR-Koramangala,0.0,0.0,0.0,1.0,0.0,0.0,0,0,0,0,0,0
2026-07-17 02:58:00,BR-Whitefield,0.0,0.0,0.0,1.0,0.0,0.0,0,0,0,0,0,0
2026-07-17 02:59:00,HO-Chennai,0.0,0.0,0.0,1.0,0.0,0.0,0,0,0,0,0,0
2026-07-17 02:59:00,ZO-Bengaluru,0.0,0.0,0.0,1.0,0.0,0.0,0,0,0,0,0,0
2026-07-17 02:59:00,BR-Koramangala,0.0,0.0,0.0,1.0,0.0,0.0,0,0,0,0,0,0
2026-07-17 02:59:00,BR-Whitefield,0.0,0.0,0.0,1.0,0.0,0.0,0,0,0,0,0,0
2026-07-17 03:00:00,HO-Chennai,0.0,0.0,0.0,1.0,0.0,0.0,0,0,0,0,0,0
2026-07-17 03:00:00,ZO-Bengaluru,0.0,0.0,0.0,1.0,0.0,0.0,0,0,0,0,0,0
2026-07-17 03:00:00,BR-Koramangala,0.0,0.0,0.0,1.0,0.0,0.0,0,0,0,0,0,0
2026-07-17 03:00:00,BR-Whitefield,0.0,0.0,0.0,1.0,0.0,0.0,0,0,0,0,0,0
2026-07-17 03:01:00,HO-Chennai,0.0,0.0,0.0,1.0,0.0,0.0,0,0,0,0,0,0
2026-07-17 03:01:00,ZO-Bengaluru,0.0,0.0,0.0,1.0,0.0,0.0,0,0,0,0,0,0
2026-07-17 03:01:00,BR-Koramangala,0.0,0.0,0.0,1.0,0.0,0.0,0,0,0,0,0,0
2026-07-17 03:01:00,BR-Whitefield,0.0,0.0,0.0,1.0,0.0,0.0,0,0,0,0,0,0
2026-07-17 03:02:00,HO-Chennai,0.0,0.0,0.0,1.0,0.0,0.0,0,0,0,0,0,0
2026-07-17 03:02:00,ZO-Bengaluru,0.0,0.0,0.0,1.0,0.0,0.0,0,0,0,0,0,0
2026-07-17 03:02:00,BR-Koramangala,0.0,0.0,0.0,1.0,0.0,0.0,0,0,0,0,0,0
2026-07-17 03:02:00,BR-Whitefield,0.0,0.0,0.0,1.0,0.0,0.0,0,0,0,0,0,0
2026-07-17 03:03:00,HO-Chennai,0.0,0.0,0.0,1.0,0.0,0.0,0,0,0,0,0,0
2026-07-17 03:03:00,ZO-Bengaluru,0.0,0.0,0.0,1.0,0.0,0.0,0,0,0,0,0,0
2026-07-17 03:03:00,BR-Koramangala,0.0,0.0,0.0,1.0,0.0,0.0,0,0,0,0,0,0
2026-07-17 03:03:00,BR-Whitefield,0.0,0.0,0.0,1.0,0.0,0.0,0,0,0,0,0,0
2026-07-17 03:04:00,HO-Chennai,0.0,0.0,0.0,1.0,0.0,0.0,0,0,0,0,0,0
2026-07-17 03:04:00,ZO-Bengaluru,0.0,0.0,0.0,1.0,0.0,0.0,0,0,0,0,0,0
2026-07-17 03:04:00,BR-Koramangala,0.0,0.0,0.0,1.0,0.0,0.0,0,0,0,0,0,0
2026-07-17 03:04:00,BR-Whitefield,0.0,0.0,0.0,1.0,0.0,0.0,0,0,0,0,0,0
2026-07-17 03:05:00,HO-Chennai,0.0,0.0,0.0,1.0,0.0,0.0,0,0,0,0,0,0
2026-07-17 03:05:00,ZO-Bengaluru,0.0,0.0,0.0,1.0,0.0,0.0,0,0,0,0,0,0
2026-07-17 03:05:00,BR-Koramangala,0.0,0.0,0.0,1.0,0.0,0.0,0,0,0,0,0,0
2026-07-17 03:05:00,BR-Whitefield,0.0,0.0,0.0,1.0,0.0,0.0,0,0,0,0,0,0
2026-07-17 03:06:00,HO-Chennai,0.0,0.0,0.0,1.0,0.0,0.0,0,0,0,0,0,0
2026-07-17 03:06:00,ZO-Bengaluru,0.0,0.0,0.0,1.0,0.0,0.0,0,0,0,0,0,0
2026-07-17 03:06:00,BR-Koramangala,0.0,0.0,0.0,1.0,0.0,0.0,0,0,0,0,0,0
2026-07-17 03:06:00,BR-Whitefield,0.0,0.0,0.0,1.0,0.0,0.0,0,0,0,0,0,0
2026-07-17 03:07:00,HO-Chennai,0.0,0.0,0.0,1.0,0.0,0.0,0,0,0,0,0,0
2026-07-17 03:07:00,ZO-Bengaluru,0.0,0.0,0.0,1.0,0.0,0.0,0,0,0,0,0,0
2026-07-17 03:07:00,BR-Koramangala,0.0,0.0,0.0,1.0,0.0,0.0,0,0,0,0,0,0
2026-07-17 03:07:00,BR-Whitefield,0.0,0.0,0.0,1.0,0.0,0.0,0,0,0,0,0,0
2026-07-17 03:08:00,HO-Chennai,0.0,0.0,0.0,1.0,0.0,0.0,0,0,0,0,0,0
2026-07-17 03:08:00,ZO-Bengaluru,0.0,0.0,0.0,1.0,0.0,0.0,0,0,0,0,0,0
2026-07-17 03:08:00,BR-Koramangala,0.0,0.0,0.0,1.0,0.0,0.0,0,0,0,0,0,0
2026-07-17 03:08:00,BR-Whitefield,0.0,0.0,0.0,1.0,0.0,0.0,0,0,0,0,0,0
2026-07-17 03:09:00,HO-Chennai,0.0,0.0,0.0,1.0,0.0,0.0,0,0,0,0,0,0
2026-07-17 03:09:00,ZO-Bengaluru,0.0,0.0,0.0,1.0,0.0,0.0,0,0,0,0,0,0
2026-07-17 03:09:00,BR-Koramangala,0.0,0.0,0.0,1.0,0.0,0.0,0,0,0,0,0,0
2026-07-17 03:09:00,BR-Whitefield,0.0,0.0,0.0,1.0,0.0,0.0,0,0,0,0,0,0
2026-07-17 03:10:00,HO-Chennai,0.0,0.0,0.0,1.0,0.0,0.0,0,0,0,0,0,0
2026-07-17 03:10:00,ZO-Bengaluru,0.0,0.0,0.0,1.0,0.0,0.0,0,0,0,0,0,0
2026-07-17 03:10:00,BR-Koramangala,0.0,0.0,0.0,1.0,0.0,0.0,0,0,0,0,0,0
2026-07-17 03:10:00,BR-Whitefield,0.0,0.0,0.0,1.0,0.0,0.0,0,0,0,0,0,0
2026-07-17 03:11:00,HO-Chennai,0.0,0.0,0.0,1.0,0.0,0.0,0,0,0,0,0,0
2026-07-17 03:11:00,ZO-Bengaluru,0.0,0.0,0.0,1.0,0.0,0.0,0,0,0,0,0,0
2026-07-17 03:11:00,BR-Koramangala,0.0,0.0,0.0,1.0,0.0,0.0,0,0,0,0,0,0
2026-07-17 03:11:00,BR-Whitefield,0.0,0.0,0.0,1.0,0.0,0.0,0,0,0,0,0,0
2026-07-17 03:12:00,HO-Chennai,0.0,0.0,0.0,1.0,0.0,0.0,0,0,0,0,0,0
2026-07-17 03:12:00,ZO-Bengaluru,0.0,0.0,0.0,1.0,0.0,0.0,0,0,0,0,0,0
2026-07-17 03:12:00,BR-Koramangala,0.0,0.0,0.0,1.0,0.0,0.0,0,0,0,0,0,0
2026-07-17 03:12:00,BR-Whitefield,0.0,0.0,0.0,1.0,0.0,0.0,0,0,0,0,0,0
2026-07-17 03:13:00,HO-Chennai,0.0,0.0,0.0,1.0,0.0,0.0,0,0,0,0,0,0
2026-07-17 03:13:00,ZO-Bengaluru,0.0,0.0,0.0,1.0,0.0,0.0,0,0,0,0,0,0
2026-07-17 03:13:00,BR-Koramangala,0.0,0.0,0.0,1.0,0.0,0.0,0,0,0,0,0,0
2026-07-17 03:13:00,BR-Whitefield,0.0,0.0,0.0,1.0,0.0,0.0,0,0,0,0,0,0
2026-07-17 03:14:00,HO-Chennai,0.0,0.0,0.0,1.0,0.0,0.0,0,0,0,0,0,0
2026-07-17 03:14:00,ZO-Bengaluru,0.0,0.0,0.0,1.0,0.0,0.0,0,0,0,0,0,0
2026-07-17 03:14:00,BR-Koramangala,0.0,0.0,0.0,1.0,0.0,0.0,0,0,0,0,0,0
2026-07-17 03:14:00,BR-Whitefield,0.0,0.0,0.0,1.0,0.0,0.0,0,0,0,0,0,0
2026-07-17 03:15:00,HO-Chennai,0.0,0.0,0.0,1.0,0.0,0.0,0,0,0,0,0,0
2026-07-17 03:15:00,ZO-Bengaluru,0.0,0.0,0.0,1.0,0.0,0.0,0,0,0,0,0,0
2026-07-17 03:15:00,BR-Koramangala,0.0,0.0,0.0,1.0,0.0,0.0,0,0,0,0,0,0
2026-07-17 03:15:00,BR-Whitefield,0.0,0.0,0.0,1.0,0.0,0.0,0,0,0,0,0,0
2026-07-17 03:16:00,HO-Chennai,0.0,0.0,0.0,1.0,0.0,0.0,0,0,0,0,0,0
2026-07-17 03:16:00,ZO-Bengaluru,0.0,0.0,0.0,1.0,0.0,0.0,0,0,0,0,0,0
2026-07-17 03:16:00,BR-Koramangala,0.0,0.0,0.0,1.0,0.0,0.0,0,0,0,0,0,0
2026-07-17 03:16:00,BR-Whitefield,0.0,0.0,0.0,1.0,0.0,0.0,0,0,0,0,0,0
2026-07-17 03:17:00,HO-Chennai,0.0,0.0,0.0,1.0,0.0,0.0,0,0,0,0,0,0
2026-07-17 03:17:00,ZO-Bengaluru,0.0,0.0,0.0,1.0,0.0,0.0,0,0,0,0,0,0
2026-07-17 03:17:00,BR-Koramangala,0.0,0.0,0.0,1.0,0.0,0.0,0,0,0,0,0,0
2026-07-17 03:17:00,BR-Whitefield,0.0,0.0,0.0,1.0,0.0,0.0,0,0,0,0,0,0
2026-07-17 03:18:00,HO-Chennai,0.0,0.0,0.0,1.0,0.0,0.0,0,0,0,0,0,0
2026-07-17 03:18:00,ZO-Bengaluru,0.0,0.0,0.0,1.0,0.0,0.0,0,0,0,0,0,0
2026-07-17 03:18:00,BR-Koramangala,0.0,0.0,0.0,1.0,0.0,0.0,0,0,0,0,0,0
2026-07-17 03:18:00,BR-Whitefield,0.0,0.0,0.0,1.0,0.0,0.0,0,0,0,0,0,0
2026-07-17 03:19:00,HO-Chennai,0.0,0.0,0.0,1.0,0.0,0.0,0,0,0,0,0,0
2026-07-17 03:19:00,ZO-Bengaluru,0.0,0.0,0.0,1.0,0.0,0.0,0,0,0,0,0,0
2026-07-17 03:19:00,BR-Koramangala,0.0,0.0,0.0,1.0,0.0,0.0,0,0,0,0,0,0
2026-07-17 03:19:00,BR-Whitefield,0.0,0.0,0.0,1.0,0.0,0.0,0,0,0,0,0,0
2026-07-17 03:20:00,HO-Chennai,0.0,0.0,0.0,1.0,0.0,0.0,0,0,0,0,0,0
2026-07-17 03:20:00,ZO-Bengaluru,0.0,0.0,0.0,1.0,0.0,0.0,0,0,0,0,0,0
2026-07-17 03:20:00,BR-Koramangala,0.0,0.0,0.0,1.0,0.0,0.0,0,0,0,0,0,0
2026-07-17 03:20:00,BR-Whitefield,0.0,0.0,0.0,1.0,0.0,0.0,0,0,0,0,0,0
2026-07-17 03:21:00,HO-Chennai,0.0,0.0,0.0,1.0,0.0,0.0,0,0,0,0,0,0
2026-07-17 03:21:00,ZO-Bengaluru,0.0,0.0,0.0,1.0,0.0,0.0,0,0,0,0,0,0
2026-07-17 03:21:00,BR-Koramangala,0.0,0.0,0.0,1.0,0.0,0.0,0,0,0,0,0,0
2026-07-17 03:21:00,BR-Whitefield,0.0,0.0,0.0,1.0,0.0,0.0,0,0,0,0,0,0
2026-07-17 03:22:00,HO-Chennai,0.0,0.0,0.0,1.0,0.0,0.0,0,0,0,0,0,0
2026-07-17 03:22:00,ZO-Bengaluru,0.0,0.0,0.0,1.0,0.0,0.0,0,0,0,0,0,0
2026-07-17 03:22:00,BR-Koramangala,0.0,0.0,0.0,1.0,0.0,0.0,0,0,0,0,0,0
2026-07-17 03:22:00,BR-Whitefield,0.0,0.0,0.0,1.0,0.0,0.0,0,0,0,0,0,0
2026-07-17 03:23:00,HO-Chennai,0.0,0.0,0.0,1.0,0.0,0.0,0,0,0,0,0,0
2026-07-17 03:23:00,ZO-Bengaluru,0.0,0.0,0.0,1.0,0.0,0.0,0,0,0,0,0,0
2026-07-17 03:23:00,BR-Koramangala,0.0,0.0,0.0,1.0,0.0,0.0,0,0,0,0,0,0
2026-07-17 03:23:00,BR-Whitefield,0.0,0.0,0.0,1.0,0.0,0.0,0,0,0,0,0,0
2026-07-17 03:24:00,HO-Chennai,0.0,0.0,0.0,1.0,0.0,0.0,0,0,0,0,0,0
2026-07-17 03:24:00,ZO-Bengaluru,0.0,0.0,0.0,1.0,0.0,0.0,0,0,0,0,0,0
2026-07-17 03:24:00,BR-Koramangala,0.0,0.0,0.0,1.0,0.0,0.0,0,0,0,0,0,0
2026-07-17 03:24:00,BR-Whitefield,0.0,0.0,0.0,1.0,0.0,0.0,0,0,0,0,0,0
2026-07-17 03:25:00,HO-Chennai,0.0,0.0,0.0,1.0,0.0,0.0,0,0,0,0,0,0
2026-07-17 03:25:00,ZO-Bengaluru,0.0,0.0,0.0,1.0,0.0,0.0,0,0,0,0,0,0
2026-07-17 03:25:00,BR-Koramangala,0.0,0.0,0.0,1.0,0.0,0.0,0,0,0,0,0,0
2026-07-17 03:25:00,BR-Whitefield,0.0,0.0,0.0,1.0,0.0,0.0,0,0,0,0,0,0
2026-07-17 03:26:00,HO-Chennai,0.0,0.0,0.0,1.0,0.0,0.0,0,0,0,0,0,0
2026-07-17 03:26:00,ZO-Bengaluru,0.0,0.0,0.0,1.0,0.0,0.0,0,0,0,0,0,0
2026-07-17 03:26:00,BR-Koramangala,0.0,0.0,0.0,1.0,0.0,0.0,0,0,0,0,0,0
2026-07-17 03:26:00,BR-Whitefield,0.0,0.0,0.0,1.0,0.0,0.0,0,0,0,0,0,0
2026-07-17 03:27:00,HO-Chennai,0.0,0.0,0.0,1.0,0.0,0.0,0,0,0,0,0,0
2026-07-17 03:27:00,ZO-Bengaluru,0.0,0.0,0.0,1.0,0.0,0.0,0,0,0,0,0,0
2026-07-17 03:27:00,BR-Koramangala,0.0,0.0,0.0,1.0,0.0,0.0,0,0,0,0,0,0
2026-07-17 03:27:00,BR-Whitefield,0.0,0.0,0.0,1.0,0.0,0.0,0,0,0,0,0,0
2026-07-17 03:28:00,HO-Chennai,0.0,0.0,0.0,1.0,0.0,0.0,0,0,0,0,0,0
2026-07-17 03:28:00,ZO-Bengaluru,0.0,0.0,0.0,1.0,0.0,0.0,0,0,0,0,0,0
2026-07-17 03:28:00,BR-Koramangala,0.0,0.0,0.0,1.0,0.0,0.0,0,0,0,0,0,0
2026-07-17 03:28:00,BR-Whitefield,0.0,0.0,0.0,1.0,0.0,0.0,0,0,0,0,0,0
2026-07-17 03:29:00,HO-Chennai,0.0,0.0,0.0,1.0,0.0,0.0,0,0,0,0,0,0
2026-07-17 03:29:00,ZO-Bengaluru,0.0,0.0,0.0,1.0,0.0,0.0,0,0,0,0,0,0
2026-07-17 03:29:00,BR-Koramangala,0.0,0.0,0.0,1.0,0.0,0.0,0,0,0,0,0,0
2026-07-17 03:29:00,BR-Whitefield,0.0,0.0,0.0,1.0,0.0,0.0,0,0,0,0,0,0
2026-07-17 03:30:00,HO-Chennai,0.0,0.0,0.0,1.0,0.0,0.0,0,0,0,0,0,0
2026-07-17 03:30:00,ZO-Bengaluru,0.0,0.0,0.0,1.0,0.0,0.0,0,0,0,0,0,0
2026-07-17 03:30:00,BR-Koramangala,0.0,0.0,0.0,1.0,0.0,0.0,0,0,0,0,0,0
2026-07-17 03:30:00,BR-Whitefield,0.0,0.0,0.0,1.0,0.0,0.0,0,0,0,0,0,0
2026-07-17 03:31:00,HO-Chennai,0.0,0.0,0.0,1.0,0.0,0.0,0,0,0,0,0,0
2026-07-17 03:31:00,ZO-Bengaluru,0.0,0.0,0.0,1.0,0.0,0.0,0,0,0,0,0,0
2026-07-17 03:31:00,BR-Koramangala,0.0,0.0,0.0,1.0,0.0,0.0,0,0,0,0,0,0
2026-07-17 03:31:00,BR-Whitefield,0.0,0.0,0.0,1.0,0.0,0.0,0,0,0,0,0,0
2026-07-17 03:32:00,HO-Chennai,0.0,0.0,0.0,1.0,0.0,0.0,0,0,0,0,0,0
2026-07-17 03:32:00,ZO-Bengaluru,0.0,0.0,0.0,1.0,0.0,0.0,0,0,0,0,0,0
2026-07-17 03:32:00,BR-Koramangala,0.0,0.0,0.0,1.0,0.0,0.0,0,0,0,0,0,0
2026-07-17 03:32:00,BR-Whitefield,0.0,0.0,0.0,1.0,0.0,0.0,0,0,0,0,0,0
2026-07-17 03:33:00,HO-Chennai,0.0,0.0,0.0,1.0,0.0,0.0,0,0,0,0,0,0
2026-07-17 03:33:00,ZO-Bengaluru,0.0,0.0,0.0,1.0,0.0,0.0,0,0,0,0,0,0
2026-07-17 03:33:00,BR-Koramangala,0.0,0.0,0.0,1.0,0.0,0.0,0,0,0,0,0,0
2026-07-17 03:33:00,BR-Whitefield,0.0,0.0,0.0,1.0,0.0,0.0,0,0,0,0,0,0
2026-07-17 03:34:00,HO-Chennai,0.0,0.0,0.0,1.0,0.0,0.0,0,0,0,0,0,0
2026-07-17 03:34:00,ZO-Bengaluru,0.0,0.0,0.0,1.0,0.0,0.0,0,0,0,0,0,0
2026-07-17 03:34:00,BR-Koramangala,0.0,0.0,0.0,1.0,0.0,0.0,0,0,0,0,0,0
2026-07-17 03:34:00,BR-Whitefield,0.0,0.0,0.0,1.0,0.0,0.0,0,0,0,0,0,0
2026-07-17 03:35:00,HO-Chennai,0.0,0.0,0.0,1.0,0.0,0.0,0,0,0,0,0,0
2026-07-17 03:35:00,ZO-Bengaluru,0.0,0.0,0.0,1.0,0.0,0.0,0,0,0,0,0,0
2026-07-17 03:35:00,BR-Koramangala,0.0,0.0,0.0,1.0,0.0,0.0,0,0,0,0,0,0
2026-07-17 03:35:00,BR-Whitefield,0.0,0.0,0.0,1.0,0.0,0.0,0,0,0,0,0,0
2026-07-17 03:36:00,HO-Chennai,0.0,0.0,0.0,1.0,0.0,0.0,0,0,0,0,0,0
2026-07-17 03:36:00,ZO-Bengaluru,0.0,0.0,0.0,1.0,0.0,0.0,0,0,0,0,0,0
2026-07-17 03:36:00,BR-Koramangala,0.0,0.0,0.0,1.0,0.0,0.0,0,0,0,0,0,0
2026-07-17 03:36:00,BR-Whitefield,0.0,0.0,0.0,1.0,0.0,0.0,0,0,0,0,0,0
2026-07-17 03:37:00,HO-Chennai,0.0,0.0,0.0,1.0,0.0,0.0,0,0,0,0,0,0
2026-07-17 03:37:00,ZO-Bengaluru,0.0,0.0,0.0,1.0,0.0,0.0,0,0,0,0,0,0
2026-07-17 03:37:00,BR-Koramangala,0.0,0.0,0.0,1.0,0.0,0.0,0,0,0,0,0,0
2026-07-17 03:37:00,BR-Whitefield,0.0,0.0,0.0,1.0,0.0,0.0,0,0,0,0,0,0
2026-07-17 03:38:00,HO-Chennai,0.0,0.0,0.0,1.0,0.0,0.0,0,0,0,0,0,0
2026-07-17 03:38:00,ZO-Bengaluru,0.0,0.0,0.0,1.0,0.0,0.0,0,0,0,0,0,0
2026-07-17 03:38:00,BR-Koramangala,0.0,0.0,0.0,1.0,0.0,0.0,0,0,0,0,0,0
2026-07-17 03:38:00,BR-Whitefield,0.0,0.0,0.0,1.0,0.0,0.0,0,0,0,0,0,0
2026-07-17 03:39:00,HO-Chennai,0.0,0.0,0.0,1.0,0.0,0.0,0,0,0,0,0,0
2026-07-17 03:39:00,ZO-Bengaluru,0.0,0.0,0.0,1.0,0.0,0.0,0,0,0,0,0,0
2026-07-17 03:39:00,BR-Koramangala,0.0,0.0,0.0,1.0,0.0,0.0,0,0,0,0,0,0
2026-07-17 03:39:00,BR-Whitefield,0.0,0.0,0.0,1.0,0.0,0.0,0,0,0,0,0,0
2026-07-17 03:40:00,HO-Chennai,0.0,0.0,0.0,1.0,0.0,0.0,0,0,0,0,0,0
2026-07-17 03:40:00,ZO-Bengaluru,0.0,0.0,0.0,1.0,0.0,0.0,0,0,0,0,0,0
2026-07-17 03:40:00,BR-Koramangala,0.0,0.0,0.0,1.0,0.0,0.0,0,0,0,0,0,0
2026-07-17 03:40:00,BR-Whitefield,0.0,0.0,0.0,1.0,0.0,0.0,0,0,0,0,0,0
2026-07-17 03:41:00,HO-Chennai,0.0,0.0,0.0,1.0,0.0,0.0,0,0,0,0,0,0
2026-07-17 03:41:00,ZO-Bengaluru,0.0,0.0,0.0,1.0,0.0,0.0,0,0,0,0,0,0
2026-07-17 03:41:00,BR-Koramangala,0.0,0.0,0.0,1.0,0.0,0.0,0,0,0,0,0,0
2026-07-17 03:41:00,BR-Whitefield,0.0,0.0,0.0,1.0,0.0,0.0,0,0,0,0,0,0
2026-07-17 03:42:00,HO-Chennai,0.0,0.0,0.0,1.0,0.0,0.0,0,0,0,0,0,0
2026-07-17 03:42:00,ZO-Bengaluru,0.0,0.0,0.0,1.0,0.0,0.0,0,0,0,0,0,0
2026-07-17 03:42:00,BR-Koramangala,0.0,0.0,0.0,1.0,0.0,0.0,0,0,0,0,0,0
2026-07-17 03:42:00,BR-Whitefield,0.0,0.0,0.0,1.0,0.0,0.0,0,0,0,0,0,0
2026-07-17 03:43:00,HO-Chennai,0.0,0.0,0.0,1.0,0.0,0.0,0,0,0,0,0,0
2026-07-17 03:43:00,ZO-Bengaluru,0.0,0.0,0.0,1.0,0.0,0.0,0,0,0,0,0,0
2026-07-17 03:43:00,BR-Koramangala,0.0,0.0,0.0,1.0,0.0,0.0,0,0,0,0,0,0
2026-07-17 03:43:00,BR-Whitefield,0.0,0.0,0.0,1.0,0.0,0.0,0,0,0,0,0,0
2026-07-17 03:44:00,HO-Chennai,0.0,0.0,0.0,1.0,0.0,0.0,0,0,0,0,0,0
2026-07-17 03:44:00,ZO-Bengaluru,0.0,0.0,0.0,1.0,0.0,0.0,0,0,0,0,0,0
2026-07-17 03:44:00,BR-Koramangala,0.0,0.0,0.0,1.0,0.0,0.0,0,0,0,0,0,0
2026-07-17 03:44:00,BR-Whitefield,0.0,0.0,0.0,1.0,0.0,0.0,0,0,0,0,0,0
2026-07-17 03:45:00,HO-Chennai,0.0,0.0,0.0,1.0,0.0,0.0,0,0,0,0,0,0
2026-07-17 03:45:00,ZO-Bengaluru,0.0,0.0,0.0,1.0,0.0,0.0,0,0,0,0,0,0
2026-07-17 03:45:00,BR-Koramangala,0.0,0.0,0.0,1.0,0.0,0.0,0,0,0,0,0,0
2026-07-17 03:45:00,BR-Whitefield,0.0,0.0,0.0,1.0,0.0,0.0,0,0,0,0,0,0
2026-07-17 03:46:00,HO-Chennai,0.0,0.0,0.0,1.0,0.0,0.0,0,0,0,0,0,0
2026-07-17 03:46:00,ZO-Bengaluru,0.0,0.0,0.0,1.0,0.0,0.0,0,0,0,0,0,0
2026-07-17 03:46:00,BR-Koramangala,0.0,0.0,0.0,1.0,0.0,0.0,0,0,0,0,0,0
2026-07-17 03:46:00,BR-Whitefield,0.0,0.0,0.0,1.0,0.0,0.0,0,0,0,0,0,0
2026-07-17 03:47:00,HO-Chennai,0.0,0.0,0.0,1.0,0.0,0.0,0,0,0,0,0,0
2026-07-17 03:47:00,ZO-Bengaluru,0.0,0.0,0.0,1.0,0.0,0.0,0,0,0,0,0,0
2026-07-17 03:47:00,BR-Koramangala,0.0,0.0,0.0,1.0,0.0,0.0,0,0,0,0,0,0
2026-07-17 03:47:00,BR-Whitefield,0.0,0.0,0.0,1.0,0.0,0.0,0,0,0,0,0,0
2026-07-17 03:48:00,HO-Chennai,0.0,0.0,0.0,1.0,0.0,0.0,0,0,0,0,0,0
2026-07-17 03:48:00,ZO-Bengaluru,0.0,0.0,0.0,1.0,0.0,0.0,0,0,0,0,0,0
2026-07-17 03:48:00,BR-Koramangala,0.0,0.0,0.0,1.0,0.0,0.0,0,0,0,0,0,0
2026-07-17 03:48:00,BR-Whitefield,0.0,0.0,0.0,1.0,0.0,0.0,0,0,0,0,0,0
2026-07-17 03:49:00,HO-Chennai,0.0,0.0,0.0,1.0,0.0,0.0,0,0,0,0,0,0
2026-07-17 03:49:00,ZO-Bengaluru,0.0,0.0,0.0,1.0,0.0,0.0,0,0,0,0,0,0
2026-07-17 03:49:00,BR-Koramangala,0.0,0.0,0.0,1.0,0.0,0.0,0,0,0,0,0,0
2026-07-17 03:49:00,BR-Whitefield,0.0,0.0,0.0,1.0,0.0,0.0,0,0,0,0,0,0
2026-07-17 03:50:00,HO-Chennai,0.0,0.0,0.0,1.0,0.0,0.0,0,0,0,0,0,0
2026-07-17 03:50:00,ZO-Bengaluru,0.0,0.0,0.0,1.0,0.0,0.0,0,0,0,0,0,0
2026-07-17 03:50:00,BR-Koramangala,0.0,0.0,0.0,1.0,0.0,0.0,0,0,0,0,0,0
2026-07-17 03:50:00,BR-Whitefield,0.0,0.0,0.0,1.0,0.0,0.0,0,0,0,0,0,0
2026-07-17 03:51:00,HO-Chennai,0.0,0.0,0.0,1.0,0.0,0.0,0,0,0,0,0,0
2026-07-17 03:51:00,ZO-Bengaluru,0.0,0.0,0.0,1.0,0.0,0.0,0,0,0,0,0,0
2026-07-17 03:51:00,BR-Koramangala,0.0,0.0,0.0,1.0,0.0,0.0,0,0,0,0,0,0
2026-07-17 03:51:00,BR-Whitefield,0.0,0.0,0.0,1.0,0.0,0.0,0,0,0,0,0,0
2026-07-17 03:52:00,HO-Chennai,0.0,0.0,0.0,1.0,0.0,0.0,0,0,0,0,0,0
2026-07-17 03:52:00,ZO-Bengaluru,0.0,0.0,0.0,1.0,0.0,0.0,0,0,0,0,0,0
2026-07-17 03:52:00,BR-Koramangala,0.0,0.0,0.0,1.0,0.0,0.0,0,0,0,0,0,0
2026-07-17 03:52:00,BR-Whitefield,0.0,0.0,0.0,1.0,0.0,0.0,0,0,0,0,0,0
2026-07-17 03:53:00,HO-Chennai,0.0,0.0,0.0,1.0,0.0,0.0,0,0,0,0,0,0
2026-07-17 03:53:00,ZO-Bengaluru,0.0,0.0,0.0,1.0,0.0,0.0,0,0,0,0,0,0
2026-07-17 03:53:00,BR-Koramangala,0.0,0.0,0.0,1.0,0.0,0.0,0,0,0,0,0,0
2026-07-17 03:53:00,BR-Whitefield,0.0,0.0,0.0,1.0,0.0,0.0,0,0,0,0,0,0
2026-07-17 03:54:00,HO-Chennai,0.0,0.0,0.0,1.0,0.0,0.0,0,0,0,0,0,0
2026-07-17 03:54:00,ZO-Bengaluru,0.0,0.0,0.0,1.0,0.0,0.0,0,0,0,0,0,0
2026-07-17 03:54:00,BR-Koramangala,0.0,0.0,0.0,1.0,0.0,0.0,0,0,0,0,0,0
2026-07-17 03:54:00,BR-Whitefield,0.0,0.0,0.0,1.0,0.0,0.0,0,0,0,0,0,0
2026-07-17 03:55:00,HO-Chennai,0.0,0.0,0.0,1.0,0.0,0.0,0,0,0,0,0,0
2026-07-17 03:55:00,ZO-Bengaluru,0.0,0.0,0.0,1.0,0.0,0.0,0,0,0,0,0,0
2026-07-17 03:55:00,BR-Koramangala,0.0,0.0,0.0,1.0,0.0,0.0,0,0,0,0,0,0
2026-07-17 03:55:00,BR-Whitefield,0.0,0.0,0.0,1.0,0.0,0.0,0,0,0,0,0,0
2026-07-17 03:56:00,HO-Chennai,0.0,0.0,0.0,1.0,0.0,0.0,0,0,0,0,0,0
2026-07-17 03:56:00,ZO-Bengaluru,0.0,0.0,0.0,1.0,0.0,0.0,0,0,0,0,0,0
2026-07-17 03:56:00,BR-Koramangala,0.0,0.0,0.0,1.0,0.0,0.0,0,0,0,0,0,0
2026-07-17 03:56:00,BR-Whitefield,0.0,0.0,0.0,1.0,0.0,0.0,0,0,0,0,0,0
2026-07-17 03:57:00,HO-Chennai,0.0,0.0,0.0,1.0,0.0,0.0,0,0,0,0,0,0
2026-07-17 03:57:00,ZO-Bengaluru,0.0,0.0,0.0,1.0,0.0,0.0,0,0,0,0,0,0
2026-07-17 03:57:00,BR-Koramangala,0.0,0.0,0.0,1.0,0.0,0.0,0,0,0,0,0,0
2026-07-17 03:57:00,BR-Whitefield,0.0,0.0,0.0,1.0,0.0,0.0,0,0,0,0,0,0
2026-07-17 03:58:00,HO-Chennai,0.0,0.0,0.0,1.0,0.0,0.0,0,0,0,0,0,0
2026-07-17 03:58:00,ZO-Bengaluru,0.0,0.0,0.0,1.0,0.0,0.0,0,0,0,0,0,0
2026-07-17 03:58:00,BR-Koramangala,0.0,0.0,0.0,1.0,0.0,0.0,0,0,0,0,0,0
2026-07-17 03:58:00,BR-Whitefield,0.0,0.0,0.0,1.0,0.0,0.0,0,0,0,0,0,0
2026-07-17 03:59:00,HO-Chennai,0.0,0.0,0.0,1.0,0.0,0.0,0,0,0,0,0,0
2026-07-17 03:59:00,ZO-Bengaluru,0.0,0.0,0.0,1.0,0.0,0.0,0,0,0,0,0,0
2026-07-17 03:59:00,BR-Koramangala,0.0,0.0,0.0,1.0,0.0,0.0,0,0,0,0,0,0
2026-07-17 03:59:00,BR-Whitefield,0.0,0.0,0.0,1.0,0.0,0.0,0,0,0,0,0,0
2026-07-17 04:00:00,HO-Chennai,0.0,0.0,0.0,1.0,0.0,0.0,0,0,0,0,0,0
2026-07-17 04:00:00,ZO-Bengaluru,0.0,0.0,0.0,1.0,0.0,0.0,0,0,0,0,0,0
2026-07-17 04:00:00,BR-Koramangala,0.0,0.0,0.0,1.0,0.0,0.0,0,0,0,0,0,0
2026-07-17 04:00:00,BR-Whitefield,0.0,0.0,0.0,1.0,0.0,0.0,0,0,0,0,0,0
2026-07-17 04:01:00,HO-Chennai,0.0,0.0,0.0,1.0,0.0,0.0,0,0,0,0,0,0
2026-07-17 04:01:00,ZO-Bengaluru,0.0,0.0,0.0,1.0,0.0,0.0,0,0,0,0,0,0
2026-07-17 04:01:00,BR-Koramangala,0.0,0.0,0.0,1.0,0.0,0.0,0,0,0,0,0,0
2026-07-17 04:01:00,BR-Whitefield,0.0,0.0,0.0,1.0,0.0,0.0,0,0,0,0,0,0
2026-07-17 04:02:00,HO-Chennai,0.0,0.0,0.0,1.0,0.0,0.0,0,0,0,0,0,0
2026-07-17 04:02:00,ZO-Bengaluru,0.0,0.0,0.0,1.0,0.0,0.0,0,0,0,0,0,0
2026-07-17 04:02:00,BR-Koramangala,0.0,0.0,0.0,1.0,0.0,0.0,0,0,0,0,0,0
2026-07-17 04:02:00,BR-Whitefield,0.0,0.0,0.0,1.0,0.0,0.0,0,0,0,0,0,0
2026-07-17 04:03:00,HO-Chennai,0.0,0.0,0.0,1.0,0.0,0.0,0,0,0,0,0,0
2026-07-17 04:03:00,ZO-Bengaluru,0.0,0.0,0.0,1.0,0.0,0.0,0,0,0,0,0,0
2026-07-17 04:03:00,BR-Koramangala,0.0,0.0,0.0,1.0,0.0,0.0,0,0,0,0,0,0
2026-07-17 04:03:00,BR-Whitefield,0.0,0.0,0.0,1.0,0.0,0.0,0,0,0,0,0,0
2026-07-17 04:04:00,HO-Chennai,0.0,0.0,0.0,1.0,0.0,0.0,0,0,0,0,0,0
2026-07-17 04:04:00,ZO-Bengaluru,0.0,0.0,0.0,1.0,0.0,0.0,0,0,0,0,0,0
2026-07-17 04:04:00,BR-Koramangala,0.0,0.0,0.0,1.0,0.0,0.0,0,0,0,0,0,0
2026-07-17 04:04:00,BR-Whitefield,0.0,0.0,0.0,1.0,0.0,0.0,0,0,0,0,0,0
2026-07-17 04:05:00,HO-Chennai,0.0,0.0,0.0,1.0,0.0,0.0,0,0,0,0,0,0
2026-07-17 04:05:00,ZO-Bengaluru,0.0,0.0,0.0,1.0,0.0,0.0,0,0,0,0,0,0
2026-07-17 04:05:00,BR-Koramangala,0.0,0.0,0.0,1.0,0.0,0.0,0,0,0,0,0,0
2026-07-17 04:05:00,BR-Whitefield,0.0,0.0,0.0,1.0,0.0,0.0,0,0,0,0,0,0
2026-07-17 04:06:00,HO-Chennai,0.0,0.0,0.0,1.0,0.0,0.0,0,0,0,0,0,0
2026-07-17 04:06:00,ZO-Bengaluru,0.0,0.0,0.0,1.0,0.0,0.0,0,0,0,0,0,0
2026-07-17 04:06:00,BR-Koramangala,0.0,0.0,0.0,1.0,0.0,0.0,0,0,0,0,0,0
2026-07-17 04:06:00,BR-Whitefield,0.0,0.0,0.0,1.0,0.0,0.0,0,0,0,0,0,0
2026-07-17 04:07:00,HO-Chennai,0.0,0.0,0.0,1.0,0.0,0.0,0,0,0,0,0,0
2026-07-17 04:07:00,ZO-Bengaluru,0.0,0.0,0.0,1.0,0.0,0.0,0,0,0,0,0,0
2026-07-17 04:07:00,BR-Koramangala,0.0,0.0,0.0,1.0,0.0,0.0,0,0,0,0,0,0
2026-07-17 04:07:00,BR-Whitefield,0.0,0.0,0.0,1.0,0.0,0.0,0,0,0,0,0,0
2026-07-17 04:08:00,HO-Chennai,0.0,0.0,0.0,1.0,0.0,0.0,0,0,0,0,0,0
2026-07-17 04:08:00,ZO-Bengaluru,0.0,0.0,0.0,1.0,0.0,0.0,0,0,0,0,0,0
2026-07-17 04:08:00,BR-Koramangala,0.0,0.0,0.0,1.0,0.0,0.0,0,0,0,0,0,0
2026-07-17 04:08:00,BR-Whitefield,0.0,0.0,0.0,1.0,0.0,0.0,0,0,0,0,0,0
2026-07-17 04:09:00,HO-Chennai,0.0,0.0,0.0,1.0,0.0,0.0,0,0,0,0,0,0
2026-07-17 04:09:00,ZO-Bengaluru,0.0,0.0,0.0,1.0,0.0,0.0,0,0,0,0,0,0
2026-07-17 04:09:00,BR-Koramangala,0.0,0.0,0.0,1.0,0.0,0.0,0,0,0,0,0,0
2026-07-17 04:09:00,BR-Whitefield,0.0,0.0,0.0,1.0,0.0,0.0,0,0,0,0,0,0
2026-07-17 04:10:00,HO-Chennai,0.0,0.0,0.0,1.0,0.0,0.0,0,0,0,0,0,0
2026-07-17 04:10:00,ZO-Bengaluru,0.0,0.0,0.0,1.0,0.0,0.0,0,0,0,0,0,0
2026-07-17 04:10:00,BR-Koramangala,0.0,0.0,0.0,1.0,0.0,0.0,0,0,0,0,0,0
2026-07-17 04:10:00,BR-Whitefield,0.0,0.0,0.0,1.0,0.0,0.0,0,0,0,0,0,0
2026-07-17 04:11:00,HO-Chennai,0.0,0.0,0.0,1.0,0.0,0.0,0,0,0,0,0,0
2026-07-17 04:11:00,ZO-Bengaluru,0.0,0.0,0.0,1.0,0.0,0.0,0,0,0,0,0,0
2026-07-17 04:11:00,BR-Koramangala,0.0,0.0,0.0,1.0,0.0,0.0,0,0,0,0,0,0
2026-07-17 04:11:00,BR-Whitefield,0.0,0.0,0.0,1.0,0.0,0.0,0,0,0,0,0,0
2026-07-17 04:12:00,HO-Chennai,0.0,0.0,0.0,1.0,0.0,0.0,0,0,0,0,0,0
2026-07-17 04:12:00,ZO-Bengaluru,0.0,0.0,0.0,1.0,0.0,0.0,0,0,0,0,0,0
2026-07-17 04:12:00,BR-Koramangala,0.0,0.0,0.0,1.0,0.0,0.0,0,0,0,0,0,0
2026-07-17 04:12:00,BR-Whitefield,0.0,0.0,0.0,1.0,0.0,0.0,0,0,0,0,0,0
2026-07-17 04:13:00,HO-Chennai,0.0,0.0,0.0,1.0,0.0,0.0,0,0,0,0,0,0
2026-07-17 04:13:00,ZO-Bengaluru,0.0,0.0,0.0,1.0,0.0,0.0,0,0,0,0,0,0
2026-07-17 04:13:00,BR-Koramangala,0.0,0.0,0.0,1.0,0.0,0.0,0,0,0,0,0,0
2026-07-17 04:13:00,BR-Whitefield,0.0,0.0,0.0,1.0,0.0,0.0,0,0,0,0,0,0
2026-07-17 04:14:00,HO-Chennai,0.0,0.0,0.0,1.0,0.0,0.0,0,0,0,0,0,0
2026-07-17 04:14:00,ZO-Bengaluru,0.0,0.0,0.0,1.0,0.0,0.0,0,0,0,0,0,0
2026-07-17 04:14:00,BR-Koramangala,0.0,0.0,0.0,1.0,0.0,0.0,0,0,0,0,0,0
2026-07-17 04:14:00,BR-Whitefield,0.0,0.0,0.0,1.0,0.0,0.0,0,0,0,0,0,0
2026-07-17 04:15:00,HO-Chennai,0.0,0.0,0.0,1.0,0.0,0.0,0,0,0,0,0,0
2026-07-17 04:15:00,ZO-Bengaluru,0.0,0.0,0.0,1.0,0.0,0.0,0,0,0,0,0,0
2026-07-17 04:15:00,BR-Koramangala,0.0,0.0,0.0,1.0,0.0,0.0,0,0,0,0,0,0
2026-07-17 04:15:00,BR-Whitefield,0.0,0.0,0.0,1.0,0.0,0.0,0,0,0,0,0,0
2026-07-17 04:16:00,HO-Chennai,0.0,0.0,0.0,1.0,0.0,0.0,0,0,0,0,0,0
2026-07-17 04:16:00,ZO-Bengaluru,0.0,0.0,0.0,1.0,0.0,0.0,0,0,0,0,0,0
2026-07-17 04:16:00,BR-Koramangala,0.0,0.0,0.0,1.0,0.0,0.0,0,0,0,0,0,0
2026-07-17 04:16:00,BR-Whitefield,0.0,0.0,0.0,1.0,0.0,0.0,0,0,0,0,0,0
2026-07-17 04:17:00,HO-Chennai,0.0,0.0,0.0,1.0,0.0,0.0,0,0,0,0,0,0
2026-07-17 04:17:00,ZO-Bengaluru,0.0,0.0,0.0,1.0,0.0,0.0,0,0,0,0,0,0
2026-07-17 04:17:00,BR-Koramangala,0.0,0.0,0.0,1.0,0.0,0.0,0,0,0,0,0,0
2026-07-17 04:17:00,BR-Whitefield,0.0,0.0,0.0,1.0,0.0,0.0,0,0,0,0,0,0
2026-07-17 04:18:00,HO-Chennai,0.0,0.0,0.0,1.0,0.0,0.0,0,0,0,0,0,0
2026-07-17 04:18:00,ZO-Bengaluru,0.0,0.0,0.0,1.0,0.0,0.0,0,0,0,0,0,0
2026-07-17 04:18:00,BR-Koramangala,0.0,0.0,0.0,1.0,0.0,0.0,0,0,0,0,0,0
2026-07-17 04:18:00,BR-Whitefield,0.0,0.0,0.0,1.0,0.0,0.0,0,0,0,0,0,0
2026-07-17 04:19:00,HO-Chennai,0.0,0.0,0.0,1.0,0.0,0.0,0,0,0,0,0,0
2026-07-17 04:19:00,ZO-Bengaluru,0.0,0.0,0.0,1.0,0.0,0.0,0,0,0,0,0,0
2026-07-17 04:19:00,BR-Koramangala,0.0,0.0,0.0,1.0,0.0,0.0,0,0,0,0,0,0
2026-07-17 04:19:00,BR-Whitefield,0.0,0.0,0.0,1.0,0.0,0.0,0,0,0,0,0,0
2026-07-17 04:20:00,HO-Chennai,0.0,0.0,0.0,1.0,0.0,0.0,0,0,0,0,0,0
2026-07-17 04:20:00,ZO-Bengaluru,0.0,0.0,0.0,1.0,0.0,0.0,0,0,0,0,0,0
2026-07-17 04:20:00,BR-Koramangala,0.0,0.0,0.0,1.0,0.0,0.0,0,0,0,0,0,0
2026-07-17 04:20:00,BR-Whitefield,0.0,0.0,0.0,1.0,0.0,0.0,0,0,0,0,0,0
2026-07-17 04:21:00,HO-Chennai,0.0,0.0,0.0,1.0,0.0,0.0,0,0,0,0,0,0
2026-07-17 04:21:00,ZO-Bengaluru,0.0,0.0,0.0,1.0,0.0,0.0,0,0,0,0,0,0
2026-07-17 04:21:00,BR-Koramangala,0.0,0.0,0.0,1.0,0.0,0.0,0,0,0,0,0,0
2026-07-17 04:21:00,BR-Whitefield,0.0,0.0,0.0,1.0,0.0,0.0,0,0,0,0,0,0
2026-07-17 04:22:00,HO-Chennai,0.0,0.0,0.0,1.0,0.0,0.0,0,0,0,0,0,0
2026-07-17 04:22:00,ZO-Bengaluru,0.0,0.0,0.0,1.0,0.0,0.0,0,0,0,0,0,0
2026-07-17 04:22:00,BR-Koramangala,0.0,0.0,0.0,1.0,0.0,0.0,0,0,0,0,0,0
2026-07-17 04:22:00,BR-Whitefield,0.0,0.0,0.0,1.0,0.0,0.0,0,0,0,0,0,0
2026-07-17 04:23:00,HO-Chennai,0.0,0.0,0.0,1.0,0.0,0.0,0,0,0,0,0,0
2026-07-17 04:23:00,ZO-Bengaluru,0.0,0.0,0.0,1.0,0.0,0.0,0,0,0,0,0,0
2026-07-17 04:23:00,BR-Koramangala,0.0,0.0,0.0,1.0,0.0,0.0,0,0,0,0,0,0
2026-07-17 04:23:00,BR-Whitefield,0.0,0.0,0.0,1.0,0.0,0.0,0,0,0,0,0,0
2026-07-17 04:24:00,HO-Chennai,0.0,0.0,0.0,1.0,0.0,0.0,0,0,0,0,0,0
2026-07-17 04:24:00,ZO-Bengaluru,0.0,0.0,0.0,1.0,0.0,0.0,0,0,0,0,0,0
2026-07-17 04:24:00,BR-Koramangala,0.0,0.0,0.0,1.0,0.0,0.0,0,0,0,0,0,0
2026-07-17 04:24:00,BR-Whitefield,0.0,0.0,0.0,1.0,0.0,0.0,0,0,0,0,0,0
2026-07-17 04:25:00,HO-Chennai,0.0,0.0,0.0,1.0,0.0,0.0,0,0,0,0,0,0
2026-07-17 04:25:00,ZO-Bengaluru,0.0,0.0,0.0,1.0,0.0,0.0,0,0,0,0,0,0
2026-07-17 04:25:00,BR-Koramangala,0.0,0.0,0.0,1.0,0.0,0.0,0,0,0,0,0,0
2026-07-17 04:25:00,BR-Whitefield,0.0,0.0,0.0,1.0,0.0,0.0,0,0,0,0,0,0
2026-07-17 04:26:00,HO-Chennai,0.0,0.0,0.0,1.0,0.0,0.0,0,0,0,0,0,0
2026-07-17 04:26:00,ZO-Bengaluru,0.0,0.0,0.0,1.0,0.0,0.0,0,0,0,0,0,0
2026-07-17 04:26:00,BR-Koramangala,0.0,0.0,0.0,1.0,0.0,0.0,0,0,0,0,0,0
2026-07-17 04:26:00,BR-Whitefield,0.0,0.0,0.0,1.0,0.0,0.0,0,0,0,0,0,0
2026-07-17 04:27:00,HO-Chennai,0.0,0.0,0.0,1.0,0.0,0.0,0,0,0,0,0,0
2026-07-17 04:27:00,ZO-Bengaluru,0.0,0.0,0.0,1.0,0.0,0.0,0,0,0,0,0,0
2026-07-17 04:27:00,BR-Koramangala,0.0,0.0,0.0,1.0,0.0,0.0,0,0,0,0,0,0
2026-07-17 04:27:00,BR-Whitefield,0.0,0.0,0.0,1.0,0.0,0.0,0,0,0,0,0,0
2026-07-17 04:28:00,HO-Chennai,0.0,0.0,0.0,1.0,0.0,0.0,0,0,0,0,0,0
2026-07-17 04:28:00,ZO-Bengaluru,0.0,0.0,0.0,1.0,0.0,0.0,0,0,0,0,0,0
2026-07-17 04:28:00,BR-Koramangala,0.0,0.0,0.0,1.0,0.0,0.0,0,0,0,0,0,0
2026-07-17 04:28:00,BR-Whitefield,0.0,0.0,0.0,1.0,0.0,0.0,0,0,0,0,0,0
2026-07-17 04:29:00,HO-Chennai,0.0,0.0,0.0,1.0,0.0,0.0,0,0,0,0,0,0
2026-07-17 04:29:00,ZO-Bengaluru,0.0,0.0,0.0,1.0,0.0,0.0,0,0,0,0,0,0
2026-07-17 04:29:00,BR-Koramangala,0.0,0.0,0.0,1.0,0.0,0.0,0,0,0,0,0,0
2026-07-17 04:29:00,BR-Whitefield,0.0,0.0,0.0,1.0,0.0,0.0,0,0,0,0,0,0
2026-07-17 04:30:00,HO-Chennai,0.0,0.0,0.0,1.0,0.0,0.0,0,0,0,0,0,0
2026-07-17 04:30:00,ZO-Bengaluru,0.0,0.0,0.0,1.0,0.0,0.0,0,0,0,0,0,0
2026-07-17 04:30:00,BR-Koramangala,0.0,0.0,0.0,1.0,0.0,0.0,0,0,0,0,0,0
2026-07-17 04:30:00,BR-Whitefield,0.0,0.0,0.0,1.0,0.0,0.0,0,0,0,0,0,0
2026-07-17 04:31:00,HO-Chennai,0.0,0.0,0.0,1.0,0.0,0.0,0,0,0,0,0,0
2026-07-17 04:31:00,ZO-Bengaluru,0.0,0.0,0.0,1.0,0.0,0.0,0,0,0,0,0,0
2026-07-17 04:31:00,BR-Koramangala,0.0,0.0,0.0,1.0,0.0,0.0,0,0,0,0,0,0
2026-07-17 04:31:00,BR-Whitefield,0.0,0.0,0.0,1.0,0.0,0.0,0,0,0,0,0,0
2026-07-17 04:32:00,HO-Chennai,0.0,0.0,0.0,1.0,0.0,0.0,0,0,0,0,0,0
2026-07-17 04:32:00,ZO-Bengaluru,0.0,0.0,0.0,1.0,0.0,0.0,0,0,0,0,0,0
2026-07-17 04:32:00,BR-Koramangala,0.0,0.0,0.0,1.0,0.0,0.0,0,0,0,0,0,0
2026-07-17 04:32:00,BR-Whitefield,0.0,0.0,0.0,1.0,0.0,0.0,0,0,0,0,0,0
2026-07-17 04:33:00,HO-Chennai,0.0,0.0,0.0,1.0,0.0,0.0,0,0,0,0,0,0
2026-07-17 04:33:00,ZO-Bengaluru,0.0,0.0,0.0,1.0,0.0,0.0,0,0,0,0,0,0
2026-07-17 04:33:00,BR-Koramangala,0.0,0.0,0.0,1.0,0.0,0.0,0,0,0,0,0,0
2026-07-17 04:33:00,BR-Whitefield,0.0,0.0,0.0,1.0,0.0,0.0,0,0,0,0,0,0
2026-07-17 04:34:00,HO-Chennai,0.0,0.0,0.0,1.0,0.0,0.0,0,0,0,0,0,0
2026-07-17 04:34:00,ZO-Bengaluru,0.0,0.0,0.0,1.0,0.0,0.0,0,0,0,0,0,0
2026-07-17 04:34:00,BR-Koramangala,0.0,0.0,0.0,1.0,0.0,0.0,0,0,0,0,0,0
2026-07-17 04:34:00,BR-Whitefield,0.0,0.0,0.0,1.0,0.0,0.0,0,0,0,0,0,0
2026-07-17 04:35:00,HO-Chennai,0.0,0.0,0.0,1.0,0.0,0.0,0,0,0,0,0,0
2026-07-17 04:35:00,ZO-Bengaluru,0.0,0.0,0.0,1.0,0.0,0.0,0,0,0,0,0,0
2026-07-17 04:35:00,BR-Koramangala,0.0,0.0,0.0,1.0,0.0,0.0,0,0,0,0,0,0
2026-07-17 04:35:00,BR-Whitefield,0.0,0.0,0.0,1.0,0.0,0.0,0,0,0,0,0,0
2026-07-17 04:36:00,HO-Chennai,0.0,0.0,0.0,1.0,0.0,0.0,0,0,0,0,0,0
2026-07-17 04:36:00,ZO-Bengaluru,0.0,0.0,0.0,1.0,0.0,0.0,0,0,0,0,0,0
2026-07-17 04:36:00,BR-Koramangala,0.0,0.0,0.0,1.0,0.0,0.0,0,0,0,0,0,0
2026-07-17 04:36:00,BR-Whitefield,0.0,0.0,0.0,1.0,0.0,0.0,0,0,0,0,0,0
2026-07-17 04:37:00,HO-Chennai,0.0,0.0,0.0,1.0,0.0,0.0,0,0,0,0,0,0
2026-07-17 04:37:00,ZO-Bengaluru,0.0,0.0,0.0,1.0,0.0,0.0,0,0,0,0,0,0
2026-07-17 04:37:00,BR-Koramangala,0.0,0.0,0.0,1.0,0.0,0.0,0,0,0,0,0,0
2026-07-17 04:37:00,BR-Whitefield,0.0,0.0,0.0,1.0,0.0,0.0,0,0,0,0,0,0
2026-07-17 04:38:00,HO-Chennai,0.0,0.0,0.0,1.0,0.0,0.0,0,0,0,0,0,0
2026-07-17 04:38:00,ZO-Bengaluru,0.0,0.0,0.0,1.0,0.0,0.0,0,0,0,0,0,0
2026-07-17 04:38:00,BR-Koramangala,0.0,0.0,0.0,1.0,0.0,0.0,0,0,0,0,0,0
2026-07-17 04:38:00,BR-Whitefield,0.0,0.0,0.0,1.0,0.0,0.0,0,0,0,0,0,0
2026-07-17 04:39:00,HO-Chennai,0.0,0.0,0.0,1.0,0.0,0.0,0,0,0,0,0,0
2026-07-17 04:39:00,ZO-Bengaluru,0.0,0.0,0.0,1.0,0.0,0.0,0,0,0,0,0,0
2026-07-17 04:39:00,BR-Koramangala,0.0,0.0,0.0,1.0,0.0,0.0,0,0,0,0,0,0
2026-07-17 04:39:00,BR-Whitefield,0.0,0.0,0.0,1.0,0.0,0.0,0,0,0,0,0,0
2026-07-17 04:40:00,HO-Chennai,0.0,0.0,0.0,1.0,0.0,0.0,0,0,0,0,0,0
2026-07-17 04:40:00,ZO-Bengaluru,0.0,0.0,0.0,1.0,0.0,0.0,0,0,0,0,0,0
2026-07-17 04:40:00,BR-Koramangala,0.0,0.0,0.0,1.0,0.0,0.0,0,0,0,0,0,0
2026-07-17 04:40:00,BR-Whitefield,0.0,0.0,0.0,1.0,0.0,0.0,0,0,0,0,0,0
2026-07-17 04:41:00,HO-Chennai,0.0,0.0,0.0,1.0,0.0,0.0,0,0,0,0,0,0
2026-07-17 04:41:00,ZO-Bengaluru,0.0,0.0,0.0,1.0,0.0,0.0,0,0,0,0,0,0
2026-07-17 04:41:00,BR-Koramangala,0.0,0.0,0.0,1.0,0.0,0.0,0,0,0,0,0,0
2026-07-17 04:41:00,BR-Whitefield,0.0,0.0,0.0,1.0,0.0,0.0,0,0,0,0,0,0
2026-07-17 04:42:00,HO-Chennai,0.0,0.0,0.0,1.0,0.0,0.0,0,0,0,0,0,0
2026-07-17 04:42:00,ZO-Bengaluru,0.0,0.0,0.0,1.0,0.0,0.0,0,0,0,0,0,0
2026-07-17 04:42:00,BR-Koramangala,0.0,0.0,0.0,1.0,0.0,0.0,0,0,0,0,0,0
2026-07-17 04:42:00,BR-Whitefield,0.0,0.0,0.0,1.0,0.0,0.0,0,0,0,0,0,0
2026-07-17 04:43:00,HO-Chennai,0.0,0.0,0.0,1.0,0.0,0.0,0,0,0,0,0,0
2026-07-17 04:43:00,ZO-Bengaluru,0.0,0.0,0.0,1.0,0.0,0.0,0,0,0,0,0,0
2026-07-17 04:43:00,BR-Koramangala,0.0,0.0,0.0,1.0,0.0,0.0,0,0,0,0,0,0
2026-07-17 04:43:00,BR-Whitefield,0.0,0.0,0.0,1.0,0.0,0.0,0,0,0,0,0,0
2026-07-17 04:44:00,HO-Chennai,0.0,0.0,0.0,1.0,0.0,0.0,0,0,0,0,0,0
2026-07-17 04:44:00,ZO-Bengaluru,0.0,0.0,0.0,1.0,0.0,0.0,0,0,0,0,0,0
2026-07-17 04:44:00,BR-Koramangala,0.0,0.0,0.0,1.0,0.0,0.0,0,0,0,0,0,0
2026-07-17 04:44:00,BR-Whitefield,0.0,0.0,0.0,1.0,0.0,0.0,0,0,0,0,0,0
2026-07-17 04:45:00,HO-Chennai,0.0,0.0,0.0,1.0,0.0,0.0,0,0,0,0,0,0
2026-07-17 04:45:00,ZO-Bengaluru,0.0,0.0,0.0,1.0,0.0,0.0,0,0,0,0,0,0
2026-07-17 04:45:00,BR-Koramangala,0.0,0.0,0.0,1.0,0.0,0.0,0,0,0,0,0,0
2026-07-17 04:45:00,BR-Whitefield,0.0,0.0,0.0,1.0,0.0,0.0,0,0,0,0,0,0
2026-07-17 04:46:00,HO-Chennai,0.0,0.0,0.0,1.0,0.0,0.0,0,0,0,0,0,0
2026-07-17 04:46:00,ZO-Bengaluru,0.0,0.0,0.0,1.0,0.0,0.0,0,0,0,0,0,0
2026-07-17 04:46:00,BR-Koramangala,0.0,0.0,0.0,1.0,0.0,0.0,0,0,0,0,0,0
2026-07-17 04:46:00,BR-Whitefield,0.0,0.0,0.0,1.0,0.0,0.0,0,0,0,0,0,0
2026-07-17 04:47:00,HO-Chennai,0.0,0.0,0.0,1.0,0.0,0.0,0,0,0,0,0,0
2026-07-17 04:47:00,ZO-Bengaluru,0.0,0.0,0.0,1.0,0.0,0.0,0,0,0,0,0,0
2026-07-17 04:47:00,BR-Koramangala,0.0,0.0,0.0,1.0,0.0,0.0,0,0,0,0,0,0
2026-07-17 04:47:00,BR-Whitefield,0.0,0.0,0.0,1.0,0.0,0.0,0,0,0,0,0,0
2026-07-17 04:48:00,HO-Chennai,0.0,0.0,0.0,1.0,0.0,0.0,0,0,0,0,0,0
2026-07-17 04:48:00,ZO-Bengaluru,0.0,0.0,0.0,1.0,0.0,0.0,0,0,0,0,0,0
2026-07-17 04:48:00,BR-Koramangala,0.0,0.0,0.0,1.0,0.0,0.0,0,0,0,0,0,0
2026-07-17 04:48:00,BR-Whitefield,0.0,0.0,0.0,1.0,0.0,0.0,0,0,0,0,0,0
2026-07-17 04:49:00,HO-Chennai,0.0,0.0,0.0,1.0,0.0,0.0,0,0,0,0,0,0
2026-07-17 04:49:00,ZO-Bengaluru,0.0,0.0,0.0,1.0,0.0,0.0,0,0,0,0,0,0
2026-07-17 04:49:00,BR-Koramangala,0.0,0.0,0.0,1.0,0.0,0.0,0,0,0,0,0,0
2026-07-17 04:49:00,BR-Whitefield,0.0,0.0,0.0,1.0,0.0,0.0,0,0,0,0,0,0
2026-07-17 04:50:00,HO-Chennai,0.0,0.0,0.0,1.0,0.0,0.0,0,0,0,0,0,0
2026-07-17 04:50:00,ZO-Bengaluru,0.0,0.0,0.0,1.0,0.0,0.0,0,0,0,0,0,0
2026-07-17 04:50:00,BR-Koramangala,0.0,0.0,0.0,1.0,0.0,0.0,0,0,0,0,0,0
2026-07-17 04:50:00,BR-Whitefield,0.0,0.0,0.0,1.0,0.0,0.0,0,0,0,0,0,0
2026-07-17 04:51:00,HO-Chennai,0.0,0.0,0.0,1.0,0.0,0.0,0,0,0,0,0,0
2026-07-17 04:51:00,ZO-Bengaluru,0.0,0.0,0.0,1.0,0.0,0.0,0,0,0,0,0,0
2026-07-17 04:51:00,BR-Koramangala,0.0,0.0,0.0,1.0,0.0,0.0,0,0,0,0,0,0
2026-07-17 04:51:00,BR-Whitefield,0.0,0.0,0.0,1.0,0.0,0.0,0,0,0,0,0,0
2026-07-17 04:52:00,HO-Chennai,0.0,0.0,0.0,1.0,0.0,0.0,0,0,0,0,0,0
2026-07-17 04:52:00,ZO-Bengaluru,0.0,0.0,0.0,1.0,0.0,0.0,0,0,0,0,0,0
2026-07-17 04:52:00,BR-Koramangala,0.0,0.0,0.0,1.0,0.0,0.0,0,0,0,0,0,0
2026-07-17 04:52:00,BR-Whitefield,0.0,0.0,0.0,1.0,0.0,0.0,0,0,0,0,0,0
2026-07-17 04:53:00,HO-Chennai,0.0,0.0,0.0,1.0,0.0,0.0,0,0,0,0,0,0
2026-07-17 04:53:00,ZO-Bengaluru,0.0,0.0,0.0,1.0,0.0,0.0,0,0,0,0,0,0
2026-07-17 04:53:00,BR-Koramangala,0.0,0.0,0.0,1.0,0.0,0.0,0,0,0,0,0,0
2026-07-17 04:53:00,BR-Whitefield,0.0,0.0,0.0,1.0,0.0,0.0,0,0,0,0,0,0
2026-07-17 04:54:00,HO-Chennai,0.0,0.0,0.0,1.0,0.0,0.0,0,0,0,0,0,0
2026-07-17 04:54:00,ZO-Bengaluru,0.0,0.0,0.0,1.0,0.0,0.0,0,0,0,0,0,0
2026-07-17 04:54:00,BR-Koramangala,0.0,0.0,0.0,1.0,0.0,0.0,0,0,0,0,0,0
2026-07-17 04:54:00,BR-Whitefield,0.0,0.0,0.0,1.0,0.0,0.0,0,0,0,0,0,0
2026-07-17 04:55:00,HO-Chennai,0.0,0.0,0.0,1.0,0.0,0.0,0,0,0,0,0,0
2026-07-17 04:55:00,ZO-Bengaluru,0.0,0.0,0.0,1.0,0.0,0.0,0,0,0,0,0,0
2026-07-17 04:55:00,BR-Koramangala,0.0,0.0,0.0,1.0,0.0,0.0,0,0,0,0,0,0
2026-07-17 04:55:00,BR-Whitefield,0.0,0.0,0.0,1.0,0.0,0.0,0,0,0,0,0,0
2026-07-17 04:56:00,HO-Chennai,0.0,0.0,0.0,1.0,0.0,0.0,0,0,0,0,0,0
2026-07-17 04:56:00,ZO-Bengaluru,0.0,0.0,0.0,1.0,0.0,0.0,0,0,0,0,0,0
2026-07-17 04:56:00,BR-Koramangala,0.0,0.0,0.0,1.0,0.0,0.0,0,0,0,0,0,0
2026-07-17 04:56:00,BR-Whitefield,0.0,0.0,0.0,1.0,0.0,0.0,0,0,0,0,0,0
2026-07-17 04:57:00,HO-Chennai,0.0,0.0,0.0,1.0,0.0,0.0,0,0,0,0,0,0
2026-07-17 04:57:00,ZO-Bengaluru,0.0,0.0,0.0,1.0,0.0,0.0,0,0,0,0,0,0
2026-07-17 04:57:00,BR-Koramangala,0.0,0.0,0.0,1.0,0.0,0.0,0,0,0,0,0,0
2026-07-17 04:57:00,BR-Whitefield,0.0,0.0,0.0,1.0,0.0,0.0,0,0,0,0,0,0
2026-07-17 04:58:00,HO-Chennai,0.0,0.0,0.0,1.0,0.0,0.0,0,0,0,0,0,0
2026-07-17 04:58:00,ZO-Bengaluru,0.0,0.0,0.0,1.0,0.0,0.0,0,0,0,0,0,0
2026-07-17 04:58:00,BR-Koramangala,0.0,0.0,0.0,1.0,0.0,0.0,0,0,0,0,0,0
2026-07-17 04:58:00,BR-Whitefield,0.0,0.0,0.0,1.0,0.0,0.0,0,0,0,0,0,0
2026-07-17 04:59:00,HO-Chennai,0.0,0.0,0.0,1.0,0.0,0.0,0,0,0,0,0,0
2026-07-17 04:59:00,ZO-Bengaluru,0.0,0.0,0.0,1.0,0.0,0.0,0,0,0,0,0,0
2026-07-17 04:59:00,BR-Koramangala,0.0,0.0,0.0,1.0,0.0,0.0,0,0,0,0,0,0
2026-07-17 04:59:00,BR-Whitefield,0.0,0.0,0.0,1.0,0.0,0.0,0,0,0,0,0,0
2026-07-17 05:00:00,HO-Chennai,0.0,0.0,0.0,1.0,0.0,0.0,0,0,0,0,0,0
2026-07-17 05:00:00,ZO-Bengaluru,0.0,0.0,0.0,1.0,0.0,0.0,0,0,0,0,0,0
2026-07-17 05:00:00,BR-Koramangala,0.0,0.0,0.0,1.0,0.0,0.0,0,0,0,0,0,0
2026-07-17 05:00:00,BR-Whitefield,0.0,0.0,0.0,1.0,0.0,0.0,0,0,0,0,0,0
2026-07-17 05:01:00,HO-Chennai,0.0,0.0,0.0,1.0,0.0,0.0,0,0,0,0,0,0
2026-07-17 05:01:00,ZO-Bengaluru,0.0,0.0,0.0,1.0,0.0,0.0,0,0,0,0,0,0
2026-07-17 05:01:00,BR-Koramangala,0.0,0.0,0.0,1.0,0.0,0.0,0,0,0,0,0,0
2026-07-17 05:01:00,BR-Whitefield,0.0,0.0,0.0,1.0,0.0,0.0,0,0,0,0,0,0
2026-07-17 05:02:00,HO-Chennai,0.0,0.0,0.0,1.0,0.0,0.0,0,0,0,0,0,0
2026-07-17 05:02:00,ZO-Bengaluru,0.0,0.0,0.0,1.0,0.0,0.0,0,0,0,0,0,0
2026-07-17 05:02:00,BR-Koramangala,0.0,0.0,0.0,1.0,0.0,0.0,0,0,0,0,0,0
2026-07-17 05:02:00,BR-Whitefield,0.0,0.0,0.0,1.0,0.0,0.0,0,0,0,0,0,0
2026-07-17 05:03:00,HO-Chennai,0.0,0.0,0.0,1.0,0.0,0.0,0,0,0,0,0,0
2026-07-17 05:03:00,ZO-Bengaluru,0.0,0.0,0.0,1.0,0.0,0.0,0,0,0,0,0,0
2026-07-17 05:03:00,BR-Koramangala,0.0,0.0,0.0,1.0,0.0,0.0,0,0,0,0,0,0
2026-07-17 05:03:00,BR-Whitefield,0.0,0.0,0.0,1.0,0.0,0.0,0,0,0,0,0,0
2026-07-17 05:04:00,HO-Chennai,0.0,0.0,0.0,1.0,0.0,0.0,0,0,0,0,0,0
2026-07-17 05:04:00,ZO-Bengaluru,0.0,0.0,0.0,1.0,0.0,0.0,0,0,0,0,0,0
2026-07-17 05:04:00,BR-Koramangala,0.0,0.0,0.0,1.0,0.0,0.0,0,0,0,0,0,0
2026-07-17 05:04:00,BR-Whitefield,0.0,0.0,0.0,1.0,0.0,0.0,0,0,0,0,0,0
2026-07-17 05:05:00,HO-Chennai,0.0,0.0,0.0,1.0,0.0,0.0,0,0,0,0,0,0
2026-07-17 05:05:00,ZO-Bengaluru,0.0,0.0,0.0,1.0,0.0,0.0,0,0,0,0,0,0
2026-07-17 05:05:00,BR-Koramangala,0.0,0.0,0.0,1.0,0.0,0.0,0,0,0,0,0,0
2026-07-17 05:05:00,BR-Whitefield,0.0,0.0,0.0,1.0,0.0,0.0,0,0,0,0,0,0
2026-07-17 05:06:00,HO-Chennai,0.0,0.0,0.0,1.0,0.0,0.0,0,0,0,0,0,0
2026-07-17 05:06:00,ZO-Bengaluru,0.0,0.0,0.0,1.0,0.0,0.0,0,0,0,0,0,0
2026-07-17 05:06:00,BR-Koramangala,0.0,0.0,0.0,1.0,0.0,0.0,0,0,0,0,0,0
2026-07-17 05:06:00,BR-Whitefield,0.0,0.0,0.0,1.0,0.0,0.0,0,0,0,0,0,0
2026-07-17 05:07:00,HO-Chennai,0.0,0.0,0.0,1.0,0.0,0.0,0,0,0,0,0,0
2026-07-17 05:07:00,ZO-Bengaluru,0.0,0.0,0.0,1.0,0.0,0.0,0,0,0,0,0,0
2026-07-17 05:07:00,BR-Koramangala,0.0,0.0,0.0,1.0,0.0,0.0,0,0,0,0,0,0
2026-07-17 05:07:00,BR-Whitefield,0.0,0.0,0.0,1.0,0.0,0.0,0,0,0,0,0,0
2026-07-17 05:08:00,HO-Chennai,0.0,0.0,0.0,1.0,0.0,0.0,0,0,0,0,0,0
2026-07-17 05:08:00,ZO-Bengaluru,0.0,0.0,0.0,1.0,0.0,0.0,0,0,0,0,0,0
2026-07-17 05:08:00,BR-Koramangala,0.0,0.0,0.0,1.0,0.0,0.0,0,0,0,0,0,0
2026-07-17 05:08:00,BR-Whitefield,0.0,0.0,0.0,1.0,0.0,0.0,0,0,0,0,0,0
2026-07-17 05:09:00,HO-Chennai,0.0,0.0,0.0,1.0,0.0,0.0,0,0,0,0,0,0
2026-07-17 05:09:00,ZO-Bengaluru,0.0,0.0,0.0,1.0,0.0,0.0,0,0,0,0,0,0
2026-07-17 05:09:00,BR-Koramangala,0.0,0.0,0.0,1.0,0.0,0.0,0,0,0,0,0,0
2026-07-17 05:09:00,BR-Whitefield,0.0,0.0,0.0,1.0,0.0,0.0,0,0,0,0,0,0
2026-07-17 05:10:00,HO-Chennai,0.0,0.0,0.0,1.0,0.0,0.0,0,0,0,0,0,0
2026-07-17 05:10:00,ZO-Bengaluru,0.0,0.0,0.0,1.0,0.0,0.0,0,0,0,0,0,0
2026-07-17 05:10:00,BR-Koramangala,0.0,0.0,0.0,1.0,0.0,0.0,0,0,0,0,0,0
2026-07-17 05:10:00,BR-Whitefield,0.0,0.0,0.0,1.0,0.0,0.0,0,0,0,0,0,0
2026-07-17 05:11:00,HO-Chennai,0.0,0.0,0.0,1.0,0.0,0.0,0,0,0,0,0,0
2026-07-17 05:11:00,ZO-Bengaluru,0.0,0.0,0.0,1.0,0.0,0.0,0,0,0,0,0,0
2026-07-17 05:11:00,BR-Koramangala,0.0,0.0,0.0,1.0,0.0,0.0,0,0,0,0,0,0
2026-07-17 05:11:00,BR-Whitefield,0.0,0.0,0.0,1.0,0.0,0.0,0,0,0,0,0,0
2026-07-17 05:12:00,HO-Chennai,0.0,0.0,0.0,1.0,0.0,0.0,0,0,0,0,0,0
2026-07-17 05:12:00,ZO-Bengaluru,0.0,0.0,0.0,1.0,0.0,0.0,0,0,0,0,0,0
2026-07-17 05:12:00,BR-Koramangala,0.0,0.0,0.0,1.0,0.0,0.0,0,0,0,0,0,0
2026-07-17 05:12:00,BR-Whitefield,0.0,0.0,0.0,1.0,0.0,0.0,0,0,0,0,0,0
2026-07-17 05:13:00,HO-Chennai,0.0,0.0,0.0,1.0,0.0,0.0,0,0,0,0,0,0
2026-07-17 05:13:00,ZO-Bengaluru,0.0,0.0,0.0,1.0,0.0,0.0,0,0,0,0,0,0
2026-07-17 05:13:00,BR-Koramangala,0.0,0.0,0.0,1.0,0.0,0.0,0,0,0,0,0,0
2026-07-17 05:13:00,BR-Whitefield,0.0,0.0,0.0,1.0,0.0,0.0,0,0,0,0,0,0
2026-07-17 05:14:00,HO-Chennai,0.0,0.0,0.0,1.0,0.0,0.0,0,0,0,0,0,0
2026-07-17 05:14:00,ZO-Bengaluru,0.0,0.0,0.0,1.0,0.0,0.0,0,0,0,0,0,0
2026-07-17 05:14:00,BR-Koramangala,0.0,0.0,0.0,1.0,0.0,0.0,0,0,0,0,0,0
2026-07-17 05:14:00,BR-Whitefield,0.0,0.0,0.0,1.0,0.0,0.0,0,0,0,0,0,0
2026-07-17 05:15:00,HO-Chennai,0.0,0.0,0.0,1.0,0.0,0.0,0,0,0,0,0,0
2026-07-17 05:15:00,ZO-Bengaluru,0.0,0.0,0.0,1.0,0.0,0.0,0,0,0,0,0,0
2026-07-17 05:15:00,BR-Koramangala,0.0,0.0,0.0,1.0,0.0,0.0,0,0,0,0,0,0
2026-07-17 05:15:00,BR-Whitefield,0.0,0.0,0.0,1.0,0.0,0.0,0,0,0,0,0,0
2026-07-17 05:16:00,HO-Chennai,0.0,0.0,0.0,1.0,0.0,0.0,0,0,0,0,0,0
2026-07-17 05:16:00,ZO-Bengaluru,0.0,0.0,0.0,1.0,0.0,0.0,0,0,0,0,0,0
2026-07-17 05:16:00,BR-Koramangala,0.0,0.0,0.0,1.0,0.0,0.0,0,0,0,0,0,0
2026-07-17 05:16:00,BR-Whitefield,0.0,0.0,0.0,1.0,0.0,0.0,0,0,0,0,0,0
2026-07-17 05:17:00,HO-Chennai,0.0,0.0,0.0,1.0,0.0,0.0,0,0,0,0,0,0
2026-07-17 05:17:00,ZO-Bengaluru,0.0,0.0,0.0,1.0,0.0,0.0,0,0,0,0,0,0
2026-07-17 05:17:00,BR-Koramangala,0.0,0.0,0.0,1.0,0.0,0.0,0,0,0,0,0,0
2026-07-17 05:17:00,BR-Whitefield,0.0,0.0,0.0,1.0,0.0,0.0,0,0,0,0,0,0
2026-07-17 05:18:00,HO-Chennai,0.0,0.0,0.0,1.0,0.0,0.0,0,0,0,0,0,0
2026-07-17 05:18:00,ZO-Bengaluru,0.0,0.0,0.0,1.0,0.0,0.0,0,0,0,0,0,0
2026-07-17 05:18:00,BR-Koramangala,0.0,0.0,0.0,1.0,0.0,0.0,0,0,0,0,0,0
2026-07-17 05:18:00,BR-Whitefield,0.0,0.0,0.0,1.0,0.0,0.0,0,0,0,0,0,0
2026-07-17 05:19:00,HO-Chennai,0.0,0.0,0.0,1.0,0.0,0.0,0,0,0,0,0,0
2026-07-17 05:19:00,ZO-Bengaluru,0.0,0.0,0.0,1.0,0.0,0.0,0,0,0,0,0,0
2026-07-17 05:19:00,BR-Koramangala,0.0,0.0,0.0,1.0,0.0,0.0,0,0,0,0,0,0
2026-07-17 05:19:00,BR-Whitefield,0.0,0.0,0.0,1.0,0.0,0.0,0,0,0,0,0,0
2026-07-17 05:20:00,HO-Chennai,0.0,0.0,0.0,1.0,0.0,0.0,0,0,0,0,0,0
2026-07-17 05:20:00,ZO-Bengaluru,0.0,0.0,0.0,1.0,0.0,0.0,0,0,0,0,0,0
2026-07-17 05:20:00,BR-Koramangala,0.0,0.0,0.0,1.0,0.0,0.0,0,0,0,0,0,0
2026-07-17 05:20:00,BR-Whitefield,0.0,0.0,0.0,1.0,0.0,0.0,0,0,0,0,0,0
2026-07-17 05:21:00,HO-Chennai,0.0,0.0,0.0,1.0,0.0,0.0,0,0,0,0,0,0
2026-07-17 05:21:00,ZO-Bengaluru,0.0,0.0,0.0,1.0,0.0,0.0,0,0,0,0,0,0
2026-07-17 05:21:00,BR-Koramangala,0.0,0.0,0.0,1.0,0.0,0.0,0,0,0,0,0,0
2026-07-17 05:21:00,BR-Whitefield,0.0,0.0,0.0,1.0,0.0,0.0,0,0,0,0,0,0
2026-07-17 05:22:00,HO-Chennai,0.0,0.0,0.0,1.0,0.0,0.0,0,0,0,0,0,0
2026-07-17 05:22:00,ZO-Bengaluru,0.0,0.0,0.0,1.0,0.0,0.0,0,0,0,0,0,0
2026-07-17 05:22:00,BR-Koramangala,0.0,0.0,0.0,1.0,0.0,0.0,0,0,0,0,0,0
2026-07-17 05:22:00,BR-Whitefield,0.0,0.0,0.0,1.0,0.0,0.0,0,0,0,0,0,0
2026-07-17 05:23:00,HO-Chennai,0.0,0.0,0.0,1.0,0.0,0.0,0,0,0,0,0,0
2026-07-17 05:23:00,ZO-Bengaluru,0.0,0.0,0.0,1.0,0.0,0.0,0,0,0,0,0,0
2026-07-17 05:23:00,BR-Koramangala,0.0,0.0,0.0,1.0,0.0,0.0,0,0,0,0,0,0
2026-07-17 05:23:00,BR-Whitefield,0.0,0.0,0.0,1.0,0.0,0.0,0,0,0,0,0,0
2026-07-17 05:24:00,HO-Chennai,0.0,0.0,0.0,1.0,0.0,0.0,0,0,0,0,0,0
2026-07-17 05:24:00,ZO-Bengaluru,0.0,0.0,0.0,1.0,0.0,0.0,0,0,0,0,0,0
2026-07-17 05:24:00,BR-Koramangala,0.0,0.0,0.0,1.0,0.0,0.0,0,0,0,0,0,0
2026-07-17 05:24:00,BR-Whitefield,0.0,0.0,0.0,1.0,0.0,0.0,0,0,0,0,0,0
2026-07-17 05:25:00,HO-Chennai,0.0,0.0,0.0,1.0,0.0,0.0,0,0,0,0,0,0
2026-07-17 05:25:00,ZO-Bengaluru,0.0,0.0,0.0,1.0,0.0,0.0,0,0,0,0,0,0
2026-07-17 05:25:00,BR-Koramangala,0.0,0.0,0.0,1.0,0.0,0.0,0,0,0,0,0,0
2026-07-17 05:25:00,BR-Whitefield,0.0,0.0,0.0,1.0,0.0,0.0,0,0,0,0,0,0
2026-07-17 05:26:00,HO-Chennai,0.0,0.0,0.0,1.0,0.0,0.0,0,0,0,0,0,0
2026-07-17 05:26:00,ZO-Bengaluru,0.0,0.0,0.0,1.0,0.0,0.0,0,0,0,0,0,0
2026-07-17 05:26:00,BR-Koramangala,0.0,0.0,0.0,1.0,0.0,0.0,0,0,0,0,0,0
2026-07-17 05:26:00,BR-Whitefield,0.0,0.0,0.0,1.0,0.0,0.0,0,0,0,0,0,0
2026-07-17 05:27:00,HO-Chennai,0.0,0.0,0.0,1.0,0.0,0.0,0,0,0,0,0,0
2026-07-17 05:27:00,ZO-Bengaluru,0.0,0.0,0.0,1.0,0.0,0.0,0,0,0,0,0,0
2026-07-17 05:27:00,BR-Koramangala,0.0,0.0,0.0,1.0,0.0,0.0,0,0,0,0,0,0
2026-07-17 05:27:00,BR-Whitefield,0.0,0.0,0.0,1.0,0.0,0.0,0,0,0,0,0,0
2026-07-17 05:28:00,HO-Chennai,0.0,0.0,0.0,1.0,0.0,0.0,0,0,0,0,0,0
2026-07-17 05:28:00,ZO-Bengaluru,0.0,0.0,0.0,1.0,0.0,0.0,0,0,0,0,0,0
2026-07-17 05:28:00,BR-Koramangala,0.0,0.0,0.0,1.0,0.0,0.0,0,0,0,0,0,0
2026-07-17 05:28:00,BR-Whitefield,0.0,0.0,0.0,1.0,0.0,0.0,0,0,0,0,0,0
2026-07-17 05:29:00,HO-Chennai,0.0,0.0,0.0,1.0,0.0,0.0,0,0,0,0,0,0
2026-07-17 05:29:00,ZO-Bengaluru,0.0,0.0,0.0,1.0,0.0,0.0,0,0,0,0,0,0
2026-07-17 05:29:00,BR-Koramangala,0.0,0.0,0.0,1.0,0.0,0.0,0,0,0,0,0,0
2026-07-17 05:29:00,BR-Whitefield,0.0,0.0,0.0,1.0,0.0,0.0,0,0,0,0,0,0
2026-07-17 05:30:00,HO-Chennai,0.0,0.0,0.0,1.0,0.0,0.0,0,0,0,0,0,0
2026-07-17 05:30:00,ZO-Bengaluru,0.0,0.0,0.0,1.0,0.0,0.0,0,0,0,0,0,0
2026-07-17 05:30:00,BR-Koramangala,0.0,0.0,0.0,1.0,0.0,0.0,0,0,0,0,0,0
2026-07-17 05:30:00,BR-Whitefield,0.0,0.0,0.0,1.0,0.0,0.0,0,0,0,0,0,0
2026-07-17 05:31:00,HO-Chennai,0.0,0.0,0.0,1.0,0.0,0.0,0,0,0,0,0,0
2026-07-17 05:31:00,ZO-Bengaluru,0.0,0.0,0.0,1.0,0.0,0.0,0,0,0,0,0,0
2026-07-17 05:31:00,BR-Koramangala,0.0,0.0,0.0,1.0,0.0,0.0,0,0,0,0,0,0
2026-07-17 05:31:00,BR-Whitefield,0.0,0.0,0.0,1.0,0.0,0.0,0,0,0,0,0,0
2026-07-17 05:32:00,HO-Chennai,0.0,0.0,0.0,1.0,0.0,0.0,0,0,0,0,0,0
2026-07-17 05:32:00,ZO-Bengaluru,0.0,0.0,0.0,1.0,0.0,0.0,0,0,0,0,0,0
2026-07-17 05:32:00,BR-Koramangala,0.0,0.0,0.0,1.0,0.0,0.0,0,0,0,0,0,0
2026-07-17 05:32:00,BR-Whitefield,0.0,0.0,0.0,1.0,0.0,0.0,0,0,0,0,0,0
2026-07-17 05:33:00,HO-Chennai,0.0,0.0,0.0,1.0,0.0,0.0,0,0,0,0,0,0
2026-07-17 05:33:00,ZO-Bengaluru,0.0,0.0,0.0,1.0,0.0,0.0,0,0,0,0,0,0
2026-07-17 05:33:00,BR-Koramangala,0.0,0.0,0.0,1.0,0.0,0.0,0,0,0,0,0,0
2026-07-17 05:33:00,BR-Whitefield,0.0,0.0,0.0,1.0,0.0,0.0,0,0,0,0,0,0
2026-07-17 05:34:00,HO-Chennai,0.0,0.0,0.0,1.0,0.0,0.0,0,0,0,0,0,0
2026-07-17 05:34:00,ZO-Bengaluru,0.0,0.0,0.0,1.0,0.0,0.0,0,0,0,0,0,0
2026-07-17 05:34:00,BR-Koramangala,0.0,0.0,0.0,1.0,0.0,0.0,0,0,0,0,0,0
2026-07-17 05:34:00,BR-Whitefield,0.0,0.0,0.0,1.0,0.0,0.0,0,0,0,0,0,0
2026-07-17 05:35:00,HO-Chennai,0.0,0.0,0.0,1.0,0.0,0.0,0,0,0,0,0,0
2026-07-17 05:35:00,ZO-Bengaluru,0.0,0.0,0.0,1.0,0.0,0.0,0,0,0,0,0,0
2026-07-17 05:35:00,BR-Koramangala,0.0,0.0,0.0,1.0,0.0,0.0,0,0,0,0,0,0
2026-07-17 05:35:00,BR-Whitefield,0.0,0.0,0.0,1.0,0.0,0.0,0,0,0,0,0,0
2026-07-17 05:36:00,HO-Chennai,0.0,0.0,0.0,1.0,0.0,0.0,0,0,0,0,0,0
2026-07-17 05:36:00,ZO-Bengaluru,0.0,0.0,0.0,1.0,0.0,0.0,0,0,0,0,0,0
2026-07-17 05:36:00,BR-Koramangala,0.0,0.0,0.0,1.0,0.0,0.0,0,0,0,0,0,0
2026-07-17 05:36:00,BR-Whitefield,0.0,0.0,0.0,1.0,0.0,0.0,0,0,0,0,0,0
2026-07-17 05:37:00,HO-Chennai,0.0,0.0,0.0,1.0,0.0,0.0,0,0,0,0,0,0
2026-07-17 05:37:00,ZO-Bengaluru,0.0,0.0,0.0,1.0,0.0,0.0,0,0,0,0,0,0
2026-07-17 05:37:00,BR-Koramangala,0.0,0.0,0.0,1.0,0.0,0.0,0,0,0,0,0,0
2026-07-17 05:37:00,BR-Whitefield,0.0,0.0,0.0,1.0,0.0,0.0,0,0,0,0,0,0
2026-07-17 05:38:00,HO-Chennai,0.0,0.0,0.0,1.0,0.0,0.0,0,0,0,0,0,0
2026-07-17 05:38:00,ZO-Bengaluru,0.0,0.0,0.0,1.0,0.0,0.0,0,0,0,0,0,0
2026-07-17 05:38:00,BR-Koramangala,0.0,0.0,0.0,1.0,0.0,0.0,0,0,0,0,0,0
2026-07-17 05:38:00,BR-Whitefield,0.0,0.0,0.0,1.0,0.0,0.0,0,0,0,0,0,0
2026-07-17 05:39:00,HO-Chennai,0.0,0.0,0.0,1.0,0.0,0.0,0,0,0,0,0,0
2026-07-17 05:39:00,ZO-Bengaluru,0.0,0.0,0.0,1.0,0.0,0.0,0,0,0,0,0,0
2026-07-17 05:39:00,BR-Koramangala,0.0,0.0,0.0,1.0,0.0,0.0,0,0,0,0,0,0
2026-07-17 05:39:00,BR-Whitefield,0.0,0.0,0.0,1.0,0.0,0.0,0,0,0,0,0,0
2026-07-17 05:40:00,HO-Chennai,0.0,0.0,0.0,1.0,0.0,0.0,0,0,0,0,0,0
2026-07-17 05:40:00,ZO-Bengaluru,0.0,0.0,0.0,1.0,0.0,0.0,0,0,0,0,0,0
2026-07-17 05:40:00,BR-Koramangala,0.0,0.0,0.0,1.0,0.0,0.0,0,0,0,0,0,0
2026-07-17 05:40:00,BR-Whitefield,0.0,0.0,0.0,1.0,0.0,0.0,0,0,0,0,0,0
2026-07-17 05:41:00,HO-Chennai,0.0,0.0,0.0,1.0,0.0,0.0,0,0,0,0,0,0
2026-07-17 05:41:00,ZO-Bengaluru,0.0,0.0,0.0,1.0,0.0,0.0,0,0,0,0,0,0
2026-07-17 05:41:00,BR-Koramangala,0.0,0.0,0.0,1.0,0.0,0.0,0,0,0,0,0,0
2026-07-17 05:41:00,BR-Whitefield,0.0,0.0,0.0,1.0,0.0,0.0,0,0,0,0,0,0
2026-07-17 05:42:00,HO-Chennai,0.0,0.0,0.0,1.0,0.0,0.0,0,0,0,0,0,0
2026-07-17 05:42:00,ZO-Bengaluru,0.0,0.0,0.0,1.0,0.0,0.0,0,0,0,0,0,0
2026-07-17 05:42:00,BR-Koramangala,0.0,0.0,0.0,1.0,0.0,0.0,0,0,0,0,0,0
2026-07-17 05:42:00,BR-Whitefield,0.0,0.0,0.0,1.0,0.0,0.0,0,0,0,0,0,0
2026-07-17 05:43:00,HO-Chennai,0.0,0.0,0.0,1.0,0.0,0.0,0,0,0,0,0,0
2026-07-17 05:43:00,ZO-Bengaluru,0.0,0.0,0.0,1.0,0.0,0.0,0,0,0,0,0,0
2026-07-17 05:43:00,BR-Koramangala,0.0,0.0,0.0,1.0,0.0,0.0,0,0,0,0,0,0
2026-07-17 05:43:00,BR-Whitefield,0.0,0.0,0.0,1.0,0.0,0.0,0,0,0,0,0,0
2026-07-17 05:44:00,HO-Chennai,0.0,0.0,0.0,1.0,0.0,0.0,0,0,0,0,0,0
2026-07-17 05:44:00,ZO-Bengaluru,0.0,0.0,0.0,1.0,0.0,0.0,0,0,0,0,0,0
2026-07-17 05:44:00,BR-Koramangala,0.0,0.0,0.0,1.0,0.0,0.0,0,0,0,0,0,0
2026-07-17 05:44:00,BR-Whitefield,0.0,0.0,0.0,1.0,0.0,0.0,0,0,0,0,0,0
2026-07-17 05:45:00,HO-Chennai,0.0,0.0,0.0,1.0,0.0,0.0,0,0,0,0,0,0
2026-07-17 05:45:00,ZO-Bengaluru,0.0,0.0,0.0,1.0,0.0,0.0,0,0,0,0,0,0
2026-07-17 05:45:00,BR-Koramangala,0.0,0.0,0.0,1.0,0.0,0.0,0,0,0,0,0,0
2026-07-17 05:45:00,BR-Whitefield,0.0,0.0,0.0,1.0,0.0,0.0,0,0,0,0,0,0
2026-07-17 05:46:00,HO-Chennai,0.0,0.0,0.0,1.0,0.0,0.0,0,0,0,0,0,0
2026-07-17 05:46:00,ZO-Bengaluru,0.0,0.0,0.0,1.0,0.0,0.0,0,0,0,0,0,0
2026-07-17 05:46:00,BR-Koramangala,0.0,0.0,0.0,1.0,0.0,0.0,0,0,0,0,0,0
2026-07-17 05:46:00,BR-Whitefield,0.0,0.0,0.0,1.0,0.0,0.0,0,0,0,0,0,0
2026-07-17 05:47:00,HO-Chennai,0.0,0.0,0.0,1.0,0.0,0.0,0,0,0,0,0,0
2026-07-17 05:47:00,ZO-Bengaluru,0.0,0.0,0.0,1.0,0.0,0.0,0,0,0,0,0,0
2026-07-17 05:47:00,BR-Koramangala,0.0,0.0,0.0,1.0,0.0,0.0,0,0,0,0,0,0
2026-07-17 05:47:00,BR-Whitefield,0.0,0.0,0.0,1.0,0.0,0.0,0,0,0,0,0,0
2026-07-17 05:48:00,HO-Chennai,0.0,0.0,0.0,1.0,0.0,0.0,0,0,0,0,0,0
2026-07-17 05:48:00,ZO-Bengaluru,0.0,0.0,0.0,1.0,0.0,0.0,0,0,0,0,0,0
2026-07-17 05:48:00,BR-Koramangala,0.0,0.0,0.0,1.0,0.0,0.0,0,0,0,0,0,0
2026-07-17 05:48:00,BR-Whitefield,0.0,0.0,0.0,1.0,0.0,0.0,0,0,0,0,0,0
2026-07-17 05:49:00,HO-Chennai,0.0,0.0,0.0,1.0,0.0,0.0,0,0,0,0,0,0
2026-07-17 05:49:00,ZO-Bengaluru,0.0,0.0,0.0,1.0,0.0,0.0,0,0,0,0,0,0
2026-07-17 05:49:00,BR-Koramangala,0.0,0.0,0.0,1.0,0.0,0.0,0,0,0,0,0,0
2026-07-17 05:49:00,BR-Whitefield,0.0,0.0,0.0,1.0,0.0,0.0,0,0,0,0,0,0
2026-07-17 05:50:00,HO-Chennai,0.0,0.0,0.0,1.0,0.0,0.0,0,0,0,0,0,0
2026-07-17 05:50:00,ZO-Bengaluru,0.0,0.0,0.0,1.0,0.0,0.0,0,0,0,0,0,0
2026-07-17 05:50:00,BR-Koramangala,0.0,0.0,0.0,1.0,0.0,0.0,0,0,0,0,0,0
2026-07-17 05:50:00,BR-Whitefield,0.0,0.0,0.0,1.0,0.0,0.0,0,0,0,0,0,0
2026-07-17 05:51:00,HO-Chennai,0.0,0.0,0.0,1.0,0.0,0.0,0,0,0,0,0,0
2026-07-17 05:51:00,ZO-Bengaluru,0.0,0.0,0.0,1.0,0.0,0.0,0,0,0,0,0,0
2026-07-17 05:51:00,BR-Koramangala,0.0,0.0,0.0,1.0,0.0,0.0,0,0,0,0,0,0
2026-07-17 05:51:00,BR-Whitefield,0.0,0.0,0.0,1.0,0.0,0.0,0,0,0,0,0,0
2026-07-17 05:52:00,HO-Chennai,0.0,0.0,0.0,1.0,0.0,0.0,0,0,0,0,0,0
2026-07-17 05:52:00,ZO-Bengaluru,0.0,0.0,0.0,1.0,0.0,0.0,0,0,0,0,0,0
2026-07-17 05:52:00,BR-Koramangala,0.0,0.0,0.0,1.0,0.0,0.0,0,0,0,0,0,0
2026-07-17 05:52:00,BR-Whitefield,0.0,0.0,0.0,1.0,0.0,0.0,0,0,0,0,0,0
2026-07-17 05:53:00,HO-Chennai,0.0,0.0,0.0,1.0,0.0,0.0,0,0,0,0,0,0
2026-07-17 05:53:00,ZO-Bengaluru,0.0,0.0,0.0,1.0,0.0,0.0,0,0,0,0,0,0
2026-07-17 05:53:00,BR-Koramangala,0.0,0.0,0.0,1.0,0.0,0.0,0,0,0,0,0,0
2026-07-17 05:53:00,BR-Whitefield,0.0,0.0,0.0,1.0,0.0,0.0,0,0,0,0,0,0
2026-07-17 05:54:00,HO-Chennai,0.0,0.0,0.0,1.0,0.0,0.0,0,0,0,0,0,0
2026-07-17 05:54:00,ZO-Bengaluru,0.0,0.0,0.0,1.0,0.0,0.0,0,0,0,0,0,0
2026-07-17 05:54:00,BR-Koramangala,0.0,0.0,0.0,1.0,0.0,0.0,0,0,0,0,0,0
2026-07-17 05:54:00,BR-Whitefield,0.0,0.0,0.0,1.0,0.0,0.0,0,0,0,0,0,0
2026-07-17 05:55:00,HO-Chennai,0.0,0.0,0.0,1.0,0.0,0.0,0,0,0,0,0,0
2026-07-17 05:55:00,ZO-Bengaluru,0.0,0.0,0.0,1.0,0.0,0.0,0,0,0,0,0,0
2026-07-17 05:55:00,BR-Koramangala,0.0,0.0,0.0,1.0,0.0,0.0,0,0,0,0,0,0
2026-07-17 05:55:00,BR-Whitefield,0.0,0.0,0.0,1.0,0.0,0.0,0,0,0,0,0,0
2026-07-17 05:56:00,HO-Chennai,0.0,0.0,0.0,1.0,0.0,0.0,0,0,0,0,0,0
2026-07-17 05:56:00,ZO-Bengaluru,0.0,0.0,0.0,1.0,0.0,0.0,0,0,0,0,0,0
2026-07-17 05:56:00,BR-Koramangala,0.0,0.0,0.0,1.0,0.0,0.0,0,0,0,0,0,0
2026-07-17 05:56:00,BR-Whitefield,0.0,0.0,0.0,1.0,0.0,0.0,0,0,0,0,0,0
2026-07-17 05:57:00,HO-Chennai,0.0,0.0,0.0,1.0,0.0,0.0,0,0,0,0,0,0
2026-07-17 05:57:00,ZO-Bengaluru,0.0,0.0,0.0,1.0,0.0,0.0,0,0,0,0,0,0
2026-07-17 05:57:00,BR-Koramangala,0.0,0.0,0.0,1.0,0.0,0.0,0,0,0,0,0,0
2026-07-17 05:57:00,BR-Whitefield,0.0,0.0,0.0,1.0,0.0,0.0,0,0,0,0,0,0
2026-07-17 05:58:00,HO-Chennai,0.0,0.0,0.0,1.0,0.0,0.0,0,0,0,0,0,0
2026-07-17 05:58:00,ZO-Bengaluru,0.0,0.0,0.0,1.0,0.0,0.0,0,0,0,0,0,0
2026-07-17 05:58:00,BR-Koramangala,0.0,0.0,0.0,1.0,0.0,0.0,0,0,0,0,0,0
2026-07-17 05:58:00,BR-Whitefield,0.0,0.0,0.0,1.0,0.0,0.0,0,0,0,0,0,0
2026-07-17 05:59:00,HO-Chennai,0.0,0.0,0.0,1.0,0.0,0.0,0,0,0,0,0,0
2026-07-17 05:59:00,ZO-Bengaluru,0.0,0.0,0.0,1.0,0.0,0.0,0,0,0,0,0,0
2026-07-17 05:59:00,BR-Koramangala,0.0,0.0,0.0,1.0,0.0,0.0,0,0,0,0,0,0
2026-07-17 05:59:00,BR-Whitefield,0.0,0.0,0.0,1.0,0.0,0.0,0,0,0,0,0,0
2026-07-17 06:00:00,HO-Chennai,0.0,0.0,0.0,1.0,0.0,0.0,0,0,0,0,0,0
2026-07-17 06:00:00,ZO-Bengaluru,0.0,0.0,0.0,1.0,0.0,0.0,0,0,0,0,0,0
2026-07-17 06:00:00,BR-Koramangala,0.0,0.0,0.0,1.0,0.0,0.0,0,0,0,0,0,0
2026-07-17 06:00:00,BR-Whitefield,0.0,0.0,0.0,1.0,0.0,0.0,0,0,0,0,0,0
2026-07-17 06:01:00,HO-Chennai,0.0,0.0,0.0,1.0,0.0,0.0,0,0,0,0,0,0
2026-07-17 06:01:00,ZO-Bengaluru,0.0,0.0,0.0,1.0,0.0,0.0,0,0,0,0,0,0
2026-07-17 06:01:00,BR-Koramangala,0.0,0.0,0.0,1.0,0.0,0.0,0,0,0,0,0,0
2026-07-17 06:01:00,BR-Whitefield,0.0,0.0,0.0,1.0,0.0,0.0,0,0,0,0,0,0
2026-07-17 06:02:00,HO-Chennai,0.0,0.0,0.0,1.0,0.0,0.0,0,0,0,0,0,0
2026-07-17 06:02:00,ZO-Bengaluru,0.0,0.0,0.0,1.0,0.0,0.0,0,0,0,0,0,0
2026-07-17 06:02:00,BR-Koramangala,0.0,0.0,0.0,1.0,0.0,0.0,0,0,0,0,0,0
2026-07-17 06:02:00,BR-Whitefield,0.0,0.0,0.0,1.0,0.0,0.0,0,0,0,0,0,0
2026-07-17 06:03:00,HO-Chennai,0.0,0.0,0.0,1.0,0.0,0.0,0,0,0,0,0,0
2026-07-17 06:03:00,ZO-Bengaluru,0.0,0.0,0.0,1.0,0.0,0.0,0,0,0,0,0,0
2026-07-17 06:03:00,BR-Koramangala,0.0,0.0,0.0,1.0,0.0,0.0,0,0,0,0,0,0
2026-07-17 06:03:00,BR-Whitefield,0.0,0.0,0.0,1.0,0.0,0.0,0,0,0,0,0,0
2026-07-17 06:04:00,HO-Chennai,0.0,0.0,0.0,1.0,0.0,0.0,0,0,0,0,0,0
2026-07-17 06:04:00,ZO-Bengaluru,0.0,0.0,0.0,1.0,0.0,0.0,0,0,0,0,0,0
2026-07-17 06:04:00,BR-Koramangala,0.0,0.0,0.0,1.0,0.0,0.0,0,0,0,0,0,0
2026-07-17 06:04:00,BR-Whitefield,0.0,0.0,0.0,1.0,0.0,0.0,0,0,0,0,0,0
2026-07-17 06:05:00,HO-Chennai,0.0,0.0,0.0,1.0,0.0,0.0,0,0,0,0,0,0
2026-07-17 06:05:00,ZO-Bengaluru,0.0,0.0,0.0,1.0,0.0,0.0,0,0,0,0,0,0
2026-07-17 06:05:00,BR-Koramangala,0.0,0.0,0.0,1.0,0.0,0.0,0,0,0,0,0,0
2026-07-17 06:05:00,BR-Whitefield,0.0,0.0,0.0,1.0,0.0,0.0,0,0,0,0,0,0
2026-07-17 06:06:00,HO-Chennai,0.0,0.0,0.0,1.0,0.0,0.0,0,0,0,0,0,0
2026-07-17 06:06:00,ZO-Bengaluru,0.0,0.0,0.0,1.0,0.0,0.0,0,0,0,0,0,0
2026-07-17 06:06:00,BR-Koramangala,0.0,0.0,0.0,1.0,0.0,0.0,0,0,0,0,0,0
2026-07-17 06:06:00,BR-Whitefield,0.0,0.0,0.0,1.0,0.0,0.0,0,0,0,0,0,0
2026-07-17 06:07:00,HO-Chennai,0.0,0.0,0.0,1.0,0.0,0.0,0,0,0,0,0,0
2026-07-17 06:07:00,ZO-Bengaluru,0.0,0.0,0.0,1.0,0.0,0.0,0,0,0,0,0,0
2026-07-17 06:07:00,BR-Koramangala,0.0,0.0,0.0,1.0,0.0,0.0,0,0,0,0,0,0
2026-07-17 06:07:00,BR-Whitefield,0.0,0.0,0.0,1.0,0.0,0.0,0,0,0,0,0,0
2026-07-17 06:08:00,HO-Chennai,0.0,0.0,0.0,1.0,0.0,0.0,0,0,0,0,0,0
2026-07-17 06:08:00,ZO-Bengaluru,0.0,0.0,0.0,1.0,0.0,0.0,0,0,0,0,0,0
2026-07-17 06:08:00,BR-Koramangala,0.0,0.0,0.0,1.0,0.0,0.0,0,0,0,0,0,0
2026-07-17 06:08:00,BR-Whitefield,0.0,0.0,0.0,1.0,0.0,0.0,0,0,0,0,0,0
2026-07-17 06:09:00,HO-Chennai,0.0,0.0,0.0,1.0,0.0,0.0,0,0,0,0,0,0
2026-07-17 06:09:00,ZO-Bengaluru,0.0,0.0,0.0,1.0,0.0,0.0,0,0,0,0,0,0
2026-07-17 06:09:00,BR-Koramangala,0.0,0.0,0.0,1.0,0.0,0.0,0,0,0,0,0,0
2026-07-17 06:09:00,BR-Whitefield,0.0,0.0,0.0,1.0,0.0,0.0,0,0,0,0,0,0
2026-07-17 06:10:00,HO-Chennai,0.0,0.0,0.0,1.0,0.0,0.0,0,0,0,0,0,0
2026-07-17 06:10:00,ZO-Bengaluru,0.0,0.0,0.0,1.0,0.0,0.0,0,0,0,0,0,0
2026-07-17 06:10:00,BR-Koramangala,0.0,0.0,0.0,1.0,0.0,0.0,0,0,0,0,0,0
2026-07-17 06:10:00,BR-Whitefield,0.0,0.0,0.0,1.0,0.0,0.0,0,0,0,0,0,0
2026-07-17 06:11:00,HO-Chennai,0.0,0.0,0.0,1.0,0.0,0.0,0,0,0,0,0,0
2026-07-17 06:11:00,ZO-Bengaluru,0.0,0.0,0.0,1.0,0.0,0.0,0,0,0,0,0,0
2026-07-17 06:11:00,BR-Koramangala,0.0,0.0,0.0,1.0,0.0,0.0,0,0,0,0,0,0
2026-07-17 06:11:00,BR-Whitefield,0.0,0.0,0.0,1.0,0.0,0.0,0,0,0,0,0,0
2026-07-17 06:12:00,HO-Chennai,0.0,0.0,0.0,1.0,0.0,0.0,0,0,0,0,0,0
2026-07-17 06:12:00,ZO-Bengaluru,0.0,0.0,0.0,1.0,0.0,0.0,0,0,0,0,0,0
2026-07-17 06:12:00,BR-Koramangala,0.0,0.0,0.0,1.0,0.0,0.0,0,0,0,0,0,0
2026-07-17 06:12:00,BR-Whitefield,0.0,0.0,0.0,1.0,0.0,0.0,0,0,0,0,0,0
2026-07-17 06:13:00,HO-Chennai,0.0,0.0,0.0,1.0,0.0,0.0,0,0,0,0,0,0
2026-07-17 06:13:00,ZO-Bengaluru,0.0,0.0,0.0,1.0,0.0,0.0,0,0,0,0,0,0
2026-07-17 06:13:00,BR-Koramangala,0.0,0.0,0.0,1.0,0.0,0.0,0,0,0,0,0,0
2026-07-17 06:13:00,BR-Whitefield,0.0,0.0,0.0,1.0,0.0,0.0,0,0,0,0,0,0
2026-07-17 06:14:00,HO-Chennai,0.0,0.0,0.0,1.0,0.0,0.0,0,0,0,0,0,0
2026-07-17 06:14:00,ZO-Bengaluru,0.0,0.0,0.0,1.0,0.0,0.0,0,0,0,0,0,0
2026-07-17 06:14:00,BR-Koramangala,0.0,0.0,0.0,1.0,0.0,0.0,0,0,0,0,0,0
2026-07-17 06:14:00,BR-Whitefield,0.0,0.0,0.0,1.0,0.0,0.0,0,0,0,0,0,0
2026-07-17 06:15:00,HO-Chennai,0.0,0.0,0.0,1.0,0.0,0.0,0,0,0,0,0,0
2026-07-17 06:15:00,ZO-Bengaluru,0.0,0.0,0.0,1.0,0.0,0.0,0,0,0,0,0,0
2026-07-17 06:15:00,BR-Koramangala,0.0,0.0,0.0,1.0,0.0,0.0,0,0,0,0,0,0
2026-07-17 06:15:00,BR-Whitefield,0.0,0.0,0.0,1.0,0.0,0.0,0,0,0,0,0,0
2026-07-17 06:16:00,HO-Chennai,0.0,0.0,0.0,1.0,0.0,0.0,0,0,0,0,0,0
2026-07-17 06:16:00,ZO-Bengaluru,0.0,0.0,0.0,1.0,0.0,0.0,0,0,0,0,0,0
2026-07-17 06:16:00,BR-Koramangala,0.0,0.0,0.0,1.0,0.0,0.0,0,0,0,0,0,0
2026-07-17 06:16:00,BR-Whitefield,0.0,0.0,0.0,1.0,0.0,0.0,0,0,0,0,0,0
2026-07-17 06:17:00,HO-Chennai,0.0,0.0,0.0,1.0,0.0,0.0,0,0,0,0,0,0
2026-07-17 06:17:00,ZO-Bengaluru,0.0,0.0,0.0,1.0,0.0,0.0,0,0,0,0,0,0
2026-07-17 06:17:00,BR-Koramangala,0.0,0.0,0.0,1.0,0.0,0.0,0,0,0,0,0,0
2026-07-17 06:17:00,BR-Whitefield,0.0,0.0,0.0,1.0,0.0,0.0,0,0,0,0,0,0
2026-07-17 06:18:00,HO-Chennai,0.0,0.0,0.0,1.0,0.0,0.0,0,0,0,0,0,0
2026-07-17 06:18:00,ZO-Bengaluru,0.0,0.0,0.0,1.0,0.0,0.0,0,0,0,0,0,0
2026-07-17 06:18:00,BR-Koramangala,0.0,0.0,0.0,1.0,0.0,0.0,0,0,0,0,0,0
2026-07-17 06:18:00,BR-Whitefield,0.0,0.0,0.0,1.0,0.0,0.0,0,0,0,0,0,0
2026-07-17 06:19:00,HO-Chennai,0.0,0.0,0.0,1.0,0.0,0.0,0,0,0,0,0,0
2026-07-17 06:19:00,ZO-Bengaluru,0.0,0.0,0.0,1.0,0.0,0.0,0,0,0,0,0,0
2026-07-17 06:19:00,BR-Koramangala,0.0,0.0,0.0,1.0,0.0,0.0,0,0,0,0,0,0
2026-07-17 06:19:00,BR-Whitefield,0.0,0.0,0.0,1.0,0.0,0.0,0,0,0,0,0,0
2026-07-17 06:20:00,HO-Chennai,0.0,0.0,0.0,1.0,0.0,0.0,0,0,0,0,0,0
2026-07-17 06:20:00,ZO-Bengaluru,0.0,0.0,0.0,1.0,0.0,0.0,0,0,0,0,0,0
2026-07-17 06:20:00,BR-Koramangala,0.0,0.0,0.0,1.0,0.0,0.0,0,0,0,0,0,0
2026-07-17 06:20:00,BR-Whitefield,0.0,0.0,0.0,1.0,0.0,0.0,0,0,0,0,0,0
2026-07-17 06:21:00,HO-Chennai,0.0,0.0,0.0,1.0,0.0,0.0,0,0,0,0,0,0
2026-07-17 06:21:00,ZO-Bengaluru,0.0,0.0,0.0,1.0,0.0,0.0,0,0,0,0,0,0
2026-07-17 06:21:00,BR-Koramangala,0.0,0.0,0.0,1.0,0.0,0.0,0,0,0,0,0,0
2026-07-17 06:21:00,BR-Whitefield,0.0,0.0,0.0,1.0,0.0,0.0,0,0,0,0,0,0
2026-07-17 06:22:00,HO-Chennai,0.0,0.0,0.0,1.0,0.0,0.0,0,0,0,0,0,0
2026-07-17 06:22:00,ZO-Bengaluru,0.0,0.0,0.0,1.0,0.0,0.0,0,0,0,0,0,0
2026-07-17 06:22:00,BR-Koramangala,0.0,0.0,0.0,1.0,0.0,0.0,0,0,0,0,0,0
2026-07-17 06:22:00,BR-Whitefield,0.0,0.0,0.0,1.0,0.0,0.0,0,0,0,0,0,0
2026-07-17 06:23:00,HO-Chennai,0.0,0.0,0.0,1.0,0.0,0.0,0,0,0,0,0,0
2026-07-17 06:23:00,ZO-Bengaluru,0.0,0.0,0.0,1.0,0.0,0.0,0,0,0,0,0,0
2026-07-17 06:23:00,BR-Koramangala,0.0,0.0,0.0,1.0,0.0,0.0,0,0,0,0,0,0
2026-07-17 06:23:00,BR-Whitefield,0.0,0.0,0.0,1.0,0.0,0.0,0,0,0,0,0,0
2026-07-17 06:24:00,HO-Chennai,0.0,0.0,0.0,1.0,0.0,0.0,0,0,0,0,0,0
2026-07-17 06:24:00,ZO-Bengaluru,0.0,0.0,0.0,1.0,0.0,0.0,0,0,0,0,0,0
2026-07-17 06:24:00,BR-Koramangala,0.0,0.0,0.0,1.0,0.0,0.0,0,0,0,0,0,0
2026-07-17 06:24:00,BR-Whitefield,0.0,0.0,0.0,1.0,0.0,0.0,0,0,0,0,0,0
2026-07-17 06:25:00,HO-Chennai,0.0,0.0,0.0,1.0,0.0,0.0,0,0,0,0,0,0
2026-07-17 06:25:00,ZO-Bengaluru,0.0,0.0,0.0,1.0,0.0,0.0,0,0,0,0,0,0
2026-07-17 06:25:00,BR-Koramangala,0.0,0.0,0.0,1.0,0.0,0.0,0,0,0,0,0,0
2026-07-17 06:25:00,BR-Whitefield,0.0,0.0,0.0,1.0,0.0,0.0,0,0,0,0,0,0
2026-07-17 06:26:00,HO-Chennai,0.0,0.0,0.0,1.0,0.0,0.0,0,0,0,0,0,0
2026-07-17 06:26:00,ZO-Bengaluru,0.0,0.0,0.0,1.0,0.0,0.0,0,0,0,0,0,0
2026-07-17 06:26:00,BR-Koramangala,0.0,0.0,0.0,1.0,0.0,0.0,0,0,0,0,0,0
2026-07-17 06:26:00,BR-Whitefield,0.0,0.0,0.0,1.0,0.0,0.0,0,0,0,0,0,0
2026-07-17 06:27:00,HO-Chennai,0.0,0.0,0.0,1.0,0.0,0.0,0,0,0,0,0,0
2026-07-17 06:27:00,ZO-Bengaluru,0.0,0.0,0.0,1.0,0.0,0.0,0,0,0,0,0,0
2026-07-17 06:27:00,BR-Koramangala,0.0,0.0,0.0,1.0,0.0,0.0,0,0,0,0,0,0
2026-07-17 06:27:00,BR-Whitefield,0.0,0.0,0.0,1.0,0.0,0.0,0,0,0,0,0,0
2026-07-17 06:28:00,HO-Chennai,0.0,0.0,0.0,1.0,0.0,0.0,0,0,0,0,0,0
2026-07-17 06:28:00,ZO-Bengaluru,0.0,0.0,0.0,1.0,0.0,0.0,0,0,0,0,0,0
2026-07-17 06:28:00,BR-Koramangala,0.0,0.0,0.0,1.0,0.0,0.0,0,0,0,0,0,0
2026-07-17 06:28:00,BR-Whitefield,0.0,0.0,0.0,1.0,0.0,0.0,0,0,0,0,0,0
2026-07-17 06:29:00,HO-Chennai,0.0,0.0,0.0,1.0,0.0,0.0,0,0,0,0,0,0
2026-07-17 06:29:00,ZO-Bengaluru,0.0,0.0,0.0,1.0,0.0,0.0,0,0,0,0,0,0
2026-07-17 06:29:00,BR-Koramangala,0.0,0.0,0.0,1.0,0.0,0.0,0,0,0,0,0,0
2026-07-17 06:29:00,BR-Whitefield,0.0,0.0,0.0,1.0,0.0,0.0,0,0,0,0,0,0
2026-07-17 06:30:00,HO-Chennai,0.0,0.0,0.0,1.0,0.0,0.0,0,0,0,0,0,0
2026-07-17 06:30:00,ZO-Bengaluru,0.0,0.0,0.0,1.0,0.0,0.0,0,0,0,0,0,0
2026-07-17 06:30:00,BR-Koramangala,0.0,0.0,0.0,1.0,0.0,0.0,0,0,0,0,0,0
2026-07-17 06:30:00,BR-Whitefield,0.0,0.0,0.0,1.0,0.0,0.0,0,0,0,0,0,0
2026-07-17 06:31:00,HO-Chennai,0.0,0.0,0.0,1.0,0.0,0.0,0,0,0,0,0,0
2026-07-17 06:31:00,ZO-Bengaluru,0.0,0.0,0.0,1.0,0.0,0.0,0,0,0,0,0,0
2026-07-17 06:31:00,BR-Koramangala,0.0,0.0,0.0,1.0,0.0,0.0,0,0,0,0,0,0
2026-07-17 06:31:00,BR-Whitefield,0.0,0.0,0.0,1.0,0.0,0.0,0,0,0,0,0,0
2026-07-17 06:32:00,HO-Chennai,0.0,0.0,0.0,1.0,0.0,0.0,0,0,0,0,0,0
2026-07-17 06:32:00,ZO-Bengaluru,0.0,0.0,0.0,1.0,0.0,0.0,0,0,0,0,0,0
2026-07-17 06:32:00,BR-Koramangala,0.0,0.0,0.0,1.0,0.0,0.0,0,0,0,0,0,0
2026-07-17 06:32:00,BR-Whitefield,0.0,0.0,0.0,1.0,0.0,0.0,0,0,0,0,0,0
2026-07-17 06:33:00,HO-Chennai,0.0,0.0,0.0,1.0,0.0,0.0,0,0,0,0,0,0
2026-07-17 06:33:00,ZO-Bengaluru,0.0,0.0,0.0,1.0,0.0,0.0,0,0,0,0,0,0
2026-07-17 06:33:00,BR-Koramangala,0.0,0.0,0.0,1.0,0.0,0.0,0,0,0,0,0,0
2026-07-17 06:33:00,BR-Whitefield,0.0,0.0,0.0,1.0,0.0,0.0,0,0,0,0,0,0
2026-07-17 06:34:00,HO-Chennai,0.0,0.0,0.0,1.0,0.0,0.0,0,0,0,0,0,0
2026-07-17 06:34:00,ZO-Bengaluru,0.0,0.0,0.0,1.0,0.0,0.0,0,0,0,0,0,0
2026-07-17 06:34:00,BR-Koramangala,0.0,0.0,0.0,1.0,0.0,0.0,0,0,0,0,0,0
2026-07-17 06:34:00,BR-Whitefield,0.0,0.0,0.0,1.0,0.0,0.0,0,0,0,0,0,0
2026-07-17 06:35:00,HO-Chennai,0.0,0.0,0.0,1.0,0.0,0.0,0,0,0,0,0,0
2026-07-17 06:35:00,ZO-Bengaluru,0.0,0.0,0.0,1.0,0.0,0.0,0,0,0,0,0,0
2026-07-17 06:35:00,BR-Koramangala,0.0,0.0,0.0,1.0,0.0,0.0,0,0,0,0,0,0
2026-07-17 06:35:00,BR-Whitefield,0.0,0.0,0.0,1.0,0.0,0.0,0,0,0,0,0,0
2026-07-17 06:36:00,HO-Chennai,0.0,0.0,0.0,1.0,0.0,0.0,0,0,0,0,0,0
2026-07-17 06:36:00,ZO-Bengaluru,0.0,0.0,0.0,1.0,0.0,0.0,0,0,0,0,0,0
2026-07-17 06:36:00,BR-Koramangala,0.0,0.0,0.0,1.0,0.0,0.0,0,0,0,0,0,0
2026-07-17 06:36:00,BR-Whitefield,0.0,0.0,0.0,1.0,0.0,0.0,0,0,0,0,0,0
2026-07-17 06:37:00,HO-Chennai,0.0,0.0,0.0,1.0,0.0,0.0,0,0,0,0,0,0
2026-07-17 06:37:00,ZO-Bengaluru,0.0,0.0,0.0,1.0,0.0,0.0,0,0,0,0,0,0
2026-07-17 06:37:00,BR-Koramangala,0.0,0.0,0.0,1.0,0.0,0.0,0,0,0,0,0,0
2026-07-17 06:37:00,BR-Whitefield,0.0,0.0,0.0,1.0,0.0,0.0,0,0,0,0,0,0
2026-07-17 06:38:00,HO-Chennai,0.0,0.0,0.0,1.0,0.0,0.0,0,0,0,0,0,0
2026-07-17 06:38:00,ZO-Bengaluru,0.0,0.0,0.0,1.0,0.0,0.0,0,0,0,0,0,0
2026-07-17 06:38:00,BR-Koramangala,0.0,0.0,0.0,1.0,0.0,0.0,0,0,0,0,0,0
2026-07-17 06:38:00,BR-Whitefield,0.0,0.0,0.0,1.0,0.0,0.0,0,0,0,0,0,0
2026-07-17 06:39:00,HO-Chennai,0.0,0.0,0.0,1.0,0.0,0.0,0,0,0,0,0,0
2026-07-17 06:39:00,ZO-Bengaluru,0.0,0.0,0.0,1.0,0.0,0.0,0,0,0,0,0,0
2026-07-17 06:39:00,BR-Koramangala,0.0,0.0,0.0,1.0,0.0,0.0,0,0,0,0,0,0
2026-07-17 06:39:00,BR-Whitefield,0.0,0.0,0.0,1.0,0.0,0.0,0,0,0,0,0,0
2026-07-17 06:40:00,HO-Chennai,0.0,0.0,0.0,1.0,0.0,0.0,0,0,0,0,0,0
2026-07-17 06:40:00,ZO-Bengaluru,0.0,0.0,0.0,1.0,0.0,0.0,0,0,0,0,0,0
2026-07-17 06:40:00,BR-Koramangala,0.0,0.0,0.0,1.0,0.0,0.0,0,0,0,0,0,0
2026-07-17 06:40:00,BR-Whitefield,0.0,0.0,0.0,1.0,0.0,0.0,0,0,0,0,0,0
2026-07-17 06:41:00,HO-Chennai,0.0,0.0,0.0,1.0,0.0,0.0,0,0,0,0,0,0
2026-07-17 06:41:00,ZO-Bengaluru,0.0,0.0,0.0,1.0,0.0,0.0,0,0,0,0,0,0
2026-07-17 06:41:00,BR-Koramangala,0.0,0.0,0.0,1.0,0.0,0.0,0,0,0,0,0,0
2026-07-17 06:41:00,BR-Whitefield,0.0,0.0,0.0,1.0,0.0,0.0,0,0,0,0,0,0
2026-07-17 06:42:00,HO-Chennai,0.0,0.0,0.0,1.0,0.0,0.0,0,0,0,0,0,0
2026-07-17 06:42:00,ZO-Bengaluru,0.0,0.0,0.0,1.0,0.0,0.0,0,0,0,0,0,0
2026-07-17 06:42:00,BR-Koramangala,0.0,0.0,0.0,1.0,0.0,0.0,0,0,0,0,0,0
2026-07-17 06:42:00,BR-Whitefield,0.0,0.0,0.0,1.0,0.0,0.0,0,0,0,0,0,0
2026-07-17 06:43:00,HO-Chennai,0.0,0.0,0.0,1.0,0.0,0.0,0,0,0,0,0,0
2026-07-17 06:43:00,ZO-Bengaluru,0.0,0.0,0.0,1.0,0.0,0.0,0,0,0,0,0,0
2026-07-17 06:43:00,BR-Koramangala,0.0,0.0,0.0,1.0,0.0,0.0,0,0,0,0,0,0
2026-07-17 06:43:00,BR-Whitefield,0.0,0.0,0.0,1.0,0.0,0.0,0,0,0,0,0,0
2026-07-17 06:44:00,HO-Chennai,0.0,0.0,0.0,1.0,0.0,0.0,0,0,0,0,0,0
2026-07-17 06:44:00,ZO-Bengaluru,0.0,0.0,0.0,1.0,0.0,0.0,0,0,0,0,0,0
2026-07-17 06:44:00,BR-Koramangala,0.0,0.0,0.0,1.0,0.0,0.0,0,0,0,0,0,0
2026-07-17 06:44:00,BR-Whitefield,0.0,0.0,0.0,1.0,0.0,0.0,0,0,0,0,0,0
2026-07-17 06:45:00,HO-Chennai,0.0,0.0,0.0,1.0,0.0,0.0,0,0,0,0,0,0
2026-07-17 06:45:00,ZO-Bengaluru,0.0,0.0,0.0,1.0,0.0,0.0,0,0,0,0,0,0
2026-07-17 06:45:00,BR-Koramangala,0.0,0.0,0.0,1.0,0.0,0.0,0,0,0,0,0,0
2026-07-17 06:45:00,BR-Whitefield,0.0,0.0,0.0,1.0,0.0,0.0,0,0,0,0,0,0
2026-07-17 06:46:00,HO-Chennai,0.0,0.0,0.0,1.0,0.0,0.0,0,0,0,0,0,0
2026-07-17 06:46:00,ZO-Bengaluru,0.0,0.0,0.0,1.0,0.0,0.0,0,0,0,0,0,0
2026-07-17 06:46:00,BR-Koramangala,0.0,0.0,0.0,1.0,0.0,0.0,0,0,0,0,0,0
2026-07-17 06:46:00,BR-Whitefield,0.0,0.0,0.0,1.0,0.0,0.0,0,0,0,0,0,0
2026-07-17 06:47:00,HO-Chennai,0.0,0.0,0.0,1.0,0.0,0.0,0,0,0,0,0,0
2026-07-17 06:47:00,ZO-Bengaluru,0.0,0.0,0.0,1.0,0.0,0.0,0,0,0,0,0,0
2026-07-17 06:47:00,BR-Koramangala,0.0,0.0,0.0,1.0,0.0,0.0,0,0,0,0,0,0
2026-07-17 06:47:00,BR-Whitefield,0.0,0.0,0.0,1.0,0.0,0.0,0,0,0,0,0,0
2026-07-17 06:48:00,HO-Chennai,0.0,0.0,0.0,1.0,0.0,0.0,0,0,0,0,0,0
2026-07-17 06:48:00,ZO-Bengaluru,0.0,0.0,0.0,1.0,0.0,0.0,0,0,0,0,0,0
2026-07-17 06:48:00,BR-Koramangala,0.0,0.0,0.0,1.0,0.0,0.0,0,0,0,0,0,0
2026-07-17 06:48:00,BR-Whitefield,0.0,0.0,0.0,1.0,0.0,0.0,0,0,0,0,0,0
2026-07-17 06:49:00,HO-Chennai,0.0,0.0,0.0,1.0,0.0,0.0,0,0,0,0,0,0
2026-07-17 06:49:00,ZO-Bengaluru,0.0,0.0,0.0,1.0,0.0,0.0,0,0,0,0,0,0
2026-07-17 06:49:00,BR-Koramangala,0.0,0.0,0.0,1.0,0.0,0.0,0,0,0,0,0,0
2026-07-17 06:49:00,BR-Whitefield,0.0,0.0,0.0,1.0,0.0,0.0,0,0,0,0,0,0
2026-07-17 06:50:00,HO-Chennai,0.0,0.0,0.0,1.0,0.0,0.0,0,0,0,0,0,0
2026-07-17 06:50:00,ZO-Bengaluru,0.0,0.0,0.0,1.0,0.0,0.0,0,0,0,0,0,0
2026-07-17 06:50:00,BR-Koramangala,0.0,0.0,0.0,1.0,0.0,0.0,0,0,0,0,0,0
2026-07-17 06:50:00,BR-Whitefield,0.0,0.0,0.0,1.0,0.0,0.0,0,0,0,0,0,0
2026-07-17 06:51:00,HO-Chennai,0.0,0.0,0.0,1.0,0.0,0.0,0,0,0,0,0,0
2026-07-17 06:51:00,ZO-Bengaluru,0.0,0.0,0.0,1.0,0.0,0.0,0,0,0,0,0,0
2026-07-17 06:51:00,BR-Koramangala,0.0,0.0,0.0,1.0,0.0,0.0,0,0,0,0,0,0
2026-07-17 06:51:00,BR-Whitefield,0.0,0.0,0.0,1.0,0.0,0.0,0,0,0,0,0,0
2026-07-17 06:52:00,HO-Chennai,0.0,0.0,0.0,1.0,0.0,0.0,0,0,0,0,0,0
2026-07-17 06:52:00,ZO-Bengaluru,0.0,0.0,0.0,1.0,0.0,0.0,0,0,0,0,0,0
2026-07-17 06:52:00,BR-Koramangala,0.0,0.0,0.0,1.0,0.0,0.0,0,0,0,0,0,0
2026-07-17 06:52:00,BR-Whitefield,0.0,0.0,0.0,1.0,0.0,0.0,0,0,0,0,0,0
2026-07-17 06:53:00,HO-Chennai,0.0,0.0,0.0,1.0,0.0,0.0,0,0,0,0,0,0
2026-07-17 06:53:00,ZO-Bengaluru,0.0,0.0,0.0,1.0,0.0,0.0,0,0,0,0,0,0
2026-07-17 06:53:00,BR-Koramangala,0.0,0.0,0.0,1.0,0.0,0.0,0,0,0,0,0,0
2026-07-17 06:53:00,BR-Whitefield,0.0,0.0,0.0,1.0,0.0,0.0,0,0,0,0,0,0
2026-07-17 06:54:00,HO-Chennai,0.0,0.0,0.0,1.0,0.0,0.0,0,0,0,0,0,0
2026-07-17 06:54:00,ZO-Bengaluru,0.0,0.0,0.0,1.0,0.0,0.0,0,0,0,0,0,0
2026-07-17 06:54:00,BR-Koramangala,0.0,0.0,0.0,1.0,0.0,0.0,0,0,0,0,0,0
2026-07-17 06:54:00,BR-Whitefield,0.0,0.0,0.0,1.0,0.0,0.0,0,0,0,0,0,0
2026-07-17 06:55:00,HO-Chennai,0.0,0.0,0.0,1.0,0.0,0.0,0,0,0,0,0,0
2026-07-17 06:55:00,ZO-Bengaluru,0.0,0.0,0.0,1.0,0.0,0.0,0,0,0,0,0,0
2026-07-17 06:55:00,BR-Koramangala,0.0,0.0,0.0,1.0,0.0,0.0,0,0,0,0,0,0
2026-07-17 06:55:00,BR-Whitefield,0.0,0.0,0.0,1.0,0.0,0.0,0,0,0,0,0,0
2026-07-17 06:56:00,HO-Chennai,0.0,0.0,0.0,1.0,0.0,0.0,0,0,0,0,0,0
2026-07-17 06:56:00,ZO-Bengaluru,0.0,0.0,0.0,1.0,0.0,0.0,0,0,0,0,0,0
2026-07-17 06:56:00,BR-Koramangala,0.0,0.0,0.0,1.0,0.0,0.0,0,0,0,0,0,0
2026-07-17 06:56:00,BR-Whitefield,0.0,0.0,0.0,1.0,0.0,0.0,0,0,0,0,0,0
2026-07-17 06:57:00,HO-Chennai,0.0,0.0,0.0,1.0,0.0,0.0,0,0,0,0,0,0
2026-07-17 06:57:00,ZO-Bengaluru,0.0,0.0,0.0,1.0,0.0,0.0,0,0,0,0,0,0
2026-07-17 06:57:00,BR-Koramangala,0.0,0.0,0.0,1.0,0.0,0.0,0,0,0,0,0,0
2026-07-17 06:57:00,BR-Whitefield,0.0,0.0,0.0,1.0,0.0,0.0,0,0,0,0,0,0
2026-07-17 06:58:00,HO-Chennai,0.0,0.0,0.0,1.0,0.0,0.0,0,0,0,0,0,0
2026-07-17 06:58:00,ZO-Bengaluru,0.0,0.0,0.0,1.0,0.0,0.0,0,0,0,0,0,0
2026-07-17 06:58:00,BR-Koramangala,0.0,0.0,0.0,1.0,0.0,0.0,0,0,0,0,0,0
2026-07-17 06:58:00,BR-Whitefield,0.0,0.0,0.0,1.0,0.0,0.0,0,0,0,0,0,0
2026-07-17 06:59:00,HO-Chennai,0.0,0.0,0.0,1.0,0.0,0.0,0,0,0,0,0,0
2026-07-17 06:59:00,ZO-Bengaluru,0.0,0.0,0.0,1.0,0.0,0.0,0,0,0,0,0,0
2026-07-17 06:59:00,BR-Koramangala,0.0,0.0,0.0,1.0,0.0,0.0,0,0,0,0,0,0
2026-07-17 06:59:00,BR-Whitefield,0.0,0.0,0.0,1.0,0.0,0.0,0,0,0,0,0,0
2026-07-17 07:00:00,HO-Chennai,0.0,0.0,0.0,1.0,0.0,0.0,0,0,0,0,0,0
2026-07-17 07:00:00,ZO-Bengaluru,0.0,0.0,0.0,1.0,0.0,0.0,0,0,0,0,0,0
2026-07-17 07:00:00,BR-Koramangala,0.0,0.0,0.0,1.0,0.0,0.0,0,0,0,0,0,0
2026-07-17 07:00:00,BR-Whitefield,0.0,0.0,0.0,1.0,0.0,0.0,0,0,0,0,0,0
2026-07-17 07:01:00,HO-Chennai,0.0,0.0,0.0,1.0,0.0,0.0,0,0,0,0,0,0
2026-07-17 07:01:00,ZO-Bengaluru,0.0,0.0,0.0,1.0,0.0,0.0,0,0,0,0,0,0
2026-07-17 07:01:00,BR-Koramangala,0.0,0.0,0.0,1.0,0.0,0.0,0,0,0,0,0,0
2026-07-17 07:01:00,BR-Whitefield,0.0,0.0,0.0,1.0,0.0,0.0,0,0,0,0,0,0
2026-07-17 07:02:00,HO-Chennai,0.0,0.0,0.0,1.0,0.0,0.0,0,0,0,0,0,0
2026-07-17 07:02:00,ZO-Bengaluru,0.0,0.0,0.0,1.0,0.0,0.0,0,0,0,0,0,0
2026-07-17 07:02:00,BR-Koramangala,0.0,0.0,0.0,1.0,0.0,0.0,0,0,0,0,0,0
2026-07-17 07:02:00,BR-Whitefield,0.0,0.0,0.0,1.0,0.0,0.0,0,0,0,0,0,0
2026-07-17 07:03:00,HO-Chennai,0.0,0.0,0.0,1.0,0.0,0.0,0,0,0,0,0,0
2026-07-17 07:03:00,ZO-Bengaluru,0.0,0.0,0.0,1.0,0.0,0.0,0,0,0,0,0,0
2026-07-17 07:03:00,BR-Koramangala,0.0,0.0,0.0,1.0,0.0,0.0,0,0,0,0,0,0
2026-07-17 07:03:00,BR-Whitefield,0.0,0.0,0.0,1.0,0.0,0.0,0,0,0,0,0,0
2026-07-17 07:04:00,HO-Chennai,0.0,0.0,0.0,1.0,0.0,0.0,0,0,0,0,0,0
2026-07-17 07:04:00,ZO-Bengaluru,0.0,0.0,0.0,1.0,0.0,0.0,0,0,0,0,0,0
2026-07-17 07:04:00,BR-Koramangala,0.0,0.0,0.0,1.0,0.0,0.0,0,0,0,0,0,0
2026-07-17 07:04:00,BR-Whitefield,0.0,0.0,0.0,1.0,0.0,0.0,0,0,0,0,0,0
2026-07-17 07:05:00,HO-Chennai,0.0,0.0,0.0,1.0,0.0,0.0,0,0,0,0,0,0
2026-07-17 07:05:00,ZO-Bengaluru,0.0,0.0,0.0,1.0,0.0,0.0,0,0,0,0,0,0
2026-07-17 07:05:00,BR-Koramangala,0.0,0.0,0.0,1.0,0.0,0.0,0,0,0,0,0,0
2026-07-17 07:05:00,BR-Whitefield,0.0,0.0,0.0,1.0,0.0,0.0,0,0,0,0,0,0
2026-07-17 07:06:00,HO-Chennai,0.0,0.0,0.0,1.0,0.0,0.0,0,0,0,0,0,0
2026-07-17 07:06:00,ZO-Bengaluru,0.0,0.0,0.0,1.0,0.0,0.0,0,0,0,0,0,0
2026-07-17 07:06:00,BR-Koramangala,0.0,0.0,0.0,1.0,0.0,0.0,0,0,0,0,0,0
2026-07-17 07:06:00,BR-Whitefield,0.0,0.0,0.0,1.0,0.0,0.0,0,0,0,0,0,0
2026-07-17 07:07:00,HO-Chennai,0.0,0.0,0.0,1.0,0.0,0.0,0,0,0,0,0,0
2026-07-17 07:07:00,ZO-Bengaluru,0.0,0.0,0.0,1.0,0.0,0.0,0,0,0,0,0,0
2026-07-17 07:07:00,BR-Koramangala,0.0,0.0,0.0,1.0,0.0,0.0,0,0,0,0,0,0
2026-07-17 07:07:00,BR-Whitefield,0.0,0.0,0.0,1.0,0.0,0.0,0,0,0,0,0,0
2026-07-17 07:08:00,HO-Chennai,0.0,0.0,0.0,1.0,0.0,0.0,0,0,0,0,0,0
2026-07-17 07:08:00,ZO-Bengaluru,0.0,0.0,0.0,1.0,0.0,0.0,0,0,0,0,0,0
2026-07-17 07:08:00,BR-Koramangala,0.0,0.0,0.0,1.0,0.0,0.0,0,0,0,0,0,0
2026-07-17 07:08:00,BR-Whitefield,0.0,0.0,0.0,1.0,0.0,0.0,0,0,0,0,0,0
2026-07-17 07:09:00,HO-Chennai,0.0,0.0,0.0,1.0,0.0,0.0,0,0,0,0,0,0
2026-07-17 07:09:00,ZO-Bengaluru,0.0,0.0,0.0,1.0,0.0,0.0,0,0,0,0,0,0
2026-07-17 07:09:00,BR-Koramangala,0.0,0.0,0.0,1.0,0.0,0.0,0,0,0,0,0,0
2026-07-17 07:09:00,BR-Whitefield,0.0,0.0,0.0,1.0,0.0,0.0,0,0,0,0,0,0
2026-07-17 07:10:00,HO-Chennai,0.0,0.0,0.0,1.0,0.0,0.0,0,0,0,0,0,0
2026-07-17 07:10:00,ZO-Bengaluru,0.0,0.0,0.0,1.0,0.0,0.0,0,0,0,0,0,0
2026-07-17 07:10:00,BR-Koramangala,0.0,0.0,0.0,1.0,0.0,0.0,0,0,0,0,0,0
2026-07-17 07:10:00,BR-Whitefield,0.0,0.0,0.0,1.0,0.0,0.0,0,0,0,0,0,0
2026-07-17 07:11:00,HO-Chennai,0.0,0.0,0.0,1.0,0.0,0.0,0,0,0,0,0,0
2026-07-17 07:11:00,ZO-Bengaluru,0.0,0.0,0.0,1.0,0.0,0.0,0,0,0,0,0,0
2026-07-17 07:11:00,BR-Koramangala,0.0,0.0,0.0,1.0,0.0,0.0,0,0,0,0,0,0
2026-07-17 07:11:00,BR-Whitefield,0.0,0.0,0.0,1.0,0.0,0.0,0,0,0,0,0,0
2026-07-17 07:12:00,HO-Chennai,0.0,0.0,0.0,1.0,0.0,0.0,0,0,0,0,0,0
2026-07-17 07:12:00,ZO-Bengaluru,0.0,0.0,0.0,1.0,0.0,0.0,0,0,0,0,0,0
2026-07-17 07:12:00,BR-Koramangala,0.0,0.0,0.0,1.0,0.0,0.0,0,0,0,0,0,0
2026-07-17 07:12:00,BR-Whitefield,0.0,0.0,0.0,1.0,0.0,0.0,0,0,0,0,0,0
2026-07-17 07:13:00,HO-Chennai,0.0,0.0,0.0,1.0,0.0,0.0,0,0,0,0,0,0
2026-07-17 07:13:00,ZO-Bengaluru,0.0,0.0,0.0,1.0,0.0,0.0,0,0,0,0,0,0
2026-07-17 07:13:00,BR-Koramangala,0.0,0.0,0.0,1.0,0.0,0.0,0,0,0,0,0,0
2026-07-17 07:13:00,BR-Whitefield,0.0,0.0,0.0,1.0,0.0,0.0,0,0,0,0,0,0
2026-07-17 07:14:00,HO-Chennai,0.0,0.0,0.0,1.0,0.0,0.0,0,0,0,0,0,0
2026-07-17 07:14:00,ZO-Bengaluru,0.0,0.0,0.0,1.0,0.0,0.0,0,0,0,0,0,0
2026-07-17 07:14:00,BR-Koramangala,0.0,0.0,0.0,1.0,0.0,0.0,0,0,0,0,0,0
2026-07-17 07:14:00,BR-Whitefield,0.0,0.0,0.0,1.0,0.0,0.0,0,0,0,0,0,0
2026-07-17 07:15:00,HO-Chennai,0.0,0.0,0.0,1.0,0.0,0.0,0,0,0,0,0,0
2026-07-17 07:15:00,ZO-Bengaluru,0.0,0.0,0.0,1.0,0.0,0.0,0,0,0,0,0,0
2026-07-17 07:15:00,BR-Koramangala,0.0,0.0,0.0,1.0,0.0,0.0,0,0,0,0,0,0
2026-07-17 07:15:00,BR-Whitefield,0.0,0.0,0.0,1.0,0.0,0.0,0,0,0,0,0,0
2026-07-17 07:16:00,HO-Chennai,0.0,0.0,0.0,1.0,0.0,0.0,0,0,0,0,0,0
2026-07-17 07:16:00,ZO-Bengaluru,0.0,0.0,0.0,1.0,0.0,0.0,0,0,0,0,0,0
2026-07-17 07:16:00,BR-Koramangala,0.0,0.0,0.0,1.0,0.0,0.0,0,0,0,0,0,0
2026-07-17 07:16:00,BR-Whitefield,0.0,0.0,0.0,1.0,0.0,0.0,0,0,0,0,0,0
2026-07-17 07:17:00,HO-Chennai,0.0,0.0,0.0,1.0,0.0,0.0,0,0,0,0,0,0
2026-07-17 07:17:00,ZO-Bengaluru,0.0,0.0,0.0,1.0,0.0,0.0,0,0,0,0,0,0
2026-07-17 07:17:00,BR-Koramangala,0.0,0.0,0.0,1.0,0.0,0.0,0,0,0,0,0,0
2026-07-17 07:17:00,BR-Whitefield,0.0,0.0,0.0,1.0,0.0,0.0,0,0,0,0,0,0
2026-07-17 07:18:00,HO-Chennai,0.0,0.0,0.0,1.0,0.0,0.0,0,0,0,0,0,0
2026-07-17 07:18:00,ZO-Bengaluru,0.0,0.0,0.0,1.0,0.0,0.0,0,0,0,0,0,0
2026-07-17 07:18:00,BR-Koramangala,0.0,0.0,0.0,1.0,0.0,0.0,0,0,0,0,0,0
2026-07-17 07:18:00,BR-Whitefield,0.0,0.0,0.0,1.0,0.0,0.0,0,0,0,0,0,0
2026-07-17 07:19:00,HO-Chennai,0.0,0.0,0.0,1.0,0.0,0.0,0,0,0,0,0,0
2026-07-17 07:19:00,ZO-Bengaluru,0.0,0.0,0.0,1.0,0.0,0.0,0,0,0,0,0,0
2026-07-17 07:19:00,BR-Koramangala,0.0,0.0,0.0,1.0,0.0,0.0,0,0,0,0,0,0
2026-07-17 07:19:00,BR-Whitefield,0.0,0.0,0.0,1.0,0.0,0.0,0,0,0,0,0,0
2026-07-17 07:20:00,HO-Chennai,0.0,0.0,0.0,1.0,0.0,0.0,0,0,0,0,0,0
2026-07-17 07:20:00,ZO-Bengaluru,0.0,0.0,0.0,1.0,0.0,0.0,0,0,0,0,0,0
2026-07-17 07:20:00,BR-Koramangala,0.0,0.0,0.0,1.0,0.0,0.0,0,0,0,0,0,0
2026-07-17 07:20:00,BR-Whitefield,0.0,0.0,0.0,1.0,0.0,0.0,0,0,0,0,0,0
2026-07-17 07:21:00,HO-Chennai,0.0,0.0,0.0,1.0,0.0,0.0,0,0,0,0,0,0
2026-07-17 07:21:00,ZO-Bengaluru,0.0,0.0,0.0,1.0,0.0,0.0,0,0,0,0,0,0
2026-07-17 07:21:00,BR-Koramangala,0.0,0.0,0.0,1.0,0.0,0.0,0,0,0,0,0,0
2026-07-17 07:21:00,BR-Whitefield,0.0,0.0,0.0,1.0,0.0,0.0,0,0,0,0,0,0
2026-07-17 07:22:00,HO-Chennai,0.0,0.0,0.0,1.0,0.0,0.0,0,0,0,0,0,0
2026-07-17 07:22:00,ZO-Bengaluru,0.0,0.0,0.0,1.0,0.0,0.0,0,0,0,0,0,0
2026-07-17 07:22:00,BR-Koramangala,0.0,0.0,0.0,1.0,0.0,0.0,0,0,0,0,0,0
2026-07-17 07:22:00,BR-Whitefield,0.0,0.0,0.0,1.0,0.0,0.0,0,0,0,0,0,0
2026-07-17 07:23:00,HO-Chennai,0.0,0.0,0.0,1.0,0.0,0.0,0,0,0,0,0,0
2026-07-17 07:23:00,ZO-Bengaluru,0.0,0.0,0.0,1.0,0.0,0.0,0,0,0,0,0,0
2026-07-17 07:23:00,BR-Koramangala,0.0,0.0,0.0,1.0,0.0,0.0,0,0,0,0,0,0
2026-07-17 07:23:00,BR-Whitefield,0.0,0.0,0.0,1.0,0.0,0.0,0,0,0,0,0,0
2026-07-17 07:24:00,HO-Chennai,0.0,0.0,0.0,1.0,0.0,0.0,0,0,0,0,0,0
2026-07-17 07:24:00,ZO-Bengaluru,0.0,0.0,0.0,1.0,0.0,0.0,0,0,0,0,0,0
2026-07-17 07:24:00,BR-Koramangala,0.0,0.0,0.0,1.0,0.0,0.0,0,0,0,0,0,0
2026-07-17 07:24:00,BR-Whitefield,0.0,0.0,0.0,1.0,0.0,0.0,0,0,0,0,0,0
2026-07-17 07:25:00,HO-Chennai,0.0,0.0,0.0,1.0,0.0,0.0,0,0,0,0,0,0
2026-07-17 07:25:00,ZO-Bengaluru,0.0,0.0,0.0,1.0,0.0,0.0,0,0,0,0,0,0
2026-07-17 07:25:00,BR-Koramangala,0.0,0.0,0.0,1.0,0.0,0.0,0,0,0,0,0,0
2026-07-17 07:25:00,BR-Whitefield,0.0,0.0,0.0,1.0,0.0,0.0,0,0,0,0,0,0
2026-07-17 07:26:00,HO-Chennai,0.0,0.0,0.0,1.0,0.0,0.0,0,0,0,0,0,0
2026-07-17 07:26:00,ZO-Bengaluru,0.0,0.0,0.0,1.0,0.0,0.0,0,0,0,0,0,0
2026-07-17 07:26:00,BR-Koramangala,0.0,0.0,0.0,1.0,0.0,0.0,0,0,0,0,0,0
2026-07-17 07:26:00,BR-Whitefield,0.0,0.0,0.0,1.0,0.0,0.0,0,0,0,0,0,0
2026-07-17 07:27:00,HO-Chennai,0.0,0.0,0.0,1.0,0.0,0.0,0,0,0,0,0,0
2026-07-17 07:27:00,ZO-Bengaluru,0.0,0.0,0.0,1.0,0.0,0.0,0,0,0,0,0,0
2026-07-17 07:27:00,BR-Koramangala,0.0,0.0,0.0,1.0,0.0,0.0,0,0,0,0,0,0
2026-07-17 07:27:00,BR-Whitefield,0.0,0.0,0.0,1.0,0.0,0.0,0,0,0,0,0,0
2026-07-17 07:28:00,HO-Chennai,0.0,0.0,0.0,1.0,0.0,0.0,0,0,0,0,0,0
2026-07-17 07:28:00,ZO-Bengaluru,0.0,0.0,0.0,1.0,0.0,0.0,0,0,0,0,0,0
2026-07-17 07:28:00,BR-Koramangala,0.0,0.0,0.0,1.0,0.0,0.0,0,0,0,0,0,0
2026-07-17 07:28:00,BR-Whitefield,0.0,0.0,0.0,1.0,0.0,0.0,0,0,0,0,0,0
2026-07-17 07:29:00,HO-Chennai,0.0,0.0,0.0,1.0,0.0,0.0,0,0,0,0,0,0
2026-07-17 07:29:00,ZO-Bengaluru,0.0,0.0,0.0,1.0,0.0,0.0,0,0,0,0,0,0
2026-07-17 07:29:00,BR-Koramangala,0.0,0.0,0.0,1.0,0.0,0.0,0,0,0,0,0,0
2026-07-17 07:29:00,BR-Whitefield,0.0,0.0,0.0,1.0,0.0,0.0,0,0,0,0,0,0
2026-07-17 07:30:00,HO-Chennai,0.0,0.0,0.0,1.0,0.0,0.0,0,0,0,0,0,0
2026-07-17 07:30:00,ZO-Bengaluru,0.0,0.0,0.0,1.0,0.0,0.0,0,0,0,0,0,0
2026-07-17 07:30:00,BR-Koramangala,0.0,0.0,0.0,1.0,0.0,0.0,0,0,0,0,0,0
2026-07-17 07:30:00,BR-Whitefield,0.0,0.0,0.0,1.0,0.0,0.0,0,0,0,0,0,0
2026-07-17 07:31:00,HO-Chennai,0.0,0.0,0.0,1.0,0.0,0.0,0,0,0,0,0,0
2026-07-17 07:31:00,ZO-Bengaluru,0.0,0.0,0.0,1.0,0.0,0.0,0,0,0,0,0,0
2026-07-17 07:31:00,BR-Koramangala,0.0,0.0,0.0,1.0,0.0,0.0,0,0,0,0,0,0
2026-07-17 07:31:00,BR-Whitefield,0.0,0.0,0.0,1.0,0.0,0.0,0,0,0,0,0,0
2026-07-17 07:32:00,HO-Chennai,0.0,0.0,0.0,1.0,0.0,0.0,0,0,0,0,0,0
2026-07-17 07:32:00,ZO-Bengaluru,0.0,0.0,0.0,1.0,0.0,0.0,0,0,0,0,0,0
2026-07-17 07:32:00,BR-Koramangala,0.0,0.0,0.0,1.0,0.0,0.0,0,0,0,0,0,0
2026-07-17 07:32:00,BR-Whitefield,0.0,0.0,0.0,1.0,0.0,0.0,0,0,0,0,0,0
2026-07-17 07:33:00,HO-Chennai,0.0,0.0,0.0,1.0,0.0,0.0,0,0,0,0,0,0
2026-07-17 07:33:00,ZO-Bengaluru,0.0,0.0,0.0,1.0,0.0,0.0,0,0,0,0,0,0
2026-07-17 07:33:00,BR-Koramangala,0.0,0.0,0.0,1.0,0.0,0.0,0,0,0,0,0,0
2026-07-17 07:33:00,BR-Whitefield,0.0,0.0,0.0,1.0,0.0,0.0,0,0,0,0,0,0
2026-07-17 07:34:00,HO-Chennai,0.0,0.0,0.0,1.0,0.0,0.0,0,0,0,0,0,0
2026-07-17 07:34:00,ZO-Bengaluru,0.0,0.0,0.0,1.0,0.0,0.0,0,0,0,0,0,0
2026-07-17 07:34:00,BR-Koramangala,0.0,0.0,0.0,1.0,0.0,0.0,0,0,0,0,0,0
2026-07-17 07:34:00,BR-Whitefield,0.0,0.0,0.0,1.0,0.0,0.0,0,0,0,0,0,0
2026-07-17 07:35:00,HO-Chennai,0.0,0.0,0.0,1.0,0.0,0.0,0,0,0,0,0,0
2026-07-17 07:35:00,ZO-Bengaluru,0.0,0.0,0.0,1.0,0.0,0.0,0,0,0,0,0,0
2026-07-17 07:35:00,BR-Koramangala,0.0,0.0,0.0,1.0,0.0,0.0,0,0,0,0,0,0
2026-07-17 07:35:00,BR-Whitefield,0.0,0.0,0.0,1.0,0.0,0.0,0,0,0,0,0,0
2026-07-17 07:36:00,HO-Chennai,0.0,0.0,0.0,1.0,0.0,0.0,0,0,0,0,0,0
2026-07-17 07:36:00,ZO-Bengaluru,0.0,0.0,0.0,1.0,0.0,0.0,0,0,0,0,0,0
2026-07-17 07:36:00,BR-Koramangala,0.0,0.0,0.0,1.0,0.0,0.0,0,0,0,0,0,0
2026-07-17 07:36:00,BR-Whitefield,0.0,0.0,0.0,1.0,0.0,0.0,0,0,0,0,0,0
2026-07-17 07:37:00,HO-Chennai,0.0,0.0,0.0,1.0,0.0,0.0,0,0,0,0,0,0
2026-07-17 07:37:00,ZO-Bengaluru,0.0,0.0,0.0,1.0,0.0,0.0,0,0,0,0,0,0
2026-07-17 07:37:00,BR-Koramangala,0.0,0.0,0.0,1.0,0.0,0.0,0,0,0,0,0,0
2026-07-17 07:37:00,BR-Whitefield,0.0,0.0,0.0,1.0,0.0,0.0,0,0,0,0,0,0
2026-07-17 07:38:00,HO-Chennai,0.0,0.0,0.0,1.0,0.0,0.0,0,0,0,0,0,0
2026-07-17 07:38:00,ZO-Bengaluru,0.0,0.0,0.0,1.0,0.0,0.0,0,0,0,0,0,0
2026-07-17 07:38:00,BR-Koramangala,0.0,0.0,0.0,1.0,0.0,0.0,0,0,0,0,0,0
2026-07-17 07:38:00,BR-Whitefield,0.0,0.0,0.0,1.0,0.0,0.0,0,0,0,0,0,0
2026-07-17 07:39:00,HO-Chennai,0.0,0.0,0.0,1.0,0.0,0.0,0,0,0,0,0,0
2026-07-17 07:39:00,ZO-Bengaluru,0.0,0.0,0.0,1.0,0.0,0.0,0,0,0,0,0,0
2026-07-17 07:39:00,BR-Koramangala,0.0,0.0,0.0,1.0,0.0,0.0,0,0,0,0,0,0
2026-07-17 07:39:00,BR-Whitefield,0.0,0.0,0.0,1.0,0.0,0.0,0,0,0,0,0,0
2026-07-17 07:40:00,HO-Chennai,0.0,0.0,0.0,1.0,0.0,0.0,0,0,0,0,0,0
2026-07-17 07:40:00,ZO-Bengaluru,0.0,0.0,0.0,1.0,0.0,0.0,0,0,0,0,0,0
2026-07-17 07:40:00,BR-Koramangala,0.0,0.0,0.0,1.0,0.0,0.0,0,0,0,0,0,0
2026-07-17 07:40:00,BR-Whitefield,0.0,0.0,0.0,1.0,0.0,0.0,0,0,0,0,0,0
2026-07-17 07:41:00,HO-Chennai,0.0,0.0,0.0,1.0,0.0,0.0,0,0,0,0,0,0
2026-07-17 07:41:00,ZO-Bengaluru,0.0,0.0,0.0,1.0,0.0,0.0,0,0,0,0,0,0
2026-07-17 07:41:00,BR-Koramangala,0.0,0.0,0.0,1.0,0.0,0.0,0,0,0,0,0,0
2026-07-17 07:41:00,BR-Whitefield,0.0,0.0,0.0,1.0,0.0,0.0,0,0,0,0,0,0
2026-07-17 07:42:00,HO-Chennai,0.0,0.0,0.0,1.0,0.0,0.0,0,0,0,0,0,0
2026-07-17 07:42:00,ZO-Bengaluru,0.0,0.0,0.0,1.0,0.0,0.0,0,0,0,0,0,0
2026-07-17 07:42:00,BR-Koramangala,0.0,0.0,0.0,1.0,0.0,0.0,0,0,0,0,0,0
2026-07-17 07:42:00,BR-Whitefield,0.0,0.0,0.0,1.0,0.0,0.0,0,0,0,0,0,0
2026-07-17 07:43:00,HO-Chennai,0.0,0.0,0.0,1.0,0.0,0.0,0,0,0,0,0,0
2026-07-17 07:43:00,ZO-Bengaluru,0.0,0.0,0.0,1.0,0.0,0.0,0,0,0,0,0,0
2026-07-17 07:43:00,BR-Koramangala,0.0,0.0,0.0,1.0,0.0,0.0,0,0,0,0,0,0
2026-07-17 07:43:00,BR-Whitefield,0.0,0.0,0.0,1.0,0.0,0.0,0,0,0,0,0,0
2026-07-17 07:44:00,HO-Chennai,0.0,0.0,0.0,1.0,0.0,0.0,0,0,0,0,0,0
2026-07-17 07:44:00,ZO-Bengaluru,0.0,0.0,0.0,1.0,0.0,0.0,0,0,0,0,0,0
2026-07-17 07:44:00,BR-Koramangala,0.0,0.0,0.0,1.0,0.0,0.0,0,0,0,0,0,0
2026-07-17 07:44:00,BR-Whitefield,0.0,0.0,0.0,1.0,0.0,0.0,0,0,0,0,0,0
2026-07-17 07:45:00,HO-Chennai,0.0,0.0,0.0,1.0,0.0,0.0,0,0,0,0,0,0
2026-07-17 07:45:00,ZO-Bengaluru,0.0,0.0,0.0,1.0,0.0,0.0,0,0,0,0,0,0
2026-07-17 07:45:00,BR-Koramangala,0.0,0.0,0.0,1.0,0.0,0.0,0,0,0,0,0,0
2026-07-17 07:45:00,BR-Whitefield,0.0,0.0,0.0,1.0,0.0,0.0,0,0,0,0,0,0
2026-07-17 07:46:00,HO-Chennai,0.0,0.0,0.0,1.0,0.0,0.0,0,0,0,0,0,0
2026-07-17 07:46:00,ZO-Bengaluru,0.0,0.0,0.0,1.0,0.0,0.0,0,0,0,0,0,0
2026-07-17 07:46:00,BR-Koramangala,0.0,0.0,0.0,1.0,0.0,0.0,0,0,0,0,0,0
2026-07-17 07:46:00,BR-Whitefield,0.0,0.0,0.0,1.0,0.0,0.0,0,0,0,0,0,0
2026-07-17 07:47:00,HO-Chennai,0.0,0.0,0.0,1.0,0.0,0.0,0,0,0,0,0,0
2026-07-17 07:47:00,ZO-Bengaluru,0.0,0.0,0.0,1.0,0.0,0.0,0,0,0,0,0,0
2026-07-17 07:47:00,BR-Koramangala,0.0,0.0,0.0,1.0,0.0,0.0,0,0,0,0,0,0
2026-07-17 07:47:00,BR-Whitefield,0.0,0.0,0.0,1.0,0.0,0.0,0,0,0,0,0,0
2026-07-17 07:48:00,HO-Chennai,0.0,0.0,0.0,1.0,0.0,0.0,0,0,0,0,0,0
2026-07-17 07:48:00,ZO-Bengaluru,0.0,0.0,0.0,1.0,0.0,0.0,0,0,0,0,0,0
2026-07-17 07:48:00,BR-Koramangala,0.0,0.0,0.0,1.0,0.0,0.0,0,0,0,0,0,0
2026-07-17 07:48:00,BR-Whitefield,0.0,0.0,0.0,1.0,0.0,0.0,0,0,0,0,0,0
2026-07-17 07:49:00,HO-Chennai,0.0,0.0,0.0,1.0,0.0,0.0,0,0,0,0,0,0
2026-07-17 07:49:00,ZO-Bengaluru,0.0,0.0,0.0,1.0,0.0,0.0,0,0,0,0,0,0
2026-07-17 07:49:00,BR-Koramangala,0.0,0.0,0.0,1.0,0.0,0.0,0,0,0,0,0,0
2026-07-17 07:49:00,BR-Whitefield,0.0,0.0,0.0,1.0,0.0,0.0,0,0,0,0,0,0
2026-07-17 07:50:00,HO-Chennai,0.0,0.0,0.0,1.0,0.0,0.0,0,0,0,0,0,0
2026-07-17 07:50:00,ZO-Bengaluru,0.0,0.0,0.0,1.0,0.0,0.0,0,0,0,0,0,0
2026-07-17 07:50:00,BR-Koramangala,0.0,0.0,0.0,1.0,0.0,0.0,0,0,0,0,0,0
2026-07-17 07:50:00,BR-Whitefield,0.0,0.0,0.0,1.0,0.0,0.0,0,0,0,0,0,0
2026-07-17 07:51:00,HO-Chennai,0.0,0.0,0.0,1.0,0.0,0.0,0,0,0,0,0,0
2026-07-17 07:51:00,ZO-Bengaluru,0.0,0.0,0.0,1.0,0.0,0.0,0,0,0,0,0,0
2026-07-17 07:51:00,BR-Koramangala,0.0,0.0,0.0,1.0,0.0,0.0,0,0,0,0,0,0
2026-07-17 07:51:00,BR-Whitefield,0.0,0.0,0.0,1.0,0.0,0.0,0,0,0,0,0,0
2026-07-17 07:52:00,HO-Chennai,0.0,0.0,0.0,1.0,0.0,0.0,0,0,0,0,0,0
2026-07-17 07:52:00,ZO-Bengaluru,0.0,0.0,0.0,1.0,0.0,0.0,0,0,0,0,0,0
2026-07-17 07:52:00,BR-Koramangala,0.0,0.0,0.0,1.0,0.0,0.0,0,0,0,0,0,0
2026-07-17 07:52:00,BR-Whitefield,0.0,0.0,0.0,1.0,0.0,0.0,0,0,0,0,0,0
2026-07-17 07:53:00,HO-Chennai,0.0,0.0,0.0,1.0,0.0,0.0,0,0,0,0,0,0
2026-07-17 07:53:00,ZO-Bengaluru,0.0,0.0,0.0,1.0,0.0,0.0,0,0,0,0,0,0
2026-07-17 07:53:00,BR-Koramangala,0.0,0.0,0.0,1.0,0.0,0.0,0,0,0,0,0,0
2026-07-17 07:53:00,BR-Whitefield,0.0,0.0,0.0,1.0,0.0,0.0,0,0,0,0,0,0
2026-07-17 07:54:00,HO-Chennai,0.0,0.0,0.0,1.0,0.0,0.0,0,0,0,0,0,0
2026-07-17 07:54:00,ZO-Bengaluru,0.0,0.0,0.0,1.0,0.0,0.0,0,0,0,0,0,0
2026-07-17 07:54:00,BR-Koramangala,0.0,0.0,0.0,1.0,0.0,0.0,0,0,0,0,0,0
2026-07-17 07:54:00,BR-Whitefield,0.0,0.0,0.0,1.0,0.0,0.0,0,0,0,0,0,0
2026-07-17 07:55:00,HO-Chennai,0.0,0.0,0.0,1.0,0.0,0.0,0,0,0,0,0,0
2026-07-17 07:55:00,ZO-Bengaluru,0.0,0.0,0.0,1.0,0.0,0.0,0,0,0,0,0,0
2026-07-17 07:55:00,BR-Koramangala,0.0,0.0,0.0,1.0,0.0,0.0,0,0,0,0,0,0
2026-07-17 07:55:00,BR-Whitefield,0.0,0.0,0.0,1.0,0.0,0.0,0,0,0,0,0,0
2026-07-17 07:56:00,HO-Chennai,0.0,0.0,0.0,1.0,0.0,0.0,0,0,0,0,0,0
2026-07-17 07:56:00,ZO-Bengaluru,0.0,0.0,0.0,1.0,0.0,0.0,0,0,0,0,0,0
2026-07-17 07:56:00,BR-Koramangala,0.0,0.0,0.0,1.0,0.0,0.0,0,0,0,0,0,0
2026-07-17 07:56:00,BR-Whitefield,0.0,0.0,0.0,1.0,0.0,0.0,0,0,0,0,0,0
2026-07-17 07:57:00,HO-Chennai,0.0,0.0,0.0,1.0,0.0,0.0,0,0,0,0,0,0
2026-07-17 07:57:00,ZO-Bengaluru,0.0,0.0,0.0,1.0,0.0,0.0,0,0,0,0,0,0
2026-07-17 07:57:00,BR-Koramangala,0.0,0.0,0.0,1.0,0.0,0.0,0,0,0,0,0,0
2026-07-17 07:57:00,BR-Whitefield,0.0,0.0,0.0,1.0,0.0,0.0,0,0,0,0,0,0
2026-07-17 07:58:00,HO-Chennai,0.0,0.0,0.0,1.0,0.0,0.0,0,0,0,0,0,0
2026-07-17 07:58:00,ZO-Bengaluru,0.0,0.0,0.0,1.0,0.0,0.0,0,0,0,0,0,0
2026-07-17 07:58:00,BR-Koramangala,0.0,0.0,0.0,1.0,0.0,0.0,0,0,0,0,0,0
2026-07-17 07:58:00,BR-Whitefield,0.0,0.0,0.0,1.0,0.0,0.0,0,0,0,0,0,0
2026-07-17 07:59:00,HO-Chennai,0.0,0.0,0.0,1.0,0.0,0.0,0,0,0,0,0,0
2026-07-17 07:59:00,ZO-Bengaluru,0.0,0.0,0.0,1.0,0.0,0.0,0,0,0,0,0,0
2026-07-17 07:59:00,BR-Koramangala,0.0,0.0,0.0,1.0,0.0,0.0,0,0,0,0,0,0
2026-07-17 07:59:00,BR-Whitefield,0.0,0.0,0.0,1.0,0.0,0.0,0,0,0,0,0,0
2026-07-17 08:00:00,HO-Chennai,0.0,0.0,0.0,1.0,0.0,0.0,0,0,0,0,0,0
2026-07-17 08:00:00,ZO-Bengaluru,0.0,0.0,0.0,1.0,0.0,0.0,0,0,0,0,0,0
2026-07-17 08:00:00,BR-Koramangala,0.0,0.0,0.0,1.0,0.0,0.0,0,0,0,0,0,0
2026-07-17 08:00:00,BR-Whitefield,0.0,0.0,0.0,1.0,0.0,0.0,0,0,0,0,0,0
2026-07-17 08:01:00,HO-Chennai,0.0,0.0,0.0,1.0,0.0,0.0,0,0,0,0,0,0
2026-07-17 08:01:00,ZO-Bengaluru,0.0,0.0,0.0,1.0,0.0,0.0,0,0,0,0,0,0
2026-07-17 08:01:00,BR-Koramangala,0.0,0.0,0.0,1.0,0.0,0.0,0,0,0,0,0,0
2026-07-17 08:01:00,BR-Whitefield,0.0,0.0,0.0,1.0,0.0,0.0,0,0,0,0,0,0
2026-07-17 08:02:00,HO-Chennai,0.0,0.0,0.0,1.0,0.0,0.0,0,0,0,0,0,0
2026-07-17 08:02:00,ZO-Bengaluru,0.0,0.0,0.0,1.0,0.0,0.0,0,0,0,0,0,0
2026-07-17 08:02:00,BR-Koramangala,0.0,0.0,0.0,1.0,0.0,0.0,0,0,0,0,0,0
2026-07-17 08:02:00,BR-Whitefield,0.0,0.0,0.0,1.0,0.0,0.0,0,0,0,0,0,0
2026-07-17 08:03:00,HO-Chennai,0.0,0.0,0.0,1.0,0.0,0.0,0,0,0,0,0,0
2026-07-17 08:03:00,ZO-Bengaluru,0.0,0.0,0.0,1.0,0.0,0.0,0,0,0,0,0,0
2026-07-17 08:03:00,BR-Koramangala,0.0,0.0,0.0,1.0,0.0,0.0,0,0,0,0,0,0
2026-07-17 08:03:00,BR-Whitefield,0.0,0.0,0.0,1.0,0.0,0.0,0,0,0,0,0,0
2026-07-17 08:04:00,HO-Chennai,0.0,0.0,0.0,1.0,0.0,0.0,0,0,0,0,0,0
2026-07-17 08:04:00,ZO-Bengaluru,0.0,0.0,0.0,1.0,0.0,0.0,0,0,0,0,0,0
2026-07-17 08:04:00,BR-Koramangala,0.0,0.0,0.0,1.0,0.0,0.0,0,0,0,0,0,0
2026-07-17 08:04:00,BR-Whitefield,0.0,0.0,0.0,1.0,0.0,0.0,0,0,0,0,0,0
2026-07-17 08:05:00,HO-Chennai,0.0,0.0,0.0,1.0,0.0,0.0,0,0,0,0,0,0
2026-07-17 08:05:00,ZO-Bengaluru,0.0,0.0,0.0,1.0,0.0,0.0,0,0,0,0,0,0
2026-07-17 08:05:00,BR-Koramangala,0.0,0.0,0.0,1.0,0.0,0.0,0,0,0,0,0,0
2026-07-17 08:05:00,BR-Whitefield,0.0,0.0,0.0,1.0,0.0,0.0,0,0,0,0,0,0
2026-07-17 08:06:00,HO-Chennai,0.0,0.0,0.0,1.0,0.0,0.0,0,0,0,0,0,0
2026-07-17 08:06:00,ZO-Bengaluru,0.0,0.0,0.0,1.0,0.0,0.0,0,0,0,0,0,0
2026-07-17 08:06:00,BR-Koramangala,0.0,0.0,0.0,1.0,0.0,0.0,0,0,0,0,0,0
2026-07-17 08:06:00,BR-Whitefield,0.0,0.0,0.0,1.0,0.0,0.0,0,0,0,0,0,0
2026-07-17 08:07:00,HO-Chennai,0.0,0.0,0.0,1.0,0.0,0.0,0,0,0,0,0,0
2026-07-17 08:07:00,ZO-Bengaluru,0.0,0.0,0.0,1.0,0.0,0.0,0,0,0,0,0,0
2026-07-17 08:07:00,BR-Koramangala,0.0,0.0,0.0,1.0,0.0,0.0,0,0,0,0,0,0
2026-07-17 08:07:00,BR-Whitefield,0.0,0.0,0.0,1.0,0.0,0.0,0,0,0,0,0,0
2026-07-17 08:08:00,HO-Chennai,0.0,0.0,0.0,1.0,0.0,0.0,0,0,0,0,0,0
2026-07-17 08:08:00,ZO-Bengaluru,0.0,0.0,0.0,1.0,0.0,0.0,0,0,0,0,0,0
2026-07-17 08:08:00,BR-Koramangala,0.0,0.0,0.0,1.0,0.0,0.0,0,0,0,0,0,0
2026-07-17 08:08:00,BR-Whitefield,0.0,0.0,0.0,1.0,0.0,0.0,0,0,0,0,0,0
2026-07-17 08:09:00,HO-Chennai,0.0,0.0,0.0,1.0,0.0,0.0,0,0,0,0,0,0
2026-07-17 08:09:00,ZO-Bengaluru,0.0,0.0,0.0,1.0,0.0,0.0,0,0,0,0,0,0
2026-07-17 08:09:00,BR-Koramangala,0.0,0.0,0.0,1.0,0.0,0.0,0,0,0,0,0,0
2026-07-17 08:09:00,BR-Whitefield,0.0,0.0,0.0,1.0,0.0,0.0,0,0,0,0,0,0
2026-07-17 08:10:00,HO-Chennai,0.0,0.0,0.0,1.0,0.0,0.0,0,0,0,0,0,0
2026-07-17 08:10:00,ZO-Bengaluru,0.0,0.0,0.0,1.0,0.0,0.0,0,0,0,0,0,0
2026-07-17 08:10:00,BR-Koramangala,0.0,0.0,0.0,1.0,0.0,0.0,0,0,0,0,0,0
2026-07-17 08:10:00,BR-Whitefield,0.0,0.0,0.0,1.0,0.0,0.0,0,0,0,0,0,0
2026-07-17 08:11:00,HO-Chennai,0.0,0.0,0.0,1.0,0.0,0.0,0,0,0,0,0,0
2026-07-17 08:11:00,ZO-Bengaluru,0.0,0.0,0.0,1.0,0.0,0.0,0,0,0,0,0,0
2026-07-17 08:11:00,BR-Koramangala,0.0,0.0,0.0,1.0,0.0,0.0,0,0,0,0,0,0
2026-07-17 08:11:00,BR-Whitefield,0.0,0.0,0.0,1.0,0.0,0.0,0,0,0,0,0,0
2026-07-17 08:12:00,HO-Chennai,0.0,0.0,0.0,1.0,0.0,0.0,0,0,0,0,0,0
2026-07-17 08:12:00,ZO-Bengaluru,0.0,0.0,0.0,1.0,0.0,0.0,0,0,0,0,0,0
2026-07-17 08:12:00,BR-Koramangala,0.0,0.0,0.0,1.0,0.0,0.0,0,0,0,0,0,0
2026-07-17 08:12:00,BR-Whitefield,0.0,0.0,0.0,1.0,0.0,0.0,0,0,0,0,0,0
2026-07-17 08:13:00,HO-Chennai,0.0,0.0,0.0,1.0,0.0,0.0,0,0,0,0,0,0
2026-07-17 08:13:00,ZO-Bengaluru,0.0,0.0,0.0,1.0,0.0,0.0,0,0,0,0,0,0
2026-07-17 08:13:00,BR-Koramangala,0.0,0.0,0.0,1.0,0.0,0.0,0,0,0,0,0,0
2026-07-17 08:13:00,BR-Whitefield,0.0,0.0,0.0,1.0,0.0,0.0,0,0,0,0,0,0
2026-07-17 08:14:00,HO-Chennai,0.0,0.0,0.0,1.0,0.0,0.0,0,0,0,0,0,0
2026-07-17 08:14:00,ZO-Bengaluru,0.0,0.0,0.0,1.0,0.0,0.0,0,0,0,0,0,0
2026-07-17 08:14:00,BR-Koramangala,0.0,0.0,0.0,1.0,0.0,0.0,0,0,0,0,0,0
2026-07-17 08:14:00,BR-Whitefield,0.0,0.0,0.0,1.0,0.0,0.0,0,0,0,0,0,0
2026-07-17 08:15:00,HO-Chennai,0.0,0.0,0.0,1.0,0.0,0.0,0,0,0,0,0,0
2026-07-17 08:15:00,ZO-Bengaluru,0.0,0.0,0.0,1.0,0.0,0.0,0,0,0,0,0,0
2026-07-17 08:15:00,BR-Koramangala,0.0,0.0,0.0,1.0,0.0,0.0,0,0,0,0,0,0
2026-07-17 08:15:00,BR-Whitefield,0.0,0.0,0.0,1.0,0.0,0.0,0,0,0,0,0,0
2026-07-17 08:16:00,HO-Chennai,0.0,0.0,0.0,1.0,0.0,0.0,0,0,0,0,0,0
2026-07-17 08:16:00,ZO-Bengaluru,0.0,0.0,0.0,1.0,0.0,0.0,0,0,0,0,0,0
2026-07-17 08:16:00,BR-Koramangala,0.0,0.0,0.0,1.0,0.0,0.0,0,0,0,0,0,0
2026-07-17 08:16:00,BR-Whitefield,0.0,0.0,0.0,1.0,0.0,0.0,0,0,0,0,0,0
2026-07-17 08:17:00,HO-Chennai,0.0,0.0,0.0,1.0,0.0,0.0,0,0,0,0,0,0
2026-07-17 08:17:00,ZO-Bengaluru,0.0,0.0,0.0,1.0,0.0,0.0,0,0,0,0,0,0
2026-07-17 08:17:00,BR-Koramangala,0.0,0.0,0.0,1.0,0.0,0.0,0,0,0,0,0,0
2026-07-17 08:17:00,BR-Whitefield,0.0,0.0,0.0,1.0,0.0,0.0,0,0,0,0,0,0
2026-07-17 08:18:00,HO-Chennai,0.0,0.0,0.0,1.0,0.0,0.0,0,0,0,0,0,0
2026-07-17 08:18:00,ZO-Bengaluru,0.0,0.0,0.0,1.0,0.0,0.0,0,0,0,0,0,0
2026-07-17 08:18:00,BR-Koramangala,0.0,0.0,0.0,1.0,0.0,0.0,0,0,0,0,0,0
2026-07-17 08:18:00,BR-Whitefield,0.0,0.0,0.0,1.0,0.0,0.0,0,0,0,0,0,0
2026-07-17 08:19:00,HO-Chennai,0.0,0.0,0.0,1.0,0.0,0.0,0,0,0,0,0,0
2026-07-17 08:19:00,ZO-Bengaluru,0.0,0.0,0.0,1.0,0.0,0.0,0,0,0,0,0,0
2026-07-17 08:19:00,BR-Koramangala,0.0,0.0,0.0,1.0,0.0,0.0,0,0,0,0,0,0
2026-07-17 08:19:00,BR-Whitefield,0.0,0.0,0.0,1.0,0.0,0.0,0,0,0,0,0,0
2026-07-17 08:20:00,HO-Chennai,0.0,0.0,0.0,1.0,0.0,0.0,0,0,0,0,0,0
2026-07-17 08:20:00,ZO-Bengaluru,0.0,0.0,0.0,1.0,0.0,0.0,0,0,0,0,0,0
2026-07-17 08:20:00,BR-Koramangala,0.0,0.0,0.0,1.0,0.0,0.0,0,0,0,0,0,0
2026-07-17 08:20:00,BR-Whitefield,0.0,0.0,0.0,1.0,0.0,0.0,0,0,0,0,0,0
2026-07-17 08:21:00,HO-Chennai,0.0,0.0,0.0,1.0,0.0,0.0,0,0,0,0,0,0
2026-07-17 08:21:00,ZO-Bengaluru,0.0,0.0,0.0,1.0,0.0,0.0,0,0,0,0,0,0
2026-07-17 08:21:00,BR-Koramangala,0.0,0.0,0.0,1.0,0.0,0.0,0,0,0,0,0,0
2026-07-17 08:21:00,BR-Whitefield,0.0,0.0,0.0,1.0,0.0,0.0,0,0,0,0,0,0
2026-07-17 08:22:00,HO-Chennai,0.0,0.0,0.0,1.0,0.0,0.0,0,0,0,0,0,0
2026-07-17 08:22:00,ZO-Bengaluru,0.0,0.0,0.0,1.0,0.0,0.0,0,0,0,0,0,0
2026-07-17 08:22:00,BR-Koramangala,0.0,0.0,0.0,1.0,0.0,0.0,0,0,0,0,0,0
2026-07-17 08:22:00,BR-Whitefield,0.0,0.0,0.0,1.0,0.0,0.0,0,0,0,0,0,0
2026-07-17 08:23:00,HO-Chennai,0.0,0.0,0.0,1.0,0.0,0.0,0,0,0,0,0,0
2026-07-17 08:23:00,ZO-Bengaluru,0.0,0.0,0.0,1.0,0.0,0.0,0,0,0,0,0,0
2026-07-17 08:23:00,BR-Koramangala,0.0,0.0,0.0,1.0,0.0,0.0,0,0,0,0,0,0
2026-07-17 08:23:00,BR-Whitefield,0.0,0.0,0.0,1.0,0.0,0.0,0,0,0,0,0,0
2026-07-17 08:24:00,HO-Chennai,0.0,0.0,0.0,1.0,0.0,0.0,0,0,0,0,0,0
2026-07-17 08:24:00,ZO-Bengaluru,0.0,0.0,0.0,1.0,0.0,0.0,0,0,0,0,0,0
2026-07-17 08:24:00,BR-Koramangala,0.0,0.0,0.0,1.0,0.0,0.0,0,0,0,0,0,0
2026-07-17 08:24:00,BR-Whitefield,0.0,0.0,0.0,1.0,0.0,0.0,0,0,0,0,0,0
2026-07-17 08:25:00,HO-Chennai,0.0,0.0,0.0,1.0,0.0,0.0,0,0,0,0,0,0
2026-07-17 08:25:00,ZO-Bengaluru,0.0,0.0,0.0,1.0,0.0,0.0,0,0,0,0,0,0
2026-07-17 08:25:00,BR-Koramangala,0.0,0.0,0.0,1.0,0.0,0.0,0,0,0,0,0,0
2026-07-17 08:25:00,BR-Whitefield,0.0,0.0,0.0,1.0,0.0,0.0,0,0,0,0,0,0
2026-07-17 08:26:00,HO-Chennai,0.0,0.0,0.0,1.0,0.0,0.0,0,0,0,0,0,0
2026-07-17 08:26:00,ZO-Bengaluru,0.0,0.0,0.0,1.0,0.0,0.0,0,0,0,0,0,0
2026-07-17 08:26:00,BR-Koramangala,0.0,0.0,0.0,1.0,0.0,0.0,0,0,0,0,0,0
2026-07-17 08:26:00,BR-Whitefield,0.0,0.0,0.0,1.0,0.0,0.0,0,0,0,0,0,0
2026-07-17 08:27:00,HO-Chennai,0.0,0.0,0.0,1.0,0.0,0.0,0,0,0,0,0,0
2026-07-17 08:27:00,ZO-Bengaluru,0.0,0.0,0.0,1.0,0.0,0.0,0,0,0,0,0,0
2026-07-17 08:27:00,BR-Koramangala,0.0,0.0,0.0,1.0,0.0,0.0,0,0,0,0,0,0
2026-07-17 08:27:00,BR-Whitefield,0.0,0.0,0.0,1.0,0.0,0.0,0,0,0,0,0,0
2026-07-17 08:28:00,HO-Chennai,0.0,0.0,0.0,1.0,0.0,0.0,0,0,0,0,0,0
2026-07-17 08:28:00,ZO-Bengaluru,0.0,0.0,0.0,1.0,0.0,0.0,0,0,0,0,0,0
2026-07-17 08:28:00,BR-Koramangala,0.0,0.0,0.0,1.0,0.0,0.0,0,0,0,0,0,0
2026-07-17 08:28:00,BR-Whitefield,0.0,0.0,0.0,1.0,0.0,0.0,0,0,0,0,0,0
2026-07-17 08:29:00,HO-Chennai,0.0,0.0,0.0,1.0,0.0,0.0,0,0,0,0,0,0
2026-07-17 08:29:00,ZO-Bengaluru,0.0,0.0,0.0,1.0,0.0,0.0,0,0,0,0,0,0
2026-07-17 08:29:00,BR-Koramangala,0.0,0.0,0.0,1.0,0.0,0.0,0,0,0,0,0,0
2026-07-17 08:29:00,BR-Whitefield,0.0,0.0,0.0,1.0,0.0,0.0,0,0,0,0,0,0
2026-07-17 08:30:00,HO-Chennai,0.0,0.0,0.0,1.0,0.0,0.0,0,0,0,0,0,0
2026-07-17 08:30:00,ZO-Bengaluru,0.0,0.0,0.0,1.0,0.0,0.0,0,0,0,0,0,0
2026-07-17 08:30:00,BR-Koramangala,0.0,0.0,0.0,1.0,0.0,0.0,0,0,0,0,0,0
2026-07-17 08:30:00,BR-Whitefield,0.0,0.0,0.0,1.0,0.0,0.0,0,0,0,0,0,0
2026-07-17 08:31:00,HO-Chennai,0.0,0.0,0.0,1.0,0.0,0.0,0,0,0,0,0,0
2026-07-17 08:31:00,ZO-Bengaluru,0.0,0.0,0.0,1.0,0.0,0.0,0,0,0,0,0,0
2026-07-17 08:31:00,BR-Koramangala,0.0,0.0,0.0,1.0,0.0,0.0,0,0,0,0,0,0
2026-07-17 08:31:00,BR-Whitefield,0.0,0.0,0.0,1.0,0.0,0.0,0,0,0,0,0,0
2026-07-17 08:32:00,HO-Chennai,0.0,0.0,0.0,1.0,0.0,0.0,0,0,0,0,0,0
2026-07-17 08:32:00,ZO-Bengaluru,0.0,0.0,0.0,1.0,0.0,0.0,0,0,0,0,0,0
2026-07-17 08:32:00,BR-Koramangala,0.0,0.0,0.0,1.0,0.0,0.0,0,0,0,0,0,0
2026-07-17 08:32:00,BR-Whitefield,0.0,0.0,0.0,1.0,0.0,0.0,0,0,0,0,0,0
2026-07-17 08:33:00,HO-Chennai,0.0,0.0,0.0,1.0,0.0,0.0,0,0,0,0,0,0
2026-07-17 08:33:00,ZO-Bengaluru,0.0,0.0,0.0,1.0,0.0,0.0,0,0,0,0,0,0
2026-07-17 08:33:00,BR-Koramangala,0.0,0.0,0.0,1.0,0.0,0.0,0,0,0,0,0,0
2026-07-17 08:33:00,BR-Whitefield,0.0,0.0,0.0,1.0,0.0,0.0,0,0,0,0,0,0
2026-07-17 08:34:00,HO-Chennai,0.0,0.0,0.0,1.0,0.0,0.0,0,0,0,0,0,0
2026-07-17 08:34:00,ZO-Bengaluru,0.0,0.0,0.0,1.0,0.0,0.0,0,0,0,0,0,0
2026-07-17 08:34:00,BR-Koramangala,0.0,0.0,0.0,1.0,0.0,0.0,0,0,0,0,0,0
2026-07-17 08:34:00,BR-Whitefield,0.0,0.0,0.0,1.0,0.0,0.0,0,0,0,0,0,0
2026-07-17 08:35:00,HO-Chennai,0.0,0.0,0.0,1.0,0.0,0.0,0,0,0,0,0,0
2026-07-17 08:35:00,ZO-Bengaluru,0.0,0.0,0.0,1.0,0.0,0.0,0,0,0,0,0,0
2026-07-17 08:35:00,BR-Koramangala,0.0,0.0,0.0,1.0,0.0,0.0,0,0,0,0,0,0
2026-07-17 08:35:00,BR-Whitefield,0.0,0.0,0.0,1.0,0.0,0.0,0,0,0,0,0,0
2026-07-17 08:36:00,HO-Chennai,0.0,0.0,0.0,1.0,0.0,0.0,0,0,0,0,0,0
2026-07-17 08:36:00,ZO-Bengaluru,0.0,0.0,0.0,1.0,0.0,0.0,0,0,0,0,0,0
2026-07-17 08:36:00,BR-Koramangala,0.0,0.0,0.0,1.0,0.0,0.0,0,0,0,0,0,0
2026-07-17 08:36:00,BR-Whitefield,0.0,0.0,0.0,1.0,0.0,0.0,0,0,0,0,0,0
2026-07-17 08:37:00,HO-Chennai,0.0,0.0,0.0,1.0,0.0,0.0,0,0,0,0,0,0
2026-07-17 08:37:00,ZO-Bengaluru,0.0,0.0,0.0,1.0,0.0,0.0,0,0,0,0,0,0
2026-07-17 08:37:00,BR-Koramangala,0.0,0.0,0.0,1.0,0.0,0.0,0,0,0,0,0,0
2026-07-17 08:37:00,BR-Whitefield,0.0,0.0,0.0,1.0,0.0,0.0,0,0,0,0,0,0
2026-07-17 08:38:00,HO-Chennai,0.0,0.0,0.0,1.0,0.0,0.0,0,0,0,0,0,0
2026-07-17 08:38:00,ZO-Bengaluru,0.0,0.0,0.0,1.0,0.0,0.0,0,0,0,0,0,0
2026-07-17 08:38:00,BR-Koramangala,0.0,0.0,0.0,1.0,0.0,0.0,0,0,0,0,0,0
2026-07-17 08:38:00,BR-Whitefield,0.0,0.0,0.0,1.0,0.0,0.0,0,0,0,0,0,0
2026-07-17 08:39:00,HO-Chennai,0.0,0.0,0.0,1.0,0.0,0.0,0,0,0,0,0,0
2026-07-17 08:39:00,ZO-Bengaluru,0.0,0.0,0.0,1.0,0.0,0.0,0,0,0,0,0,0
2026-07-17 08:39:00,BR-Koramangala,0.0,0.0,0.0,1.0,0.0,0.0,0,0,0,0,0,0
2026-07-17 08:39:00,BR-Whitefield,0.0,0.0,0.0,1.0,0.0,0.0,0,0,0,0,0,0
2026-07-17 08:40:00,HO-Chennai,0.0,0.0,0.0,1.0,0.0,0.0,0,0,0,0,0,0
2026-07-17 08:40:00,ZO-Bengaluru,0.0,0.0,0.0,1.0,0.0,0.0,0,0,0,0,0,0
2026-07-17 08:40:00,BR-Koramangala,0.0,0.0,0.0,1.0,0.0,0.0,0,0,0,0,0,0
2026-07-17 08:40:00,BR-Whitefield,0.0,0.0,0.0,1.0,0.0,0.0,0,0,0,0,0,0
2026-07-17 08:41:00,HO-Chennai,0.0,0.0,0.0,1.0,0.0,0.0,0,0,0,0,0,0
2026-07-17 08:41:00,ZO-Bengaluru,0.0,0.0,0.0,1.0,0.0,0.0,0,0,0,0,0,0
2026-07-17 08:41:00,BR-Koramangala,0.0,0.0,0.0,1.0,0.0,0.0,0,0,0,0,0,0
2026-07-17 08:41:00,BR-Whitefield,0.0,0.0,0.0,1.0,0.0,0.0,0,0,0,0,0,0
2026-07-17 08:42:00,HO-Chennai,0.0,0.0,0.0,1.0,0.0,0.0,0,0,0,0,0,0
2026-07-17 08:42:00,ZO-Bengaluru,0.0,0.0,0.0,1.0,0.0,0.0,0,0,0,0,0,0
2026-07-17 08:42:00,BR-Koramangala,0.0,0.0,0.0,1.0,0.0,0.0,0,0,0,0,0,0
2026-07-17 08:42:00,BR-Whitefield,0.0,0.0,0.0,1.0,0.0,0.0,0,0,0,0,0,0
2026-07-17 08:43:00,HO-Chennai,0.0,0.0,0.0,1.0,0.0,0.0,0,0,0,0,0,0
2026-07-17 08:43:00,ZO-Bengaluru,0.0,0.0,0.0,1.0,0.0,0.0,0,0,0,0,0,0
2026-07-17 08:43:00,BR-Koramangala,0.0,0.0,0.0,1.0,0.0,0.0,0,0,0,0,0,0
2026-07-17 08:43:00,BR-Whitefield,0.0,0.0,0.0,1.0,0.0,0.0,0,0,0,0,0,0
2026-07-17 08:44:00,HO-Chennai,0.0,0.0,0.0,1.0,0.0,0.0,0,0,0,0,0,0
2026-07-17 08:44:00,ZO-Bengaluru,0.0,0.0,0.0,1.0,0.0,0.0,0,0,0,0,0,0
2026-07-17 08:44:00,BR-Koramangala,0.0,0.0,0.0,1.0,0.0,0.0,0,0,0,0,0,0
2026-07-17 08:44:00,BR-Whitefield,0.0,0.0,0.0,1.0,0.0,0.0,0,0,0,0,0,0
2026-07-17 08:45:00,HO-Chennai,0.0,0.0,0.0,1.0,0.0,0.0,0,0,0,0,0,0
2026-07-17 08:45:00,ZO-Bengaluru,0.0,0.0,0.0,1.0,0.0,0.0,0,0,0,0,0,0
2026-07-17 08:45:00,BR-Koramangala,0.0,0.0,0.0,1.0,0.0,0.0,0,0,0,0,0,0
2026-07-17 08:45:00,BR-Whitefield,0.0,0.0,0.0,1.0,0.0,0.0,0,0,0,0,0,0
2026-07-17 08:46:00,HO-Chennai,0.0,0.0,0.0,1.0,0.0,0.0,0,0,0,0,0,0
2026-07-17 08:46:00,ZO-Bengaluru,0.0,0.0,0.0,1.0,0.0,0.0,0,0,0,0,0,0
2026-07-17 08:46:00,BR-Koramangala,0.0,0.0,0.0,1.0,0.0,0.0,0,0,0,0,0,0
2026-07-17 08:46:00,BR-Whitefield,0.0,0.0,0.0,1.0,0.0,0.0,0,0,0,0,0,0
2026-07-17 08:47:00,HO-Chennai,0.0,0.0,0.0,1.0,0.0,0.0,0,0,0,0,0,0
2026-07-17 08:47:00,ZO-Bengaluru,0.0,0.0,0.0,1.0,0.0,0.0,0,0,0,0,0,0
2026-07-17 08:47:00,BR-Koramangala,0.0,0.0,0.0,1.0,0.0,0.0,0,0,0,0,0,0
2026-07-17 08:47:00,BR-Whitefield,0.0,0.0,0.0,1.0,0.0,0.0,0,0,0,0,0,0
2026-07-17 08:48:00,HO-Chennai,0.0,0.0,0.0,1.0,0.0,0.0,0,0,0,0,0,0
2026-07-17 08:48:00,ZO-Bengaluru,0.0,0.0,0.0,1.0,0.0,0.0,0,0,0,0,0,0
2026-07-17 08:48:00,BR-Koramangala,0.0,0.0,0.0,1.0,0.0,0.0,0,0,0,0,0,0
2026-07-17 08:48:00,BR-Whitefield,0.0,0.0,0.0,1.0,0.0,0.0,0,0,0,0,0,0
2026-07-17 08:49:00,HO-Chennai,0.0,0.0,0.0,1.0,0.0,0.0,0,0,0,0,0,0
2026-07-17 08:49:00,ZO-Bengaluru,0.0,0.0,0.0,1.0,0.0,0.0,0,0,0,0,0,0
2026-07-17 08:49:00,BR-Koramangala,0.0,0.0,0.0,1.0,0.0,0.0,0,0,0,0,0,0
2026-07-17 08:49:00,BR-Whitefield,0.0,0.0,0.0,1.0,0.0,0.0,0,0,0,0,0,0
2026-07-17 08:50:00,HO-Chennai,0.0,0.0,0.0,1.0,0.0,0.0,0,0,0,0,0,0
2026-07-17 08:50:00,ZO-Bengaluru,0.0,0.0,0.0,1.0,0.0,0.0,0,0,0,0,0,0
2026-07-17 08:50:00,BR-Koramangala,0.0,0.0,0.0,1.0,0.0,0.0,0,0,0,0,0,0
2026-07-17 08:50:00,BR-Whitefield,0.0,0.0,0.0,1.0,0.0,0.0,0,0,0,0,0,0
2026-07-17 08:51:00,HO-Chennai,0.0,0.0,0.0,1.0,0.0,0.0,0,0,0,0,0,0
2026-07-17 08:51:00,ZO-Bengaluru,0.0,0.0,0.0,1.0,0.0,0.0,0,0,0,0,0,0
2026-07-17 08:51:00,BR-Koramangala,0.0,0.0,0.0,1.0,0.0,0.0,0,0,0,0,0,0
2026-07-17 08:51:00,BR-Whitefield,0.0,0.0,0.0,1.0,0.0,0.0,0,0,0,0,0,0
2026-07-17 08:52:00,HO-Chennai,0.0,0.0,0.0,1.0,0.0,0.0,0,0,0,0,0,0
2026-07-17 08:52:00,ZO-Bengaluru,0.0,0.0,0.0,1.0,0.0,0.0,0,0,0,0,0,0
2026-07-17 08:52:00,BR-Koramangala,0.0,0.0,0.0,1.0,0.0,0.0,0,0,0,0,0,0
2026-07-17 08:52:00,BR-Whitefield,0.0,0.0,0.0,1.0,0.0,0.0,0,0,0,0,0,0
2026-07-17 08:53:00,HO-Chennai,0.0,0.0,0.0,1.0,0.0,0.0,0,0,0,0,0,0
2026-07-17 08:53:00,ZO-Bengaluru,0.0,0.0,0.0,1.0,0.0,0.0,0,0,0,0,0,0
2026-07-17 08:53:00,BR-Koramangala,0.0,0.0,0.0,1.0,0.0,0.0,0,0,0,0,0,0
2026-07-17 08:53:00,BR-Whitefield,0.0,0.0,0.0,1.0,0.0,0.0,0,0,0,0,0,0
2026-07-17 08:54:00,HO-Chennai,0.0,0.0,0.0,1.0,0.0,0.0,0,0,0,0,0,0
2026-07-17 08:54:00,ZO-Bengaluru,0.0,0.0,0.0,1.0,0.0,0.0,0,0,0,0,0,0
2026-07-17 08:54:00,BR-Koramangala,0.0,0.0,0.0,1.0,0.0,0.0,0,0,0,0,0,0
2026-07-17 08:54:00,BR-Whitefield,0.0,0.0,0.0,1.0,0.0,0.0,0,0,0,0,0,0
2026-07-17 08:55:00,HO-Chennai,0.0,0.0,0.0,1.0,0.0,0.0,0,0,0,0,0,0
2026-07-17 08:55:00,ZO-Bengaluru,0.0,0.0,0.0,1.0,0.0,0.0,0,0,0,0,0,0
2026-07-17 08:55:00,BR-Koramangala,0.0,0.0,0.0,1.0,0.0,0.0,0,0,0,0,0,0
2026-07-17 08:55:00,BR-Whitefield,0.0,0.0,0.0,1.0,0.0,0.0,0,0,0,0,0,0
2026-07-17 08:56:00,HO-Chennai,0.0,0.0,0.0,1.0,0.0,0.0,0,0,0,0,0,0
2026-07-17 08:56:00,ZO-Bengaluru,0.0,0.0,0.0,1.0,0.0,0.0,0,0,0,0,0,0
2026-07-17 08:56:00,BR-Koramangala,0.0,0.0,0.0,1.0,0.0,0.0,0,0,0,0,0,0
2026-07-17 08:56:00,BR-Whitefield,0.0,0.0,0.0,1.0,0.0,0.0,0,0,0,0,0,0
2026-07-17 08:57:00,HO-Chennai,0.0,0.0,0.0,1.0,0.0,0.0,0,0,0,0,0,0
2026-07-17 08:57:00,ZO-Bengaluru,0.0,0.0,0.0,1.0,0.0,0.0,0,0,0,0,0,0
2026-07-17 08:57:00,BR-Koramangala,0.0,0.0,0.0,1.0,0.0,0.0,0,0,0,0,0,0
2026-07-17 08:57:00,BR-Whitefield,0.0,0.0,0.0,1.0,0.0,0.0,0,0,0,0,0,0
2026-07-17 08:58:00,HO-Chennai,0.0,0.0,0.0,1.0,0.0,0.0,0,0,0,0,0,0
2026-07-17 08:58:00,ZO-Bengaluru,0.0,0.0,0.0,1.0,0.0,0.0,0,0,0,0,0,0
2026-07-17 08:58:00,BR-Koramangala,0.0,0.0,0.0,1.0,0.0,0.0,0,0,0,0,0,0
2026-07-17 08:58:00,BR-Whitefield,0.0,0.0,0.0,1.0,0.0,0.0,0,0,0,0,0,0
2026-07-17 08:59:00,HO-Chennai,0.0,0.0,0.0,1.0,0.0,0.0,0,0,0,0,0,0
2026-07-17 08:59:00,ZO-Bengaluru,0.0,0.0,0.0,1.0,0.0,0.0,0,0,0,0,0,0
2026-07-17 08:59:00,BR-Koramangala,0.0,0.0,0.0,1.0,0.0,0.0,0,0,0,0,0,0
2026-07-17 08:59:00,BR-Whitefield,0.0,0.0,0.0,1.0,0.0,0.0,0,0,0,0,0,0
2026-07-17 09:00:00,HO-Chennai,0.0,0.0,0.0,1.0,0.0,0.0,0,0,0,0,0,0
2026-07-17 09:00:00,ZO-Bengaluru,0.0,0.0,0.0,1.0,0.0,0.0,0,0,0,0,0,0
2026-07-17 09:00:00,BR-Koramangala,0.0,0.0,0.0,1.0,0.0,0.0,0,0,0,0,0,0
2026-07-17 09:00:00,BR-Whitefield,0.0,0.0,0.0,1.0,0.0,0.0,0,0,0,0,0,0
2026-07-17 09:01:00,HO-Chennai,0.0,0.0,0.0,1.0,0.0,0.0,0,0,0,0,0,0
2026-07-17 09:01:00,ZO-Bengaluru,0.0,0.0,0.0,1.0,0.0,0.0,0,0,0,0,0,0
2026-07-17 09:01:00,BR-Koramangala,0.0,0.0,0.0,1.0,0.0,0.0,0,0,0,0,0,0
2026-07-17 09:01:00,BR-Whitefield,0.0,0.0,0.0,1.0,0.0,0.0,0,0,0,0,0,0
2026-07-17 09:02:00,HO-Chennai,0.0,0.0,0.0,1.0,0.0,0.0,0,0,0,0,0,0
2026-07-17 09:02:00,ZO-Bengaluru,0.0,0.0,0.0,1.0,0.0,0.0,0,0,0,0,0,0
2026-07-17 09:02:00,BR-Koramangala,0.0,0.0,0.0,1.0,0.0,0.0,0,0,0,0,0,0
2026-07-17 09:02:00,BR-Whitefield,0.0,0.0,0.0,1.0,0.0,0.0,0,0,0,0,0,0
2026-07-17 09:03:00,HO-Chennai,0.0,0.0,0.0,1.0,0.0,0.0,0,0,0,0,0,0
2026-07-17 09:03:00,ZO-Bengaluru,0.0,0.0,0.0,1.0,0.0,0.0,0,0,0,0,0,0
2026-07-17 09:03:00,BR-Koramangala,0.0,0.0,0.0,1.0,0.0,0.0,0,0,0,0,0,0
2026-07-17 09:03:00,BR-Whitefield,0.0,0.0,0.0,1.0,0.0,0.0,0,0,0,0,0,0
2026-07-17 09:04:00,HO-Chennai,0.0,0.0,0.0,1.0,0.0,0.0,0,0,0,0,0,0
2026-07-17 09:04:00,ZO-Bengaluru,0.0,0.0,0.0,1.0,0.0,0.0,0,0,0,0,0,0
2026-07-17 09:04:00,BR-Koramangala,0.0,0.0,0.0,1.0,0.0,0.0,0,0,0,0,0,0
2026-07-17 09:04:00,BR-Whitefield,0.0,0.0,0.0,1.0,0.0,0.0,0,0,0,0,0,0
2026-07-17 09:05:00,HO-Chennai,0.0,0.0,0.0,1.0,0.0,0.0,0,0,0,0,0,0
2026-07-17 09:05:00,ZO-Bengaluru,0.0,0.0,0.0,1.0,0.0,0.0,0,0,0,0,0,0
2026-07-17 09:05:00,BR-Koramangala,0.0,0.0,0.0,1.0,0.0,0.0,0,0,0,0,0,0
2026-07-17 09:05:00,BR-Whitefield,0.0,0.0,0.0,1.0,0.0,0.0,0,0,0,0,0,0
2026-07-17 09:06:00,HO-Chennai,0.0,0.0,0.0,1.0,0.0,0.0,0,0,0,0,0,0
2026-07-17 09:06:00,ZO-Bengaluru,0.0,0.0,0.0,1.0,0.0,0.0,0,0,0,0,0,0
2026-07-17 09:06:00,BR-Koramangala,0.0,0.0,0.0,1.0,0.0,0.0,0,0,0,0,0,0
2026-07-17 09:06:00,BR-Whitefield,0.0,0.0,0.0,1.0,0.0,0.0,0,0,0,0,0,0
2026-07-17 09:07:00,HO-Chennai,0.0,0.0,0.0,1.0,0.0,0.0,0,0,0,0,0,0
2026-07-17 09:07:00,ZO-Bengaluru,0.0,0.0,0.0,1.0,0.0,0.0,0,0,0,0,0,0
2026-07-17 09:07:00,BR-Koramangala,0.0,0.0,0.0,1.0,0.0,0.0,0,0,0,0,0,0
2026-07-17 09:07:00,BR-Whitefield,0.0,0.0,0.0,1.0,0.0,0.0,0,0,0,0,0,0
2026-07-17 09:08:00,HO-Chennai,0.0,0.0,0.0,1.0,0.0,0.0,0,0,0,0,0,0
2026-07-17 09:08:00,ZO-Bengaluru,0.0,0.0,0.0,1.0,0.0,0.0,0,0,0,0,0,0
2026-07-17 09:08:00,BR-Koramangala,0.0,0.0,0.0,1.0,0.0,0.0,0,0,0,0,0,0
2026-07-17 09:08:00,BR-Whitefield,0.0,0.0,0.0,1.0,0.0,0.0,0,0,0,0,0,0
2026-07-17 09:09:00,HO-Chennai,0.0,0.0,0.0,1.0,0.0,0.0,0,0,0,0,0,0
2026-07-17 09:09:00,ZO-Bengaluru,0.0,0.0,0.0,1.0,0.0,0.0,0,0,0,0,0,0
2026-07-17 09:09:00,BR-Koramangala,0.0,0.0,0.0,1.0,0.0,0.0,0,0,0,0,0,0
2026-07-17 09:09:00,BR-Whitefield,0.0,0.0,0.0,1.0,0.0,0.0,0,0,0,0,0,0
2026-07-17 09:10:00,HO-Chennai,0.0,0.0,0.0,1.0,0.0,0.0,0,0,0,0,0,0
2026-07-17 09:10:00,ZO-Bengaluru,0.0,0.0,0.0,1.0,0.0,0.0,0,0,0,0,0,0
2026-07-17 09:10:00,BR-Koramangala,0.0,0.0,0.0,1.0,0.0,0.0,0,0,0,0,0,0
2026-07-17 09:10:00,BR-Whitefield,0.0,0.0,0.0,1.0,0.0,0.0,0,0,0,0,0,0
2026-07-17 09:11:00,HO-Chennai,0.0,0.0,0.0,1.0,0.0,0.0,0,0,0,0,0,0
2026-07-17 09:11:00,ZO-Bengaluru,0.0,0.0,0.0,1.0,0.0,0.0,0,0,0,0,0,0
2026-07-17 09:11:00,BR-Koramangala,0.0,0.0,0.0,1.0,0.0,0.0,0,0,0,0,0,0
2026-07-17 09:11:00,BR-Whitefield,0.0,0.0,0.0,1.0,0.0,0.0,0,0,0,0,0,0
2026-07-17 09:12:00,HO-Chennai,0.0,0.0,0.0,1.0,0.0,0.0,0,0,0,0,0,0
2026-07-17 09:12:00,ZO-Bengaluru,0.0,0.0,0.0,1.0,0.0,0.0,0,0,0,0,0,0
2026-07-17 09:12:00,BR-Koramangala,0.0,0.0,0.0,1.0,0.0,0.0,0,0,0,0,0,0
2026-07-17 09:12:00,BR-Whitefield,0.0,0.0,0.0,1.0,0.0,0.0,0,0,0,0,0,0
2026-07-17 09:13:00,HO-Chennai,0.0,0.0,0.0,1.0,0.0,0.0,0,0,0,0,0,0
2026-07-17 09:13:00,ZO-Bengaluru,0.0,0.0,0.0,1.0,0.0,0.0,0,0,0,0,0,0
2026-07-17 09:13:00,BR-Koramangala,0.0,0.0,0.0,1.0,0.0,0.0,0,0,0,0,0,0
2026-07-17 09:13:00,BR-Whitefield,0.0,0.0,0.0,1.0,0.0,0.0,0,0,0,0,0,0
2026-07-17 09:14:00,HO-Chennai,0.0,0.0,0.0,1.0,0.0,0.0,0,0,0,0,0,0
2026-07-17 09:14:00,ZO-Bengaluru,0.0,0.0,0.0,1.0,0.0,0.0,0,0,0,0,0,0
2026-07-17 09:14:00,BR-Koramangala,0.0,0.0,0.0,1.0,0.0,0.0,0,0,0,0,0,0
2026-07-17 09:14:00,BR-Whitefield,0.0,0.0,0.0,1.0,0.0,0.0,0,0,0,0,0,0
2026-07-17 09:15:00,HO-Chennai,0.0,0.0,0.0,1.0,0.0,0.0,0,0,0,0,0,0
2026-07-17 09:15:00,ZO-Bengaluru,0.0,0.0,0.0,1.0,0.0,0.0,0,0,0,0,0,0
2026-07-17 09:15:00,BR-Koramangala,0.0,0.0,0.0,1.0,0.0,0.0,0,0,0,0,0,0
2026-07-17 09:15:00,BR-Whitefield,0.0,0.0,0.0,1.0,0.0,0.0,0,0,0,0,0,0
2026-07-17 09:16:00,HO-Chennai,0.0,0.0,0.0,1.0,0.0,0.0,0,0,0,0,0,0
2026-07-17 09:16:00,ZO-Bengaluru,0.0,0.0,0.0,1.0,0.0,0.0,0,0,0,0,0,0
2026-07-17 09:16:00,BR-Koramangala,0.0,0.0,0.0,1.0,0.0,0.0,0,0,0,0,0,0
2026-07-17 09:16:00,BR-Whitefield,0.0,0.0,0.0,1.0,0.0,0.0,0,0,0,0,0,0
2026-07-17 09:17:00,HO-Chennai,0.0,0.0,0.0,1.0,0.0,0.0,0,0,0,0,0,0
2026-07-17 09:17:00,ZO-Bengaluru,0.0,0.0,0.0,1.0,0.0,0.0,0,0,0,0,0,0
2026-07-17 09:17:00,BR-Koramangala,0.0,0.0,0.0,1.0,0.0,0.0,0,0,0,0,0,0
2026-07-17 09:17:00,BR-Whitefield,0.0,0.0,0.0,1.0,0.0,0.0,0,0,0,0,0,0
2026-07-17 09:18:00,HO-Chennai,0.0,0.0,0.0,1.0,0.0,0.0,0,0,0,0,0,0
2026-07-17 09:18:00,ZO-Bengaluru,0.0,0.0,0.0,1.0,0.0,0.0,0,0,0,0,0,0
2026-07-17 09:18:00,BR-Koramangala,0.0,0.0,0.0,1.0,0.0,0.0,0,0,0,0,0,0
2026-07-17 09:18:00,BR-Whitefield,0.0,0.0,0.0,1.0,0.0,0.0,0,0,0,0,0,0
2026-07-17 09:19:00,HO-Chennai,0.0,0.0,0.0,1.0,0.0,0.0,0,0,0,0,0,0
2026-07-17 09:19:00,ZO-Bengaluru,0.0,0.0,0.0,1.0,0.0,0.0,0,0,0,0,0,0
2026-07-17 09:19:00,BR-Koramangala,0.0,0.0,0.0,1.0,0.0,0.0,0,0,0,0,0,0
2026-07-17 09:19:00,BR-Whitefield,0.0,0.0,0.0,1.0,0.0,0.0,0,0,0,0,0,0
2026-07-17 09:20:00,HO-Chennai,0.0,0.0,0.0,1.0,0.0,0.0,0,0,0,0,0,0
2026-07-17 09:20:00,ZO-Bengaluru,0.0,0.0,0.0,1.0,0.0,0.0,0,0,0,0,0,0
2026-07-17 09:20:00,BR-Koramangala,0.0,0.0,0.0,1.0,0.0,0.0,0,0,0,0,0,0
2026-07-17 09:20:00,BR-Whitefield,0.0,0.0,0.0,1.0,0.0,0.0,0,0,0,0,0,0
2026-07-17 09:21:00,HO-Chennai,0.0,0.0,0.0,1.0,0.0,0.0,0,0,0,0,0,0
2026-07-17 09:21:00,ZO-Bengaluru,0.0,0.0,0.0,1.0,0.0,0.0,0,0,0,0,0,0
2026-07-17 09:21:00,BR-Koramangala,0.0,0.0,0.0,1.0,0.0,0.0,0,0,0,0,0,0
2026-07-17 09:21:00,BR-Whitefield,0.0,0.0,0.0,1.0,0.0,0.0,0,0,0,0,0,0
2026-07-17 09:22:00,HO-Chennai,0.0,0.0,0.0,1.0,0.0,0.0,0,0,0,0,0,0
2026-07-17 09:22:00,ZO-Bengaluru,0.0,0.0,0.0,1.0,0.0,0.0,0,0,0,0,0,0
2026-07-17 09:22:00,BR-Koramangala,0.0,0.0,0.0,1.0,0.0,0.0,0,0,0,0,0,0
2026-07-17 09:22:00,BR-Whitefield,0.0,0.0,0.0,1.0,0.0,0.0,0,0,0,0,0,0
2026-07-17 09:23:00,HO-Chennai,0.0,0.0,0.0,1.0,0.0,0.0,0,0,0,0,0,0
2026-07-17 09:23:00,ZO-Bengaluru,0.0,0.0,0.0,1.0,0.0,0.0,0,0,0,0,0,0
2026-07-17 09:23:00,BR-Koramangala,0.0,0.0,0.0,1.0,0.0,0.0,0,0,0,0,0,0
2026-07-17 09:23:00,BR-Whitefield,0.0,0.0,0.0,1.0,0.0,0.0,0,0,0,0,0,0
2026-07-17 09:24:00,HO-Chennai,0.0,0.0,0.0,1.0,0.0,0.0,0,0,0,0,0,0
2026-07-17 09:24:00,ZO-Bengaluru,0.0,0.0,0.0,1.0,0.0,0.0,0,0,0,0,0,0
2026-07-17 09:24:00,BR-Koramangala,0.0,0.0,0.0,1.0,0.0,0.0,0,0,0,0,0,0
2026-07-17 09:24:00,BR-Whitefield,0.0,0.0,0.0,1.0,0.0,0.0,0,0,0,0,0,0
2026-07-17 09:25:00,HO-Chennai,0.0,0.0,0.0,1.0,0.0,0.0,0,0,0,0,0,0
2026-07-17 09:25:00,ZO-Bengaluru,0.0,0.0,0.0,1.0,0.0,0.0,0,0,0,0,0,0
2026-07-17 09:25:00,BR-Koramangala,0.0,0.0,0.0,1.0,0.0,0.0,0,0,0,0,0,0
2026-07-17 09:25:00,BR-Whitefield,0.0,0.0,0.0,1.0,0.0,0.0,0,0,0,0,0,0
2026-07-17 09:26:00,HO-Chennai,0.0,0.0,0.0,1.0,0.0,0.0,0,0,0,0,0,0
2026-07-17 09:26:00,ZO-Bengaluru,0.0,0.0,0.0,1.0,0.0,0.0,0,0,0,0,0,0
2026-07-17 09:26:00,BR-Koramangala,0.0,0.0,0.0,1.0,0.0,0.0,0,0,0,0,0,0
2026-07-17 09:26:00,BR-Whitefield,0.0,0.0,0.0,1.0,0.0,0.0,0,0,0,0,0,0
2026-07-17 09:27:00,HO-Chennai,0.0,0.0,0.0,1.0,0.0,0.0,0,0,0,0,0,0
2026-07-17 09:27:00,ZO-Bengaluru,0.0,0.0,0.0,1.0,0.0,0.0,0,0,0,0,0,0
2026-07-17 09:27:00,BR-Koramangala,0.0,0.0,0.0,1.0,0.0,0.0,0,0,0,0,0,0
2026-07-17 09:27:00,BR-Whitefield,0.0,0.0,0.0,1.0,0.0,0.0,0,0,0,0,0,0
2026-07-17 09:28:00,HO-Chennai,0.0,0.0,0.0,1.0,0.0,0.0,0,0,0,0,0,0
2026-07-17 09:28:00,ZO-Bengaluru,0.0,0.0,0.0,1.0,0.0,0.0,0,0,0,0,0,0
2026-07-17 09:28:00,BR-Koramangala,0.0,0.0,0.0,1.0,0.0,0.0,0,0,0,0,0,0
2026-07-17 09:28:00,BR-Whitefield,0.0,0.0,0.0,1.0,0.0,0.0,0,0,0,0,0,0
2026-07-17 09:29:00,HO-Chennai,0.0,0.0,0.0,1.0,0.0,0.0,0,0,0,0,0,0
2026-07-17 09:29:00,ZO-Bengaluru,0.0,0.0,0.0,1.0,0.0,0.0,0,0,0,0,0,0
2026-07-17 09:29:00,BR-Koramangala,0.0,0.0,0.0,1.0,0.0,0.0,0,0,0,0,0,0
2026-07-17 09:29:00,BR-Whitefield,0.0,0.0,0.0,1.0,0.0,0.0,0,0,0,0,0,0
2026-07-17 09:30:00,HO-Chennai,0.0,0.0,0.0,1.0,0.0,0.0,0,0,0,0,0,0
2026-07-17 09:30:00,ZO-Bengaluru,0.0,0.0,0.0,1.0,0.0,0.0,0,0,0,0,0,0
2026-07-17 09:30:00,BR-Koramangala,0.0,0.0,0.0,1.0,0.0,0.0,0,0,0,0,0,0
2026-07-17 09:30:00,BR-Whitefield,0.0,0.0,0.0,1.0,0.0,0.0,0,0,0,0,0,0
2026-07-17 09:31:00,HO-Chennai,0.0,0.0,0.0,1.0,0.0,0.0,0,0,0,0,0,0
2026-07-17 09:31:00,ZO-Bengaluru,0.0,0.0,0.0,1.0,0.0,0.0,0,0,0,0,0,0
2026-07-17 09:31:00,BR-Koramangala,0.0,0.0,0.0,1.0,0.0,0.0,0,0,0,0,0,0
2026-07-17 09:31:00,BR-Whitefield,0.0,0.0,0.0,1.0,0.0,0.0,0,0,0,0,0,0
2026-07-17 09:32:00,HO-Chennai,0.0,0.0,0.0,1.0,0.0,0.0,0,0,0,0,0,0
2026-07-17 09:32:00,ZO-Bengaluru,0.0,0.0,0.0,1.0,0.0,0.0,0,0,0,0,0,0
2026-07-17 09:32:00,BR-Koramangala,0.0,0.0,0.0,1.0,0.0,0.0,0,0,0,0,0,0
2026-07-17 09:32:00,BR-Whitefield,0.0,0.0,0.0,1.0,0.0,0.0,0,0,0,0,0,0
2026-07-17 09:33:00,HO-Chennai,0.0,0.0,0.0,1.0,0.0,0.0,0,0,0,0,0,0
2026-07-17 09:33:00,ZO-Bengaluru,0.0,0.0,0.0,1.0,0.0,0.0,0,0,0,0,0,0
2026-07-17 09:33:00,BR-Koramangala,0.0,0.0,0.0,1.0,0.0,0.0,0,0,0,0,0,0
2026-07-17 09:33:00,BR-Whitefield,0.0,0.0,0.0,1.0,0.0,0.0,0,0,0,0,0,0
2026-07-17 09:34:00,HO-Chennai,0.0,0.0,0.0,1.0,0.0,0.0,0,0,0,0,0,0
2026-07-17 09:34:00,ZO-Bengaluru,0.0,0.0,0.0,1.0,0.0,0.0,0,0,0,0,0,0
2026-07-17 09:34:00,BR-Koramangala,0.0,0.0,0.0,1.0,0.0,0.0,0,0,0,0,0,0
2026-07-17 09:34:00,BR-Whitefield,0.0,0.0,0.0,1.0,0.0,0.0,0,0,0,0,0,0
2026-07-17 09:35:00,HO-Chennai,0.0,0.0,0.0,1.0,0.0,0.0,0,0,0,0,0,0
2026-07-17 09:35:00,ZO-Bengaluru,0.0,0.0,0.0,1.0,0.0,0.0,0,0,0,0,0,0
2026-07-17 09:35:00,BR-Koramangala,0.0,0.0,0.0,1.0,0.0,0.0,0,0,0,0,0,0
2026-07-17 09:35:00,BR-Whitefield,0.0,0.0,0.0,1.0,0.0,0.0,0,0,0,0,0,0
2026-07-17 09:36:00,HO-Chennai,0.0,0.0,0.0,1.0,0.0,0.0,0,0,0,0,0,0
2026-07-17 09:36:00,ZO-Bengaluru,0.0,0.0,0.0,1.0,0.0,0.0,0,0,0,0,0,0
2026-07-17 09:36:00,BR-Koramangala,0.0,0.0,0.0,1.0,0.0,0.0,0,0,0,0,0,0
2026-07-17 09:36:00,BR-Whitefield,0.0,0.0,0.0,1.0,0.0,0.0,0,0,0,0,0,0
2026-07-17 09:37:00,HO-Chennai,0.0,0.0,0.0,1.0,0.0,0.0,0,0,0,0,0,0
2026-07-17 09:37:00,ZO-Bengaluru,0.0,0.0,0.0,1.0,0.0,0.0,0,0,0,0,0,0
2026-07-17 09:37:00,BR-Koramangala,0.0,0.0,0.0,1.0,0.0,0.0,0,0,0,0,0,0
2026-07-17 09:37:00,BR-Whitefield,0.0,0.0,0.0,1.0,0.0,0.0,0,0,0,0,0,0
2026-07-17 09:38:00,HO-Chennai,0.0,0.0,0.0,1.0,0.0,0.0,0,0,0,0,0,0
2026-07-17 09:38:00,ZO-Bengaluru,0.0,0.0,0.0,1.0,0.0,0.0,0,0,0,0,0,0
2026-07-17 09:38:00,BR-Koramangala,0.0,0.0,0.0,1.0,0.0,0.0,0,0,0,0,0,0
2026-07-17 09:38:00,BR-Whitefield,0.0,0.0,0.0,1.0,0.0,0.0,0,0,0,0,0,0
2026-07-17 09:39:00,HO-Chennai,0.0,0.0,0.0,1.0,0.0,0.0,0,0,0,0,0,0
2026-07-17 09:39:00,ZO-Bengaluru,0.0,0.0,0.0,1.0,0.0,0.0,0,0,0,0,0,0
2026-07-17 09:39:00,BR-Koramangala,0.0,0.0,0.0,1.0,0.0,0.0,0,0,0,0,0,0
2026-07-17 09:39:00,BR-Whitefield,0.0,0.0,0.0,1.0,0.0,0.0,0,0,0,0,0,0
2026-07-17 09:40:00,HO-Chennai,0.0,0.0,0.0,1.0,0.0,0.0,0,0,0,0,0,0
2026-07-17 09:40:00,ZO-Bengaluru,0.0,0.0,0.0,1.0,0.0,0.0,0,0,0,0,0,0
2026-07-17 09:40:00,BR-Koramangala,0.0,0.0,0.0,1.0,0.0,0.0,0,0,0,0,0,0
2026-07-17 09:40:00,BR-Whitefield,0.0,0.0,0.0,1.0,0.0,0.0,0,0,0,0,0,0
2026-07-17 09:41:00,HO-Chennai,0.0,0.0,0.0,1.0,0.0,0.0,0,0,0,0,0,0
2026-07-17 09:41:00,ZO-Bengaluru,0.0,0.0,0.0,1.0,0.0,0.0,0,0,0,0,0,0
2026-07-17 09:41:00,BR-Koramangala,0.0,0.0,0.0,1.0,0.0,0.0,0,0,0,0,0,0
2026-07-17 09:41:00,BR-Whitefield,0.0,0.0,0.0,1.0,0.0,0.0,0,0,0,0,0,0
2026-07-17 09:42:00,HO-Chennai,0.0,0.0,0.0,1.0,0.0,0.0,0,0,0,0,0,0
2026-07-17 09:42:00,ZO-Bengaluru,0.0,0.0,0.0,1.0,0.0,0.0,0,0,0,0,0,0
2026-07-17 09:42:00,BR-Koramangala,0.0,0.0,0.0,1.0,0.0,0.0,0,0,0,0,0,0
2026-07-17 09:42:00,BR-Whitefield,0.0,0.0,0.0,1.0,0.0,0.0,0,0,0,0,0,0
2026-07-17 09:43:00,HO-Chennai,0.0,0.0,0.0,1.0,0.0,0.0,0,0,0,0,0,0
2026-07-17 09:43:00,ZO-Bengaluru,0.0,0.0,0.0,1.0,0.0,0.0,0,0,0,0,0,0
2026-07-17 09:43:00,BR-Koramangala,0.0,0.0,0.0,1.0,0.0,0.0,0,0,0,0,0,0
2026-07-17 09:43:00,BR-Whitefield,0.0,0.0,0.0,1.0,0.0,0.0,0,0,0,0,0,0
2026-07-17 09:44:00,HO-Chennai,0.0,0.0,0.0,1.0,0.0,0.0,0,0,0,0,0,0
2026-07-17 09:44:00,ZO-Bengaluru,0.0,0.0,0.0,1.0,0.0,0.0,0,0,0,0,0,0
2026-07-17 09:44:00,BR-Koramangala,0.0,0.0,0.0,1.0,0.0,0.0,0,0,0,0,0,0
2026-07-17 09:44:00,BR-Whitefield,0.0,0.0,0.0,1.0,0.0,0.0,0,0,0,0,0,0
2026-07-17 09:45:00,HO-Chennai,0.0,0.0,0.0,1.0,0.0,0.0,0,0,0,0,0,0
2026-07-17 09:45:00,ZO-Bengaluru,0.0,0.0,0.0,1.0,0.0,0.0,0,0,0,0,0,0
2026-07-17 09:45:00,BR-Koramangala,0.0,0.0,0.0,1.0,0.0,0.0,0,0,0,0,0,0
2026-07-17 09:45:00,BR-Whitefield,0.0,0.0,0.0,1.0,0.0,0.0,0,0,0,0,0,0
2026-07-17 09:46:00,HO-Chennai,0.0,0.0,0.0,1.0,0.0,0.0,0,0,0,0,0,0
2026-07-17 09:46:00,ZO-Bengaluru,0.0,0.0,0.0,1.0,0.0,0.0,0,0,0,0,0,0
2026-07-17 09:46:00,BR-Koramangala,0.0,0.0,0.0,1.0,0.0,0.0,0,0,0,0,0,0
2026-07-17 09:46:00,BR-Whitefield,0.0,0.0,0.0,1.0,0.0,0.0,0,0,0,0,0,0
2026-07-17 09:47:00,HO-Chennai,0.0,0.0,0.0,1.0,0.0,0.0,0,0,0,0,0,0
2026-07-17 09:47:00,ZO-Bengaluru,0.0,0.0,0.0,1.0,0.0,0.0,0,0,0,0,0,0
2026-07-17 09:47:00,BR-Koramangala,0.0,0.0,0.0,1.0,0.0,0.0,0,0,0,0,0,0
2026-07-17 09:47:00,BR-Whitefield,0.0,0.0,0.0,1.0,0.0,0.0,0,0,0,0,0,0
2026-07-17 09:48:00,HO-Chennai,0.0,0.0,0.0,1.0,0.0,0.0,0,0,0,0,0,0
2026-07-17 09:48:00,ZO-Bengaluru,0.0,0.0,0.0,1.0,0.0,0.0,0,0,0,0,0,0
2026-07-17 09:48:00,BR-Koramangala,0.0,0.0,0.0,1.0,0.0,0.0,0,0,0,0,0,0
2026-07-17 09:48:00,BR-Whitefield,0.0,0.0,0.0,1.0,0.0,0.0,0,0,0,0,0,0
2026-07-17 09:49:00,HO-Chennai,0.0,0.0,0.0,1.0,0.0,0.0,0,0,0,0,0,0
2026-07-17 09:49:00,ZO-Bengaluru,0.0,0.0,0.0,1.0,0.0,0.0,0,0,0,0,0,0
2026-07-17 09:49:00,BR-Koramangala,0.0,0.0,0.0,1.0,0.0,0.0,0,0,0,0,0,0
2026-07-17 09:49:00,BR-Whitefield,0.0,0.0,0.0,1.0,0.0,0.0,0,0,0,0,0,0
2026-07-17 09:50:00,HO-Chennai,0.0,0.0,0.0,1.0,0.0,0.0,0,0,0,0,0,0
2026-07-17 09:50:00,ZO-Bengaluru,0.0,0.0,0.0,1.0,0.0,0.0,0,0,0,0,0,0
2026-07-17 09:50:00,BR-Koramangala,0.0,0.0,0.0,1.0,0.0,0.0,0,0,0,0,0,0
2026-07-17 09:50:00,BR-Whitefield,0.0,0.0,0.0,1.0,0.0,0.0,0,0,0,0,0,0
2026-07-17 09:51:00,HO-Chennai,0.0,0.0,0.0,1.0,0.0,0.0,0,0,0,0,0,0
2026-07-17 09:51:00,ZO-Bengaluru,0.0,0.0,0.0,1.0,0.0,0.0,0,0,0,0,0,0
2026-07-17 09:51:00,BR-Koramangala,0.0,0.0,0.0,1.0,0.0,0.0,0,0,0,0,0,0
2026-07-17 09:51:00,BR-Whitefield,0.0,0.0,0.0,1.0,0.0,0.0,0,0,0,0,0,0
2026-07-17 09:52:00,HO-Chennai,0.0,0.0,0.0,1.0,0.0,0.0,0,0,0,0,0,0
2026-07-17 09:52:00,ZO-Bengaluru,0.0,0.0,0.0,1.0,0.0,0.0,0,0,0,0,0,0
2026-07-17 09:52:00,BR-Koramangala,0.0,0.0,0.0,1.0,0.0,0.0,0,0,0,0,0,0
2026-07-17 09:52:00,BR-Whitefield,0.0,0.0,0.0,1.0,0.0,0.0,0,0,0,0,0,0
2026-07-17 09:53:00,HO-Chennai,0.0,0.0,0.0,1.0,0.0,0.0,0,0,0,0,0,0
2026-07-17 09:53:00,ZO-Bengaluru,0.0,0.0,0.0,1.0,0.0,0.0,0,0,0,0,0,0
2026-07-17 09:53:00,BR-Koramangala,0.0,0.0,0.0,1.0,0.0,0.0,0,0,0,0,0,0
2026-07-17 09:53:00,BR-Whitefield,0.0,0.0,0.0,1.0,0.0,0.0,0,0,0,0,0,0
2026-07-17 09:54:00,HO-Chennai,0.0,0.0,0.0,1.0,0.0,0.0,0,0,0,0,0,0
2026-07-17 09:54:00,ZO-Bengaluru,0.0,0.0,0.0,1.0,0.0,0.0,0,0,0,0,0,0
2026-07-17 09:54:00,BR-Koramangala,0.0,0.0,0.0,1.0,0.0,0.0,0,0,0,0,0,0
2026-07-17 09:54:00,BR-Whitefield,0.0,0.0,0.0,1.0,0.0,0.0,0,0,0,0,0,0
2026-07-17 09:55:00,HO-Chennai,0.0,0.0,0.0,1.0,0.0,0.0,0,0,0,0,0,0
2026-07-17 09:55:00,ZO-Bengaluru,0.0,0.0,0.0,1.0,0.0,0.0,0,0,0,0,0,0
2026-07-17 09:55:00,BR-Koramangala,0.0,0.0,0.0,1.0,0.0,0.0,0,0,0,0,0,0
2026-07-17 09:55:00,BR-Whitefield,0.0,0.0,0.0,1.0,0.0,0.0,0,0,0,0,0,0
2026-07-17 09:56:00,HO-Chennai,0.0,0.0,0.0,1.0,0.0,0.0,0,0,0,0,0,0
2026-07-17 09:56:00,ZO-Bengaluru,0.0,0.0,0.0,1.0,0.0,0.0,0,0,0,0,0,0
2026-07-17 09:56:00,BR-Koramangala,0.0,0.0,0.0,1.0,0.0,0.0,0,0,0,0,0,0
2026-07-17 09:56:00,BR-Whitefield,0.0,0.0,0.0,1.0,0.0,0.0,0,0,0,0,0,0
2026-07-17 09:57:00,HO-Chennai,0.0,0.0,0.0,1.0,0.0,0.0,0,0,0,0,0,0
2026-07-17 09:57:00,ZO-Bengaluru,0.0,0.0,0.0,1.0,0.0,0.0,0,0,0,0,0,0
2026-07-17 09:57:00,BR-Koramangala,0.0,0.0,0.0,1.0,0.0,0.0,0,0,0,0,0,0
2026-07-17 09:57:00,BR-Whitefield,0.0,0.0,0.0,1.0,0.0,0.0,0,0,0,0,0,0
2026-07-17 09:58:00,HO-Chennai,0.0,0.0,0.0,1.0,0.0,0.0,0,0,0,0,0,0
2026-07-17 09:58:00,ZO-Bengaluru,0.0,0.0,0.0,1.0,0.0,0.0,0,0,0,0,0,0
2026-07-17 09:58:00,BR-Koramangala,0.0,0.0,0.0,1.0,0.0,0.0,0,0,0,0,0,0
2026-07-17 09:58:00,BR-Whitefield,0.0,0.0,0.0,1.0,0.0,0.0,0,0,0,0,0,0
2026-07-17 09:59:00,HO-Chennai,0.0,0.0,0.0,1.0,0.0,0.0,0,0,0,0,0,0
2026-07-17 09:59:00,ZO-Bengaluru,0.0,0.0,0.0,1.0,0.0,0.0,0,0,0,0,0,0
2026-07-17 09:59:00,BR-Koramangala,0.0,0.0,0.0,1.0,0.0,0.0,0,0,0,0,0,0
2026-07-17 09:59:00,BR-Whitefield,0.0,0.0,0.0,1.0,0.0,0.0,0,0,0,0,0,0
2026-07-17 10:00:00,HO-Chennai,0.0,0.0,0.0,1.0,0.0,0.0,0,0,0,0,0,0
2026-07-17 10:00:00,ZO-Bengaluru,0.0,0.0,0.0,1.0,0.0,0.0,0,0,0,0,0,0
2026-07-17 10:00:00,BR-Koramangala,0.0,0.0,0.0,1.0,0.0,0.0,0,0,0,0,0,0
2026-07-17 10:00:00,BR-Whitefield,0.0,0.0,0.0,1.0,0.0,0.0,0,0,0,0,0,0
2026-07-17 10:01:00,HO-Chennai,0.0,0.0,0.0,1.0,0.0,0.0,0,0,0,0,0,0
2026-07-17 10:01:00,ZO-Bengaluru,0.0,0.0,0.0,1.0,0.0,0.0,0,0,0,0,0,0
2026-07-17 10:01:00,BR-Koramangala,0.0,0.0,0.0,1.0,0.0,0.0,0,0,0,0,0,0
2026-07-17 10:01:00,BR-Whitefield,0.0,0.0,0.0,1.0,0.0,0.0,0,0,0,0,0,0
2026-07-17 10:02:00,HO-Chennai,0.0,0.0,0.0,1.0,0.0,0.0,0,0,0,0,0,0
2026-07-17 10:02:00,ZO-Bengaluru,0.0,0.0,0.0,1.0,0.0,0.0,0,0,0,0,0,0
2026-07-17 10:02:00,BR-Koramangala,0.0,0.0,0.0,1.0,0.0,0.0,0,0,0,0,0,0
2026-07-17 10:02:00,BR-Whitefield,0.0,0.0,0.0,1.0,0.0,0.0,0,0,0,0,0,0
2026-07-17 10:03:00,HO-Chennai,0.0,0.0,0.0,1.0,0.0,0.0,0,0,0,0,0,0
2026-07-17 10:03:00,ZO-Bengaluru,0.0,0.0,0.0,1.0,0.0,0.0,0,0,0,0,0,0
2026-07-17 10:03:00,BR-Koramangala,0.0,0.0,0.0,1.0,0.0,0.0,0,0,0,0,0,0
2026-07-17 10:03:00,BR-Whitefield,0.0,0.0,0.0,1.0,0.0,0.0,0,0,0,0,0,0
2026-07-17 10:04:00,HO-Chennai,0.0,0.0,0.0,1.0,0.0,0.0,0,0,0,0,0,0
2026-07-17 10:04:00,ZO-Bengaluru,0.0,0.0,0.0,1.0,0.0,0.0,0,0,0,0,0,0
2026-07-17 10:04:00,BR-Koramangala,0.0,0.0,0.0,1.0,0.0,0.0,0,0,0,0,0,0
2026-07-17 10:04:00,BR-Whitefield,0.0,0.0,0.0,1.0,0.0,0.0,0,0,0,0,0,0
2026-07-17 10:05:00,HO-Chennai,0.0,0.0,0.0,1.0,0.0,0.0,0,0,0,0,0,0
2026-07-17 10:05:00,ZO-Bengaluru,0.0,0.0,0.0,1.0,0.0,0.0,0,0,0,0,0,0
2026-07-17 10:05:00,BR-Koramangala,0.0,0.0,0.0,1.0,0.0,0.0,0,0,0,0,0,0
2026-07-17 10:05:00,BR-Whitefield,0.0,0.0,0.0,1.0,0.0,0.0,0,0,0,0,0,0
2026-07-17 10:06:00,HO-Chennai,0.0,0.0,0.0,1.0,0.0,0.0,0,0,0,0,0,0
2026-07-17 10:06:00,ZO-Bengaluru,0.0,0.0,0.0,1.0,0.0,0.0,0,0,0,0,0,0
2026-07-17 10:06:00,BR-Koramangala,0.0,0.0,0.0,1.0,0.0,0.0,0,0,0,0,0,0
2026-07-17 10:06:00,BR-Whitefield,0.0,0.0,0.0,1.0,0.0,0.0,0,0,0,0,0,0
2026-07-17 10:07:00,HO-Chennai,0.0,0.0,0.0,1.0,0.0,0.0,0,0,0,0,0,0
2026-07-17 10:07:00,ZO-Bengaluru,0.0,0.0,0.0,1.0,0.0,0.0,0,0,0,0,0,0
2026-07-17 10:07:00,BR-Koramangala,0.0,0.0,0.0,1.0,0.0,0.0,0,0,0,0,0,0
2026-07-17 10:07:00,BR-Whitefield,0.0,0.0,0.0,1.0,0.0,0.0,0,0,0,0,0,0
2026-07-17 10:08:00,HO-Chennai,0.0,0.0,0.0,1.0,0.0,0.0,0,0,0,0,0,0
2026-07-17 10:08:00,ZO-Bengaluru,0.0,0.0,0.0,1.0,0.0,0.0,0,0,0,0,0,0
2026-07-17 10:08:00,BR-Koramangala,0.0,0.0,0.0,1.0,0.0,0.0,0,0,0,0,0,0
2026-07-17 10:08:00,BR-Whitefield,0.0,0.0,0.0,1.0,0.0,0.0,0,0,0,0,0,0
2026-07-17 10:09:00,HO-Chennai,0.0,0.0,0.0,1.0,0.0,0.0,0,0,0,0,0,0
2026-07-17 10:09:00,ZO-Bengaluru,0.0,0.0,0.0,1.0,0.0,0.0,0,0,0,0,0,0
2026-07-17 10:09:00,BR-Koramangala,0.0,0.0,0.0,1.0,0.0,0.0,0,0,0,0,0,0
2026-07-17 10:09:00,BR-Whitefield,0.0,0.0,0.0,1.0,0.0,0.0,0,0,0,0,0,0
2026-07-17 10:10:00,HO-Chennai,0.0,0.0,0.0,1.0,0.0,0.0,0,0,0,0,0,0
2026-07-17 10:10:00,ZO-Bengaluru,0.0,0.0,0.0,1.0,0.0,0.0,0,0,0,0,0,0
2026-07-17 10:10:00,BR-Koramangala,0.0,0.0,0.0,1.0,0.0,0.0,0,0,0,0,0,0
2026-07-17 10:10:00,BR-Whitefield,0.0,0.0,0.0,1.0,0.0,0.0,0,0,0,0,0,0
2026-07-17 10:11:00,HO-Chennai,0.0,0.0,0.0,1.0,0.0,0.0,0,0,0,0,0,0
2026-07-17 10:11:00,ZO-Bengaluru,0.0,0.0,0.0,1.0,0.0,0.0,0,0,0,0,0,0
2026-07-17 10:11:00,BR-Koramangala,0.0,0.0,0.0,1.0,0.0,0.0,0,0,0,0,0,0
2026-07-17 10:11:00,BR-Whitefield,0.0,0.0,0.0,1.0,0.0,0.0,0,0,0,0,0,0
2026-07-17 10:12:00,HO-Chennai,0.0,0.0,0.0,1.0,0.0,0.0,0,0,0,0,0,0
2026-07-17 10:12:00,ZO-Bengaluru,0.0,0.0,0.0,1.0,0.0,0.0,0,0,0,0,0,0
2026-07-17 10:12:00,BR-Koramangala,0.0,0.0,0.0,1.0,0.0,0.0,0,0,0,0,0,0
2026-07-17 10:12:00,BR-Whitefield,0.0,0.0,0.0,1.0,0.0,0.0,0,0,0,0,0,0
2026-07-17 10:13:00,HO-Chennai,0.0,0.0,0.0,1.0,0.0,0.0,0,0,0,0,0,0
2026-07-17 10:13:00,ZO-Bengaluru,0.0,0.0,0.0,1.0,0.0,0.0,0,0,0,0,0,0
2026-07-17 10:13:00,BR-Koramangala,0.0,0.0,0.0,1.0,0.0,0.0,0,0,0,0,0,0
2026-07-17 10:13:00,BR-Whitefield,0.0,0.0,0.0,1.0,0.0,0.0,0,0,0,0,0,0
2026-07-17 10:14:00,HO-Chennai,0.0,0.0,0.0,1.0,0.0,0.0,0,0,0,0,0,0
2026-07-17 10:14:00,ZO-Bengaluru,0.0,0.0,0.0,1.0,0.0,0.0,0,0,0,0,0,0
2026-07-17 10:14:00,BR-Koramangala,0.0,0.0,0.0,1.0,0.0,0.0,0,0,0,0,0,0
2026-07-17 10:14:00,BR-Whitefield,0.0,0.0,0.0,1.0,0.0,0.0,0,0,0,0,0,0
2026-07-17 10:15:00,HO-Chennai,0.0,0.0,0.0,1.0,0.0,0.0,0,0,0,0,0,0
2026-07-17 10:15:00,ZO-Bengaluru,0.0,0.0,0.0,1.0,0.0,0.0,0,0,0,0,0,0
2026-07-17 10:15:00,BR-Koramangala,0.0,0.0,0.0,1.0,0.0,0.0,0,0,0,0,0,0
2026-07-17 10:15:00,BR-Whitefield,0.0,0.0,0.0,1.0,0.0,0.0,0,0,0,0,0,0
2026-07-17 10:16:00,HO-Chennai,0.0,0.0,0.0,1.0,0.0,0.0,0,0,0,0,0,0
2026-07-17 10:16:00,ZO-Bengaluru,0.0,0.0,0.0,1.0,0.0,0.0,0,0,0,0,0,0
2026-07-17 10:16:00,BR-Koramangala,0.0,0.0,0.0,1.0,0.0,0.0,0,0,0,0,0,0
2026-07-17 10:16:00,BR-Whitefield,0.0,0.0,0.0,1.0,0.0,0.0,0,0,0,0,0,0
2026-07-17 10:17:00,HO-Chennai,0.0,0.0,0.0,1.0,0.0,0.0,0,0,0,0,0,0
2026-07-17 10:17:00,ZO-Bengaluru,0.0,0.0,0.0,1.0,0.0,0.0,0,0,0,0,0,0
2026-07-17 10:17:00,BR-Koramangala,0.0,0.0,0.0,1.0,0.0,0.0,0,0,0,0,0,0
2026-07-17 10:17:00,BR-Whitefield,0.0,0.0,0.0,1.0,0.0,0.0,0,0,0,0,0,0
2026-07-17 10:18:00,HO-Chennai,0.0,0.0,0.0,1.0,0.0,0.0,0,0,0,0,0,0
2026-07-17 10:18:00,ZO-Bengaluru,0.0,0.0,0.0,1.0,0.0,0.0,0,0,0,0,0,0
2026-07-17 10:18:00,BR-Koramangala,0.0,0.0,0.0,1.0,0.0,0.0,0,0,0,0,0,0
2026-07-17 10:18:00,BR-Whitefield,0.0,0.0,0.0,1.0,0.0,0.0,0,0,0,0,0,0
2026-07-17 10:19:00,HO-Chennai,0.0,0.0,0.0,1.0,0.0,0.0,0,0,0,0,0,0
2026-07-17 10:19:00,ZO-Bengaluru,0.0,0.0,0.0,1.0,0.0,0.0,0,0,0,0,0,0
2026-07-17 10:19:00,BR-Koramangala,0.0,0.0,0.0,1.0,0.0,0.0,0,0,0,0,0,0
2026-07-17 10:19:00,BR-Whitefield,0.0,0.0,0.0,1.0,0.0,0.0,0,0,0,0,0,0
2026-07-17 10:20:00,HO-Chennai,0.0,0.0,0.0,1.0,0.0,0.0,0,0,0,0,0,0
2026-07-17 10:20:00,ZO-Bengaluru,0.0,0.0,0.0,1.0,0.0,0.0,0,0,0,0,0,0
2026-07-17 10:20:00,BR-Koramangala,0.0,0.0,0.0,1.0,0.0,0.0,0,0,0,0,0,0
2026-07-17 10:20:00,BR-Whitefield,0.0,0.0,0.0,1.0,0.0,0.0,0,0,0,0,0,0
2026-07-17 10:21:00,HO-Chennai,0.0,0.0,0.0,1.0,0.0,0.0,0,0,0,0,0,0
2026-07-17 10:21:00,ZO-Bengaluru,0.0,0.0,0.0,1.0,0.0,0.0,0,0,0,0,0,0
2026-07-17 10:21:00,BR-Koramangala,0.0,0.0,0.0,1.0,0.0,0.0,0,0,0,0,0,0
2026-07-17 10:21:00,BR-Whitefield,0.0,0.0,0.0,1.0,0.0,0.0,0,0,0,0,0,0
2026-07-17 10:22:00,HO-Chennai,0.0,0.0,0.0,1.0,0.0,0.0,0,0,0,0,0,0
2026-07-17 10:22:00,ZO-Bengaluru,0.0,0.0,0.0,1.0,0.0,0.0,0,0,0,0,0,0
2026-07-17 10:22:00,BR-Koramangala,0.0,0.0,0.0,1.0,0.0,0.0,0,0,0,0,0,0
2026-07-17 10:22:00,BR-Whitefield,0.0,0.0,0.0,1.0,0.0,0.0,0,0,0,0,0,0
2026-07-17 10:23:00,HO-Chennai,0.0,0.0,0.0,1.0,0.0,0.0,0,0,0,0,0,0
2026-07-17 10:23:00,ZO-Bengaluru,0.0,0.0,0.0,1.0,0.0,0.0,0,0,0,0,0,0
2026-07-17 10:23:00,BR-Koramangala,0.0,0.0,0.0,1.0,0.0,0.0,0,0,0,0,0,0
2026-07-17 10:23:00,BR-Whitefield,0.0,0.0,0.0,1.0,0.0,0.0,0,0,0,0,0,0
2026-07-17 10:24:00,HO-Chennai,0.0,0.0,0.0,1.0,0.0,0.0,0,0,0,0,0,0
2026-07-17 10:24:00,ZO-Bengaluru,0.0,0.0,0.0,1.0,0.0,0.0,0,0,0,0,0,0
2026-07-17 10:24:00,BR-Koramangala,0.0,0.0,0.0,1.0,0.0,0.0,0,0,0,0,0,0
2026-07-17 10:24:00,BR-Whitefield,0.0,0.0,0.0,1.0,0.0,0.0,0,0,0,0,0,0
2026-07-17 10:25:00,HO-Chennai,0.0,0.0,0.0,1.0,0.0,0.0,0,0,0,0,0,0
2026-07-17 10:25:00,ZO-Bengaluru,0.0,0.0,0.0,1.0,0.0,0.0,0,0,0,0,0,0
2026-07-17 10:25:00,BR-Koramangala,0.0,0.0,0.0,1.0,0.0,0.0,0,0,0,0,0,0
2026-07-17 10:25:00,BR-Whitefield,0.0,0.0,0.0,1.0,0.0,0.0,0,0,0,0,0,0
2026-07-17 10:26:00,HO-Chennai,0.0,0.0,0.0,1.0,0.0,0.0,0,0,0,0,0,0
2026-07-17 10:26:00,ZO-Bengaluru,0.0,0.0,0.0,1.0,0.0,0.0,0,0,0,0,0,0
2026-07-17 10:26:00,BR-Koramangala,0.0,0.0,0.0,1.0,0.0,0.0,0,0,0,0,0,0
2026-07-17 10:26:00,BR-Whitefield,0.0,0.0,0.0,1.0,0.0,0.0,0,0,0,0,0,0
2026-07-17 10:27:00,HO-Chennai,0.0,0.0,0.0,1.0,0.0,0.0,0,0,0,0,0,0
2026-07-17 10:27:00,ZO-Bengaluru,0.0,0.0,0.0,1.0,0.0,0.0,0,0,0,0,0,0
2026-07-17 10:27:00,BR-Koramangala,0.0,0.0,0.0,1.0,0.0,0.0,0,0,0,0,0,0
2026-07-17 10:27:00,BR-Whitefield,0.0,0.0,0.0,1.0,0.0,0.0,0,0,0,0,0,0
2026-07-17 10:28:00,HO-Chennai,0.0,0.0,0.0,1.0,0.0,0.0,0,0,0,0,0,0
2026-07-17 10:28:00,ZO-Bengaluru,0.0,0.0,0.0,1.0,0.0,0.0,0,0,0,0,0,0
2026-07-17 10:28:00,BR-Koramangala,0.0,0.0,0.0,1.0,0.0,0.0,0,0,0,0,0,0
2026-07-17 10:28:00,BR-Whitefield,0.0,0.0,0.0,1.0,0.0,0.0,0,0,0,0,0,0
2026-07-17 10:29:00,HO-Chennai,0.0,0.0,0.0,1.0,0.0,0.0,0,0,0,0,0,0
2026-07-17 10:29:00,ZO-Bengaluru,0.0,0.0,0.0,1.0,0.0,0.0,0,0,0,0,0,0
2026-07-17 10:29:00,BR-Koramangala,0.0,0.0,0.0,1.0,0.0,0.0,0,0,0,0,0,0
2026-07-17 10:29:00,BR-Whitefield,0.0,0.0,0.0,1.0,0.0,0.0,0,0,0,0,0,0
2026-07-17 10:30:00,HO-Chennai,0.0,0.0,0.0,1.0,0.0,0.0,0,0,0,0,0,0
2026-07-17 10:30:00,ZO-Bengaluru,0.0,0.0,0.0,1.0,0.0,0.0,0,0,0,0,0,0
2026-07-17 10:30:00,BR-Koramangala,0.0,0.0,0.0,1.0,0.0,0.0,0,0,0,0,0,0
2026-07-17 10:30:00,BR-Whitefield,0.0,0.0,0.0,1.0,0.0,0.0,0,0,0,0,0,0
2026-07-17 10:31:00,HO-Chennai,0.0,0.0,0.0,1.0,0.0,0.0,0,0,0,0,0,0
2026-07-17 10:31:00,ZO-Bengaluru,0.0,0.0,0.0,1.0,0.0,0.0,0,0,0,0,0,0
2026-07-17 10:31:00,BR-Koramangala,0.0,0.0,0.0,1.0,0.0,0.0,0,0,0,0,0,0
2026-07-17 10:31:00,BR-Whitefield,0.0,0.0,0.0,1.0,0.0,0.0,0,0,0,0,0,0
2026-07-17 10:32:00,HO-Chennai,0.0,0.0,0.0,1.0,0.0,0.0,0,0,0,0,0,0
2026-07-17 10:32:00,ZO-Bengaluru,0.0,0.0,0.0,1.0,0.0,0.0,0,0,0,0,0,0
2026-07-17 10:32:00,BR-Koramangala,0.0,0.0,0.0,1.0,0.0,0.0,0,0,0,0,0,0
2026-07-17 10:32:00,BR-Whitefield,0.0,0.0,0.0,1.0,0.0,0.0,0,0,0,0,0,0
2026-07-17 10:33:00,HO-Chennai,0.0,0.0,0.0,1.0,0.0,0.0,0,0,0,0,0,0
2026-07-17 10:33:00,ZO-Bengaluru,0.0,0.0,0.0,1.0,0.0,0.0,0,0,0,0,0,0
2026-07-17 10:33:00,BR-Koramangala,0.0,0.0,0.0,1.0,0.0,0.0,0,0,0,0,0,0
2026-07-17 10:33:00,BR-Whitefield,0.0,0.0,0.0,1.0,0.0,0.0,0,0,0,0,0,0
2026-07-17 10:34:00,HO-Chennai,0.0,0.0,0.0,1.0,0.0,0.0,0,0,0,0,0,0
2026-07-17 10:34:00,ZO-Bengaluru,0.0,0.0,0.0,1.0,0.0,0.0,0,0,0,0,0,0
2026-07-17 10:34:00,BR-Koramangala,0.0,0.0,0.0,1.0,0.0,0.0,0,0,0,0,0,0
2026-07-17 10:34:00,BR-Whitefield,0.0,0.0,0.0,1.0,0.0,0.0,0,0,0,0,0,0
2026-07-17 10:35:00,HO-Chennai,0.0,0.0,0.0,1.0,0.0,0.0,0,0,0,0,0,0
2026-07-17 10:35:00,ZO-Bengaluru,0.0,0.0,0.0,1.0,0.0,0.0,0,0,0,0,0,0
2026-07-17 10:35:00,BR-Koramangala,0.0,0.0,0.0,1.0,0.0,0.0,0,0,0,0,0,0
2026-07-17 10:35:00,BR-Whitefield,0.0,0.0,0.0,1.0,0.0,0.0,0,0,0,0,0,0
2026-07-17 10:36:00,HO-Chennai,0.0,0.0,0.0,1.0,0.0,0.0,0,0,0,0,0,0
2026-07-17 10:36:00,ZO-Bengaluru,0.0,0.0,0.0,1.0,0.0,0.0,0,0,0,0,0,0
2026-07-17 10:36:00,BR-Koramangala,0.0,0.0,0.0,1.0,0.0,0.0,0,0,0,0,0,0
2026-07-17 10:36:00,BR-Whitefield,0.0,0.0,0.0,1.0,0.0,0.0,0,0,0,0,0,0
2026-07-17 10:37:00,HO-Chennai,0.0,0.0,0.0,1.0,0.0,0.0,0,0,0,0,0,0
2026-07-17 10:37:00,ZO-Bengaluru,0.0,0.0,0.0,1.0,0.0,0.0,0,0,0,0,0,0
2026-07-17 10:37:00,BR-Koramangala,0.0,0.0,0.0,1.0,0.0,0.0,0,0,0,0,0,0
2026-07-17 10:37:00,BR-Whitefield,0.0,0.0,0.0,1.0,0.0,0.0,0,0,0,0,0,0
2026-07-17 10:38:00,HO-Chennai,0.0,0.0,0.0,1.0,0.0,0.0,0,0,0,0,0,0
2026-07-17 10:38:00,ZO-Bengaluru,0.0,0.0,0.0,1.0,0.0,0.0,0,0,0,0,0,0
2026-07-17 10:38:00,BR-Koramangala,0.0,0.0,0.0,1.0,0.0,0.0,0,0,0,0,0,0
2026-07-17 10:38:00,BR-Whitefield,0.0,0.0,0.0,1.0,0.0,0.0,0,0,0,0,0,0
2026-07-17 10:39:00,HO-Chennai,0.0,0.0,0.0,1.0,0.0,0.0,0,0,0,0,0,0
2026-07-17 10:39:00,ZO-Bengaluru,0.0,0.0,0.0,1.0,0.0,0.0,0,0,0,0,0,0
2026-07-17 10:39:00,BR-Koramangala,0.0,0.0,0.0,1.0,0.0,0.0,0,0,0,0,0,0
2026-07-17 10:39:00,BR-Whitefield,0.0,0.0,0.0,1.0,0.0,0.0,0,0,0,0,0,0
2026-07-17 10:40:00,HO-Chennai,0.0,0.0,0.0,1.0,0.0,0.0,0,0,0,0,0,0
2026-07-17 10:40:00,ZO-Bengaluru,0.0,0.0,0.0,1.0,0.0,0.0,0,0,0,0,0,0
2026-07-17 10:40:00,BR-Koramangala,0.0,0.0,0.0,1.0,0.0,0.0,0,0,0,0,0,0
2026-07-17 10:40:00,BR-Whitefield,0.0,0.0,0.0,1.0,0.0,0.0,0,0,0,0,0,0
2026-07-17 10:41:00,HO-Chennai,0.0,0.0,0.0,1.0,0.0,0.0,0,0,0,0,0,0
2026-07-17 10:41:00,ZO-Bengaluru,0.0,0.0,0.0,1.0,0.0,0.0,0,0,0,0,0,0
2026-07-17 10:41:00,BR-Koramangala,0.0,0.0,0.0,1.0,0.0,0.0,0,0,0,0,0,0
2026-07-17 10:41:00,BR-Whitefield,0.0,0.0,0.0,1.0,0.0,0.0,0,0,0,0,0,0
2026-07-17 10:42:00,HO-Chennai,0.0,0.0,0.0,1.0,0.0,0.0,0,0,0,0,0,0
2026-07-17 10:42:00,ZO-Bengaluru,0.0,0.0,0.0,1.0,0.0,0.0,0,0,0,0,0,0
2026-07-17 10:42:00,BR-Koramangala,0.0,0.0,0.0,1.0,0.0,0.0,0,0,0,0,0,0
2026-07-17 10:42:00,BR-Whitefield,0.0,0.0,0.0,1.0,0.0,0.0,0,0,0,0,0,0
2026-07-17 10:43:00,HO-Chennai,0.0,0.0,0.0,1.0,0.0,0.0,0,0,0,0,0,0
2026-07-17 10:43:00,ZO-Bengaluru,0.0,0.0,0.0,1.0,0.0,0.0,0,0,0,0,0,0
2026-07-17 10:43:00,BR-Koramangala,0.0,0.0,0.0,1.0,0.0,0.0,0,0,0,0,0,0
2026-07-17 10:43:00,BR-Whitefield,0.0,0.0,0.0,1.0,0.0,0.0,0,0,0,0,0,0
2026-07-17 10:44:00,HO-Chennai,0.0,0.0,0.0,1.0,0.0,0.0,0,0,0,0,0,0
2026-07-17 10:44:00,ZO-Bengaluru,0.0,0.0,0.0,1.0,0.0,0.0,0,0,0,0,0,0
2026-07-17 10:44:00,BR-Koramangala,0.0,0.0,0.0,1.0,0.0,0.0,0,0,0,0,0,0
2026-07-17 10:44:00,BR-Whitefield,0.0,0.0,0.0,1.0,0.0,0.0,0,0,0,0,0,0
2026-07-17 10:45:00,HO-Chennai,0.0,0.0,0.0,1.0,0.0,0.0,0,0,0,0,0,0
2026-07-17 10:45:00,ZO-Bengaluru,0.0,0.0,0.0,1.0,0.0,0.0,0,0,0,0,0,0
2026-07-17 10:45:00,BR-Koramangala,0.0,0.0,0.0,1.0,0.0,0.0,0,0,0,0,0,0
2026-07-17 10:45:00,BR-Whitefield,0.0,0.0,0.0,1.0,0.0,0.0,0,0,0,0,0,0
2026-07-17 10:46:00,HO-Chennai,0.0,0.0,0.0,1.0,0.0,0.0,0,0,0,0,0,0
2026-07-17 10:46:00,ZO-Bengaluru,0.0,0.0,0.0,1.0,0.0,0.0,0,0,0,0,0,0
2026-07-17 10:46:00,BR-Koramangala,0.0,0.0,0.0,1.0,0.0,0.0,0,0,0,0,0,0
2026-07-17 10:46:00,BR-Whitefield,0.0,0.0,0.0,1.0,0.0,0.0,0,0,0,0,0,0
2026-07-17 10:47:00,HO-Chennai,0.0,0.0,0.0,1.0,0.0,0.0,0,0,0,0,0,0
2026-07-17 10:47:00,ZO-Bengaluru,0.0,0.0,0.0,1.0,0.0,0.0,0,0,0,0,0,0
2026-07-17 10:47:00,BR-Koramangala,0.0,0.0,0.0,1.0,0.0,0.0,0,0,0,0,0,0
2026-07-17 10:47:00,BR-Whitefield,0.0,0.0,0.0,1.0,0.0,0.0,0,0,0,0,0,0
2026-07-17 10:48:00,HO-Chennai,0.0,0.0,0.0,1.0,0.0,0.0,0,0,0,0,0,0
2026-07-17 10:48:00,ZO-Bengaluru,0.0,0.0,0.0,1.0,0.0,0.0,0,0,0,0,0,0
2026-07-17 10:48:00,BR-Koramangala,0.0,0.0,0.0,1.0,0.0,0.0,0,0,0,0,0,0
2026-07-17 10:48:00,BR-Whitefield,0.0,0.0,0.0,1.0,0.0,0.0,0,0,0,0,0,0
2026-07-17 10:49:00,HO-Chennai,0.0,0.0,0.0,1.0,0.0,0.0,0,0,0,0,0,0
2026-07-17 10:49:00,ZO-Bengaluru,0.0,0.0,0.0,1.0,0.0,0.0,0,0,0,0,0,0
2026-07-17 10:49:00,BR-Koramangala,0.0,0.0,0.0,1.0,0.0,0.0,0,0,0,0,0,0
2026-07-17 10:49:00,BR-Whitefield,0.0,0.0,0.0,1.0,0.0,0.0,0,0,0,0,0,0
2026-07-17 10:50:00,HO-Chennai,0.0,0.0,0.0,1.0,0.0,0.0,0,0,0,0,0,0
2026-07-17 10:50:00,ZO-Bengaluru,0.0,0.0,0.0,1.0,0.0,0.0,0,0,0,0,0,0
2026-07-17 10:50:00,BR-Koramangala,0.0,0.0,0.0,1.0,0.0,0.0,0,0,0,0,0,0
2026-07-17 10:50:00,BR-Whitefield,0.0,0.0,0.0,1.0,0.0,0.0,0,0,0,0,0,0
2026-07-17 10:51:00,HO-Chennai,0.0,0.0,0.0,1.0,0.0,0.0,0,0,0,0,0,0
2026-07-17 10:51:00,ZO-Bengaluru,0.0,0.0,0.0,1.0,0.0,0.0,0,0,0,0,0,0
2026-07-17 10:51:00,BR-Koramangala,0.0,0.0,0.0,1.0,0.0,0.0,0,0,0,0,0,0
2026-07-17 10:51:00,BR-Whitefield,0.0,0.0,0.0,1.0,0.0,0.0,0,0,0,0,0,0
2026-07-17 10:52:00,HO-Chennai,0.0,0.0,0.0,1.0,0.0,0.0,0,0,0,0,0,0
2026-07-17 10:52:00,ZO-Bengaluru,0.0,0.0,0.0,1.0,0.0,0.0,0,0,0,0,0,0
2026-07-17 10:52:00,BR-Koramangala,0.0,0.0,0.0,1.0,0.0,0.0,0,0,0,0,0,0
2026-07-17 10:52:00,BR-Whitefield,0.0,0.0,0.0,1.0,0.0,0.0,0,0,0,0,0,0
2026-07-17 10:53:00,HO-Chennai,0.0,0.0,0.0,1.0,0.0,0.0,0,0,0,0,0,0
2026-07-17 10:53:00,ZO-Bengaluru,0.0,0.0,0.0,1.0,0.0,0.0,0,0,0,0,0,0
2026-07-17 10:53:00,BR-Koramangala,0.0,0.0,0.0,1.0,0.0,0.0,0,0,0,0,0,0
2026-07-17 10:53:00,BR-Whitefield,0.0,0.0,0.0,1.0,0.0,0.0,0,0,0,0,0,0
2026-07-17 10:54:00,HO-Chennai,0.0,0.0,0.0,1.0,0.0,0.0,0,0,0,0,0,0
2026-07-17 10:54:00,ZO-Bengaluru,0.0,0.0,0.0,1.0,0.0,0.0,0,0,0,0,0,0
2026-07-17 10:54:00,BR-Koramangala,0.0,0.0,0.0,1.0,0.0,0.0,0,0,0,0,0,0
2026-07-17 10:54:00,BR-Whitefield,0.0,0.0,0.0,1.0,0.0,0.0,0,0,0,0,0,0
2026-07-17 10:55:00,HO-Chennai,0.0,0.0,0.0,1.0,0.0,0.0,0,0,0,0,0,0
2026-07-17 10:55:00,ZO-Bengaluru,0.0,0.0,0.0,1.0,0.0,0.0,0,0,0,0,0,0
2026-07-17 10:55:00,BR-Koramangala,0.0,0.0,0.0,1.0,0.0,0.0,0,0,0,0,0,0
2026-07-17 10:55:00,BR-Whitefield,0.0,0.0,0.0,1.0,0.0,0.0,0,0,0,0,0,0
2026-07-17 10:56:00,HO-Chennai,0.0,0.0,0.0,1.0,0.0,0.0,0,0,0,0,0,0
2026-07-17 10:56:00,ZO-Bengaluru,0.0,0.0,0.0,1.0,0.0,0.0,0,0,0,0,0,0
2026-07-17 10:56:00,BR-Koramangala,0.0,0.0,0.0,1.0,0.0,0.0,0,0,0,0,0,0
2026-07-17 10:56:00,BR-Whitefield,0.0,0.0,0.0,1.0,0.0,0.0,0,0,0,0,0,0
2026-07-17 10:57:00,HO-Chennai,0.0,0.0,0.0,1.0,0.0,0.0,0,0,0,0,0,0
2026-07-17 10:57:00,ZO-Bengaluru,0.0,0.0,0.0,1.0,0.0,0.0,0,0,0,0,0,0
2026-07-17 10:57:00,BR-Koramangala,0.0,0.0,0.0,1.0,0.0,0.0,0,0,0,0,0,0
2026-07-17 10:57:00,BR-Whitefield,0.0,0.0,0.0,1.0,0.0,0.0,0,0,0,0,0,0
2026-07-17 10:58:00,HO-Chennai,0.0,0.0,0.0,1.0,0.0,0.0,0,0,0,0,0,0
2026-07-17 10:58:00,ZO-Bengaluru,0.0,0.0,0.0,1.0,0.0,0.0,0,0,0,0,0,0
2026-07-17 10:58:00,BR-Koramangala,0.0,0.0,0.0,1.0,0.0,0.0,0,0,0,0,0,0
2026-07-17 10:58:00,BR-Whitefield,0.0,0.0,0.0,1.0,0.0,0.0,0,0,0,0,0,0
2026-07-17 10:59:00,HO-Chennai,0.0,0.0,0.0,1.0,0.0,0.0,0,0,0,0,0,0
2026-07-17 10:59:00,ZO-Bengaluru,0.0,0.0,0.0,1.0,0.0,0.0,0,0,0,0,0,0
2026-07-17 10:59:00,BR-Koramangala,0.0,0.0,0.0,1.0,0.0,0.0,0,0,0,0,0,0
2026-07-17 10:59:00,BR-Whitefield,0.0,0.0,0.0,1.0,0.0,0.0,0,0,0,0,0,0
2026-07-17 11:00:00,HO-Chennai,0.0,0.0,0.0,1.0,0.0,0.0,0,0,0,0,0,0
2026-07-17 11:00:00,ZO-Bengaluru,0.0,0.0,0.0,1.0,0.0,0.0,0,0,0,0,0,0
2026-07-17 11:00:00,BR-Koramangala,0.0,0.0,0.0,1.0,0.0,0.0,0,0,0,0,0,0
2026-07-17 11:00:00,BR-Whitefield,0.0,0.0,0.0,1.0,0.0,0.0,0,0,0,0,0,0
2026-07-17 11:01:00,HO-Chennai,0.0,0.0,0.0,1.0,0.0,0.0,0,0,0,0,0,0
2026-07-17 11:01:00,ZO-Bengaluru,0.0,0.0,0.0,1.0,0.0,0.0,0,0,0,0,0,0
2026-07-17 11:01:00,BR-Koramangala,0.0,0.0,0.0,1.0,0.0,0.0,0,0,0,0,0,0
2026-07-17 11:01:00,BR-Whitefield,0.0,0.0,0.0,1.0,0.0,0.0,0,0,0,0,0,0
2026-07-17 11:02:00,HO-Chennai,0.0,0.0,0.0,1.0,0.0,0.0,0,0,0,0,0,0
2026-07-17 11:02:00,ZO-Bengaluru,0.0,0.0,0.0,1.0,0.0,0.0,0,0,0,0,0,0
2026-07-17 11:02:00,BR-Koramangala,0.0,0.0,0.0,1.0,0.0,0.0,0,0,0,0,0,0
2026-07-17 11:02:00,BR-Whitefield,0.0,0.0,0.0,1.0,0.0,0.0,0,0,0,0,0,0
2026-07-17 11:03:00,HO-Chennai,0.0,0.0,0.0,1.0,0.0,0.0,0,0,0,0,0,0
2026-07-17 11:03:00,ZO-Bengaluru,0.0,0.0,0.0,1.0,0.0,0.0,0,0,0,0,0,0
2026-07-17 11:03:00,BR-Koramangala,0.0,0.0,0.0,1.0,0.0,0.0,0,0,0,0,0,0
2026-07-17 11:03:00,BR-Whitefield,0.0,0.0,0.0,1.0,0.0,0.0,0,0,0,0,0,0
2026-07-17 11:04:00,HO-Chennai,0.0,0.0,0.0,1.0,0.0,0.0,0,0,0,0,0,0
2026-07-17 11:04:00,ZO-Bengaluru,0.0,0.0,0.0,1.0,0.0,0.0,0,0,0,0,0,0
2026-07-17 11:04:00,BR-Koramangala,0.0,0.0,0.0,1.0,0.0,0.0,0,0,0,0,0,0
2026-07-17 11:04:00,BR-Whitefield,0.0,0.0,0.0,1.0,0.0,0.0,0,0,0,0,0,0
2026-07-17 11:05:00,HO-Chennai,0.0,0.0,0.0,1.0,0.0,0.0,0,0,0,0,0,0
2026-07-17 11:05:00,ZO-Bengaluru,0.0,0.0,0.0,1.0,0.0,0.0,0,0,0,0,0,0
2026-07-17 11:05:00,BR-Koramangala,0.0,0.0,0.0,1.0,0.0,0.0,0,0,0,0,0,0
2026-07-17 11:05:00,BR-Whitefield,0.0,0.0,0.0,1.0,0.0,0.0,0,0,0,0,0,0
2026-07-17 11:06:00,HO-Chennai,0.0,0.0,0.0,1.0,0.0,0.0,0,0,0,0,0,0
2026-07-17 11:06:00,ZO-Bengaluru,0.0,0.0,0.0,1.0,0.0,0.0,0,0,0,0,0,0
2026-07-17 11:06:00,BR-Koramangala,0.0,0.0,0.0,1.0,0.0,0.0,0,0,0,0,0,0
2026-07-17 11:06:00,BR-Whitefield,0.0,0.0,0.0,1.0,0.0,0.0,0,0,0,0,0,0
2026-07-17 11:07:00,HO-Chennai,0.0,0.0,0.0,1.0,0.0,0.0,0,0,0,0,0,0
2026-07-17 11:07:00,ZO-Bengaluru,0.0,0.0,0.0,1.0,0.0,0.0,0,0,0,0,0,0
2026-07-17 11:07:00,BR-Koramangala,0.0,0.0,0.0,1.0,0.0,0.0,0,0,0,0,0,0
2026-07-17 11:07:00,BR-Whitefield,0.0,0.0,0.0,1.0,0.0,0.0,0,0,0,0,0,0
2026-07-17 11:08:00,HO-Chennai,0.0,0.0,0.0,1.0,0.0,0.0,0,0,0,0,0,0
2026-07-17 11:08:00,ZO-Bengaluru,0.0,0.0,0.0,1.0,0.0,0.0,0,0,0,0,0,0
2026-07-17 11:08:00,BR-Koramangala,0.0,0.0,0.0,1.0,0.0,0.0,0,0,0,0,0,0
2026-07-17 11:08:00,BR-Whitefield,0.0,0.0,0.0,1.0,0.0,0.0,0,0,0,0,0,0
2026-07-17 11:09:00,HO-Chennai,0.0,0.0,0.0,1.0,0.0,0.0,0,0,0,0,0,0
2026-07-17 11:09:00,ZO-Bengaluru,0.0,0.0,0.0,1.0,0.0,0.0,0,0,0,0,0,0
2026-07-17 11:09:00,BR-Koramangala,0.0,0.0,0.0,1.0,0.0,0.0,0,0,0,0,0,0
2026-07-17 11:09:00,BR-Whitefield,0.0,0.0,0.0,1.0,0.0,0.0,0,0,0,0,0,0
2026-07-17 11:10:00,HO-Chennai,0.0,0.0,0.0,1.0,0.0,0.0,0,0,0,0,0,0
2026-07-17 11:10:00,ZO-Bengaluru,0.0,0.0,0.0,1.0,0.0,0.0,0,0,0,0,0,0
2026-07-17 11:10:00,BR-Koramangala,0.0,0.0,0.0,1.0,0.0,0.0,0,0,0,0,0,0
2026-07-17 11:10:00,BR-Whitefield,0.0,0.0,0.0,1.0,0.0,0.0,0,0,0,0,0,0
2026-07-17 11:11:00,HO-Chennai,0.0,0.0,0.0,1.0,0.0,0.0,0,0,0,0,0,0
2026-07-17 11:11:00,ZO-Bengaluru,0.0,0.0,0.0,1.0,0.0,0.0,0,0,0,0,0,0
2026-07-17 11:11:00,BR-Koramangala,0.0,0.0,0.0,1.0,0.0,0.0,0,0,0,0,0,0
2026-07-17 11:11:00,BR-Whitefield,0.0,0.0,0.0,1.0,0.0,0.0,0,0,0,0,0,0
2026-07-17 11:12:00,HO-Chennai,0.0,0.0,0.0,1.0,0.0,0.0,0,0,0,0,0,0
2026-07-17 11:12:00,ZO-Bengaluru,0.0,0.0,0.0,1.0,0.0,0.0,0,0,0,0,0,0
2026-07-17 11:12:00,BR-Koramangala,0.0,0.0,0.0,1.0,0.0,0.0,0,0,0,0,0,0
2026-07-17 11:12:00,BR-Whitefield,0.0,0.0,0.0,1.0,0.0,0.0,0,0,0,0,0,0
2026-07-17 11:13:00,HO-Chennai,0.0,0.0,0.0,1.0,0.0,0.0,0,0,0,0,0,0
2026-07-17 11:13:00,ZO-Bengaluru,0.0,0.0,0.0,1.0,0.0,0.0,0,0,0,0,0,0
2026-07-17 11:13:00,BR-Koramangala,0.0,0.0,0.0,1.0,0.0,0.0,0,0,0,0,0,0
2026-07-17 11:13:00,BR-Whitefield,0.0,0.0,0.0,1.0,0.0,0.0,0,0,0,0,0,0
2026-07-17 11:14:00,HO-Chennai,0.0,0.0,0.0,1.0,0.0,0.0,0,0,0,0,0,0
2026-07-17 11:14:00,ZO-Bengaluru,0.0,0.0,0.0,1.0,0.0,0.0,0,0,0,0,0,0
2026-07-17 11:14:00,BR-Koramangala,0.0,0.0,0.0,1.0,0.0,0.0,0,0,0,0,0,0
2026-07-17 11:14:00,BR-Whitefield,0.0,0.0,0.0,1.0,0.0,0.0,0,0,0,0,0,0
2026-07-17 11:15:00,HO-Chennai,0.0,0.0,0.0,1.0,0.0,0.0,0,0,0,0,0,0
2026-07-17 11:15:00,ZO-Bengaluru,0.0,0.0,0.0,1.0,0.0,0.0,0,0,0,0,0,0
2026-07-17 11:15:00,BR-Koramangala,0.0,0.0,0.0,1.0,0.0,0.0,0,0,0,0,0,0
2026-07-17 11:15:00,BR-Whitefield,0.0,0.0,0.0,1.0,0.0,0.0,0,0,0,0,0,0
2026-07-17 11:16:00,HO-Chennai,0.0,0.0,0.0,1.0,0.0,0.0,0,0,0,0,0,0
2026-07-17 11:16:00,ZO-Bengaluru,0.0,0.0,0.0,1.0,0.0,0.0,0,0,0,0,0,0
2026-07-17 11:16:00,BR-Koramangala,0.0,0.0,0.0,1.0,0.0,0.0,0,0,0,0,0,0
2026-07-17 11:16:00,BR-Whitefield,0.0,0.0,0.0,1.0,0.0,0.0,0,0,0,0,0,0
2026-07-17 11:17:00,HO-Chennai,0.0,0.0,0.0,1.0,0.0,0.0,0,0,0,0,0,0
2026-07-17 11:17:00,ZO-Bengaluru,0.0,0.0,0.0,1.0,0.0,0.0,0,0,0,0,0,0
2026-07-17 11:17:00,BR-Koramangala,0.0,0.0,0.0,1.0,0.0,0.0,0,0,0,0,0,0
2026-07-17 11:17:00,BR-Whitefield,0.0,0.0,0.0,1.0,0.0,0.0,0,0,0,0,0,0
2026-07-17 11:18:00,HO-Chennai,0.0,0.0,0.0,1.0,0.0,0.0,0,0,0,0,0,0
2026-07-17 11:18:00,ZO-Bengaluru,0.0,0.0,0.0,1.0,0.0,0.0,0,0,0,0,0,0
2026-07-17 11:18:00,BR-Koramangala,0.0,0.0,0.0,1.0,0.0,0.0,0,0,0,0,0,0
2026-07-17 11:18:00,BR-Whitefield,0.0,0.0,0.0,1.0,0.0,0.0,0,0,0,0,0,0
2026-07-17 11:19:00,HO-Chennai,0.0,0.0,0.0,1.0,0.0,0.0,0,0,0,0,0,0
2026-07-17 11:19:00,ZO-Bengaluru,0.0,0.0,0.0,1.0,0.0,0.0,0,0,0,0,0,0
2026-07-17 11:19:00,BR-Koramangala,0.0,0.0,0.0,1.0,0.0,0.0,0,0,0,0,0,0
2026-07-17 11:19:00,BR-Whitefield,0.0,0.0,0.0,1.0,0.0,0.0,0,0,0,0,0,0
2026-07-17 11:20:00,HO-Chennai,0.0,0.0,0.0,1.0,0.0,0.0,0,0,0,0,0,0
2026-07-17 11:20:00,ZO-Bengaluru,0.0,0.0,0.0,1.0,0.0,0.0,0,0,0,0,0,0
2026-07-17 11:20:00,BR-Koramangala,0.0,0.0,0.0,1.0,0.0,0.0,0,0,0,0,0,0
2026-07-17 11:20:00,BR-Whitefield,0.0,0.0,0.0,1.0,0.0,0.0,0,0,0,0,0,0
2026-07-17 11:21:00,HO-Chennai,0.0,0.0,0.0,1.0,0.0,0.0,0,0,0,0,0,0
2026-07-17 11:21:00,ZO-Bengaluru,0.0,0.0,0.0,1.0,0.0,0.0,0,0,0,0,0,0
2026-07-17 11:21:00,BR-Koramangala,0.0,0.0,0.0,1.0,0.0,0.0,0,0,0,0,0,0
2026-07-17 11:21:00,BR-Whitefield,0.0,0.0,0.0,1.0,0.0,0.0,0,0,0,0,0,0
2026-07-17 11:22:00,HO-Chennai,0.0,0.0,0.0,1.0,0.0,0.0,0,0,0,0,0,0
2026-07-17 11:22:00,ZO-Bengaluru,0.0,0.0,0.0,1.0,0.0,0.0,0,0,0,0,0,0
2026-07-17 11:22:00,BR-Koramangala,0.0,0.0,0.0,1.0,0.0,0.0,0,0,0,0,0,0
2026-07-17 11:22:00,BR-Whitefield,0.0,0.0,0.0,1.0,0.0,0.0,0,0,0,0,0,0
2026-07-17 11:23:00,HO-Chennai,0.0,0.0,0.0,1.0,0.0,0.0,0,0,0,0,0,0
2026-07-17 11:23:00,ZO-Bengaluru,0.0,0.0,0.0,1.0,0.0,0.0,0,0,0,0,0,0
2026-07-17 11:23:00,BR-Koramangala,0.0,0.0,0.0,1.0,0.0,0.0,0,0,0,0,0,0
2026-07-17 11:23:00,BR-Whitefield,0.0,0.0,0.0,1.0,0.0,0.0,0,0,0,0,0,0
2026-07-17 11:24:00,HO-Chennai,0.0,0.0,0.0,1.0,0.0,0.0,0,0,0,0,0,0
2026-07-17 11:24:00,ZO-Bengaluru,0.0,0.0,0.0,1.0,0.0,0.0,0,0,0,0,0,0
2026-07-17 11:24:00,BR-Koramangala,0.0,0.0,0.0,1.0,0.0,0.0,0,0,0,0,0,0
2026-07-17 11:24:00,BR-Whitefield,0.0,0.0,0.0,1.0,0.0,0.0,0,0,0,0,0,0
2026-07-17 11:25:00,HO-Chennai,0.0,0.0,0.0,1.0,0.0,0.0,0,0,0,0,0,0
2026-07-17 11:25:00,ZO-Bengaluru,0.0,0.0,0.0,1.0,0.0,0.0,0,0,0,0,0,0
2026-07-17 11:25:00,BR-Koramangala,0.0,0.0,0.0,1.0,0.0,0.0,0,0,0,0,0,0
2026-07-17 11:25:00,BR-Whitefield,0.0,0.0,0.0,1.0,0.0,0.0,0,0,0,0,0,0
2026-07-17 11:26:00,HO-Chennai,0.0,0.0,0.0,1.0,0.0,0.0,0,0,0,0,0,0
2026-07-17 11:26:00,ZO-Bengaluru,0.0,0.0,0.0,1.0,0.0,0.0,0,0,0,0,0,0
2026-07-17 11:26:00,BR-Koramangala,0.0,0.0,0.0,1.0,0.0,0.0,0,0,0,0,0,0
2026-07-17 11:26:00,BR-Whitefield,0.0,0.0,0.0,1.0,0.0,0.0,0,0,0,0,0,0
2026-07-17 11:27:00,HO-Chennai,0.0,0.0,0.0,1.0,0.0,0.0,0,0,0,0,0,0
2026-07-17 11:27:00,ZO-Bengaluru,0.0,0.0,0.0,1.0,0.0,0.0,0,0,0,0,0,0
2026-07-17 11:27:00,BR-Koramangala,0.0,0.0,0.0,1.0,0.0,0.0,0,0,0,0,0,0
2026-07-17 11:27:00,BR-Whitefield,0.0,0.0,0.0,1.0,0.0,0.0,0,0,0,0,0,0
2026-07-17 11:28:00,HO-Chennai,0.0,0.0,0.0,1.0,0.0,0.0,0,0,0,0,0,0
2026-07-17 11:28:00,ZO-Bengaluru,0.0,0.0,0.0,1.0,0.0,0.0,0,0,0,0,0,0
2026-07-17 11:28:00,BR-Koramangala,0.0,0.0,0.0,1.0,0.0,0.0,0,0,0,0,0,0
2026-07-17 11:28:00,BR-Whitefield,0.0,0.0,0.0,1.0,0.0,0.0,0,0,0,0,0,0
2026-07-17 11:29:00,HO-Chennai,0.0,0.0,0.0,1.0,0.0,0.0,0,0,0,0,0,0
2026-07-17 11:29:00,ZO-Bengaluru,0.0,0.0,0.0,1.0,0.0,0.0,0,0,0,0,0,0
2026-07-17 11:29:00,BR-Koramangala,0.0,0.0,0.0,1.0,0.0,0.0,0,0,0,0,0,0
2026-07-17 11:29:00,BR-Whitefield,0.0,0.0,0.0,1.0,0.0,0.0,0,0,0,0,0,0
2026-07-17 11:30:00,HO-Chennai,0.0,0.0,0.0,1.0,0.0,0.0,0,0,0,0,0,0
2026-07-17 11:30:00,ZO-Bengaluru,0.0,0.0,0.0,1.0,0.0,0.0,0,0,0,0,0,0
2026-07-17 11:30:00,BR-Koramangala,0.0,0.0,0.0,1.0,0.0,0.0,0,0,0,0,0,0
2026-07-17 11:30:00,BR-Whitefield,0.0,0.0,0.0,1.0,0.0,0.0,0,0,0,0,0,0
2026-07-17 11:31:00,HO-Chennai,0.0,0.0,0.0,1.0,0.0,0.0,0,0,0,0,0,0
2026-07-17 11:31:00,ZO-Bengaluru,0.0,0.0,0.0,1.0,0.0,0.0,0,0,0,0,0,0
2026-07-17 11:31:00,BR-Koramangala,0.0,0.0,0.0,1.0,0.0,0.0,0,0,0,0,0,0
2026-07-17 11:31:00,BR-Whitefield,0.0,0.0,0.0,1.0,0.0,0.0,0,0,0,0,0,0
2026-07-17 11:32:00,HO-Chennai,0.0,0.0,0.0,1.0,0.0,0.0,0,0,0,0,0,0
2026-07-17 11:32:00,ZO-Bengaluru,0.0,0.0,0.0,1.0,0.0,0.0,0,0,0,0,0,0
2026-07-17 11:32:00,BR-Koramangala,0.0,0.0,0.0,1.0,0.0,0.0,0,0,0,0,0,0
2026-07-17 11:32:00,BR-Whitefield,0.0,0.0,0.0,1.0,0.0,0.0,0,0,0,0,0,0
2026-07-17 11:33:00,HO-Chennai,0.0,0.0,0.0,1.0,0.0,0.0,0,0,0,0,0,0
2026-07-17 11:33:00,ZO-Bengaluru,0.0,0.0,0.0,1.0,0.0,0.0,0,0,0,0,0,0
2026-07-17 11:33:00,BR-Koramangala,0.0,0.0,0.0,1.0,0.0,0.0,0,0,0,0,0,0
2026-07-17 11:33:00,BR-Whitefield,0.0,0.0,0.0,1.0,0.0,0.0,0,0,0,0,0,0
2026-07-17 11:34:00,HO-Chennai,0.0,0.0,0.0,1.0,0.0,0.0,0,0,0,0,0,0
2026-07-17 11:34:00,ZO-Bengaluru,0.0,0.0,0.0,1.0,0.0,0.0,0,0,0,0,0,0
2026-07-17 11:34:00,BR-Koramangala,0.0,0.0,0.0,1.0,0.0,0.0,0,0,0,0,0,0
2026-07-17 11:34:00,BR-Whitefield,0.0,0.0,0.0,1.0,0.0,0.0,0,0,0,0,0,0
2026-07-17 11:35:00,HO-Chennai,0.0,0.0,0.0,1.0,0.0,0.0,0,0,0,0,0,0
2026-07-17 11:35:00,ZO-Bengaluru,0.0,0.0,0.0,1.0,0.0,0.0,0,0,0,0,0,0
2026-07-17 11:35:00,BR-Koramangala,0.0,0.0,0.0,1.0,0.0,0.0,0,0,0,0,0,0
2026-07-17 11:35:00,BR-Whitefield,0.0,0.0,0.0,1.0,0.0,0.0,0,0,0,0,0,0
2026-07-17 11:36:00,HO-Chennai,0.0,0.0,0.0,1.0,0.0,0.0,0,0,0,0,0,0
2026-07-17 11:36:00,ZO-Bengaluru,0.0,0.0,0.0,1.0,0.0,0.0,0,0,0,0,0,0
2026-07-17 11:36:00,BR-Koramangala,0.0,0.0,0.0,1.0,0.0,0.0,0,0,0,0,0,0
2026-07-17 11:36:00,BR-Whitefield,0.0,0.0,0.0,1.0,0.0,0.0,0,0,0,0,0,0
2026-07-17 11:37:00,HO-Chennai,0.0,0.0,0.0,1.0,0.0,0.0,0,0,0,0,0,0
2026-07-17 11:37:00,ZO-Bengaluru,0.0,0.0,0.0,1.0,0.0,0.0,0,0,0,0,0,0
2026-07-17 11:37:00,BR-Koramangala,0.0,0.0,0.0,1.0,0.0,0.0,0,0,0,0,0,0
2026-07-17 11:37:00,BR-Whitefield,0.0,0.0,0.0,1.0,0.0,0.0,0,0,0,0,0,0
2026-07-17 11:38:00,HO-Chennai,0.0,0.0,0.0,1.0,0.0,0.0,0,0,0,0,0,0
2026-07-17 11:38:00,ZO-Bengaluru,0.0,0.0,0.0,1.0,0.0,0.0,0,0,0,0,0,0
2026-07-17 11:38:00,BR-Koramangala,0.0,0.0,0.0,1.0,0.0,0.0,0,0,0,0,0,0
2026-07-17 11:38:00,BR-Whitefield,0.0,0.0,0.0,1.0,0.0,0.0,0,0,0,0,0,0
2026-07-17 11:39:00,HO-Chennai,0.0,0.0,0.0,1.0,0.0,0.0,0,0,0,0,0,0
2026-07-17 11:39:00,ZO-Bengaluru,0.0,0.0,0.0,1.0,0.0,0.0,0,0,0,0,0,0
2026-07-17 11:39:00,BR-Koramangala,0.0,0.0,0.0,1.0,0.0,0.0,0,0,0,0,0,0
2026-07-17 11:39:00,BR-Whitefield,0.0,0.0,0.0,1.0,0.0,0.0,0,0,0,0,0,0
2026-07-17 11:40:00,HO-Chennai,0.0,0.0,0.0,1.0,0.0,0.0,0,0,0,0,0,0
2026-07-17 11:40:00,ZO-Bengaluru,0.0,0.0,0.0,1.0,0.0,0.0,0,0,0,0,0,0
2026-07-17 11:40:00,BR-Koramangala,0.0,0.0,0.0,1.0,0.0,0.0,0,0,0,0,0,0
2026-07-17 11:40:00,BR-Whitefield,0.0,0.0,0.0,1.0,0.0,0.0,0,0,0,0,0,0
2026-07-17 11:41:00,HO-Chennai,0.0,0.0,0.0,1.0,0.0,0.0,0,0,0,0,0,0
2026-07-17 11:41:00,ZO-Bengaluru,0.0,0.0,0.0,1.0,0.0,0.0,0,0,0,0,0,0
2026-07-17 11:41:00,BR-Koramangala,0.0,0.0,0.0,1.0,0.0,0.0,0,0,0,0,0,0
2026-07-17 11:41:00,BR-Whitefield,0.0,0.0,0.0,1.0,0.0,0.0,0,0,0,0,0,0
2026-07-17 11:42:00,HO-Chennai,0.0,0.0,0.0,1.0,0.0,0.0,0,0,0,0,0,0
2026-07-17 11:42:00,ZO-Bengaluru,0.0,0.0,0.0,1.0,0.0,0.0,0,0,0,0,0,0
2026-07-17 11:42:00,BR-Koramangala,0.0,0.0,0.0,1.0,0.0,0.0,0,0,0,0,0,0
2026-07-17 11:42:00,BR-Whitefield,0.0,0.0,0.0,1.0,0.0,0.0,0,0,0,0,0,0
2026-07-17 11:43:00,HO-Chennai,0.0,0.0,0.0,1.0,0.0,0.0,0,0,0,0,0,0
2026-07-17 11:43:00,ZO-Bengaluru,0.0,0.0,0.0,1.0,0.0,0.0,0,0,0,0,0,0
2026-07-17 11:43:00,BR-Koramangala,0.0,0.0,0.0,1.0,0.0,0.0,0,0,0,0,0,0
2026-07-17 11:43:00,BR-Whitefield,0.0,0.0,0.0,1.0,0.0,0.0,0,0,0,0,0,0
2026-07-17 11:44:00,HO-Chennai,0.0,0.0,0.0,1.0,0.0,0.0,0,0,0,0,0,0
2026-07-17 11:44:00,ZO-Bengaluru,0.0,0.0,0.0,1.0,0.0,0.0,0,0,0,0,0,0
2026-07-17 11:44:00,BR-Koramangala,0.0,0.0,0.0,1.0,0.0,0.0,0,0,0,0,0,0
2026-07-17 11:44:00,BR-Whitefield,0.0,0.0,0.0,1.0,0.0,0.0,0,0,0,0,0,0
2026-07-17 11:45:00,HO-Chennai,0.0,0.0,0.0,1.0,0.0,0.0,0,0,0,0,0,0
2026-07-17 11:45:00,ZO-Bengaluru,0.0,0.0,0.0,1.0,0.0,0.0,0,0,0,0,0,0
2026-07-17 11:45:00,BR-Koramangala,0.0,0.0,0.0,1.0,0.0,0.0,0,0,0,0,0,0
2026-07-17 11:45:00,BR-Whitefield,0.0,0.0,0.0,1.0,0.0,0.0,0,0,0,0,0,0
2026-07-17 11:46:00,HO-Chennai,0.0,0.0,0.0,1.0,0.0,0.0,0,0,0,0,0,0
2026-07-17 11:46:00,ZO-Bengaluru,0.0,0.0,0.0,1.0,0.0,0.0,0,0,0,0,0,0
2026-07-17 11:46:00,BR-Koramangala,0.0,0.0,0.0,1.0,0.0,0.0,0,0,0,0,0,0
2026-07-17 11:46:00,BR-Whitefield,0.0,0.0,0.0,1.0,0.0,0.0,0,0,0,0,0,0
2026-07-17 11:47:00,HO-Chennai,0.0,0.0,0.0,1.0,0.0,0.0,0,0,0,0,0,0
2026-07-17 11:47:00,ZO-Bengaluru,0.0,0.0,0.0,1.0,0.0,0.0,0,0,0,0,0,0
2026-07-17 11:47:00,BR-Koramangala,0.0,0.0,0.0,1.0,0.0,0.0,0,0,0,0,0,0
2026-07-17 11:47:00,BR-Whitefield,0.0,0.0,0.0,1.0,0.0,0.0,0,0,0,0,0,0
2026-07-17 11:48:00,HO-Chennai,0.0,0.0,0.0,1.0,0.0,0.0,0,0,0,0,0,0
2026-07-17 11:48:00,ZO-Bengaluru,0.0,0.0,0.0,1.0,0.0,0.0,0,0,0,0,0,0
2026-07-17 11:48:00,BR-Koramangala,0.0,0.0,0.0,1.0,0.0,0.0,0,0,0,0,0,0
2026-07-17 11:48:00,BR-Whitefield,0.0,0.0,0.0,1.0,0.0,0.0,0,0,0,0,0,0
2026-07-17 11:49:00,HO-Chennai,0.0,0.0,0.0,1.0,0.0,0.0,0,0,0,0,0,0
2026-07-17 11:49:00,ZO-Bengaluru,0.0,0.0,0.0,1.0,0.0,0.0,0,0,0,0,0,0
2026-07-17 11:49:00,BR-Koramangala,0.0,0.0,0.0,1.0,0.0,0.0,0,0,0,0,0,0
2026-07-17 11:49:00,BR-Whitefield,0.0,0.0,0.0,1.0,0.0,0.0,0,0,0,0,0,0
2026-07-17 11:50:00,HO-Chennai,0.0,0.0,0.0,1.0,0.0,0.0,0,0,0,0,0,0
2026-07-17 11:50:00,ZO-Bengaluru,0.0,0.0,0.0,1.0,0.0,0.0,0,0,0,0,0,0
2026-07-17 11:50:00,BR-Koramangala,0.0,0.0,0.0,1.0,0.0,0.0,0,0,0,0,0,0
2026-07-17 11:50:00,BR-Whitefield,0.0,0.0,0.0,1.0,0.0,0.0,0,0,0,0,0,0
2026-07-17 11:51:00,HO-Chennai,0.0,0.0,0.0,1.0,0.0,0.0,0,0,0,0,0,0
2026-07-17 11:51:00,ZO-Bengaluru,0.0,0.0,0.0,1.0,0.0,0.0,0,0,0,0,0,0
2026-07-17 11:51:00,BR-Koramangala,0.0,0.0,0.0,1.0,0.0,0.0,0,0,0,0,0,0
2026-07-17 11:51:00,BR-Whitefield,0.0,0.0,0.0,1.0,0.0,0.0,0,0,0,0,0,0
2026-07-17 11:52:00,HO-Chennai,0.0,0.0,0.0,1.0,0.0,0.0,0,0,0,0,0,0
2026-07-17 11:52:00,ZO-Bengaluru,0.0,0.0,0.0,1.0,0.0,0.0,0,0,0,0,0,0
2026-07-17 11:52:00,BR-Koramangala,0.0,0.0,0.0,1.0,0.0,0.0,0,0,0,0,0,0
2026-07-17 11:52:00,BR-Whitefield,0.0,0.0,0.0,1.0,0.0,0.0,0,0,0,0,0,0
2026-07-17 11:53:00,HO-Chennai,0.0,0.0,0.0,1.0,0.0,0.0,0,0,0,0,0,0
2026-07-17 11:53:00,ZO-Bengaluru,0.0,0.0,0.0,1.0,0.0,0.0,0,0,0,0,0,0
2026-07-17 11:53:00,BR-Koramangala,0.0,0.0,0.0,1.0,0.0,0.0,0,0,0,0,0,0
2026-07-17 11:53:00,BR-Whitefield,0.0,0.0,0.0,1.0,0.0,0.0,0,0,0,0,0,0
2026-07-17 11:54:00,HO-Chennai,0.0,0.0,0.0,1.0,0.0,0.0,0,0,0,0,0,0
2026-07-17 11:54:00,ZO-Bengaluru,0.0,0.0,0.0,1.0,0.0,0.0,0,0,0,0,0,0
2026-07-17 11:54:00,BR-Koramangala,0.0,0.0,0.0,1.0,0.0,0.0,0,0,0,0,0,0
2026-07-17 11:54:00,BR-Whitefield,0.0,0.0,0.0,1.0,0.0,0.0,0,0,0,0,0,0
2026-07-17 11:55:00,HO-Chennai,0.0,0.0,0.0,1.0,0.0,0.0,0,0,0,0,0,0
2026-07-17 11:55:00,ZO-Bengaluru,0.0,0.0,0.0,1.0,0.0,0.0,0,0,0,0,0,0
2026-07-17 11:55:00,BR-Koramangala,0.0,0.0,0.0,1.0,0.0,0.0,0,0,0,0,0,0
2026-07-17 11:55:00,BR-Whitefield,0.0,0.0,0.0,1.0,0.0,0.0,0,0,0,0,0,0
2026-07-17 11:56:00,HO-Chennai,0.0,0.0,0.0,1.0,0.0,0.0,0,0,0,0,0,0
2026-07-17 11:56:00,ZO-Bengaluru,0.0,0.0,0.0,1.0,0.0,0.0,0,0,0,0,0,0
2026-07-17 11:56:00,BR-Koramangala,0.0,0.0,0.0,1.0,0.0,0.0,0,0,0,0,0,0
2026-07-17 11:56:00,BR-Whitefield,0.0,0.0,0.0,1.0,0.0,0.0,0,0,0,0,0,0
2026-07-17 11:57:00,HO-Chennai,0.0,0.0,0.0,1.0,0.0,0.0,0,0,0,0,0,0
2026-07-17 11:57:00,ZO-Bengaluru,0.0,0.0,0.0,1.0,0.0,0.0,0,0,0,0,0,0
2026-07-17 11:57:00,BR-Koramangala,0.0,0.0,0.0,1.0,0.0,0.0,0,0,0,0,0,0
2026-07-17 11:57:00,BR-Whitefield,0.0,0.0,0.0,1.0,0.0,0.0,0,0,0,0,0,0
2026-07-17 11:58:00,HO-Chennai,0.0,0.0,0.0,1.0,0.0,0.0,0,0,0,0,0,0
2026-07-17 11:58:00,ZO-Bengaluru,0.0,0.0,0.0,1.0,0.0,0.0,0,0,0,0,0,0
2026-07-17 11:58:00,BR-Koramangala,0.0,0.0,0.0,1.0,0.0,0.0,0,0,0,0,0,0
2026-07-17 11:58:00,BR-Whitefield,0.0,0.0,0.0,1.0,0.0,0.0,0,0,0,0,0,0
2026-07-17 11:59:00,HO-Chennai,0.0,0.0,0.0,1.0,0.0,0.0,0,0,0,0,0,0
2026-07-17 11:59:00,ZO-Bengaluru,0.0,0.0,0.0,1.0,0.0,0.0,0,0,0,0,0,0
2026-07-17 11:59:00,BR-Koramangala,0.0,0.0,0.0,1.0,0.0,0.0,0,0,0,0,0,0
2026-07-17 11:59:00,BR-Whitefield,0.0,0.0,0.0,1.0,0.0,0.0,0,0,0,0,0,0
2026-07-17 12:00:00,HO-Chennai,0.0,0.0,0.0,1.0,0.0,0.0,0,0,0,0,0,0
2026-07-17 12:00:00,ZO-Bengaluru,0.0,0.0,0.0,1.0,0.0,0.0,0,0,0,0,0,0
2026-07-17 12:00:00,BR-Koramangala,0.0,0.0,0.0,1.0,0.0,0.0,0,0,0,0,0,0
2026-07-17 12:00:00,BR-Whitefield,0.0,0.0,0.0,1.0,0.0,0.0,0,0,0,0,0,0
2026-07-17 12:01:00,HO-Chennai,0.0,0.0,0.0,1.0,0.0,0.0,0,0,0,0,0,0
2026-07-17 12:01:00,ZO-Bengaluru,0.0,0.0,0.0,1.0,0.0,0.0,0,0,0,0,0,0
2026-07-17 12:01:00,BR-Koramangala,0.0,0.0,0.0,1.0,0.0,0.0,0,0,0,0,0,0
2026-07-17 12:01:00,BR-Whitefield,0.0,0.0,0.0,1.0,0.0,0.0,0,0,0,0,0,0
2026-07-17 12:02:00,HO-Chennai,0.0,0.0,0.0,1.0,0.0,0.0,0,0,0,0,0,0
2026-07-17 12:02:00,ZO-Bengaluru,0.0,0.0,0.0,1.0,0.0,0.0,0,0,0,0,0,0
2026-07-17 12:02:00,BR-Koramangala,0.0,0.0,0.0,1.0,0.0,0.0,0,0,0,0,0,0
2026-07-17 12:02:00,BR-Whitefield,0.0,0.0,0.0,1.0,0.0,0.0,0,0,0,0,0,0
2026-07-17 12:03:00,HO-Chennai,0.0,0.0,0.0,1.0,0.0,0.0,0,0,0,0,0,0
2026-07-17 12:03:00,ZO-Bengaluru,0.0,0.0,0.0,1.0,0.0,0.0,0,0,0,0,0,0
2026-07-17 12:03:00,BR-Koramangala,0.0,0.0,0.0,1.0,0.0,0.0,0,0,0,0,0,0
2026-07-17 12:03:00,BR-Whitefield,0.0,0.0,0.0,1.0,0.0,0.0,0,0,0,0,0,0
2026-07-17 12:04:00,HO-Chennai,0.0,0.0,0.0,1.0,0.0,0.0,0,0,0,0,0,0
2026-07-17 12:04:00,ZO-Bengaluru,0.0,0.0,0.0,1.0,0.0,0.0,0,0,0,0,0,0
2026-07-17 12:04:00,BR-Koramangala,0.0,0.0,0.0,1.0,0.0,0.0,0,0,0,0,0,0
2026-07-17 12:04:00,BR-Whitefield,0.0,0.0,0.0,1.0,0.0,0.0,0,0,0,0,0,0
2026-07-17 12:05:00,HO-Chennai,0.0,0.0,0.0,1.0,0.0,0.0,0,0,0,0,0,0
2026-07-17 12:05:00,ZO-Bengaluru,0.0,0.0,0.0,1.0,0.0,0.0,0,0,0,0,0,0
2026-07-17 12:05:00,BR-Koramangala,0.0,0.0,0.0,1.0,0.0,0.0,0,0,0,0,0,0
2026-07-17 12:05:00,BR-Whitefield,0.0,0.0,0.0,1.0,0.0,0.0,0,0,0,0,0,0
2026-07-17 12:06:00,HO-Chennai,0.0,0.0,0.0,1.0,0.0,0.0,0,0,0,0,0,0
2026-07-17 12:06:00,ZO-Bengaluru,0.0,0.0,0.0,1.0,0.0,0.0,0,0,0,0,0,0
2026-07-17 12:06:00,BR-Koramangala,0.0,0.0,0.0,1.0,0.0,0.0,0,0,0,0,0,0
2026-07-17 12:06:00,BR-Whitefield,0.0,0.0,0.0,1.0,0.0,0.0,0,0,0,0,0,0
2026-07-17 12:07:00,HO-Chennai,0.0,0.0,0.0,1.0,0.0,0.0,0,0,0,0,0,0
2026-07-17 12:07:00,ZO-Bengaluru,0.0,0.0,0.0,1.0,0.0,0.0,0,0,0,0,0,0
2026-07-17 12:07:00,BR-Koramangala,0.0,0.0,0.0,1.0,0.0,0.0,0,0,0,0,0,0
2026-07-17 12:07:00,BR-Whitefield,0.0,0.0,0.0,1.0,0.0,0.0,0,0,0,0,0,0
2026-07-17 12:08:00,HO-Chennai,0.0,0.0,0.0,1.0,0.0,0.0,0,0,0,0,0,0
2026-07-17 12:08:00,ZO-Bengaluru,0.0,0.0,0.0,1.0,0.0,0.0,0,0,0,0,0,0
2026-07-17 12:08:00,BR-Koramangala,0.0,0.0,0.0,1.0,0.0,0.0,0,0,0,0,0,0
2026-07-17 12:08:00,BR-Whitefield,0.0,0.0,0.0,1.0,0.0,0.0,0,0,0,0,0,0
2026-07-17 12:09:00,HO-Chennai,0.0,0.0,0.0,1.0,0.0,0.0,0,0,0,0,0,0
2026-07-17 12:09:00,ZO-Bengaluru,0.0,0.0,0.0,1.0,0.0,0.0,0,0,0,0,0,0
2026-07-17 12:09:00,BR-Koramangala,0.0,0.0,0.0,1.0,0.0,0.0,0,0,0,0,0,0
2026-07-17 12:09:00,BR-Whitefield,0.0,0.0,0.0,1.0,0.0,0.0,0,0,0,0,0,0
2026-07-17 12:10:00,HO-Chennai,0.0,0.0,0.0,1.0,0.0,0.0,0,0,0,0,0,0
2026-07-17 12:10:00,ZO-Bengaluru,0.0,0.0,0.0,1.0,0.0,0.0,0,0,0,0,0,0
2026-07-17 12:10:00,BR-Koramangala,0.0,0.0,0.0,1.0,0.0,0.0,0,0,0,0,0,0
2026-07-17 12:10:00,BR-Whitefield,0.0,0.0,0.0,1.0,0.0,0.0,0,0,0,0,0,0
2026-07-17 12:11:00,HO-Chennai,0.0,0.0,0.0,1.0,0.0,0.0,0,0,0,0,0,0
2026-07-17 12:11:00,ZO-Bengaluru,0.0,0.0,0.0,1.0,0.0,0.0,0,0,0,0,0,0
2026-07-17 12:11:00,BR-Koramangala,0.0,0.0,0.0,1.0,0.0,0.0,0,0,0,0,0,0
2026-07-17 12:11:00,BR-Whitefield,0.0,0.0,0.0,1.0,0.0,0.0,0,0,0,0,0,0
2026-07-17 12:12:00,HO-Chennai,0.0,0.0,0.0,1.0,0.0,0.0,0,0,0,0,0,0
2026-07-17 12:12:00,ZO-Bengaluru,0.0,0.0,0.0,1.0,0.0,0.0,0,0,0,0,0,0
2026-07-17 12:12:00,BR-Koramangala,0.0,0.0,0.0,1.0,0.0,0.0,0,0,0,0,0,0
2026-07-17 12:12:00,BR-Whitefield,0.0,0.0,0.0,1.0,0.0,0.0,0,0,0,0,0,0
2026-07-17 12:13:00,HO-Chennai,0.0,0.0,0.0,1.0,0.0,0.0,0,0,0,0,0,0
2026-07-17 12:13:00,ZO-Bengaluru,0.0,0.0,0.0,1.0,0.0,0.0,0,0,0,0,0,0
2026-07-17 12:13:00,BR-Koramangala,0.0,0.0,0.0,1.0,0.0,0.0,0,0,0,0,0,0
2026-07-17 12:13:00,BR-Whitefield,0.0,0.0,0.0,1.0,0.0,0.0,0,0,0,0,0,0
2026-07-17 12:14:00,HO-Chennai,0.0,0.0,0.0,1.0,0.0,0.0,0,0,0,0,0,0
2026-07-17 12:14:00,ZO-Bengaluru,0.0,0.0,0.0,1.0,0.0,0.0,0,0,0,0,0,0
2026-07-17 12:14:00,BR-Koramangala,0.0,0.0,0.0,1.0,0.0,0.0,0,0,0,0,0,0
2026-07-17 12:14:00,BR-Whitefield,0.0,0.0,0.0,1.0,0.0,0.0,0,0,0,0,0,0
2026-07-17 12:15:00,HO-Chennai,0.0,0.0,0.0,1.0,0.0,0.0,0,0,0,0,0,0
2026-07-17 12:15:00,ZO-Bengaluru,0.0,0.0,0.0,1.0,0.0,0.0,0,0,0,0,0,0
2026-07-17 12:15:00,BR-Koramangala,0.0,0.0,0.0,1.0,0.0,0.0,0,0,0,0,0,0
2026-07-17 12:15:00,BR-Whitefield,0.0,0.0,0.0,1.0,0.0,0.0,0,0,0,0,0,0
2026-07-17 12:16:00,HO-Chennai,0.0,0.0,0.0,1.0,0.0,0.0,0,0,0,0,0,0
2026-07-17 12:16:00,ZO-Bengaluru,0.0,0.0,0.0,1.0,0.0,0.0,0,0,0,0,0,0
2026-07-17 12:16:00,BR-Koramangala,0.0,0.0,0.0,1.0,0.0,0.0,0,0,0,0,0,0
2026-07-17 12:16:00,BR-Whitefield,0.0,0.0,0.0,1.0,0.0,0.0,0,0,0,0,0,0
2026-07-17 12:17:00,HO-Chennai,0.0,0.0,0.0,1.0,0.0,0.0,0,0,0,0,0,0
2026-07-17 12:17:00,ZO-Bengaluru,0.0,0.0,0.0,1.0,0.0,0.0,0,0,0,0,0,0
2026-07-17 12:17:00,BR-Koramangala,0.0,0.0,0.0,1.0,0.0,0.0,0,0,0,0,0,0
2026-07-17 12:17:00,BR-Whitefield,0.0,0.0,0.0,1.0,0.0,0.0,0,0,0,0,0,0
2026-07-17 12:18:00,HO-Chennai,0.0,0.0,0.0,1.0,0.0,0.0,0,0,0,0,0,0
2026-07-17 12:18:00,ZO-Bengaluru,0.0,0.0,0.0,1.0,0.0,0.0,0,0,0,0,0,0
2026-07-17 12:18:00,BR-Koramangala,0.0,0.0,0.0,1.0,0.0,0.0,0,0,0,0,0,0
2026-07-17 12:18:00,BR-Whitefield,0.0,0.0,0.0,1.0,0.0,0.0,0,0,0,0,0,0
2026-07-17 12:19:00,HO-Chennai,0.0,0.0,0.0,1.0,0.0,0.0,0,0,0,0,0,0
2026-07-17 12:19:00,ZO-Bengaluru,0.0,0.0,0.0,1.0,0.0,0.0,0,0,0,0,0,0
2026-07-17 12:19:00,BR-Koramangala,0.0,0.0,0.0,1.0,0.0,0.0,0,0,0,0,0,0
2026-07-17 12:19:00,BR-Whitefield,0.0,0.0,0.0,1.0,0.0,0.0,0,0,0,0,0,0
2026-07-17 12:20:00,HO-Chennai,0.0,0.0,0.0,1.0,0.0,0.0,0,0,0,0,0,0
2026-07-17 12:20:00,ZO-Bengaluru,0.0,0.0,0.0,1.0,0.0,0.0,0,0,0,0,0,0
2026-07-17 12:20:00,BR-Koramangala,0.0,0.0,0.0,1.0,0.0,0.0,0,0,0,0,0,0
2026-07-17 12:20:00,BR-Whitefield,0.0,0.0,0.0,1.0,0.0,0.0,0,0,0,0,0,0
2026-07-17 12:21:00,HO-Chennai,0.0,0.0,0.0,1.0,0.0,0.0,0,0,0,0,0,0
2026-07-17 12:21:00,ZO-Bengaluru,0.0,0.0,0.0,1.0,0.0,0.0,0,0,0,0,0,0
2026-07-17 12:21:00,BR-Koramangala,0.0,0.0,0.0,1.0,0.0,0.0,0,0,0,0,0,0
2026-07-17 12:21:00,BR-Whitefield,0.0,0.0,0.0,1.0,0.0,0.0,0,0,0,0,0,0
2026-07-17 12:22:00,HO-Chennai,0.0,0.0,0.0,1.0,0.0,0.0,0,0,0,0,0,0
2026-07-17 12:22:00,ZO-Bengaluru,0.0,0.0,0.0,1.0,0.0,0.0,0,0,0,0,0,0
2026-07-17 12:22:00,BR-Koramangala,0.0,0.0,0.0,1.0,0.0,0.0,0,0,0,0,0,0
2026-07-17 12:22:00,BR-Whitefield,0.0,0.0,0.0,1.0,0.0,0.0,0,0,0,0,0,0
2026-07-17 12:23:00,HO-Chennai,0.0,0.0,0.0,1.0,0.0,0.0,0,0,0,0,0,0
2026-07-17 12:23:00,ZO-Bengaluru,0.0,0.0,0.0,1.0,0.0,0.0,0,0,0,0,0,0
2026-07-17 12:23:00,BR-Koramangala,0.0,0.0,0.0,1.0,0.0,0.0,0,0,0,0,0,0
2026-07-17 12:23:00,BR-Whitefield,0.0,0.0,0.0,1.0,0.0,0.0,0,0,0,0,0,0
2026-07-17 12:24:00,HO-Chennai,0.0,0.0,0.0,1.0,0.0,0.0,0,0,0,0,0,0
2026-07-17 12:24:00,ZO-Bengaluru,0.0,0.0,0.0,1.0,0.0,0.0,0,0,0,0,0,0
2026-07-17 12:24:00,BR-Koramangala,0.0,0.0,0.0,1.0,0.0,0.0,0,0,0,0,0,0
2026-07-17 12:24:00,BR-Whitefield,0.0,0.0,0.0,1.0,0.0,0.0,0,0,0,0,0,0
2026-07-17 12:25:00,HO-Chennai,0.0,0.0,0.0,1.0,0.0,0.0,0,0,0,0,0,0
2026-07-17 12:25:00,ZO-Bengaluru,0.0,0.0,0.0,1.0,0.0,0.0,0,0,0,0,0,0
2026-07-17 12:25:00,BR-Koramangala,0.0,0.0,0.0,1.0,0.0,0.0,0,0,0,0,0,0
2026-07-17 12:25:00,BR-Whitefield,0.0,0.0,0.0,1.0,0.0,0.0,0,0,0,0,0,0
2026-07-17 12:26:00,HO-Chennai,0.0,0.0,0.0,1.0,0.0,0.0,0,0,0,0,0,0
2026-07-17 12:26:00,ZO-Bengaluru,0.0,0.0,0.0,1.0,0.0,0.0,0,0,0,0,0,0
2026-07-17 12:26:00,BR-Koramangala,0.0,0.0,0.0,1.0,0.0,0.0,0,0,0,0,0,0
2026-07-17 12:26:00,BR-Whitefield,0.0,0.0,0.0,1.0,0.0,0.0,0,0,0,0,0,0
2026-07-17 12:27:00,HO-Chennai,0.0,0.0,0.0,1.0,0.0,0.0,0,0,0,0,0,0
2026-07-17 12:27:00,ZO-Bengaluru,0.0,0.0,0.0,1.0,0.0,0.0,0,0,0,0,0,0
2026-07-17 12:27:00,BR-Koramangala,0.0,0.0,0.0,1.0,0.0,0.0,0,0,0,0,0,0
2026-07-17 12:27:00,BR-Whitefield,0.0,0.0,0.0,1.0,0.0,0.0,0,0,0,0,0,0
2026-07-17 12:28:00,HO-Chennai,0.0,0.0,0.0,1.0,0.0,0.0,0,0,0,0,0,0
2026-07-17 12:28:00,ZO-Bengaluru,0.0,0.0,0.0,1.0,0.0,0.0,0,0,0,0,0,0
2026-07-17 12:28:00,BR-Koramangala,0.0,0.0,0.0,1.0,0.0,0.0,0,0,0,0,0,0
2026-07-17 12:28:00,BR-Whitefield,0.0,0.0,0.0,1.0,0.0,0.0,0,0,0,0,0,0
2026-07-17 12:29:00,HO-Chennai,0.0,0.0,0.0,1.0,0.0,0.0,0,0,0,0,0,0
2026-07-17 12:29:00,ZO-Bengaluru,0.0,0.0,0.0,1.0,0.0,0.0,0,0,0,0,0,0
2026-07-17 12:29:00,BR-Koramangala,0.0,0.0,0.0,1.0,0.0,0.0,0,0,0,0,0,0
2026-07-17 12:29:00,BR-Whitefield,0.0,0.0,0.0,1.0,0.0,0.0,0,0,0,0,0,0
2026-07-17 12:30:00,HO-Chennai,0.0,0.0,0.0,1.0,0.0,0.0,0,0,0,0,0,0
2026-07-17 12:30:00,ZO-Bengaluru,0.0,0.0,0.0,1.0,0.0,0.0,0,0,0,0,0,0
2026-07-17 12:30:00,BR-Koramangala,0.0,0.0,0.0,1.0,0.0,0.0,0,0,0,0,0,0
2026-07-17 12:30:00,BR-Whitefield,0.0,0.0,0.0,1.0,0.0,0.0,0,0,0,0,0,0
2026-07-17 12:31:00,HO-Chennai,0.0,0.0,0.0,1.0,0.0,0.0,0,0,0,0,0,0
2026-07-17 12:31:00,ZO-Bengaluru,0.0,0.0,0.0,1.0,0.0,0.0,0,0,0,0,0,0
2026-07-17 12:31:00,BR-Koramangala,0.0,0.0,0.0,1.0,0.0,0.0,0,0,0,0,0,0
2026-07-17 12:31:00,BR-Whitefield,0.0,0.0,0.0,1.0,0.0,0.0,0,0,0,0,0,0
2026-07-17 12:32:00,HO-Chennai,0.0,0.0,0.0,1.0,0.0,0.0,0,0,0,0,0,0
2026-07-17 12:32:00,ZO-Bengaluru,0.0,0.0,0.0,1.0,0.0,0.0,0,0,0,0,0,0
2026-07-17 12:32:00,BR-Koramangala,0.0,0.0,0.0,1.0,0.0,0.0,0,0,0,0,0,0
2026-07-17 12:32:00,BR-Whitefield,0.0,0.0,0.0,1.0,0.0,0.0,0,0,0,0,0,0
2026-07-17 12:33:00,HO-Chennai,0.0,0.0,0.0,1.0,0.0,0.0,0,0,0,0,0,0
2026-07-17 12:33:00,ZO-Bengaluru,0.0,0.0,0.0,1.0,0.0,0.0,0,0,0,0,0,0
2026-07-17 12:33:00,BR-Koramangala,0.0,0.0,0.0,1.0,0.0,0.0,0,0,0,0,0,0
2026-07-17 12:33:00,BR-Whitefield,0.0,0.0,0.0,1.0,0.0,0.0,0,0,0,0,0,0
2026-07-17 12:34:00,HO-Chennai,0.0,0.0,0.0,1.0,0.0,0.0,0,0,0,0,0,0
2026-07-17 12:34:00,ZO-Bengaluru,0.0,0.0,0.0,1.0,0.0,0.0,0,0,0,0,0,0
2026-07-17 12:34:00,BR-Koramangala,0.0,0.0,0.0,1.0,0.0,0.0,0,0,0,0,0,0
2026-07-17 12:34:00,BR-Whitefield,0.0,0.0,0.0,1.0,0.0,0.0,0,0,0,0,0,0
2026-07-17 12:35:00,HO-Chennai,0.0,0.0,0.0,1.0,0.0,0.0,0,0,0,0,0,0
2026-07-17 12:35:00,ZO-Bengaluru,0.0,0.0,0.0,1.0,0.0,0.0,0,0,0,0,0,0
2026-07-17 12:35:00,BR-Koramangala,0.0,0.0,0.0,1.0,0.0,0.0,0,0,0,0,0,0
2026-07-17 12:35:00,BR-Whitefield,0.0,0.0,0.0,1.0,0.0,0.0,0,0,0,0,0,0
2026-07-17 12:36:00,HO-Chennai,0.0,0.0,0.0,1.0,0.0,0.0,0,0,0,0,0,0
2026-07-17 12:36:00,ZO-Bengaluru,0.0,0.0,0.0,1.0,0.0,0.0,0,0,0,0,0,0
2026-07-17 12:36:00,BR-Koramangala,0.0,0.0,0.0,1.0,0.0,0.0,0,0,0,0,0,0
2026-07-17 12:36:00,BR-Whitefield,0.0,0.0,0.0,1.0,0.0,0.0,0,0,0,0,0,0
2026-07-17 12:37:00,HO-Chennai,0.0,0.0,0.0,1.0,0.0,0.0,0,0,0,0,0,0
2026-07-17 12:37:00,ZO-Bengaluru,0.0,0.0,0.0,1.0,0.0,0.0,0,0,0,0,0,0
2026-07-17 12:37:00,BR-Koramangala,0.0,0.0,0.0,1.0,0.0,0.0,0,0,0,0,0,0
2026-07-17 12:37:00,BR-Whitefield,0.0,0.0,0.0,1.0,0.0,0.0,0,0,0,0,0,0
2026-07-17 12:38:00,HO-Chennai,0.0,0.0,0.0,1.0,0.0,0.0,0,0,0,0,0,0
2026-07-17 12:38:00,ZO-Bengaluru,0.0,0.0,0.0,1.0,0.0,0.0,0,0,0,0,0,0
2026-07-17 12:38:00,BR-Koramangala,0.0,0.0,0.0,1.0,0.0,0.0,0,0,0,0,0,0
2026-07-17 12:38:00,BR-Whitefield,0.0,0.0,0.0,1.0,0.0,0.0,0,0,0,0,0,0
2026-07-17 12:39:00,HO-Chennai,0.0,0.0,0.0,1.0,0.0,0.0,0,0,0,0,0,0
2026-07-17 12:39:00,ZO-Bengaluru,0.0,0.0,0.0,1.0,0.0,0.0,0,0,0,0,0,0
2026-07-17 12:39:00,BR-Koramangala,0.0,0.0,0.0,1.0,0.0,0.0,0,0,0,0,0,0
2026-07-17 12:39:00,BR-Whitefield,0.0,0.0,0.0,1.0,0.0,0.0,0,0,0,0,0,0
2026-07-17 12:40:00,HO-Chennai,0.0,0.0,0.0,1.0,0.0,0.0,0,0,0,0,0,0
2026-07-17 12:40:00,ZO-Bengaluru,0.0,0.0,0.0,1.0,0.0,0.0,0,0,0,0,0,0
2026-07-17 12:40:00,BR-Koramangala,0.0,0.0,0.0,1.0,0.0,0.0,0,0,0,0,0,0
2026-07-17 12:40:00,BR-Whitefield,0.0,0.0,0.0,1.0,0.0,0.0,0,0,0,0,0,0
2026-07-17 12:41:00,HO-Chennai,0.0,0.0,0.0,1.0,0.0,0.0,0,0,0,0,0,0
2026-07-17 12:41:00,ZO-Bengaluru,0.0,0.0,0.0,1.0,0.0,0.0,0,0,0,0,0,0
2026-07-17 12:41:00,BR-Koramangala,0.0,0.0,0.0,1.0,0.0,0.0,0,0,0,0,0,0
2026-07-17 12:41:00,BR-Whitefield,0.0,0.0,0.0,1.0,0.0,0.0,0,0,0,0,0,0
2026-07-17 12:42:00,HO-Chennai,0.0,0.0,0.0,1.0,0.0,0.0,0,0,0,0,0,0
2026-07-17 12:42:00,ZO-Bengaluru,0.0,0.0,0.0,1.0,0.0,0.0,0,0,0,0,0,0
2026-07-17 12:42:00,BR-Koramangala,0.0,0.0,0.0,1.0,0.0,0.0,0,0,0,0,0,0
2026-07-17 12:42:00,BR-Whitefield,0.0,0.0,0.0,1.0,0.0,0.0,0,0,0,0,0,0
2026-07-17 12:43:00,HO-Chennai,0.0,0.0,0.0,1.0,0.0,0.0,0,0,0,0,0,0
2026-07-17 12:43:00,ZO-Bengaluru,0.0,0.0,0.0,1.0,0.0,0.0,0,0,0,0,0,0
2026-07-17 12:43:00,BR-Koramangala,0.0,0.0,0.0,1.0,0.0,0.0,0,0,0,0,0,0
2026-07-17 12:43:00,BR-Whitefield,0.0,0.0,0.0,1.0,0.0,0.0,0,0,0,0,0,0
2026-07-17 12:44:00,HO-Chennai,0.0,0.0,0.0,1.0,0.0,0.0,0,0,0,0,0,0
2026-07-17 12:44:00,ZO-Bengaluru,0.0,0.0,0.0,1.0,0.0,0.0,0,0,0,0,0,0
2026-07-17 12:44:00,BR-Koramangala,0.0,0.0,0.0,1.0,0.0,0.0,0,0,0,0,0,0
2026-07-17 12:44:00,BR-Whitefield,0.0,0.0,0.0,1.0,0.0,0.0,0,0,0,0,0,0
2026-07-17 12:45:00,HO-Chennai,0.0,0.0,0.0,1.0,0.0,0.0,0,0,0,0,0,0
2026-07-17 12:45:00,ZO-Bengaluru,0.0,0.0,0.0,1.0,0.0,0.0,0,0,0,0,0,0
2026-07-17 12:45:00,BR-Koramangala,0.0,0.0,0.0,1.0,0.0,0.0,0,0,0,0,0,0
2026-07-17 12:45:00,BR-Whitefield,0.0,0.0,0.0,1.0,0.0,0.0,0,0,0,0,0,0
2026-07-17 12:46:00,HO-Chennai,0.0,0.0,0.0,1.0,0.0,0.0,0,0,0,0,0,0
2026-07-17 12:46:00,ZO-Bengaluru,0.0,0.0,0.0,1.0,0.0,0.0,0,0,0,0,0,0
2026-07-17 12:46:00,BR-Koramangala,0.0,0.0,0.0,1.0,0.0,0.0,0,0,0,0,0,0
2026-07-17 12:46:00,BR-Whitefield,0.0,0.0,0.0,1.0,0.0,0.0,0,0,0,0,0,0
2026-07-17 12:47:00,HO-Chennai,0.0,0.0,0.0,1.0,0.0,0.0,0,0,0,0,0,0
2026-07-17 12:47:00,ZO-Bengaluru,0.0,0.0,0.0,1.0,0.0,0.0,0,0,0,0,0,0
2026-07-17 12:47:00,BR-Koramangala,0.0,0.0,0.0,1.0,0.0,0.0,0,0,0,0,0,0
2026-07-17 12:47:00,BR-Whitefield,0.0,0.0,0.0,1.0,0.0,0.0,0,0,0,0,0,0
2026-07-17 12:48:00,HO-Chennai,0.0,0.0,0.0,1.0,0.0,0.0,0,0,0,0,0,0
2026-07-17 12:48:00,ZO-Bengaluru,0.0,0.0,0.0,1.0,0.0,0.0,0,0,0,0,0,0
2026-07-17 12:48:00,BR-Koramangala,0.0,0.0,0.0,1.0,0.0,0.0,0,0,0,0,0,0
2026-07-17 12:48:00,BR-Whitefield,0.0,0.0,0.0,1.0,0.0,0.0,0,0,0,0,0,0
2026-07-17 12:49:00,HO-Chennai,0.0,0.0,0.0,1.0,0.0,0.0,0,0,0,0,0,0
2026-07-17 12:49:00,ZO-Bengaluru,0.0,0.0,0.0,1.0,0.0,0.0,0,0,0,0,0,0
2026-07-17 12:49:00,BR-Koramangala,0.0,0.0,0.0,1.0,0.0,0.0,0,0,0,0,0,0
2026-07-17 12:49:00,BR-Whitefield,0.0,0.0,0.0,1.0,0.0,0.0,0,0,0,0,0,0
2026-07-17 12:50:00,HO-Chennai,0.0,0.0,0.0,1.0,0.0,0.0,0,0,0,0,0,0
2026-07-17 12:50:00,ZO-Bengaluru,0.0,0.0,0.0,1.0,0.0,0.0,0,0,0,0,0,0
2026-07-17 12:50:00,BR-Koramangala,0.0,0.0,0.0,1.0,0.0,0.0,0,0,0,0,0,0
2026-07-17 12:50:00,BR-Whitefield,0.0,0.0,0.0,1.0,0.0,0.0,0,0,0,0,0,0
2026-07-17 12:51:00,HO-Chennai,0.0,0.0,0.0,1.0,0.0,0.0,0,0,0,0,0,0
2026-07-17 12:51:00,ZO-Bengaluru,0.0,0.0,0.0,1.0,0.0,0.0,0,0,0,0,0,0
2026-07-17 12:51:00,BR-Koramangala,0.0,0.0,0.0,1.0,0.0,0.0,0,0,0,0,0,0
2026-07-17 12:51:00,BR-Whitefield,0.0,0.0,0.0,1.0,0.0,0.0,0,0,0,0,0,0
2026-07-17 12:52:00,HO-Chennai,0.0,0.0,0.0,1.0,0.0,0.0,0,0,0,0,0,0
2026-07-17 12:52:00,ZO-Bengaluru,0.0,0.0,0.0,1.0,0.0,0.0,0,0,0,0,0,0
2026-07-17 12:52:00,BR-Koramangala,0.0,0.0,0.0,1.0,0.0,0.0,0,0,0,0,0,0
2026-07-17 12:52:00,BR-Whitefield,0.0,0.0,0.0,1.0,0.0,0.0,0,0,0,0,0,0
2026-07-17 12:53:00,HO-Chennai,0.0,0.0,0.0,1.0,0.0,0.0,0,0,0,0,0,0
2026-07-17 12:53:00,ZO-Bengaluru,0.0,0.0,0.0,1.0,0.0,0.0,0,0,0,0,0,0
2026-07-17 12:53:00,BR-Koramangala,0.0,0.0,0.0,1.0,0.0,0.0,0,0,0,0,0,0
2026-07-17 12:53:00,BR-Whitefield,0.0,0.0,0.0,1.0,0.0,0.0,0,0,0,0,0,0
2026-07-17 12:54:00,HO-Chennai,0.0,0.0,0.0,1.0,0.0,0.0,0,0,0,0,0,0
2026-07-17 12:54:00,ZO-Bengaluru,0.0,0.0,0.0,1.0,0.0,0.0,0,0,0,0,0,0
2026-07-17 12:54:00,BR-Koramangala,0.0,0.0,0.0,1.0,0.0,0.0,0,0,0,0,0,0
2026-07-17 12:54:00,BR-Whitefield,0.0,0.0,0.0,1.0,0.0,0.0,0,0,0,0,0,0
2026-07-17 12:55:00,HO-Chennai,0.0,0.0,0.0,1.0,0.0,0.0,0,0,0,0,0,0
2026-07-17 12:55:00,ZO-Bengaluru,0.0,0.0,0.0,1.0,0.0,0.0,0,0,0,0,0,0
2026-07-17 12:55:00,BR-Koramangala,0.0,0.0,0.0,1.0,0.0,0.0,0,0,0,0,0,0
2026-07-17 12:55:00,BR-Whitefield,0.0,0.0,0.0,1.0,0.0,0.0,0,0,0,0,0,0
2026-07-17 12:56:00,HO-Chennai,0.0,0.0,0.0,1.0,0.0,0.0,0,0,0,0,0,0
2026-07-17 12:56:00,ZO-Bengaluru,0.0,0.0,0.0,1.0,0.0,0.0,0,0,0,0,0,0
2026-07-17 12:56:00,BR-Koramangala,0.0,0.0,0.0,1.0,0.0,0.0,0,0,0,0,0,0
2026-07-17 12:56:00,BR-Whitefield,0.0,0.0,0.0,1.0,0.0,0.0,0,0,0,0,0,0
2026-07-17 12:57:00,HO-Chennai,0.0,0.0,0.0,1.0,0.0,0.0,0,0,0,0,0,0
2026-07-17 12:57:00,ZO-Bengaluru,0.0,0.0,0.0,1.0,0.0,0.0,0,0,0,0,0,0
2026-07-17 12:57:00,BR-Koramangala,0.0,0.0,0.0,1.0,0.0,0.0,0,0,0,0,0,0
2026-07-17 12:57:00,BR-Whitefield,0.0,0.0,0.0,1.0,0.0,0.0,0,0,0,0,0,0
2026-07-17 12:58:00,HO-Chennai,0.0,0.0,0.0,1.0,0.0,0.0,0,0,0,0,0,0
2026-07-17 12:58:00,ZO-Bengaluru,0.0,0.0,0.0,1.0,0.0,0.0,0,0,0,0,0,0
2026-07-17 12:58:00,BR-Koramangala,0.0,0.0,0.0,1.0,0.0,0.0,0,0,0,0,0,0
2026-07-17 12:58:00,BR-Whitefield,0.0,0.0,0.0,1.0,0.0,0.0,0,0,0,0,0,0
2026-07-17 12:59:00,HO-Chennai,0.0,0.0,0.0,1.0,0.0,0.0,0,0,0,0,0,0
2026-07-17 12:59:00,ZO-Bengaluru,0.0,0.0,0.0,1.0,0.0,0.0,0,0,0,0,0,0
2026-07-17 12:59:00,BR-Koramangala,0.0,0.0,0.0,1.0,0.0,0.0,0,0,0,0,0,0
2026-07-17 12:59:00,BR-Whitefield,0.0,0.0,0.0,1.0,0.0,0.0,0,0,0,0,0,0
2026-07-17 13:00:00,HO-Chennai,0.0,0.0,0.0,1.0,0.0,0.0,0,0,0,0,0,0
2026-07-17 13:00:00,ZO-Bengaluru,0.0,0.0,0.0,1.0,0.0,0.0,0,0,0,0,0,0
2026-07-17 13:00:00,BR-Koramangala,0.0,0.0,0.0,1.0,0.0,0.0,0,0,0,0,0,0
2026-07-17 13:00:00,BR-Whitefield,0.0,0.0,0.0,1.0,0.0,0.0,0,0,0,0,0,0
2026-07-17 13:01:00,HO-Chennai,0.0,0.0,0.0,1.0,0.0,0.0,0,0,0,0,0,0
2026-07-17 13:01:00,ZO-Bengaluru,0.0,0.0,0.0,1.0,0.0,0.0,0,0,0,0,0,0
2026-07-17 13:01:00,BR-Koramangala,0.0,0.0,0.0,1.0,0.0,0.0,0,0,0,0,0,0
2026-07-17 13:01:00,BR-Whitefield,0.0,0.0,0.0,1.0,0.0,0.0,0,0,0,0,0,0
2026-07-17 13:02:00,HO-Chennai,0.0,0.0,0.0,1.0,0.0,0.0,0,0,0,0,0,0
2026-07-17 13:02:00,ZO-Bengaluru,0.0,0.0,0.0,1.0,0.0,0.0,0,0,0,0,0,0
2026-07-17 13:02:00,BR-Koramangala,0.0,0.0,0.0,1.0,0.0,0.0,0,0,0,0,0,0
2026-07-17 13:02:00,BR-Whitefield,0.0,0.0,0.0,1.0,0.0,0.0,0,0,0,0,0,0
2026-07-17 13:03:00,HO-Chennai,0.0,0.0,0.0,1.0,0.0,0.0,0,0,0,0,0,0
2026-07-17 13:03:00,ZO-Bengaluru,0.0,0.0,0.0,1.0,0.0,0.0,0,0,0,0,0,0
2026-07-17 13:03:00,BR-Koramangala,0.0,0.0,0.0,1.0,0.0,0.0,0,0,0,0,0,0
2026-07-17 13:03:00,BR-Whitefield,0.0,0.0,0.0,1.0,0.0,0.0,0,0,0,0,0,0
2026-07-17 13:04:00,HO-Chennai,0.0,0.0,0.0,1.0,0.0,0.0,0,0,0,0,0,0
2026-07-17 13:04:00,ZO-Bengaluru,0.0,0.0,0.0,1.0,0.0,0.0,0,0,0,0,0,0
2026-07-17 13:04:00,BR-Koramangala,0.0,0.0,0.0,1.0,0.0,0.0,0,0,0,0,0,0
2026-07-17 13:04:00,BR-Whitefield,0.0,0.0,0.0,1.0,0.0,0.0,0,0,0,0,0,0
2026-07-17 13:05:00,HO-Chennai,0.0,0.0,0.0,1.0,0.0,0.0,0,0,0,0,0,0
2026-07-17 13:05:00,ZO-Bengaluru,0.0,0.0,0.0,1.0,0.0,0.0,0,0,0,0,0,0
2026-07-17 13:05:00,BR-Koramangala,0.0,0.0,0.0,1.0,0.0,0.0,0,0,0,0,0,0
2026-07-17 13:05:00,BR-Whitefield,0.0,0.0,0.0,1.0,0.0,0.0,0,0,0,0,0,0
2026-07-17 13:06:00,HO-Chennai,0.0,0.0,0.0,1.0,0.0,0.0,0,0,0,0,0,0
2026-07-17 13:06:00,ZO-Bengaluru,0.0,0.0,0.0,1.0,0.0,0.0,0,0,0,0,0,0
2026-07-17 13:06:00,BR-Koramangala,0.0,0.0,0.0,1.0,0.0,0.0,0,0,0,0,0,0
2026-07-17 13:06:00,BR-Whitefield,0.0,0.0,0.0,1.0,0.0,0.0,0,0,0,0,0,0
2026-07-17 13:07:00,HO-Chennai,0.0,0.0,0.0,1.0,0.0,0.0,0,0,0,0,0,0
2026-07-17 13:07:00,ZO-Bengaluru,0.0,0.0,0.0,1.0,0.0,0.0,0,0,0,0,0,0
2026-07-17 13:07:00,BR-Koramangala,0.0,0.0,0.0,1.0,0.0,0.0,0,0,0,0,0,0
2026-07-17 13:07:00,BR-Whitefield,0.0,0.0,0.0,1.0,0.0,0.0,0,0,0,0,0,0
2026-07-17 13:08:00,HO-Chennai,0.0,0.0,0.0,1.0,0.0,0.0,0,0,0,0,0,0
2026-07-17 13:08:00,ZO-Bengaluru,0.0,0.0,0.0,1.0,0.0,0.0,0,0,0,0,0,0
2026-07-17 13:08:00,BR-Koramangala,0.0,0.0,0.0,1.0,0.0,0.0,0,0,0,0,0,0
2026-07-17 13:08:00,BR-Whitefield,0.0,0.0,0.0,1.0,0.0,0.0,0,0,0,0,0,0
2026-07-17 13:09:00,HO-Chennai,0.0,0.0,0.0,1.0,0.0,0.0,0,0,0,0,0,0
2026-07-17 13:09:00,ZO-Bengaluru,0.0,0.0,0.0,1.0,0.0,0.0,0,0,0,0,0,0
2026-07-17 13:09:00,BR-Koramangala,0.0,0.0,0.0,1.0,0.0,0.0,0,0,0,0,0,0
2026-07-17 13:09:00,BR-Whitefield,0.0,0.0,0.0,1.0,0.0,0.0,0,0,0,0,0,0
2026-07-17 13:10:00,HO-Chennai,0.0,0.0,0.0,1.0,0.0,0.0,0,0,0,0,0,0
2026-07-17 13:10:00,ZO-Bengaluru,0.0,0.0,0.0,1.0,0.0,0.0,0,0,0,0,0,0
2026-07-17 13:10:00,BR-Koramangala,0.0,0.0,0.0,1.0,0.0,0.0,0,0,0,0,0,0
2026-07-17 13:10:00,BR-Whitefield,0.0,0.0,0.0,1.0,0.0,0.0,0,0,0,0,0,0
2026-07-17 13:11:00,HO-Chennai,0.0,0.0,0.0,1.0,0.0,0.0,0,0,0,0,0,0
2026-07-17 13:11:00,ZO-Bengaluru,0.0,0.0,0.0,1.0,0.0,0.0,0,0,0,0,0,0
2026-07-17 13:11:00,BR-Koramangala,0.0,0.0,0.0,1.0,0.0,0.0,0,0,0,0,0,0
2026-07-17 13:11:00,BR-Whitefield,0.0,0.0,0.0,1.0,0.0,0.0,0,0,0,0,0,0
2026-07-17 13:12:00,HO-Chennai,0.0,0.0,0.0,1.0,0.0,0.0,0,0,0,0,0,0
2026-07-17 13:12:00,ZO-Bengaluru,0.0,0.0,0.0,1.0,0.0,0.0,0,0,0,0,0,0
2026-07-17 13:12:00,BR-Koramangala,0.0,0.0,0.0,1.0,0.0,0.0,0,0,0,0,0,0
2026-07-17 13:12:00,BR-Whitefield,0.0,0.0,0.0,1.0,0.0,0.0,0,0,0,0,0,0
2026-07-17 13:13:00,HO-Chennai,0.0,0.0,0.0,1.0,0.0,0.0,0,0,0,0,0,0
2026-07-17 13:13:00,ZO-Bengaluru,0.0,0.0,0.0,1.0,0.0,0.0,0,0,0,0,0,0
2026-07-17 13:13:00,BR-Koramangala,0.0,0.0,0.0,1.0,0.0,0.0,0,0,0,0,0,0
2026-07-17 13:13:00,BR-Whitefield,0.0,0.0,0.0,1.0,0.0,0.0,0,0,0,0,0,0
2026-07-17 13:14:00,HO-Chennai,0.0,0.0,0.0,1.0,0.0,0.0,0,0,0,0,0,0
2026-07-17 13:14:00,ZO-Bengaluru,0.0,0.0,0.0,1.0,0.0,0.0,0,0,0,0,0,0
2026-07-17 13:14:00,BR-Koramangala,0.0,0.0,0.0,1.0,0.0,0.0,0,0,0,0,0,0
2026-07-17 13:14:00,BR-Whitefield,0.0,0.0,0.0,1.0,0.0,0.0,0,0,0,0,0,0
2026-07-17 13:15:00,HO-Chennai,0.0,0.0,0.0,1.0,0.0,0.0,0,0,0,0,0,0
2026-07-17 13:15:00,ZO-Bengaluru,0.0,0.0,0.0,1.0,0.0,0.0,0,0,0,0,0,0
2026-07-17 13:15:00,BR-Koramangala,0.0,0.0,0.0,1.0,0.0,0.0,0,0,0,0,0,0
2026-07-17 13:15:00,BR-Whitefield,0.0,0.0,0.0,1.0,0.0,0.0,0,0,0,0,0,0
2026-07-17 13:16:00,HO-Chennai,0.0,0.0,0.0,1.0,0.0,0.0,0,0,0,0,0,0
2026-07-17 13:16:00,ZO-Bengaluru,0.0,0.0,0.0,1.0,0.0,0.0,0,0,0,0,0,0
2026-07-17 13:16:00,BR-Koramangala,0.0,0.0,0.0,1.0,0.0,0.0,0,0,0,0,0,0
2026-07-17 13:16:00,BR-Whitefield,0.0,0.0,0.0,1.0,0.0,0.0,0,0,0,0,0,0
2026-07-17 13:17:00,HO-Chennai,0.0,0.0,0.0,1.0,0.0,0.0,0,0,0,0,0,0
2026-07-17 13:17:00,ZO-Bengaluru,0.0,0.0,0.0,1.0,0.0,0.0,0,0,0,0,0,0
2026-07-17 13:17:00,BR-Koramangala,0.0,0.0,0.0,1.0,0.0,0.0,0,0,0,0,0,0
2026-07-17 13:17:00,BR-Whitefield,0.0,0.0,0.0,1.0,0.0,0.0,0,0,0,0,0,0
2026-07-17 13:18:00,HO-Chennai,0.0,0.0,0.0,1.0,0.0,0.0,0,0,0,0,0,0
2026-07-17 13:18:00,ZO-Bengaluru,0.0,0.0,0.0,1.0,0.0,0.0,0,0,0,0,0,0
2026-07-17 13:18:00,BR-Koramangala,0.0,0.0,0.0,1.0,0.0,0.0,0,0,0,0,0,0
2026-07-17 13:18:00,BR-Whitefield,0.0,0.0,0.0,1.0,0.0,0.0,0,0,0,0,0,0
2026-07-17 13:19:00,HO-Chennai,0.0,0.0,0.0,1.0,0.0,0.0,0,0,0,0,0,0
2026-07-17 13:19:00,ZO-Bengaluru,0.0,0.0,0.0,1.0,0.0,0.0,0,0,0,0,0,0
2026-07-17 13:19:00,BR-Koramangala,0.0,0.0,0.0,1.0,0.0,0.0,0,0,0,0,0,0
2026-07-17 13:19:00,BR-Whitefield,0.0,0.0,0.0,1.0,0.0,0.0,0,0,0,0,0,0
2026-07-17 13:20:00,HO-Chennai,0.0,0.0,0.0,1.0,0.0,0.0,0,0,0,0,0,0
2026-07-17 13:20:00,ZO-Bengaluru,0.0,0.0,0.0,1.0,0.0,0.0,0,0,0,0,0,0
2026-07-17 13:20:00,BR-Koramangala,0.0,0.0,0.0,1.0,0.0,0.0,0,0,0,0,0,0
2026-07-17 13:20:00,BR-Whitefield,0.0,0.0,0.0,1.0,0.0,0.0,0,0,0,0,0,0
2026-07-17 13:21:00,HO-Chennai,0.0,0.0,0.0,1.0,0.0,0.0,0,0,0,0,0,0
2026-07-17 13:21:00,ZO-Bengaluru,0.0,0.0,0.0,1.0,0.0,0.0,0,0,0,0,0,0
2026-07-17 13:21:00,BR-Koramangala,0.0,0.0,0.0,1.0,0.0,0.0,0,0,0,0,0,0
2026-07-17 13:21:00,BR-Whitefield,0.0,0.0,0.0,1.0,0.0,0.0,0,0,0,0,0,0
2026-07-17 13:22:00,HO-Chennai,0.0,0.0,0.0,1.0,0.0,0.0,0,0,0,0,0,0
2026-07-17 13:22:00,ZO-Bengaluru,0.0,0.0,0.0,1.0,0.0,0.0,0,0,0,0,0,0
2026-07-17 13:22:00,BR-Koramangala,0.0,0.0,0.0,1.0,0.0,0.0,0,0,0,0,0,0
2026-07-17 13:22:00,BR-Whitefield,0.0,0.0,0.0,1.0,0.0,0.0,0,0,0,0,0,0
2026-07-17 13:23:00,HO-Chennai,0.10533333333333333,0.0,0.0,1.0,0.0,0.0,0,0,0,0,0,0
2026-07-17 13:23:00,ZO-Bengaluru,0.10266666666666667,0.0,0.0,1.0,0.0,0.0,0,0,0,0,0,0
2026-07-17 13:23:00,BR-Koramangala,0.10066666666666667,0.0,0.0,1.0,0.0,0.0,0,0,0,0,0,0
2026-07-17 13:23:00,BR-Whitefield,0.0,100.0,0.0,1.0,0.0,0.0,1,0,0,0,0,1
2026-07-17 13:24:00,HO-Chennai,0.106,0.0,0.0,1.0,0.0,0.0,0,0,0,0,0,0
2026-07-17 13:24:00,ZO-Bengaluru,0.12016666666666666,0.0,0.0,1.0,0.0,0.0,0,0,0,0,0,0
2026-07-17 13:24:00,BR-Koramangala,0.11433333333333333,0.0,0.0,1.0,0.0,0.0,0,0,0,0,0,0
2026-07-17 13:24:00,BR-Whitefield,0.0,100.0,0.0,1.0,0.0,0.0,1,0,0,0,0,1
2026-07-17 13:25:00,HO-Chennai,0.10916666666666668,0.0,0.0,1.0,0.0,0.0,0,0,0,0,0,0
2026-07-17 13:25:00,ZO-Bengaluru,0.11216666666666668,0.0,0.0,1.0,0.0,0.0,0,0,0,0,0,0
2026-07-17 13:25:00,BR-Koramangala,0.09916666666666667,0.0,0.0,1.0,0.0,0.0,0,0,0,0,0,0
2026-07-17 13:25:00,BR-Whitefield,0.0,100.0,0.0,1.0,0.0,0.0,1,0,0,0,0,1
2026-07-17 13:26:00,HO-Chennai,0.10016666666666667,0.0,0.0,1.0,0.0,0.0,0,0,0,0,0,0
2026-07-17 13:26:00,ZO-Bengaluru,0.11183333333333334,0.0,0.0,1.0,0.0,0.0,0,0,0,0,0,0
2026-07-17 13:26:00,BR-Koramangala,0.09266666666666667,0.0,0.0,1.0,0.0,0.0,0,0,0,0,0,0
2026-07-17 13:26:00,BR-Whitefield,0.0,100.0,0.0,1.0,0.0,0.0,1,0,0,0,0,1
2026-07-17 13:27:00,HO-Chennai,0.12283333333333334,0.0,0.0,1.0,0.0,0.0,0,0,0,0,0,0
2026-07-17 13:27:00,ZO-Bengaluru,0.11116666666666668,0.0,0.0,1.0,0.0,0.0,0,0,0,0,0,0
2026-07-17 13:27:00,BR-Koramangala,0.11183333333333334,0.0,0.0,1.0,0.0,0.0,0,0,0,0,0,0
2026-07-17 13:27:00,BR-Whitefield,0.0,100.0,0.0,1.0,0.0,0.0,1,0,0,0,0,1
2026-07-17 13:28:00,HO-Chennai,0.17033333333333334,0.0,0.0,1.0,0.0,0.0,0,0,0,0,0,0
2026-07-17 13:28:00,ZO-Bengaluru,0.15,0.0,0.0,1.0,0.0,0.0,0,0,0,0,0,0
2026-07-17 13:28:00,BR-Koramangala,0.10049999999999999,0.0,0.0,1.0,0.0,0.0,0,0,0,0,0,0
2026-07-17 13:28:00,BR-Whitefield,0.0,100.0,0.0,1.0,0.0,0.0,1,0,0,0,0,1
2026-07-17 13:29:00,HO-Chennai,0.09649999999999999,0.0,0.0,1.0,0.0,0.0,0,0,0,0,0,0
2026-07-17 13:29:00,ZO-Bengaluru,0.09799999999999999,0.0,0.0,1.0,0.0,0.0,0,0,0,0,0,0
2026-07-17 13:29:00,BR-Koramangala,0.11099999999999999,0.0,0.0,1.0,0.0,0.0,0,0,0,0,0,0
2026-07-17 13:29:00,BR-Whitefield,0.0,100.0,0.0,1.0,0.0,0.0,1,0,0,0,0,1
2026-07-17 13:30:00,HO-Chennai,0.077,0.0,0.0,1.0,0.0,0.0,0,0,0,0,0,0
2026-07-17 13:30:00,ZO-Bengaluru,0.09266666666666667,0.0,0.0,1.0,0.0,0.0,0,0,0,0,0,0
2026-07-17 13:30:00,BR-Koramangala,0.07066666666666667,0.0,0.0,1.0,0.0,0.0,0,0,0,0,0,0
2026-07-17 13:30:00,BR-Whitefield,0.0,100.0,0.0,1.0,0.0,0.0,1,0,0,0,0,1
2026-07-17 13:31:00,HO-Chennai,0.09983333333333333,0.0,0.0,1.0,0.0,0.0,0,0,0,0,0,0
2026-07-17 13:31:00,ZO-Bengaluru,0.10333333333333333,0.0,0.0,1.0,0.0,0.0,0,0,0,0,0,0
2026-07-17 13:31:00,BR-Koramangala,0.10566666666666667,0.0,0.0,1.0,0.0,0.0,0,0,0,0,0,0
2026-07-17 13:31:00,BR-Whitefield,0.0,100.0,0.0,1.0,0.0,0.0,1,0,0,0,0,1
2026-07-17 13:32:00,HO-Chennai,0.16583333333333333,0.0,0.0,1.0,0.0,0.0,0,0,0,0,0,0
2026-07-17 13:32:00,ZO-Bengaluru,0.09549999999999999,0.0,0.0,1.0,0.0,0.0,0,0,0,0,0,0
2026-07-17 13:32:00,BR-Koramangala,0.09833333333333333,0.0,0.0,1.0,0.0,0.0,0,0,0,0,0,0
2026-07-17 13:32:00,BR-Whitefield,0.0,100.0,0.0,1.0,0.0,0.0,1,0,0,0,0,1
2026-07-17 13:33:00,HO-Chennai,0.1095,0.0,0.0,1.0,0.0,0.0,0,0,0,0,0,0
2026-07-17 13:33:00,ZO-Bengaluru,0.10133333333333333,0.0,0.0,1.0,0.0,0.0,0,0,0,0,0,0
2026-07-17 13:33:00,BR-Koramangala,0.09733333333333334,0.0,0.0,1.0,0.0,0.0,0,0,0,0,0,0
2026-07-17 13:33:00,BR-Whitefield,0.0,100.0,0.0,1.0,0.0,0.0,1,0,0,0,0,1
2026-07-17 13:34:00,HO-Chennai,0.12833333333333333,0.0,0.0,1.0,0.0,0.0,0,0,0,0,0,0
2026-07-17 13:34:00,ZO-Bengaluru,0.11883333333333333,0.0,0.0,1.0,0.0,0.0,0,0,0,0,0,0
2026-07-17 13:34:00,BR-Koramangala,0.1035,0.0,0.0,1.0,0.0,0.0,0,0,0,0,0,0
2026-07-17 13:34:00,BR-Whitefield,0.0,100.0,0.0,1.0,0.0,0.0,1,0,0,0,0,1
2026-07-17 13:35:00,HO-Chennai,0.08700000000000001,0.0,0.0,1.0,0.0,0.0,0,0,0,0,0,0
2026-07-17 13:35:00,ZO-Bengaluru,0.09566666666666666,0.0,0.0,1.0,0.0,0.0,0,0,0,0,0,0
2026-07-17 13:35:00,BR-Koramangala,0.08733333333333333,0.0,0.0,1.0,0.0,0.0,0,0,0,0,0,0
2026-07-17 13:35:00,BR-Whitefield,0.0,100.0,0.0,1.0,0.0,0.0,1,0,0,0,0,1
2026-07-17 13:36:00,HO-Chennai,0.082,0.0,0.0,1.0,0.0,0.0,0,0,0,0,0,0
2026-07-17 13:36:00,ZO-Bengaluru,0.09150000000000001,0.0,0.0,1.0,0.0,0.0,0,0,0,0,0,0
2026-07-17 13:36:00,BR-Koramangala,0.10266666666666667,0.0,0.0,1.0,0.0,0.0,0,0,0,0,0,0
2026-07-17 13:36:00,BR-Whitefield,0.0,100.0,0.0,1.0,0.0,0.0,1,0,0,0,0,1
2026-07-17 13:37:00,HO-Chennai,0.08983333333333333,0.0,0.0,1.0,0.0,0.0,0,0,0,0,0,0
2026-07-17 13:37:00,ZO-Bengaluru,0.11066666666666668,0.0,0.0,1.0,0.0,0.0,0,0,0,0,0,0
2026-07-17 13:37:00,BR-Koramangala,0.09533333333333333,0.0,0.0,1.0,0.0,0.0,0,0,0,0,0,0
2026-07-17 13:37:00,BR-Whitefield,0.0,100.0,0.0,1.0,0.0,0.0,1,0,0,0,0,1
2026-07-17 13:38:00,HO-Chennai,0.09100000000000001,0.0,0.0,1.0,0.0,0.0,0,0,0,0,0,0
2026-07-17 13:38:00,ZO-Bengaluru,0.09516666666666666,0.0,0.0,1.0,0.0,0.0,0,0,0,0,0,0
2026-07-17 13:38:00,BR-Koramangala,0.08716666666666667,0.0,0.0,1.0,0.0,0.0,0,0,0,0,0,0
2026-07-17 13:38:00,BR-Whitefield,0.0,100.0,0.0,1.0,0.0,0.0,1,0,0,0,0,1
2026-07-17 13:39:00,HO-Chennai,0.08983333333333333,0.0,0.0,1.0,0.0,0.0,0,0,0,0,0,0
2026-07-17 13:39:00,ZO-Bengaluru,0.12316666666666666,0.0,0.0,1.0,0.0,0.0,0,0,0,0,0,0
2026-07-17 13:39:00,BR-Koramangala,0.09949999999999999,0.0,0.0,1.0,0.0,0.0,0,0,0,0,0,0
2026-07-17 13:39:00,BR-Whitefield,0.0,100.0,0.0,1.0,0.0,0.0,1,0,0,0,0,1
2026-07-17 13:40:00,HO-Chennai,0.11133333333333334,0.0,0.0,1.0,0.0,0.0,0,0,0,0,0,0
2026-07-17 13:40:00,ZO-Bengaluru,0.09566666666666666,0.0,0.0,1.0,0.0,0.0,0,0,0,0,0,0
2026-07-17 13:40:00,BR-Koramangala,0.08116666666666666,0.0,0.0,1.0,0.0,0.0,0,0,0,0,0,0
2026-07-17 13:40:00,BR-Whitefield,0.0,100.0,0.0,1.0,0.0,0.0,1,0,0,0,0,1
2026-07-17 13:41:00,HO-Chennai,0.11399999999999999,0.0,0.0,1.0,0.0,0.0,0,0,0,0,0,0
2026-07-17 13:41:00,ZO-Bengaluru,0.10383333333333333,0.0,0.0,1.0,0.0,0.0,0,0,0,0,0,0
2026-07-17 13:41:00,BR-Koramangala,0.10983333333333334,0.0,0.0,1.0,0.0,0.0,0,0,0,0,0,0
2026-07-17 13:41:00,BR-Whitefield,0.0,100.0,0.0,1.0,0.0,0.0,1,0,0,0,0,1
2026-07-17 13:42:00,HO-Chennai,0.11883333333333333,0.0,0.0,1.0,0.0,0.0,0,0,0,0,0,0
2026-07-17 13:42:00,ZO-Bengaluru,0.10166666666666667,0.0,0.0,1.0,0.0,0.0,0,0,0,0,0,0
2026-07-17 13:42:00,BR-Koramangala,0.10633333333333334,0.0,0.0,1.0,0.0,0.0,0,0,0,0,0,0
2026-07-17 13:42:00,BR-Whitefield,0.0,100.0,0.0,1.0,0.0,0.0,1,0,0,0,0,1
2026-07-17 13:43:00,HO-Chennai,0.12166666666666666,0.0,0.0,1.0,0.0,0.0,0,0,0,0,0,0
2026-07-17 13:43:00,ZO-Bengaluru,0.1175,0.0,0.0,1.0,0.0,0.0,0,0,0,0,0,0
2026-07-17 13:43:00,BR-Koramangala,0.10733333333333334,0.0,0.0,1.0,0.0,0.0,0,0,0,0,0,0
2026-07-17 13:43:00,BR-Whitefield,0.0,100.0,0.0,1.0,0.0,0.0,1,0,0,0,0,1
2026-07-17 13:44:00,HO-Chennai,0.10316666666666667,0.0,0.0,1.0,0.0,0.0,0,0,0,0,0,0
2026-07-17 13:44:00,ZO-Bengaluru,0.10866666666666668,0.0,0.0,1.0,0.0,0.0,0,0,0,0,0,0
2026-07-17 13:44:00,BR-Koramangala,0.09100000000000001,0.0,0.0,1.0,0.0,0.0,0,0,0,0,0,0
2026-07-17 13:44:00,BR-Whitefield,0.0,100.0,0.0,1.0,0.0,0.0,1,0,0,0,0,1
2026-07-17 13:45:00,HO-Chennai,0.10416666666666667,0.0,0.0,1.0,0.0,0.0,0,0,0,0,0,0
2026-07-17 13:45:00,ZO-Bengaluru,0.09066666666666667,0.0,0.0,1.0,0.0,0.0,0,0,0,0,0,0
2026-07-17 13:45:00,BR-Koramangala,0.09416666666666666,0.0,0.0,1.0,0.0,0.0,0,0,0,0,0,0
2026-07-17 13:45:00,BR-Whitefield,0.0,100.0,0.0,1.0,0.0,0.0,1,0,0,0,0,1
2026-07-17 13:46:00,HO-Chennai,0.08216666666666667,0.0,0.0,1.0,0.0,0.0,0,0,0,0,0,0
2026-07-17 13:46:00,ZO-Bengaluru,0.1185,0.0,0.0,1.0,0.0,0.0,0,0,0,0,0,0
2026-07-17 13:46:00,BR-Koramangala,0.09683333333333333,0.0,0.0,1.0,0.0,0.0,0,0,0,0,0,0
2026-07-17 13:46:00,BR-Whitefield,0.0,100.0,0.0,1.0,0.0,0.0,1,0,0,0,0,1
2026-07-17 13:47:00,HO-Chennai,0.09466666666666668,0.0,0.0,1.0,0.0,0.0,0,0,0,0,0,0
2026-07-17 13:47:00,ZO-Bengaluru,0.08616666666666667,0.0,0.0,1.0,0.0,0.0,0,0,0,0,0,0
2026-07-17 13:47:00,BR-Koramangala,0.077,0.0,0.0,1.0,0.0,0.0,0,0,0,0,0,0
2026-07-17 13:47:00,BR-Whitefield,0.0,100.0,0.0,1.0,0.0,0.0,1,0,0,0,0,1
2026-07-17 13:48:00,HO-Chennai,0.071,0.0,0.0,1.0,0.0,0.0,0,0,0,0,0,0
2026-07-17 13:48:00,ZO-Bengaluru,0.073,0.0,0.0,1.0,0.0,0.0,0,0,0,0,0,0
2026-07-17 13:48:00,BR-Koramangala,0.07316666666666667,0.0,0.0,1.0,0.0,0.0,0,0,0,0,0,0
2026-07-17 13:48:00,BR-Whitefield,0.0,100.0,0.0,1.0,0.0,0.0,1,0,0,0,0,1
2026-07-17 13:49:00,HO-Chennai,0.10116666666666667,0.0,0.0,1.0,0.0,0.0,0,0,0,0,0,0
2026-07-17 13:49:00,ZO-Bengaluru,0.09499999999999999,0.0,0.0,1.0,0.0,0.0,0,0,0,0,0,0
2026-07-17 13:49:00,BR-Koramangala,0.09066666666666667,0.0,0.0,1.0,0.0,0.0,0,0,0,0,0,0
2026-07-17 13:49:00,BR-Whitefield,0.0,100.0,0.0,1.0,0.0,0.0,1,0,0,0,0,1
2026-07-17 13:50:00,HO-Chennai,0.1195,0.0,0.0,1.0,0.0,0.0,0,0,0,0,0,0
2026-07-17 13:50:00,ZO-Bengaluru,0.11083333333333334,0.0,0.0,1.0,0.0,0.0,0,0,0,0,0,0
2026-07-17 13:50:00,BR-Koramangala,0.10083333333333333,0.0,0.0,1.0,0.0,0.0,0,0,0,0,0,0
2026-07-17 13:50:00,BR-Whitefield,0.0,100.0,0.0,1.0,0.0,0.0,1,0,0,0,0,1
2026-07-17 13:51:00,HO-Chennai,0.08966666666666667,0.0,0.0,1.0,0.0,0.0,0,0,0,0,0,0
2026-07-17 13:51:00,ZO-Bengaluru,0.09883333333333333,0.0,0.0,1.0,0.0,0.0,0,0,0,0,0,0
2026-07-17 13:51:00,BR-Koramangala,0.10683333333333334,0.0,0.0,1.0,0.0,0.0,0,0,0,0,0,0
2026-07-17 13:51:00,BR-Whitefield,0.0,100.0,0.0,1.0,0.0,0.0,1,0,0,0,0,1
2026-07-17 13:52:00,HO-Chennai,0.09383333333333334,0.0,0.0,1.0,0.0,0.0,0,0,0,0,0,0
2026-07-17 13:52:00,ZO-Bengaluru,0.10966666666666668,0.0,0.0,1.0,0.0,0.0,0,0,0,0,0,0
2026-07-17 13:52:00,BR-Koramangala,0.08800000000000001,0.0,0.0,1.0,0.0,0.0,0,0,0,0,0,0
2026-07-17 13:52:00,BR-Whitefield,0.0,100.0,0.0,1.0,0.0,0.0,1,0,0,0,0,1
2026-07-17 13:53:00,HO-Chennai,0.09349999999999999,0.0,0.0,1.0,0.0,0.0,0,0,0,0,0,0
2026-07-17 13:53:00,ZO-Bengaluru,0.103,0.0,0.0,1.0,0.0,0.0,0,0,0,0,0,0
2026-07-17 13:53:00,BR-Koramangala,0.10149999999999999,0.0,0.0,1.0,0.0,0.0,0,0,0,0,0,0
2026-07-17 13:53:00,BR-Whitefield,0.0,100.0,0.0,1.0,0.0,0.0,1,0,0,0,0,1
2026-07-17 13:54:00,HO-Chennai,0.09266666666666667,0.0,0.0,1.0,0.0,0.0,0,0,0,0,0,0
2026-07-17 13:54:00,ZO-Bengaluru,0.08333333333333333,0.0,0.0,1.0,0.0,0.0,0,0,0,0,0,0
2026-07-17 13:54:00,BR-Koramangala,0.09316666666666666,0.0,0.0,1.0,0.0,0.0,0,0,0,0,0,0
2026-07-17 13:54:00,BR-Whitefield,0.0,100.0,0.0,1.0,0.0,0.0,1,0,0,0,0,1
2026-07-17 13:55:00,HO-Chennai,0.109,0.0,0.0,1.0,0.0,0.0,0,0,0,0,0,0
2026-07-17 13:55:00,ZO-Bengaluru,0.12883333333333333,0.0,0.0,1.0,0.0,0.0,0,0,0,0,0,0
2026-07-17 13:55:00,BR-Koramangala,0.11216666666666668,0.0,0.0,1.0,0.0,0.0,0,0,0,0,0,0
2026-07-17 13:55:00,BR-Whitefield,0.0,100.0,0.0,1.0,0.0,0.0,1,0,0,0,0,1
2026-07-17 13:56:00,HO-Chennai,0.09983333333333333,0.0,0.0,1.0,0.0,0.0,0,0,0,0,0,0
2026-07-17 13:56:00,ZO-Bengaluru,0.09966666666666667,0.0,0.0,1.0,0.0,0.0,0,0,0,0,0,0
2026-07-17 13:56:00,BR-Koramangala,0.08616666666666667,0.0,0.0,1.0,0.0,0.0,0,0,0,0,0,0
2026-07-17 13:56:00,BR-Whitefield,0.0,100.0,0.0,1.0,0.0,0.0,1,0,0,0,0,1
2026-07-17 13:57:00,HO-Chennai,0.099,0.0,0.0,1.0,0.0,0.0,0,0,0,0,0,0
2026-07-17 13:57:00,ZO-Bengaluru,0.1014,0.0,0.0,1.0,0.0,0.0,0,0,0,0,0,0
2026-07-17 13:57:00,BR-Koramangala,0.09519999999999999,0.0,0.0,1.0,0.0,0.0,0,0,0,0,0,0
2026-07-17 13:57:00,BR-Whitefield,0.0,100.0,0.0,1.0,0.0,0.0,1,0,0,0,0,1
2026-07-17 13:58:00,HO-Chennai,0.104,0.0,0.0,1.0,0.0,0.0,0,0,0,0,0,0
2026-07-17 13:58:00,ZO-Bengaluru,0.10099999999999999,0.0,0.0,1.0,0.0,0.0,0,0,0,0,0,0
2026-07-17 13:58:00,BR-Koramangala,0.10716666666666667,0.0,0.0,1.0,0.0,0.0,0,0,0,0,0,0
2026-07-17 13:58:00,BR-Whitefield,0.0,100.0,0.0,1.0,0.0,0.0,1,0,0,0,0,1
2026-07-17 13:59:00,HO-Chennai,0.10316666666666667,0.0,0.0,1.0,0.0,0.0,0,0,0,0,0,0
2026-07-17 13:59:00,ZO-Bengaluru,0.10383333333333333,0.0,0.0,1.0,0.0,0.0,0,0,0,0,0,0
2026-07-17 13:59:00,BR-Koramangala,0.09883333333333333,0.0,0.0,1.0,0.0,0.0,0,0,0,0,0,0
2026-07-17 13:59:00,BR-Whitefield,0.0,100.0,0.0,1.0,0.0,0.0,1,0,0,0,0,1
2026-07-17 14:00:00,HO-Chennai,0.09875,0.0,0.0,1.0,0.0,0.0,0,0,0,0,0,0
2026-07-17 14:00:00,ZO-Bengaluru,0.11624999999999999,0.0,0.0,1.0,0.0,0.0,0,0,0,0,0,0
2026-07-17 14:00:00,BR-Koramangala,0.13375,0.0,0.0,1.0,0.0,0.0,0,0,0,0,0,0
2026-07-17 14:00:00,BR-Whitefield,0.0,100.0,0.0,1.0,0.0,0.0,1,0,0,0,0,1
2026-07-17 14:01:00,HO-Chennai,0.179,0.0,0.0,1.0,0.0,0.0,0,0,0,0,0,0
2026-07-17 14:01:00,ZO-Bengaluru,0.14,0.0,0.0,1.0,0.0,0.0,0,0,0,0,0,0
2026-07-17 14:01:00,BR-Koramangala,0.121,0.0,0.0,1.0,0.0,0.0,0,0,0,0,0,0
2026-07-17 14:01:00,BR-Whitefield,0.0,100.0,0.0,1.0,0.0,0.0,1,0,0,0,0,1
2026-07-17 14:02:00,HO-Chennai,0.1295,0.0,0.0,1.0,0.0,0.0,0,0,0,0,0,0
2026-07-17 14:02:00,ZO-Bengaluru,0.10966666666666668,0.0,0.0,1.0,0.0,0.0,0,0,0,0,0,0
2026-07-17 14:02:00,BR-Koramangala,0.12633333333333333,0.0,0.0,1.0,0.0,0.0,0,0,0,0,0,0
2026-07-17 14:02:00,BR-Whitefield,0.0,100.0,0.0,1.0,0.0,0.0,1,0,0,0,0,1
2026-07-17 14:03:00,HO-Chennai,0.12016666666666666,0.0,0.0,1.0,0.0,0.0,0,0,0,0,0,0
2026-07-17 14:03:00,ZO-Bengaluru,0.12483333333333334,0.0,0.0,1.0,0.0,0.0,0,0,0,0,0,0
2026-07-17 14:03:00,BR-Koramangala,0.1135,0.0,0.0,1.0,0.0,0.0,0,0,0,0,0,0
2026-07-17 14:03:00,BR-Whitefield,0.0,100.0,0.0,1.0,0.0,0.0,1,0,0,0,0,1
2026-07-17 14:04:00,HO-Chennai,0.09516666666666666,0.0,0.0,1.0,0.0,0.0,0,0,0,0,0,0
2026-07-17 14:04:00,ZO-Bengaluru,0.08600000000000001,0.0,0.0,1.0,0.0,0.0,0,0,0,0,0,0
2026-07-17 14:04:00,BR-Koramangala,0.0825,0.0,0.0,1.0,0.0,0.0,0,0,0,0,0,0
2026-07-17 14:04:00,BR-Whitefield,0.0,100.0,0.0,1.0,0.0,0.0,1,0,0,0,0,1
2026-07-17 14:05:00,HO-Chennai,0.1225,0.0,0.0,1.0,0.0,0.0,0,0,0,0,0,0
2026-07-17 14:05:00,ZO-Bengaluru,0.13216666666666668,0.0,0.0,1.0,0.0,0.0,0,0,0,0,0,0
2026-07-17 14:05:00,BR-Koramangala,0.123,0.0,0.0,1.0,0.0,0.0,0,0,0,0,0,0
2026-07-17 14:05:00,BR-Whitefield,0.0,100.0,0.0,1.0,0.0,0.0,1,0,0,0,0,1
2026-07-17 14:06:00,HO-Chennai,0.10883333333333334,0.0,0.0,1.0,0.0,0.0,0,0,0,0,0,0
2026-07-17 14:06:00,ZO-Bengaluru,0.15466666666666665,0.0,0.0,1.0,0.0,0.0,0,0,0,0,0,0
2026-07-17 14:06:00,BR-Koramangala,0.12433333333333334,0.0,0.0,1.0,0.0,0.0,0,0,0,0,0,0
2026-07-17 14:06:00,BR-Whitefield,0.0,100.0,0.0,1.0,0.0,0.0,1,0,0,0,0,1
2026-07-17 14:07:00,HO-Chennai,0.125,0.0,0.0,1.0,0.0,0.0,0,0,0,0,0,0
2026-07-17 14:07:00,ZO-Bengaluru,55.571666666666665,0.0,0.0,1.0,0.0,0.0,0,0,0,0,0,0
2026-07-17 14:07:00,BR-Koramangala,0.14366666666666666,0.0,0.0,1.0,0.0,0.0,0,0,0,0,0,0
2026-07-17 14:07:00,BR-Whitefield,0.0,100.0,0.0,1.0,0.0,0.0,1,0,0,0,0,1
2026-07-17 14:08:00,HO-Chennai,0.122,0.0,0.0,1.0,0.0,0.0,0,0,0,0,0,0
2026-07-17 14:08:00,ZO-Bengaluru,82.47633333333333,25.0,0.0,1.0,0.0,0.0,0,0,0,0,0,0
2026-07-17 14:08:00,BR-Koramangala,0.11483333333333334,0.0,0.0,1.0,0.0,0.0,0,0,0,0,0,0
2026-07-17 14:08:00,BR-Whitefield,0.0,100.0,0.0,1.0,0.0,0.0,1,0,0,0,0,1
2026-07-17 14:09:00,HO-Chennai,0.1195,0.0,0.0,1.0,0.0,0.0,0,0,0,0,0,0
2026-07-17 14:09:00,ZO-Bengaluru,79.64133333333334,0.0,0.0,1.0,0.0,0.0,0,0,0,0,0,0
2026-07-17 14:09:00,BR-Koramangala,0.11666666666666665,0.0,0.0,1.0,0.0,0.0,0,0,0,0,0,0
2026-07-17 14:09:00,BR-Whitefield,0.0,100.0,0.0,1.0,0.0,0.0,1,0,0,0,0,1
2026-07-17 14:10:00,HO-Chennai,0.11366666666666668,0.0,0.0,1.0,0.0,0.0,0,0,0,0,0,0
2026-07-17 14:10:00,ZO-Bengaluru,78.08433333333333,25.0,0.0,1.0,0.0,0.0,0,0,0,0,0,0
2026-07-17 14:10:00,BR-Koramangala,0.1145,0.0,0.0,1.0,0.0,0.0,0,0,0,0,0,0
2026-07-17 14:10:00,BR-Whitefield,0.0,100.0,0.0,1.0,0.0,0.0,1,0,0,0,0,1
2026-07-17 14:11:00,HO-Chennai,0.11483333333333334,0.0,0.0,1.0,0.0,0.0,0,0,0,0,0,0
2026-07-17 14:11:00,ZO-Bengaluru,81.44666666666667,0.0,0.0,1.0,0.0,0.0,0,0,0,0,0,0
2026-07-17 14:11:00,BR-Koramangala,0.11816666666666668,0.0,0.0,1.0,0.0,0.0,0,0,0,0,0,0
2026-07-17 14:11:00,BR-Whitefield,0.0,100.0,0.0,1.0,0.0,0.0,1,0,0,0,0,1
2026-07-17 14:12:00,HO-Chennai,0.12016666666666669,0.0,0.0,1.0,0.0,0.0,0,0,0,0,0,0
2026-07-17 14:12:00,ZO-Bengaluru,26.14616666666667,0.0,0.0,1.0,0.0,0.0,0,0,0,0,0,0
2026-07-17 14:12:00,BR-Koramangala,0.13349999999999998,0.0,0.0,1.0,0.0,0.0,0,0,0,0,0,0
2026-07-17 14:12:00,BR-Whitefield,0.0,100.0,0.0,1.0,0.0,0.0,1,0,0,0,0,1
2026-07-17 14:13:00,HO-Chennai,0.13699999999999998,0.0,0.0,1.0,0.0,0.0,0,0,0,0,0,0
2026-07-17 14:13:00,ZO-Bengaluru,0.12216666666666666,0.0,0.0,1.0,0.0,0.0,0,0,0,0,0,0
2026-07-17 14:13:00,BR-Koramangala,0.12233333333333334,0.0,0.0,1.0,0.0,0.0,0,0,0,0,0,0
2026-07-17 14:13:00,BR-Whitefield,0.0,100.0,0.0,1.0,0.0,0.0,1,0,0,0,0,1
2026-07-17 14:14:00,HO-Chennai,0.11166666666666668,0.0,0.0,1.0,0.0,0.0,0,0,0,0,0,0
2026-07-17 14:14:00,ZO-Bengaluru,0.133,0.0,0.0,1.0,0.0,0.0,0,0,0,0,0,0
2026-07-17 14:14:00,BR-Koramangala,0.11816666666666668,0.0,0.0,1.0,0.0,0.0,0,0,0,0,0,0
2026-07-17 14:14:00,BR-Whitefield,0.0,100.0,0.0,1.0,0.0,0.0,1,0,0,0,0,1
2026-07-17 14:15:00,HO-Chennai,0.1375,0.0,0.0,1.0,0.0,0.0,0,0,0,0,0,0
2026-07-17 14:15:00,ZO-Bengaluru,0.13066666666666668,0.0,0.0,1.0,0.0,0.0,0,0,0,0,0,0
2026-07-17 14:15:00,BR-Koramangala,0.125,0.0,0.0,1.0,0.0,0.0,0,0,0,0,0,0
2026-07-17 14:15:00,BR-Whitefield,0.0,100.0,0.0,1.0,0.0,0.0,1,0,0,0,0,1
2026-07-17 14:16:00,HO-Chennai,0.1345,0.0,0.0,1.0,0.0,0.0,0,0,0,0,0,0
2026-07-17 14:16:00,ZO-Bengaluru,0.1195,0.0,0.0,1.0,0.0,0.0,0,0,0,0,0,0
2026-07-17 14:16:00,BR-Koramangala,0.11399999999999999,0.0,0.0,1.0,0.0,0.0,0,0,0,0,0,0
2026-07-17 14:16:00,BR-Whitefield,0.0,100.0,0.0,1.0,0.0,0.0,1,0,0,0,0,1
2026-07-17 14:17:00,HO-Chennai,0.08566666666666667,0.0,0.0,1.0,0.0,0.0,0,0,0,0,0,0
2026-07-17 14:17:00,ZO-Bengaluru,0.08283333333333333,0.0,0.0,1.0,0.0,0.0,0,0,0,0,0,0
2026-07-17 14:17:00,BR-Koramangala,0.08516666666666667,0.0,0.0,1.0,0.0,0.0,0,0,0,0,0,0
2026-07-17 14:17:00,BR-Whitefield,0.0,100.0,0.0,1.0,0.0,0.0,1,0,0,0,0,1
2026-07-17 14:18:00,HO-Chennai,0.08266666666666667,0.0,0.0,1.0,0.0,0.0,0,0,0,0,0,0
2026-07-17 14:18:00,ZO-Bengaluru,0.07716666666666668,0.0,0.0,1.0,0.0,0.0,0,0,0,0,0,0
2026-07-17 14:18:00,BR-Koramangala,0.0835,0.0,0.0,1.0,0.0,0.0,0,0,0,0,0,0
2026-07-17 14:18:00,BR-Whitefield,0.0,100.0,0.0,1.0,0.0,0.0,1,0,0,0,0,1
2026-07-17 14:19:00,HO-Chennai,0.10966666666666668,0.0,0.0,1.0,0.0,0.0,0,0,0,0,0,0
2026-07-17 14:19:00,ZO-Bengaluru,0.09433333333333332,0.0,0.0,1.0,0.0,0.0,0,0,0,0,0,0
2026-07-17 14:19:00,BR-Koramangala,0.09716666666666667,0.0,0.0,1.0,0.0,0.0,0,0,0,0,0,0
2026-07-17 14:19:00,BR-Whitefield,0.0,100.0,0.0,1.0,0.0,0.0,1,0,0,0,0,1
2026-07-17 14:20:00,HO-Chennai,0.22266666666666665,0.0,0.0,1.0,0.0,0.0,0,0,0,0,0,0
2026-07-17 14:20:00,ZO-Bengaluru,0.13416666666666668,0.0,0.0,1.0,0.0,0.0,0,0,0,0,0,0
2026-07-17 14:20:00,BR-Koramangala,0.13433333333333333,0.0,0.0,1.0,0.0,0.0,0,0,0,0,0,0
2026-07-17 14:20:00,BR-Whitefield,0.0,100.0,0.0,1.0,0.0,0.0,1,0,0,0,0,1
2026-07-17 14:21:00,HO-Chennai,0.08566666666666667,0.0,0.0,1.0,0.0,0.0,0,0,0,0,0,0
2026-07-17 14:21:00,ZO-Bengaluru,0.08083333333333333,0.0,0.0,1.0,0.0,0.0,0,0,0,0,0,0
2026-07-17 14:21:00,BR-Koramangala,0.08533333333333333,0.0,0.0,1.0,0.0,0.0,0,0,0,0,0,0
2026-07-17 14:21:00,BR-Whitefield,0.0,100.0,0.0,1.0,0.0,0.0,1,0,0,0,0,1
2026-07-17 14:22:00,HO-Chennai,0.08850000000000001,0.0,0.0,1.0,0.0,0.0,0,0,0,0,0,0
2026-07-17 14:22:00,ZO-Bengaluru,0.08750000000000001,0.0,0.0,1.0,0.0,0.0,0,0,0,0,0,0
2026-07-17 14:22:00,BR-Koramangala,0.07916666666666666,0.0,0.0,1.0,0.0,0.0,0,0,0,0,0,0
2026-07-17 14:22:00,BR-Whitefield,0.0,100.0,0.0,1.0,0.0,0.0,1,0,0,0,0,1
2026-07-17 14:23:00,HO-Chennai,0.07983333333333333,0.0,0.0,1.0,0.0,0.0,0,0,0,0,0,0
2026-07-17 14:23:00,ZO-Bengaluru,0.0815,0.0,0.0,1.0,0.0,0.0,0,0,0,0,0,0
2026-07-17 14:23:00,BR-Koramangala,0.07666666666666666,0.0,0.0,1.0,0.0,0.0,0,0,0,0,0,0
2026-07-17 14:23:00,BR-Whitefield,0.0,100.0,0.0,1.0,0.0,0.0,1,0,0,0,0,1
2026-07-17 14:24:00,HO-Chennai,0.09100000000000001,0.0,0.0,1.0,0.0,0.0,0,0,0,0,0,0
2026-07-17 14:24:00,ZO-Bengaluru,0.11016666666666668,0.0,0.0,1.0,0.0,0.0,0,0,0,0,0,0
2026-07-17 14:24:00,BR-Koramangala,0.13733333333333334,0.0,0.0,1.0,0.0,0.0,0,0,0,0,0,0
2026-07-17 14:24:00,BR-Whitefield,0.0,100.0,0.0,1.0,0.0,0.0,1,0,0,0,0,1
2026-07-17 14:25:00,HO-Chennai,0.11066666666666668,0.0,0.0,1.0,0.0,0.0,0,0,0,0,0,0
2026-07-17 14:25:00,ZO-Bengaluru,0.1245,0.0,0.0,1.0,0.0,0.0,0,0,0,0,0,0
2026-07-17 14:25:00,BR-Koramangala,0.1165,0.0,0.0,1.0,0.0,0.0,0,0,0,0,0,0
2026-07-17 14:25:00,BR-Whitefield,0.0,100.0,0.0,1.0,0.0,0.0,1,0,0,0,0,1
2026-07-17 14:26:00,HO-Chennai,0.13783333333333334,0.0,0.0,1.0,0.0,0.0,0,0,0,0,0,0
2026-07-17 14:26:00,ZO-Bengaluru,0.13549999999999998,0.0,0.0,1.0,0.0,0.0,0,0,0,0,0,0
2026-07-17 14:26:00,BR-Koramangala,0.1195,0.0,0.0,1.0,0.0,0.0,0,0,0,0,0,0
2026-07-17 14:26:00,BR-Whitefield,0.0,100.0,0.0,1.0,0.0,0.0,1,0,0,0,0,1
2026-07-17 14:27:00,HO-Chennai,0.11866666666666666,0.0,0.0,1.0,0.0,0.0,0,0,0,0,0,0
2026-07-17 14:27:00,ZO-Bengaluru,0.13116666666666665,0.0,0.0,1.0,0.0,0.0,0,0,0,0,0,0
2026-07-17 14:27:00,BR-Koramangala,0.123,0.0,0.0,1.0,0.0,0.0,0,0,0,0,0,0
2026-07-17 14:27:00,BR-Whitefield,0.0,100.0,0.0,1.0,0.0,0.0,1,0,0,0,0,1
2026-07-17 14:28:00,HO-Chennai,0.10283333333333333,0.0,0.0,1.0,0.0,0.0,0,0,0,0,0,0
2026-07-17 14:28:00,ZO-Bengaluru,0.09599999999999999,0.0,0.0,1.0,0.0,0.0,0,0,0,0,0,0
2026-07-17 14:28:00,BR-Koramangala,0.10049999999999999,0.0,0.0,1.0,0.0,0.0,0,0,0,0,0,0
2026-07-17 14:28:00,BR-Whitefield,0.0,100.0,0.0,1.0,0.0,0.0,1,0,0,0,0,1
2026-07-17 14:29:00,HO-Chennai,0.09466666666666668,0.0,0.0,1.0,0.0,0.0,0,0,0,0,0,0
2026-07-17 14:29:00,ZO-Bengaluru,0.09633333333333333,0.0,0.0,1.0,0.0,0.0,0,0,0,0,0,0
2026-07-17 14:29:00,BR-Koramangala,0.09799999999999999,0.0,0.0,1.0,0.0,0.0,0,0,0,0,0,0
2026-07-17 14:29:00,BR-Whitefield,0.0,100.0,0.0,1.0,0.0,0.0,1,0,0,0,0,1
2026-07-17 14:30:00,HO-Chennai,0.23366666666666666,0.0,0.0,1.0,0.0,0.0,0,0,0,0,0,0
2026-07-17 14:30:00,ZO-Bengaluru,0.3451666666666667,0.0,0.0,1.0,0.0,0.0,0,0,0,0,0,0
2026-07-17 14:30:00,BR-Koramangala,0.1396666666666667,0.0,0.0,1.0,0.0,0.0,0,0,0,0,0,0
2026-07-17 14:30:00,BR-Whitefield,0.0,100.0,0.0,1.0,0.0,0.0,1,0,0,0,0,1
2026-07-17 14:31:00,HO-Chennai,0.10083333333333333,0.0,0.0,1.0,0.0,0.0,0,0,0,0,0,0
2026-07-17 14:31:00,ZO-Bengaluru,0.08216666666666667,0.0,0.0,1.0,0.0,0.0,0,0,0,0,0,0
2026-07-17 14:31:00,BR-Koramangala,0.10066666666666667,0.0,0.0,1.0,0.0,0.0,0,0,0,0,0,0
2026-07-17 14:31:00,BR-Whitefield,0.0,100.0,0.0,1.0,0.0,0.0,1,0,0,0,0,1
2026-07-17 14:32:00,HO-Chennai,0.10466666666666667,0.0,0.0,1.0,0.0,0.0,0,0,0,0,0,0
2026-07-17 14:32:00,ZO-Bengaluru,0.11366666666666665,0.0,0.0,1.0,0.0,0.0,0,0,0,0,0,0
2026-07-17 14:32:00,BR-Koramangala,0.11833333333333333,0.0,0.0,1.0,0.0,0.0,0,0,0,0,0,0
2026-07-17 14:32:00,BR-Whitefield,0.0,100.0,0.0,1.0,0.0,0.0,1,0,0,0,0,1
2026-07-17 14:33:00,HO-Chennai,0.11,0.0,0.0,1.0,0.0,0.0,0,0,0,0,0,0
2026-07-17 14:33:00,ZO-Bengaluru,0.1025,0.0,0.0,1.0,0.0,0.0,0,0,0,0,0,0
2026-07-17 14:33:00,BR-Koramangala,0.18666666666666668,0.0,0.0,1.0,0.0,0.0,0,0,0,0,0,0
2026-07-17 14:33:00,BR-Whitefield,0.0,100.0,0.0,1.0,0.0,0.0,1,0,0,0,0,1
2026-07-17 14:34:00,HO-Chennai,0.09933333333333333,0.0,0.0,1.0,0.0,0.0,0,0,0,0,0,0
2026-07-17 14:34:00,ZO-Bengaluru,0.09733333333333333,0.0,0.0,1.0,0.0,0.0,0,0,0,0,0,0
2026-07-17 14:34:00,BR-Koramangala,0.10566666666666667,0.0,0.0,1.0,0.0,0.0,0,0,0,0,0,0
2026-07-17 14:34:00,BR-Whitefield,0.0,100.0,0.0,1.0,0.0,0.0,1,0,0,0,0,1
2026-07-17 14:35:00,HO-Chennai,0.08950000000000001,0.0,0.0,1.0,0.0,0.0,0,0,0,0,0,0
2026-07-17 14:35:00,ZO-Bengaluru,0.18783333333333332,0.0,0.0,1.0,0.0,0.0,0,0,0,0,0,0
2026-07-17 14:35:00,BR-Koramangala,0.3966666666666667,0.0,0.0,1.0,0.0,0.0,0,0,0,0,0,0
2026-07-17 14:35:00,BR-Whitefield,0.0,100.0,0.0,1.0,0.0,0.0,1,0,0,0,0,1
2026-07-17 14:36:00,HO-Chennai,0.08966666666666667,0.0,0.0,1.0,0.0,0.0,0,0,0,0,0,0
2026-07-17 14:36:00,ZO-Bengaluru,0.09150000000000001,0.0,0.0,1.0,0.0,0.0,0,0,0,0,0,0
2026-07-17 14:36:00,BR-Koramangala,0.11483333333333334,0.0,0.0,1.0,0.0,0.0,0,0,0,0,0,0
2026-07-17 14:36:00,BR-Whitefield,0.0,100.0,0.0,1.0,0.0,0.0,1,0,0,0,0,1
2026-07-17 14:37:00,HO-Chennai,0.12433333333333334,0.0,0.0,1.0,0.0,0.0,0,0,0,0,0,0
2026-07-17 14:37:00,ZO-Bengaluru,0.11333333333333333,0.0,0.0,1.0,0.0,0.0,0,0,0,0,0,0
2026-07-17 14:37:00,BR-Koramangala,0.11016666666666668,0.0,0.0,1.0,0.0,0.0,0,0,0,0,0,0
2026-07-17 14:37:00,BR-Whitefield,0.0,100.0,0.0,1.0,0.0,0.0,1,0,0,0,0,1
2026-07-17 14:38:00,HO-Chennai,0.09949999999999999,0.0,0.0,1.0,0.0,0.0,0,0,0,0,0,0
2026-07-17 14:38:00,ZO-Bengaluru,0.09683333333333333,0.0,0.0,1.0,0.0,0.0,0,0,0,0,0,0
2026-07-17 14:38:00,BR-Koramangala,0.10333333333333333,0.0,0.0,1.0,0.0,0.0,0,0,0,0,0,0
2026-07-17 14:38:00,BR-Whitefield,0.0,100.0,0.0,1.0,0.0,0.0,1,0,0,0,0,1
2026-07-17 14:39:00,HO-Chennai,0.10283333333333333,0.0,0.0,1.0,0.0,0.0,0,0,0,0,0,0
2026-07-17 14:39:00,ZO-Bengaluru,0.10583333333333333,0.0,0.0,1.0,0.0,0.0,0,0,0,0,0,0
2026-07-17 14:39:00,BR-Koramangala,0.12616666666666668,0.0,0.0,1.0,0.0,0.0,0,0,0,0,0,0
2026-07-17 14:39:00,BR-Whitefield,0.0,100.0,0.0,1.0,0.0,0.0,1,0,0,0,0,1
2026-07-17 14:40:00,HO-Chennai,0.076,0.0,0.0,1.0,0.0,0.0,0,0,0,0,0,0
2026-07-17 14:40:00,ZO-Bengaluru,0.08616666666666667,0.0,0.0,1.0,0.0,0.0,0,0,0,0,0,0
2026-07-17 14:40:00,BR-Koramangala,0.0805,0.0,0.0,1.0,0.0,0.0,0,0,0,0,0,0
2026-07-17 14:40:00,BR-Whitefield,0.0,100.0,0.0,1.0,0.0,0.0,1,0,0,0,0,1
2026-07-17 14:41:00,HO-Chennai,0.11566666666666665,0.0,0.0,1.0,0.0,0.0,0,0,0,0,0,0
2026-07-17 14:41:00,ZO-Bengaluru,0.08033333333333333,0.0,0.0,1.0,0.0,0.0,0,0,0,0,0,0
2026-07-17 14:41:00,BR-Koramangala,0.0765,0.0,0.0,1.0,0.0,0.0,0,0,0,0,0,0
2026-07-17 14:41:00,BR-Whitefield,0.0,100.0,0.0,1.0,0.0,0.0,1,0,0,0,0,1
2026-07-17 14:42:00,HO-Chennai,0.1125,0.0,0.0,1.0,0.0,0.0,0,0,0,0,0,0
2026-07-17 14:42:00,ZO-Bengaluru,0.112,0.0,0.0,1.0,0.0,0.0,0,0,0,0,0,0
2026-07-17 14:42:00,BR-Koramangala,0.107,0.0,0.0,1.0,0.0,0.0,0,0,0,0,0,0
2026-07-17 14:42:00,BR-Whitefield,0.0,100.0,0.0,1.0,0.0,0.0,1,0,0,0,0,1
2026-07-17 14:43:00,HO-Chennai,0.11133333333333334,0.0,0.0,1.0,0.0,0.0,0,0,0,0,0,0
2026-07-17 14:43:00,ZO-Bengaluru,0.10966666666666668,0.0,0.0,1.0,0.0,0.0,0,0,0,0,0,0
2026-07-17 14:43:00,BR-Koramangala,0.09666666666666666,0.0,0.0,1.0,0.0,0.0,0,0,0,0,0,0
2026-07-17 14:43:00,BR-Whitefield,0.0,100.0,0.0,1.0,0.0,0.0,1,0,0,0,0,1
2026-07-17 14:44:00,HO-Chennai,0.08900000000000001,0.0,0.0,1.0,0.0,0.0,0,0,0,0,0,0
2026-07-17 14:44:00,ZO-Bengaluru,0.083,0.0,0.0,1.0,0.0,0.0,0,0,0,0,0,0
2026-07-17 14:44:00,BR-Koramangala,0.09116666666666666,0.0,0.0,1.0,0.0,0.0,0,0,0,0,0,0
2026-07-17 14:44:00,BR-Whitefield,0.0,100.0,0.0,1.0,0.0,0.0,1,0,0,0,0,1
2026-07-17 14:45:00,HO-Chennai,0.0835,0.0,0.0,1.0,0.0,0.0,0,0,0,0,0,0
2026-07-17 14:45:00,ZO-Bengaluru,0.08033333333333333,0.0,0.0,1.0,0.0,0.0,0,0,0,0,0,0
2026-07-17 14:45:00,BR-Koramangala,0.08466666666666667,0.0,0.0,1.0,0.0,0.0,0,0,0,0,0,0
2026-07-17 14:45:00,BR-Whitefield,0.0,100.0,0.0,1.0,0.0,0.0,1,0,0,0,0,1
2026-07-17 14:46:00,HO-Chennai,0.08666666666666667,0.0,0.0,1.0,0.0,0.0,0,0,0,0,0,0
2026-07-17 14:46:00,ZO-Bengaluru,0.08416666666666667,0.0,0.0,1.0,0.0,0.0,0,0,0,0,0,0
2026-07-17 14:46:00,BR-Koramangala,0.09016666666666667,0.0,0.0,1.0,0.0,0.0,0,0,0,0,0,0
2026-07-17 14:46:00,BR-Whitefield,0.0,100.0,0.0,1.0,0.0,0.0,1,0,0,0,0,1
2026-07-17 14:47:00,HO-Chennai,0.09400000000000001,0.0,0.0,1.0,0.0,0.0,0,0,0,0,0,0
2026-07-17 14:47:00,ZO-Bengaluru,0.0795,0.0,0.0,1.0,0.0,0.0,0,0,0,0,0,0
2026-07-17 14:47:00,BR-Koramangala,0.08216666666666667,0.0,0.0,1.0,0.0,0.0,0,0,0,0,0,0
2026-07-17 14:47:00,BR-Whitefield,0.0,100.0,0.0,1.0,0.0,0.0,1,0,0,0,0,1
2026-07-17 14:48:00,HO-Chennai,0.0845,0.0,0.0,1.0,0.0,0.0,0,0,0,0,0,0
2026-07-17 14:48:00,ZO-Bengaluru,0.09416666666666666,0.0,0.0,1.0,0.0,0.0,0,0,0,0,0,0
2026-07-17 14:48:00,BR-Koramangala,0.10049999999999999,0.0,0.0,1.0,0.0,0.0,0,0,0,0,0,0
2026-07-17 14:48:00,BR-Whitefield,0.0,100.0,0.0,1.0,0.0,0.0,1,0,0,0,0,1
2026-07-17 14:49:00,HO-Chennai,0.0795,0.0,0.0,1.0,0.0,0.0,0,0,0,0,0,0
2026-07-17 14:49:00,ZO-Bengaluru,0.0795,0.0,0.0,1.0,0.0,0.0,0,0,0,0,0,0
2026-07-17 14:49:00,BR-Koramangala,0.09799999999999999,0.0,0.0,1.0,0.0,0.0,0,0,0,0,0,0
2026-07-17 14:49:00,BR-Whitefield,0.0,100.0,0.0,1.0,0.0,0.0,1,0,0,0,0,1
2026-07-17 14:50:00,HO-Chennai,0.124,0.0,0.0,1.0,0.0,0.0,0,0,0,0,0,0
2026-07-17 14:50:00,ZO-Bengaluru,0.10366666666666667,0.0,0.0,1.0,0.0,0.0,0,0,0,0,0,0
2026-07-17 14:50:00,BR-Koramangala,0.108,0.0,0.0,1.0,0.0,0.0,0,0,0,0,0,0
2026-07-17 14:50:00,BR-Whitefield,0.0,100.0,0.0,1.0,0.0,0.0,1,0,0,0,0,1
2026-07-17 14:51:00,HO-Chennai,0.20083333333333334,0.0,0.0,1.0,0.0,0.0,0,0,0,0,0,0
2026-07-17 14:51:00,ZO-Bengaluru,0.10833333333333334,0.0,0.0,1.0,0.0,0.0,0,0,0,0,0,0
2026-07-17 14:51:00,BR-Koramangala,0.10966666666666665,0.0,0.0,1.0,0.0,0.0,0,0,0,0,0,0
2026-07-17 14:51:00,BR-Whitefield,0.0,100.0,0.0,1.0,0.0,0.0,1,0,0,0,0,1
2026-07-17 14:52:00,HO-Chennai,0.07983333333333333,0.0,0.0,1.0,0.0,0.0,0,0,0,0,0,0
2026-07-17 14:52:00,ZO-Bengaluru,0.08433333333333333,0.0,0.0,1.0,0.0,0.0,0,0,0,0,0,0
2026-07-17 14:52:00,BR-Koramangala,0.077,0.0,0.0,1.0,0.0,0.0,0,0,0,0,0,0
2026-07-17 14:52:00,BR-Whitefield,0.0,100.0,0.0,1.0,0.0,0.0,1,0,0,0,0,1
2026-07-17 14:53:00,HO-Chennai,0.09499999999999999,0.0,0.0,1.0,0.0,0.0,0,0,0,0,0,0
2026-07-17 14:53:00,ZO-Bengaluru,0.10266666666666667,0.0,0.0,1.0,0.0,0.0,0,0,0,0,0,0
2026-07-17 14:53:00,BR-Koramangala,0.08950000000000001,0.0,0.0,1.0,0.0,0.0,0,0,0,0,0,0
2026-07-17 14:53:00,BR-Whitefield,0.0,100.0,0.0,1.0,0.0,0.0,1,0,0,0,0,1
2026-07-17 14:54:00,HO-Chennai,0.08116666666666666,0.0,0.0,1.0,0.0,0.0,0,0,0,0,0,0
2026-07-17 14:54:00,ZO-Bengaluru,0.0755,0.0,0.0,1.0,0.0,0.0,0,0,0,0,0,0
2026-07-17 14:54:00,BR-Koramangala,0.08183333333333333,0.0,0.0,1.0,0.0,0.0,0,0,0,0,0,0
2026-07-17 14:54:00,BR-Whitefield,0.0,100.0,0.0,1.0,0.0,0.0,1,0,0,0,0,1
2026-07-17 14:55:00,HO-Chennai,0.08516666666666667,0.0,0.0,1.0,0.0,0.0,0,0,0,0,0,0
2026-07-17 14:55:00,ZO-Bengaluru,0.08316666666666667,0.0,0.0,1.0,0.0,0.0,0,0,0,0,0,0
2026-07-17 14:55:00,BR-Koramangala,0.08383333333333333,0.0,0.0,1.0,0.0,0.0,0,0,0,0,0,0
2026-07-17 14:55:00,BR-Whitefield,0.0,100.0,0.0,1.0,0.0,0.0,1,0,0,0,0,1
2026-07-17 14:56:00,HO-Chennai,0.10333333333333333,0.0,0.0,1.0,0.0,0.0,0,0,0,0,0,0
2026-07-17 14:56:00,ZO-Bengaluru,0.10183333333333333,0.0,0.0,1.0,0.0,0.0,0,0,0,0,0,0
2026-07-17 14:56:00,BR-Koramangala,0.11066666666666668,0.0,0.0,1.0,0.0,0.0,0,0,0,0,0,0
2026-07-17 14:56:00,BR-Whitefield,0.0,100.0,0.0,1.0,0.0,0.0,1,0,0,0,0,1
2026-07-17 14:57:00,HO-Chennai,0.106,0.0,0.0,1.0,0.0,0.0,0,0,0,0,0,0
2026-07-17 14:57:00,ZO-Bengaluru,0.10575,0.0,0.0,1.0,0.0,0.0,0,0,0,0,0,0
2026-07-17 14:57:00,BR-Koramangala,0.1095,0.0,0.0,1.0,0.0,0.0,0,0,0,0,0,0
2026-07-17 14:57:00,BR-Whitefield,0.0,100.0,0.0,1.0,0.0,0.0,1,0,0,0,0,1
2026-07-17 14:58:00,HO-Chennai,0.12816666666666665,0.0,0.0,1.0,0.0,0.0,0,0,0,0,0,0
2026-07-17 14:58:00,ZO-Bengaluru,0.1225,0.0,0.0,1.0,0.0,0.0,0,0,0,0,0,0
2026-07-17 14:58:00,BR-Koramangala,0.112,0.0,0.0,1.0,0.0,0.0,0,0,0,0,0,0
2026-07-17 14:58:00,BR-Whitefield,0.0,0.0,0.0,1.0,0.0,0.0,0,0,0,0,0,0
2026-07-17 14:59:00,HO-Chennai,0.12283333333333334,0.0,0.0,1.0,0.0,0.0,0,0,0,0,0,0
2026-07-17 14:59:00,ZO-Bengaluru,0.12416666666666666,0.0,0.0,1.0,0.0,0.0,0,0,0,0,0,0
2026-07-17 14:59:00,BR-Koramangala,0.1045,0.0,0.0,1.0,0.0,0.0,0,0,0,0,0,0
2026-07-17 14:59:00,BR-Whitefield,0.0,0.0,0.0,1.0,0.0,0.0,0,0,0,0,0,0
2026-07-17 15:00:00,HO-Chennai,0.1335,0.0,0.0,1.0,0.0,0.0,0,0,0,0,0,0
2026-07-17 15:00:00,ZO-Bengaluru,0.12183333333333335,0.0,0.0,1.0,0.0,0.0,0,0,0,0,0,0
2026-07-17 15:00:00,BR-Koramangala,0.12466666666666666,0.0,0.0,1.0,0.0,0.0,0,0,0,0,0,0
2026-07-17 15:00:00,BR-Whitefield,0.0,0.0,0.0,1.0,0.0,0.0,0,0,0,0,0,0
2026-07-17 15:01:00,HO-Chennai,0.13583333333333333,0.0,0.0,1.0,0.0,0.0,0,0,0,0,0,0
2026-07-17 15:01:00,ZO-Bengaluru,0.11433333333333333,0.0,0.0,1.0,0.0,0.0,0,0,0,0,0,0
2026-07-17 15:01:00,BR-Koramangala,0.11983333333333333,0.0,0.0,1.0,0.0,0.0,0,0,0,0,0,0
2026-07-17 15:01:00,BR-Whitefield,0.0,0.0,0.0,1.0,0.0,0.0,0,0,0,0,0,0
2026-07-17 15:02:00,HO-Chennai,0.1235,0.0,0.0,1.0,0.0,0.0,0,0,0,0,0,0
2026-07-17 15:02:00,ZO-Bengaluru,0.11466666666666665,0.0,0.0,1.0,0.0,0.0,0,0,0,0,0,0
2026-07-17 15:02:00,BR-Koramangala,0.11599999999999999,0.0,0.0,1.0,0.0,0.0,0,0,0,0,0,0
2026-07-17 15:02:00,BR-Whitefield,0.0,0.0,0.0,1.0,0.0,0.0,0,0,0,0,0,0
2026-07-17 15:03:00,HO-Chennai,0.14333333333333334,0.0,0.0,1.0,0.0,0.0,0,0,0,0,0,0
2026-07-17 15:03:00,ZO-Bengaluru,0.12766666666666668,0.0,0.0,1.0,0.0,0.0,0,0,0,0,0,0
2026-07-17 15:03:00,BR-Koramangala,0.126,0.0,0.0,1.0,0.0,0.0,0,0,0,0,0,0
2026-07-17 15:03:00,BR-Whitefield,0.0,0.0,0.0,1.0,0.0,0.0,0,0,0,0,0,0
2026-07-17 15:04:00,HO-Chennai,0.13133333333333333,0.0,0.0,1.0,0.0,0.0,0,0,0,0,0,0
2026-07-17 15:04:00,ZO-Bengaluru,0.12216666666666666,0.0,0.0,1.0,0.0,0.0,0,0,0,0,0,0
2026-07-17 15:04:00,BR-Koramangala,0.1175,0.0,0.0,1.0,0.0,0.0,0,0,0,0,0,0
2026-07-17 15:04:00,BR-Whitefield,0.0,0.0,0.0,1.0,0.0,0.0,0,0,0,0,0,0
2026-07-17 15:05:00,HO-Chennai,0.13349999999999998,0.0,0.0,1.0,0.0,0.0,0,0,0,0,0,0
2026-07-17 15:05:00,ZO-Bengaluru,0.116,0.0,0.0,1.0,0.0,0.0,0,0,0,0,0,0
2026-07-17 15:05:00,BR-Koramangala,0.12283333333333334,0.0,0.0,1.0,0.0,0.0,0,0,0,0,0,0
2026-07-17 15:05:00,BR-Whitefield,0.0,0.0,0.0,1.0,0.0,0.0,0,0,0,0,0,0
2026-07-17 15:06:00,HO-Chennai,0.119,0.0,0.0,1.0,0.0,0.0,0,0,0,0,0,0
2026-07-17 15:06:00,ZO-Bengaluru,0.11866666666666666,0.0,0.0,1.0,0.0,0.0,0,0,0,0,0,0
2026-07-17 15:06:00,BR-Koramangala,0.09699999999999999,0.0,0.0,1.0,0.0,0.0,0,0,0,0,0,0
2026-07-17 15:06:00,BR-Whitefield,0.0,0.0,0.0,1.0,0.0,0.0,0,0,0,0,0,0
2026-07-17 15:07:00,HO-Chennai,0.0835,0.0,0.0,1.0,0.0,0.0,0,0,0,0,0,0
2026-07-17 15:07:00,ZO-Bengaluru,0.08183333333333333,0.0,0.0,1.0,0.0,0.0,0,0,0,0,0,0
2026-07-17 15:07:00,BR-Koramangala,0.08183333333333333,0.0,0.0,1.0,0.0,0.0,0,0,0,0,0,0
2026-07-17 15:07:00,BR-Whitefield,0.0,0.0,0.0,1.0,0.0,0.0,0,0,0,0,0,0
2026-07-17 15:08:00,HO-Chennai,0.08816666666666667,0.0,0.0,1.0,0.0,0.0,0,0,0,0,0,0
2026-07-17 15:08:00,ZO-Bengaluru,0.11016666666666668,0.0,0.0,1.0,0.0,0.0,0,0,0,0,0,0
2026-07-17 15:08:00,BR-Koramangala,0.0795,0.0,0.0,1.0,0.0,0.0,0,0,0,0,0,0
2026-07-17 15:08:00,BR-Whitefield,0.0,0.0,0.0,1.0,0.0,0.0,0,0,0,0,0,0
2026-07-17 15:09:00,HO-Chennai,0.1175,0.0,0.0,1.0,0.0,0.0,0,0,0,0,0,0
2026-07-17 15:09:00,ZO-Bengaluru,0.12566666666666668,0.0,0.0,1.0,0.0,0.0,0,0,0,0,0,0
2026-07-17 15:09:00,BR-Koramangala,0.11033333333333334,0.0,0.0,1.0,0.0,0.0,0,0,0,0,0,0
2026-07-17 15:09:00,BR-Whitefield,0.0,0.0,0.0,1.0,0.0,0.0,0,0,0,0,0,0
2026-07-17 15:10:00,HO-Chennai,0.13049999999999998,0.0,0.0,1.0,0.0,0.0,0,0,0,0,0,0
2026-07-17 15:10:00,ZO-Bengaluru,0.09166666666666667,0.0,0.0,1.0,0.0,0.0,0,0,0,0,0,0
2026-07-17 15:10:00,BR-Koramangala,0.10166666666666667,0.0,0.0,1.0,0.0,0.0,0,0,0,0,0,0
2026-07-17 15:10:00,BR-Whitefield,0.0,0.0,0.0,1.0,0.0,0.0,0,0,0,0,0,0
2026-07-17 15:11:00,HO-Chennai,0.09999999999999999,0.0,0.0,1.0,0.0,0.0,0,0,0,0,0,0
2026-07-17 15:11:00,ZO-Bengaluru,0.10316666666666667,0.0,0.0,1.0,0.0,0.0,0,0,0,0,0,0
2026-07-17 15:11:00,BR-Koramangala,0.10366666666666667,0.0,0.0,1.0,0.0,0.0,0,0,0,0,0,0
2026-07-17 15:11:00,BR-Whitefield,0.0,0.0,0.0,1.0,0.0,0.0,0,0,0,0,0,0
2026-07-17 15:12:00,HO-Chennai,0.12116666666666666,0.0,0.0,1.0,0.0,0.0,0,0,0,0,0,0
2026-07-17 15:12:00,ZO-Bengaluru,0.13866666666666666,0.0,0.0,1.0,0.0,0.0,0,0,0,0,0,0
2026-07-17 15:12:00,BR-Koramangala,0.1165,0.0,0.0,1.0,0.0,0.0,0,0,0,0,0,0
2026-07-17 15:12:00,BR-Whitefield,0.0,0.0,0.0,1.0,0.0,0.0,0,0,0,0,0,0
2026-07-17 15:13:00,HO-Chennai,0.09783333333333333,0.0,0.0,1.0,0.0,0.0,0,0,0,0,0,0
2026-07-17 15:13:00,ZO-Bengaluru,0.08983333333333333,0.0,0.0,1.0,0.0,0.0,0,0,0,0,0,0
2026-07-17 15:13:00,BR-Koramangala,0.077,0.0,0.0,1.0,0.0,0.0,0,0,0,0,0,0
2026-07-17 15:13:00,BR-Whitefield,0.0,0.0,0.0,1.0,0.0,0.0,0,0,0,0,0,0
2026-07-17 15:14:00,HO-Chennai,0.11950000000000001,0.0,0.0,1.0,0.0,0.0,0,0,0,0,0,0
2026-07-17 15:14:00,ZO-Bengaluru,0.11866666666666666,0.0,0.0,1.0,0.0,0.0,0,0,0,0,0,0
2026-07-17 15:14:00,BR-Koramangala,0.12316666666666669,0.0,0.0,1.0,0.0,0.0,0,0,0,0,0,0
2026-07-17 15:14:00,BR-Whitefield,0.0,0.0,0.0,1.0,0.0,0.0,0,0,0,0,0,0
2026-07-17 15:15:00,HO-Chennai,0.14049999999999999,0.0,0.0,1.0,0.0,0.0,0,0,0,0,0,0
2026-07-17 15:15:00,ZO-Bengaluru,0.1245,0.0,0.0,1.0,0.0,0.0,0,0,0,0,0,0
2026-07-17 15:15:00,BR-Koramangala,0.12133333333333333,0.0,0.0,1.0,0.0,0.0,0,0,0,0,0,0
2026-07-17 15:15:00,BR-Whitefield,0.0,0.0,0.0,1.0,0.0,0.0,0,0,0,0,0,0
2026-07-17 15:16:00,HO-Chennai,0.1445,0.0,0.0,1.0,0.0,0.0,0,0,0,0,0,0
2026-07-17 15:16:00,ZO-Bengaluru,0.12483333333333334,0.0,0.0,1.0,0.0,0.0,0,0,0,0,0,0
2026-07-17 15:16:00,BR-Koramangala,0.11466666666666665,0.0,0.0,1.0,0.0,0.0,0,0,0,0,0,0
2026-07-17 15:16:00,BR-Whitefield,0.0,0.0,0.0,1.0,0.0,0.0,0,0,0,0,0,0
2026-07-17 15:17:00,HO-Chennai,0.12333333333333334,0.0,0.0,1.0,0.0,0.0,0,0,0,0,0,0
2026-07-17 15:17:00,ZO-Bengaluru,0.123,0.0,0.0,1.0,0.0,0.0,0,0,0,0,0,0
2026-07-17 15:17:00,BR-Koramangala,0.11299999999999999,0.0,0.0,1.0,0.0,0.0,0,0,0,0,0,0
2026-07-17 15:17:00,BR-Whitefield,0.0,0.0,0.0,1.0,0.0,0.0,0,0,0,0,0,0
2026-07-17 15:18:00,HO-Chennai,0.12533333333333332,0.0,0.0,1.0,0.0,0.0,0,0,0,0,0,0
2026-07-17 15:18:00,ZO-Bengaluru,0.12233333333333334,0.0,0.0,1.0,0.0,0.0,0,0,0,0,0,0
2026-07-17 15:18:00,BR-Koramangala,0.142,0.0,0.0,1.0,0.0,0.0,0,0,0,0,0,0
2026-07-17 15:18:00,BR-Whitefield,0.0,0.0,0.0,1.0,0.0,0.0,0,0,0,0,0,0
2026-07-17 15:19:00,HO-Chennai,0.10266666666666667,0.0,0.0,1.0,0.0,0.0,0,0,0,0,0,0
2026-07-17 15:19:00,ZO-Bengaluru,0.08733333333333333,0.0,0.0,1.0,0.0,0.0,0,0,0,0,0,0
2026-07-17 15:19:00,BR-Koramangala,0.11733333333333333,0.0,0.0,1.0,0.0,0.0,0,0,0,0,0,0
2026-07-17 15:19:00,BR-Whitefield,0.0,0.0,0.0,1.0,0.0,0.0,0,0,0,0,0,0
2026-07-17 15:20:00,HO-Chennai,0.10883333333333334,0.0,0.0,1.0,0.0,0.0,0,0,0,0,0,0
2026-07-17 15:20:00,ZO-Bengaluru,0.10116666666666667,0.0,0.0,1.0,0.0,0.0,0,0,0,0,0,0
2026-07-17 15:20:00,BR-Koramangala,0.12066666666666666,0.0,0.0,1.0,0.0,0.0,0,0,0,0,0,0
2026-07-17 15:20:00,BR-Whitefield,0.0,0.0,0.0,1.0,0.0,0.0,0,0,0,0,0,0
2026-07-17 15:21:00,HO-Chennai,0.12183333333333335,0.0,0.0,1.0,0.0,0.0,0,0,0,0,0,0
2026-07-17 15:21:00,ZO-Bengaluru,0.12933333333333333,0.0,0.0,1.0,0.0,0.0,0,0,0,0,0,0
2026-07-17 15:21:00,BR-Koramangala,0.21983333333333333,0.0,0.0,1.0,0.0,0.0,0,0,0,0,0,0
2026-07-17 15:21:00,BR-Whitefield,0.0,0.0,0.0,1.0,0.0,0.0,0,0,0,0,0,0
2026-07-17 15:22:00,HO-Chennai,0.11800000000000001,0.0,0.0,1.0,0.0,0.0,0,0,0,0,0,0
2026-07-17 15:22:00,ZO-Bengaluru,0.1215,0.0,0.0,1.0,0.0,0.0,0,0,0,0,0,0
2026-07-17 15:22:00,BR-Koramangala,0.10466666666666667,0.0,0.0,1.0,0.0,0.0,0,0,0,0,0,0
2026-07-17 15:22:00,BR-Whitefield,0.0,0.0,0.0,1.0,0.0,0.0,0,0,0,0,0,0
2026-07-17 15:23:00,HO-Chennai,0.08516666666666667,0.0,0.0,1.0,0.0,0.0,0,0,0,0,0,0
2026-07-17 15:23:00,ZO-Bengaluru,0.08666666666666667,0.0,0.0,1.0,0.0,0.0,0,0,0,0,0,0
2026-07-17 15:23:00,BR-Koramangala,0.08416666666666667,0.0,0.0,1.0,0.0,0.0,0,0,0,0,0,0
2026-07-17 15:23:00,BR-Whitefield,0.0,0.0,0.0,1.0,0.0,0.0,0,0,0,0,0,0
2026-07-17 15:24:00,HO-Chennai,0.09566666666666666,0.0,0.0,1.0,0.0,0.0,0,0,0,0,0,0
2026-07-17 15:24:00,ZO-Bengaluru,0.11699999999999999,0.0,0.0,1.0,0.0,0.0,0,0,0,0,0,0
2026-07-17 15:24:00,BR-Koramangala,0.09333333333333332,0.0,0.0,1.0,0.0,0.0,0,0,0,0,0,0
2026-07-17 15:24:00,BR-Whitefield,0.0,0.0,0.0,1.0,0.0,0.0,0,0,0,0,0,0
2026-07-17 15:25:00,HO-Chennai,0.144,0.0,0.0,1.0,0.0,0.0,0,0,0,0,0,0
2026-07-17 15:25:00,ZO-Bengaluru,0.17983333333333332,0.0,0.0,1.0,0.0,0.0,0,0,0,0,0,0
2026-07-17 15:25:00,BR-Koramangala,0.14233333333333334,0.0,0.0,1.0,0.0,0.0,0,0,0,0,0,0
2026-07-17 15:25:00,BR-Whitefield,0.0,0.0,0.0,1.0,0.0,0.0,0,0,0,0,0,0
2026-07-17 15:26:00,HO-Chennai,0.12366666666666666,0.0,0.0,1.0,0.0,0.0,0,0,0,0,0,0
2026-07-17 15:26:00,ZO-Bengaluru,0.1235,0.0,0.0,1.0,0.0,0.0,0,0,0,0,0,0
2026-07-17 15:26:00,BR-Koramangala,0.12,0.0,0.0,1.0,0.0,0.0,0,0,0,0,0,0
2026-07-17 15:26:00,BR-Whitefield,0.0,0.0,0.0,1.0,0.0,0.0,0,0,0,0,0,0
2026-07-17 15:27:00,HO-Chennai,0.11783333333333333,0.0,0.0,1.0,0.0,0.0,0,0,0,0,0,0
2026-07-17 15:27:00,ZO-Bengaluru,0.1045,0.0,0.0,1.0,0.0,0.0,0,0,0,0,0,0
2026-07-17 15:27:00,BR-Koramangala,0.09466666666666668,0.0,0.0,1.0,0.0,0.0,0,0,0,0,0,0
2026-07-17 15:27:00,BR-Whitefield,0.0,0.0,0.0,1.0,0.0,0.0,0,0,0,0,0,0
2026-07-17 15:28:00,HO-Chennai,0.10683333333333334,0.0,0.0,1.0,0.0,0.0,0,0,0,0,0,0
2026-07-17 15:28:00,ZO-Bengaluru,0.07883333333333332,0.0,0.0,1.0,0.0,0.0,0,0,0,0,0,0
2026-07-17 15:28:00,BR-Koramangala,0.08633333333333333,0.0,0.0,1.0,0.0,0.0,0,0,0,0,0,0
2026-07-17 15:28:00,BR-Whitefield,0.0,0.0,0.0,1.0,0.0,0.0,0,0,0,0,0,0
2026-07-17 15:29:00,HO-Chennai,0.082,0.0,0.0,1.0,0.0,0.0,0,0,0,0,0,0
2026-07-17 15:29:00,ZO-Bengaluru,0.08850000000000001,0.0,0.0,1.0,0.0,0.0,0,0,0,0,0,0
2026-07-17 15:29:00,BR-Koramangala,0.08066666666666666,0.0,0.0,1.0,0.0,0.0,0,0,0,0,0,0
2026-07-17 15:29:00,BR-Whitefield,0.0,0.0,0.0,1.0,0.0,0.0,0,0,0,0,0,0
2026-07-17 15:30:00,HO-Chennai,0.12633333333333333,0.0,0.0,1.0,0.0,0.0,0,0,0,0,0,0
2026-07-17 15:30:00,ZO-Bengaluru,0.1155,0.0,0.0,1.0,0.0,0.0,0,0,0,0,0,0
2026-07-17 15:30:00,BR-Koramangala,0.12416666666666666,0.0,0.0,1.0,0.0,0.0,0,0,0,0,0,0
2026-07-17 15:30:00,BR-Whitefield,0.0,0.0,0.0,1.0,0.0,0.0,0,0,0,0,0,0
2026-07-17 15:31:00,HO-Chennai,0.12033333333333333,0.0,0.0,1.0,0.0,0.0,0,0,0,0,0,0
2026-07-17 15:31:00,ZO-Bengaluru,0.1155,0.0,0.0,1.0,0.0,0.0,0,0,0,0,0,0
2026-07-17 15:31:00,BR-Koramangala,0.11066666666666668,0.0,0.0,1.0,0.0,0.0,0,0,0,0,0,0
2026-07-17 15:31:00,BR-Whitefield,0.0,0.0,0.0,1.0,0.0,0.0,0,0,0,0,0,0
2026-07-17 15:32:00,HO-Chennai,0.10383333333333333,0.0,0.0,1.0,0.0,0.0,0,0,0,0,0,0
2026-07-17 15:32:00,ZO-Bengaluru,0.09450000000000001,0.0,0.0,1.0,0.0,0.0,0,0,0,0,0,0
2026-07-17 15:32:00,BR-Koramangala,0.08700000000000001,0.0,0.0,1.0,0.0,0.0,0,0,0,0,0,0
2026-07-17 15:32:00,BR-Whitefield,0.0,0.0,0.0,1.0,0.0,0.0,0,0,0,0,0,0
2026-07-17 15:33:00,HO-Chennai,0.10183333333333333,0.0,0.0,1.0,0.0,0.0,0,0,0,0,0,0
2026-07-17 15:33:00,ZO-Bengaluru,0.09266666666666667,0.0,0.0,1.0,0.0,0.0,0,0,0,0,0,0
2026-07-17 15:33:00,BR-Koramangala,0.09383333333333332,0.0,0.0,1.0,0.0,0.0,0,0,0,0,0,0
2026-07-17 15:33:00,BR-Whitefield,0.0,0.0,0.0,1.0,0.0,0.0,0,0,0,0,0,0
2026-07-17 15:34:00,HO-Chennai,0.102,0.0,0.0,1.0,0.0,0.0,0,0,0,0,0,0
2026-07-17 15:34:00,ZO-Bengaluru,0.0785,0.0,0.0,1.0,0.0,0.0,0,0,0,0,0,0
2026-07-17 15:34:00,BR-Koramangala,0.10516666666666667,0.0,0.0,1.0,0.0,0.0,0,0,0,0,0,0
2026-07-17 15:34:00,BR-Whitefield,0.0,0.0,0.0,1.0,0.0,0.0,0,0,0,0,0,0
2026-07-17 15:35:00,HO-Chennai,0.08866666666666667,0.0,0.0,1.0,0.0,0.0,0,0,0,0,0,0
2026-07-17 15:35:00,ZO-Bengaluru,0.08700000000000001,0.0,0.0,1.0,0.0,0.0,0,0,0,0,0,0
2026-07-17 15:35:00,BR-Koramangala,0.08566666666666667,0.0,0.0,1.0,0.0,0.0,0,0,0,0,0,0
2026-07-17 15:35:00,BR-Whitefield,0.0,0.0,0.0,1.0,0.0,0.0,0,0,0,0,0,0
2026-07-17 15:36:00,HO-Chennai,0.08816666666666667,0.0,0.0,1.0,0.0,0.0,0,0,0,0,0,0
2026-07-17 15:36:00,ZO-Bengaluru,0.079,0.0,0.0,1.0,0.0,0.0,0,0,0,0,0,0
2026-07-17 15:36:00,BR-Koramangala,0.08266666666666667,0.0,0.0,1.0,0.0,0.0,0,0,0,0,0,0
2026-07-17 15:36:00,BR-Whitefield,0.0,0.0,0.0,1.0,0.0,0.0,0,0,0,0,0,0
2026-07-17 15:37:00,HO-Chennai,0.1045,0.0,0.0,1.0,0.0,0.0,0,0,0,0,0,0
2026-07-17 15:37:00,ZO-Bengaluru,0.10616666666666667,0.0,0.0,1.0,0.0,0.0,0,0,0,0,0,0
2026-07-17 15:37:00,BR-Koramangala,0.10333333333333333,0.0,0.0,1.0,0.0,0.0,0,0,0,0,0,0
2026-07-17 15:37:00,BR-Whitefield,0.0,0.0,0.0,1.0,0.0,0.0,0,0,0,0,0,0
2026-07-17 15:38:00,HO-Chennai,0.12766666666666668,0.0,0.0,1.0,0.0,0.0,0,0,0,0,0,0
2026-07-17 15:38:00,ZO-Bengaluru,0.1205,70.0,0.0,1.0,0.0,0.0,1,0,0,0,0,1
2026-07-17 15:38:00,BR-Koramangala,0.12016666666666666,0.0,0.0,1.0,0.0,0.0,0,0,0,0,0,0
2026-07-17 15:38:00,BR-Whitefield,0.0,0.0,0.0,1.0,0.0,0.0,0,0,0,0,0,0
2026-07-17 15:39:00,HO-Chennai,0.1386,0.0,0.0,1.0,0.0,0.0,0,0,0,0,0,0
2026-07-17 15:39:00,ZO-Bengaluru,0.1272,80.0,0.0,1.0,0.0,0.0,1,0,0,0,0,1
2026-07-17 15:39:00,BR-Koramangala,0.11739999999999999,0.0,0.0,1.0,0.0,0.0,0,0,0,0,0,0
2026-07-17 15:39:00,BR-Whitefield,0.0,0.0,0.0,1.0,0.0,0.0,0,0,0,0,0,0
2026-07-17 15:40:00,HO-Chennai,0.16499999999999998,0.0,0.0,1.0,0.0,0.0,0,0,0,0,0,0
2026-07-17 15:40:00,ZO-Bengaluru,0.15200000000000002,100.0,0.0,1.0,0.0,0.0,1,0,0,0,0,1
2026-07-17 15:40:00,BR-Koramangala,0.11979999999999999,0.0,0.0,1.0,0.0,0.0,0,0,0,0,0,0
2026-07-17 15:40:00,BR-Whitefield,0.0,0.0,0.0,1.0,0.0,0.0,0,0,0,0,0,0
2026-07-17 15:41:00,HO-Chennai,0.12716666666666668,0.0,0.0,1.0,0.0,0.0,0,0,0,0,0,0
2026-07-17 15:41:00,ZO-Bengaluru,0.0,100.0,0.0,1.0,0.0,0.0,1,0,0,0,0,1
2026-07-17 15:41:00,BR-Koramangala,0.12366666666666666,0.0,0.0,1.0,0.0,0.0,0,0,0,0,0,0
2026-07-17 15:41:00,BR-Whitefield,0.0,0.0,0.0,1.0,0.0,0.0,0,0,0,0,0,0
2026-07-17 15:42:00,HO-Chennai,0.124,0.0,0.0,1.0,0.0,0.0,0,0,0,0,0,0
2026-07-17 15:42:00,ZO-Bengaluru,0.0,100.0,0.0,1.0,0.0,0.0,1,0,0,0,0,1
2026-07-17 15:42:00,BR-Koramangala,0.11216666666666668,0.0,0.0,1.0,0.0,0.0,0,0,0,0,0,0
2026-07-17 15:42:00,BR-Whitefield,0.0,0.0,0.0,1.0,0.0,0.0,0,0,0,0,0,0
2026-07-17 15:43:00,HO-Chennai,0.128,0.0,0.0,1.0,0.0,0.0,0,0,0,0,0,0
2026-07-17 15:43:00,ZO-Bengaluru,0.0,100.0,0.0,1.0,0.0,0.0,1,0,0,0,0,1
2026-07-17 15:43:00,BR-Koramangala,0.12133333333333333,0.0,0.0,1.0,0.0,0.0,0,0,0,0,0,0
2026-07-17 15:43:00,BR-Whitefield,0.0,0.0,0.0,1.0,0.0,0.0,0,0,0,0,0,0
2026-07-17 15:44:00,HO-Chennai,0.13533333333333333,0.0,0.0,1.0,0.0,0.0,0,0,0,0,0,0
2026-07-17 15:44:00,ZO-Bengaluru,0.0,100.0,0.0,1.0,0.0,0.0,1,0,0,0,0,1
2026-07-17 15:44:00,BR-Koramangala,0.13133333333333333,0.0,0.0,1.0,0.0,0.0,0,0,0,0,0,0
2026-07-17 15:44:00,BR-Whitefield,0.0,0.0,0.0,1.0,0.0,0.0,0,0,0,0,0,0
2026-07-17 15:45:00,HO-Chennai,0.11983333333333333,0.0,0.0,1.0,0.0,0.0,0,0,0,0,0,0
2026-07-17 15:45:00,ZO-Bengaluru,0.0,100.0,0.0,1.0,0.0,0.0,1,0,0,0,0,1
2026-07-17 15:45:00,BR-Koramangala,0.127,0.0,0.0,1.0,0.0,0.0,0,0,0,0,0,0
2026-07-17 15:45:00,BR-Whitefield,0.0,0.0,0.0,1.0,0.0,0.0,0,0,0,0,0,0
2026-07-17 15:46:00,HO-Chennai,0.12733333333333333,0.0,0.0,1.0,0.0,0.0,0,0,0,0,0,0
2026-07-17 15:46:00,ZO-Bengaluru,0.0,100.0,0.0,1.0,0.0,0.0,1,0,0,0,0,1
2026-07-17 15:46:00,BR-Koramangala,0.1245,0.0,0.0,1.0,0.0,0.0,0,0,0,0,0,0
2026-07-17 15:46:00,BR-Whitefield,0.0,0.0,0.0,1.0,0.0,0.0,0,0,0,0,0,0
2026-07-17 15:47:00,HO-Chennai,0.2068333333333333,0.0,0.0,1.0,0.0,0.0,0,0,0,0,0,0
2026-07-17 15:47:00,ZO-Bengaluru,0.0,100.0,0.0,1.0,0.0,0.0,1,0,0,0,0,1
2026-07-17 15:47:00,BR-Koramangala,0.11233333333333333,0.0,0.0,1.0,0.0,0.0,0,0,0,0,0,0
2026-07-17 15:47:00,BR-Whitefield,0.0,0.0,0.0,1.0,0.0,0.0,0,0,0,0,0,0
2026-07-17 15:48:00,HO-Chennai,0.13433333333333333,0.0,0.0,1.0,0.0,0.0,0,0,0,0,0,0
2026-07-17 15:48:00,ZO-Bengaluru,0.0,100.0,0.0,1.0,0.0,0.0,1,0,0,0,0,1
2026-07-17 15:48:00,BR-Koramangala,0.11983333333333333,0.0,0.0,1.0,0.0,0.0,0,0,0,0,0,0
2026-07-17 15:48:00,BR-Whitefield,0.0,0.0,0.0,1.0,0.0,0.0,0,0,0,0,0,0
2026-07-17 15:49:00,HO-Chennai,0.13483333333333333,0.0,0.0,1.0,0.0,0.0,0,0,0,0,0,0
2026-07-17 15:49:00,ZO-Bengaluru,0.0,100.0,0.0,1.0,0.0,0.0,1,0,0,0,0,1
2026-07-17 15:49:00,BR-Koramangala,0.11883333333333333,0.0,0.0,1.0,0.0,0.0,0,0,0,0,0,0
2026-07-17 15:49:00,BR-Whitefield,0.0,0.0,0.0,1.0,0.0,0.0,0,0,0,0,0,0
2026-07-17 15:50:00,HO-Chennai,0.1125,0.0,0.0,1.0,0.0,0.0,0,0,0,0,0,0
2026-07-17 15:50:00,ZO-Bengaluru,0.0,100.0,0.0,1.0,0.0,0.0,1,0,0,0,0,1
2026-07-17 15:50:00,BR-Koramangala,0.1115,0.0,0.0,1.0,0.0,0.0,0,0,0,0,0,0
2026-07-17 15:50:00,BR-Whitefield,0.0,0.0,0.0,1.0,0.0,0.0,0,0,0,0,0,0
2026-07-17 15:51:00,HO-Chennai,0.13216666666666665,0.0,0.0,1.0,0.0,0.0,0,0,0,0,0,0
2026-07-17 15:51:00,ZO-Bengaluru,0.0,100.0,0.0,1.0,0.0,0.0,1,0,0,0,0,1
2026-07-17 15:51:00,BR-Koramangala,0.32116666666666666,0.0,0.0,1.0,0.0,0.0,0,0,0,0,0,0
2026-07-17 15:51:00,BR-Whitefield,0.0,0.0,0.0,1.0,0.0,0.0,0,0,0,0,0,0
2026-07-17 15:52:00,HO-Chennai,0.10716666666666667,0.0,0.0,1.0,0.0,0.0,0,0,0,0,0,0
2026-07-17 15:52:00,ZO-Bengaluru,0.0,100.0,0.0,1.0,0.0,0.0,1,0,0,0,0,1
2026-07-17 15:52:00,BR-Koramangala,0.12183333333333334,0.0,0.0,1.0,0.0,0.0,0,0,0,0,0,0
2026-07-17 15:52:00,BR-Whitefield,0.0,0.0,0.0,1.0,0.0,0.0,0,0,0,0,0,0
2026-07-17 15:53:00,HO-Chennai,0.106,0.0,0.0,1.0,0.0,0.0,0,0,0,0,0,0
2026-07-17 15:53:00,ZO-Bengaluru,0.0,100.0,0.0,1.0,0.0,0.0,1,0,0,0,0,1
2026-07-17 15:53:00,BR-Koramangala,0.105,0.0,0.0,1.0,0.0,0.0,0,0,0,0,0,0
2026-07-17 15:53:00,BR-Whitefield,0.0,0.0,0.0,1.0,0.0,0.0,0,0,0,0,0,0
2026-07-17 15:54:00,HO-Chennai,0.11616666666666668,0.0,0.0,1.0,0.0,0.0,0,0,0,0,0,0
2026-07-17 15:54:00,ZO-Bengaluru,0.0,100.0,0.0,1.0,0.0,0.0,1,0,0,0,0,1
2026-07-17 15:54:00,BR-Koramangala,0.10566666666666667,0.0,0.0,1.0,0.0,0.0,0,0,0,0,0,0
2026-07-17 15:54:00,BR-Whitefield,0.0,0.0,0.0,1.0,0.0,0.0,0,0,0,0,0,0
2026-07-17 15:55:00,HO-Chennai,0.08800000000000001,0.0,0.0,1.0,0.0,0.0,0,0,0,0,0,0
2026-07-17 15:55:00,ZO-Bengaluru,0.0,100.0,0.0,1.0,0.0,0.0,1,0,0,0,0,1
2026-07-17 15:55:00,BR-Koramangala,0.10883333333333334,0.0,0.0,1.0,0.0,0.0,0,0,0,0,0,0
2026-07-17 15:55:00,BR-Whitefield,0.0,0.0,0.0,1.0,0.0,0.0,0,0,0,0,0,0
2026-07-17 15:56:00,HO-Chennai,0.10116666666666667,0.0,0.0,1.0,0.0,0.0,0,0,0,0,0,0
2026-07-17 15:56:00,ZO-Bengaluru,0.0,100.0,0.0,1.0,0.0,0.0,1,0,0,0,0,1
2026-07-17 15:56:00,BR-Koramangala,0.09833333333333333,0.0,0.0,1.0,0.0,0.0,0,0,0,0,0,0
2026-07-17 15:56:00,BR-Whitefield,0.0,0.0,0.0,1.0,0.0,0.0,0,0,0,0,0,0
2026-07-17 15:57:00,HO-Chennai,0.12633333333333333,0.0,0.0,1.0,0.0,0.0,0,0,0,0,0,0
2026-07-17 15:57:00,ZO-Bengaluru,0.0,100.0,0.0,1.0,0.0,0.0,1,0,0,0,0,1
2026-07-17 15:57:00,BR-Koramangala,0.11116666666666668,0.0,0.0,1.0,0.0,0.0,0,0,0,0,0,0
2026-07-17 15:57:00,BR-Whitefield,0.0,0.0,0.0,1.0,0.0,0.0,0,0,0,0,0,0
2026-07-17 15:58:00,HO-Chennai,0.144,0.0,0.0,1.0,0.0,0.0,0,0,0,0,0,0
2026-07-17 15:58:00,ZO-Bengaluru,0.0,100.0,0.0,1.0,0.0,0.0,1,0,0,0,0,1
2026-07-17 15:58:00,BR-Koramangala,0.12716666666666668,0.0,0.0,1.0,0.0,0.0,0,0,0,0,0,0
2026-07-17 15:58:00,BR-Whitefield,0.0,0.0,0.0,1.0,0.0,0.0,0,0,0,0,0,0
2026-07-17 15:59:00,HO-Chennai,0.13883333333333334,0.0,0.0,1.0,0.0,0.0,0,0,0,0,0,0
2026-07-17 15:59:00,ZO-Bengaluru,0.0,100.0,0.0,1.0,0.0,0.0,1,0,0,0,0,1
2026-07-17 15:59:00,BR-Koramangala,0.10566666666666667,0.0,0.0,1.0,0.0,0.0,0,0,0,0,0,0
2026-07-17 15:59:00,BR-Whitefield,0.0,0.0,0.0,1.0,0.0,0.0,0,0,0,0,0,0
2026-07-17 16:00:00,HO-Chennai,0.11133333333333334,0.0,0.0,1.0,0.0,0.0,0,0,0,0,0,0
2026-07-17 16:00:00,ZO-Bengaluru,0.0,100.0,0.0,1.0,0.0,0.0,1,0,0,0,0,1
2026-07-17 16:00:00,BR-Koramangala,0.09783333333333333,0.0,0.0,1.0,0.0,0.0,0,0,0,0,0,0
2026-07-17 16:00:00,BR-Whitefield,0.0,0.0,0.0,1.0,0.0,0.0,0,0,0,0,0,0
2026-07-17 16:01:00,HO-Chennai,0.09683333333333333,0.0,0.0,1.0,0.0,0.0,0,0,0,0,0,0
2026-07-17 16:01:00,ZO-Bengaluru,0.0,100.0,0.0,1.0,0.0,0.0,1,0,0,0,0,1
2026-07-17 16:01:00,BR-Koramangala,0.08850000000000001,0.0,0.0,1.0,0.0,0.0,0,0,0,0,0,0
2026-07-17 16:01:00,BR-Whitefield,0.0,0.0,0.0,1.0,0.0,0.0,0,0,0,0,0,0
2026-07-17 16:02:00,HO-Chennai,0.1025,0.0,0.0,1.0,0.0,0.0,0,0,0,0,0,0
2026-07-17 16:02:00,ZO-Bengaluru,0.0,100.0,0.0,1.0,0.0,0.0,1,0,0,0,0,1
2026-07-17 16:02:00,BR-Koramangala,0.09133333333333334,0.0,0.0,1.0,0.0,0.0,0,0,0,0,0,0
2026-07-17 16:02:00,BR-Whitefield,0.0,0.0,0.0,1.0,0.0,0.0,0,0,0,0,0,0
2026-07-17 16:03:00,HO-Chennai,0.10383333333333333,0.0,0.0,1.0,0.0,0.0,0,0,0,0,0,0
2026-07-17 16:03:00,ZO-Bengaluru,0.0,100.0,0.0,1.0,0.0,0.0,1,0,0,0,0,1
2026-07-17 16:03:00,BR-Koramangala,0.11783333333333335,0.0,0.0,1.0,0.0,0.0,0,0,0,0,0,0
2026-07-17 16:03:00,BR-Whitefield,0.0,0.0,0.0,1.0,0.0,0.0,0,0,0,0,0,0
2026-07-17 16:04:00,HO-Chennai,0.1205,0.0,0.0,1.0,0.0,0.0,0,0,0,0,0,0
2026-07-17 16:04:00,ZO-Bengaluru,0.0,100.0,0.0,1.0,0.0,0.0,1,0,0,0,0,1
2026-07-17 16:04:00,BR-Koramangala,0.08216666666666667,0.0,0.0,1.0,0.0,0.0,0,0,0,0,0,0
2026-07-17 16:04:00,BR-Whitefield,0.0,0.0,0.0,1.0,0.0,0.0,0,0,0,0,0,0
2026-07-17 16:05:00,HO-Chennai,0.09533333333333334,0.0,0.0,1.0,0.0,0.0,0,0,0,0,0,0
2026-07-17 16:05:00,ZO-Bengaluru,0.0,100.0,0.0,1.0,0.0,0.0,1,0,0,0,0,1
2026-07-17 16:05:00,BR-Koramangala,0.09599999999999999,0.0,0.0,1.0,0.0,0.0,0,0,0,0,0,0
2026-07-17 16:05:00,BR-Whitefield,0.0,0.0,0.0,1.0,0.0,0.0,0,0,0,0,0,0
2026-07-17 16:06:00,HO-Chennai,0.11983333333333335,0.0,0.0,1.0,0.0,0.0,0,0,0,0,0,0
2026-07-17 16:06:00,ZO-Bengaluru,0.0,100.0,0.0,1.0,0.0,0.0,1,0,0,0,0,1
2026-07-17 16:06:00,BR-Koramangala,0.09983333333333333,0.0,0.0,1.0,0.0,0.0,0,0,0,0,0,0
2026-07-17 16:06:00,BR-Whitefield,0.0,0.0,0.0,1.0,0.0,0.0,0,0,0,0,0,0
2026-07-17 16:07:00,HO-Chennai,0.08733333333333333,0.0,0.0,1.0,0.0,0.0,0,0,0,0,0,0
2026-07-17 16:07:00,ZO-Bengaluru,0.0,100.0,0.0,1.0,0.0,0.0,1,0,0,0,0,1
2026-07-17 16:07:00,BR-Koramangala,0.08833333333333333,0.0,0.0,1.0,0.0,0.0,0,0,0,0,0,0
2026-07-17 16:07:00,BR-Whitefield,0.0,0.0,0.0,1.0,0.0,0.0,0,0,0,0,0,0
2026-07-17 16:08:00,HO-Chennai,0.164,0.0,0.0,1.0,0.0,0.0,0,0,0,0,0,0
2026-07-17 16:08:00,ZO-Bengaluru,0.0,100.0,0.0,1.0,0.0,0.0,1,0,0,0,0,1
2026-07-17 16:08:00,BR-Koramangala,0.1085,0.0,0.0,1.0,0.0,0.0,0,0,0,0,0,0
2026-07-17 16:08:00,BR-Whitefield,0.0,0.0,0.0,1.0,0.0,0.0,0,0,0,0,0,0
2026-07-17 16:09:00,HO-Chennai,0.10483333333333333,0.0,0.0,1.0,0.0,0.0,0,0,0,0,0,0
2026-07-17 16:09:00,ZO-Bengaluru,0.0,100.0,0.0,1.0,0.0,0.0,1,0,0,0,0,1
2026-07-17 16:09:00,BR-Koramangala,0.09716666666666667,0.0,0.0,1.0,0.0,0.0,0,0,0,0,0,0
2026-07-17 16:09:00,BR-Whitefield,0.0,0.0,0.0,1.0,0.0,0.0,0,0,0,0,0,0
2026-07-17 16:10:00,HO-Chennai,0.09216666666666667,0.0,0.0,1.0,0.0,0.0,0,0,0,0,0,0
2026-07-17 16:10:00,ZO-Bengaluru,0.0,100.0,0.0,1.0,0.0,0.0,1,0,0,0,0,1
2026-07-17 16:10:00,BR-Koramangala,0.09433333333333332,0.0,0.0,1.0,0.0,0.0,0,0,0,0,0,0
2026-07-17 16:10:00,BR-Whitefield,0.0,0.0,0.0,1.0,0.0,0.0,0,0,0,0,0,0
2026-07-17 16:11:00,HO-Chennai,0.12216666666666666,0.0,0.0,1.0,0.0,0.0,0,0,0,0,0,0
2026-07-17 16:11:00,ZO-Bengaluru,0.0,100.0,0.0,1.0,0.0,0.0,1,0,0,0,0,1
2026-07-17 16:11:00,BR-Koramangala,0.11216666666666665,0.0,0.0,1.0,0.0,0.0,0,0,0,0,0,0
2026-07-17 16:11:00,BR-Whitefield,0.0,0.0,0.0,1.0,0.0,0.0,0,0,0,0,0,0
2026-07-17 16:12:00,HO-Chennai,0.14416666666666667,0.0,0.0,1.0,0.0,0.0,0,0,0,0,0,0
2026-07-17 16:12:00,ZO-Bengaluru,0.0,100.0,0.0,1.0,0.0,0.0,1,0,0,0,0,1
2026-07-17 16:12:00,BR-Koramangala,0.127,0.0,0.0,1.0,0.0,0.0,0,0,0,0,0,0
2026-07-17 16:12:00,BR-Whitefield,0.0,0.0,0.0,1.0,0.0,0.0,0,0,0,0,0,0
2026-07-17 16:13:00,HO-Chennai,0.13716666666666666,0.0,0.0,1.0,0.0,0.0,0,0,0,0,0,0
2026-07-17 16:13:00,ZO-Bengaluru,0.0,100.0,0.0,1.0,0.0,0.0,1,0,0,0,0,1
2026-07-17 16:13:00,BR-Koramangala,0.11833333333333333,0.0,0.0,1.0,0.0,0.0,0,0,0,0,0,0
2026-07-17 16:13:00,BR-Whitefield,0.0,0.0,0.0,1.0,0.0,0.0,0,0,0,0,0,0
2026-07-17 16:14:00,HO-Chennai,0.142,0.0,0.0,1.0,0.0,0.0,0,0,0,0,0,0
2026-07-17 16:14:00,ZO-Bengaluru,0.0,100.0,0.0,1.0,0.0,0.0,1,0,0,0,0,1
2026-07-17 16:14:00,BR-Koramangala,0.12933333333333333,0.0,0.0,1.0,0.0,0.0,0,0,0,0,0,0
2026-07-17 16:14:00,BR-Whitefield,0.0,0.0,0.0,1.0,0.0,0.0,0,0,0,0,0,0
2026-07-17 16:15:00,HO-Chennai,0.1376666666666667,0.0,0.0,1.0,0.0,0.0,0,0,0,0,0,0
2026-07-17 16:15:00,ZO-Bengaluru,0.0,100.0,0.0,1.0,0.0,0.0,1,0,0,0,0,1
2026-07-17 16:15:00,BR-Koramangala,0.12566666666666668,0.0,0.0,1.0,0.0,0.0,0,0,0,0,0,0
2026-07-17 16:15:00,BR-Whitefield,0.0,0.0,0.0,1.0,0.0,0.0,0,0,0,0,0,0
2026-07-17 16:16:00,HO-Chennai,0.14733333333333334,0.0,0.0,1.0,0.0,0.0,0,0,0,0,0,0
2026-07-17 16:16:00,ZO-Bengaluru,0.0,100.0,0.0,1.0,0.0,0.0,1,0,0,0,0,1
2026-07-17 16:16:00,BR-Koramangala,0.12933333333333333,0.0,0.0,1.0,0.0,0.0,0,0,0,0,0,0
2026-07-17 16:16:00,BR-Whitefield,0.0,0.0,0.0,1.0,0.0,0.0,0,0,0,0,0,0
2026-07-17 16:17:00,HO-Chennai,0.14716666666666667,0.0,0.0,1.0,0.0,0.0,0,0,0,0,0,0
2026-07-17 16:17:00,ZO-Bengaluru,0.0,100.0,0.0,1.0,0.0,0.0,1,0,0,0,0,1
2026-07-17 16:17:00,BR-Koramangala,0.12816666666666668,0.0,0.0,1.0,0.0,0.0,0,0,0,0,0,0
2026-07-17 16:17:00,BR-Whitefield,0.0,0.0,0.0,1.0,0.0,0.0,0,0,0,0,0,0
2026-07-17 16:18:00,HO-Chennai,0.1525,0.0,0.0,1.0,0.0,0.0,0,0,0,0,0,0
2026-07-17 16:18:00,ZO-Bengaluru,0.0,100.0,0.0,1.0,0.0,0.0,1,0,0,0,0,1
2026-07-17 16:18:00,BR-Koramangala,0.1435,0.0,0.0,1.0,0.0,0.0,0,0,0,0,0,0
2026-07-17 16:18:00,BR-Whitefield,0.0,0.0,0.0,1.0,0.0,0.0,0,0,0,0,0,0
2026-07-17 16:19:00,HO-Chennai,0.14033333333333334,0.0,0.0,1.0,0.0,0.0,0,0,0,0,0,0
2026-07-17 16:19:00,ZO-Bengaluru,0.0,100.0,0.0,1.0,0.0,0.0,1,0,0,0,0,1
2026-07-17 16:19:00,BR-Koramangala,0.13033333333333333,0.0,0.0,1.0,0.0,0.0,0,0,0,0,0,0
2026-07-17 16:19:00,BR-Whitefield,0.0,0.0,0.0,1.0,0.0,0.0,0,0,0,0,0,0
2026-07-17 16:20:00,HO-Chennai,0.15616666666666668,0.0,0.0,1.0,0.0,0.0,0,0,0,0,0,0
2026-07-17 16:20:00,ZO-Bengaluru,0.0,100.0,0.0,1.0,0.0,0.0,1,0,0,0,0,1
2026-07-17 16:20:00,BR-Koramangala,0.12766666666666668,0.0,0.0,1.0,0.0,0.0,0,0,0,0,0,0
2026-07-17 16:20:00,BR-Whitefield,0.0,0.0,0.0,1.0,0.0,0.0,0,0,0,0,0,0
2026-07-17 16:21:00,HO-Chennai,0.16383333333333333,0.0,0.0,1.0,0.0,0.0,0,0,0,0,0,0
2026-07-17 16:21:00,ZO-Bengaluru,0.0,100.0,0.0,1.0,0.0,0.0,1,0,0,0,0,1
2026-07-17 16:21:00,BR-Koramangala,0.14216666666666666,0.0,0.0,1.0,0.0,0.0,0,0,0,0,0,0
2026-07-17 16:21:00,BR-Whitefield,0.0,0.0,0.0,1.0,0.0,0.0,0,0,0,0,0,0
2026-07-17 16:22:00,HO-Chennai,0.13466666666666668,0.0,0.0,1.0,0.0,0.0,0,0,0,0,0,0
2026-07-17 16:22:00,ZO-Bengaluru,0.0,100.0,0.0,1.0,0.0,0.0,1,0,0,0,0,1
2026-07-17 16:22:00,BR-Koramangala,0.13266666666666668,0.0,0.0,1.0,0.0,0.0,0,0,0,0,0,0
2026-07-17 16:22:00,BR-Whitefield,0.0,0.0,0.0,1.0,0.0,0.0,0,0,0,0,0,0
2026-07-17 16:23:00,HO-Chennai,0.14233333333333334,0.0,0.0,1.0,0.0,0.0,0,0,0,0,0,0
2026-07-17 16:23:00,ZO-Bengaluru,0.0,100.0,0.0,1.0,0.0,0.0,1,0,0,0,0,1
2026-07-17 16:23:00,BR-Koramangala,0.12283333333333334,0.0,0.0,1.0,0.0,0.0,0,0,0,0,0,0
2026-07-17 16:23:00,BR-Whitefield,0.0,0.0,0.0,1.0,0.0,0.0,0,0,0,0,0,0
2026-07-17 16:24:00,HO-Chennai,0.12483333333333334,0.0,0.0,1.0,0.0,0.0,0,0,0,0,0,0
2026-07-17 16:24:00,ZO-Bengaluru,0.0,100.0,0.0,1.0,0.0,0.0,1,0,0,0,0,1
2026-07-17 16:24:00,BR-Koramangala,0.11933333333333333,0.0,0.0,1.0,0.0,0.0,0,0,0,0,0,0
2026-07-17 16:24:00,BR-Whitefield,0.0,0.0,0.0,1.0,0.0,0.0,0,0,0,0,0,0
2026-07-17 16:25:00,HO-Chennai,0.12033333333333333,0.0,0.0,1.0,0.0,0.0,0,0,0,0,0,0
2026-07-17 16:25:00,ZO-Bengaluru,0.0,100.0,0.0,1.0,0.0,0.0,1,0,0,0,0,1
2026-07-17 16:25:00,BR-Koramangala,0.1105,0.0,0.0,1.0,0.0,0.0,0,0,0,0,0,0
2026-07-17 16:25:00,BR-Whitefield,0.0,0.0,0.0,1.0,0.0,0.0,0,0,0,0,0,0
2026-07-17 16:26:00,HO-Chennai,0.16666666666666666,0.0,0.0,1.0,0.0,0.0,0,0,0,0,0,0
2026-07-17 16:26:00,ZO-Bengaluru,0.0,100.0,0.0,1.0,0.0,0.0,1,0,0,0,0,1
2026-07-17 16:26:00,BR-Koramangala,0.11566666666666665,0.0,0.0,1.0,0.0,0.0,0,0,0,0,0,0
2026-07-17 16:26:00,BR-Whitefield,0.0,0.0,0.0,1.0,0.0,0.0,0,0,0,0,0,0
2026-07-17 16:27:00,HO-Chennai,0.09016666666666667,0.0,0.0,1.0,0.0,0.0,0,0,0,0,0,0
2026-07-17 16:27:00,ZO-Bengaluru,0.0,100.0,0.0,1.0,0.0,0.0,1,0,0,0,0,1
2026-07-17 16:27:00,BR-Koramangala,0.0805,0.0,0.0,1.0,0.0,0.0,0,0,0,0,0,0
2026-07-17 16:27:00,BR-Whitefield,0.0,0.0,0.0,1.0,0.0,0.0,0,0,0,0,0,0
2026-07-17 16:28:00,HO-Chennai,0.08783333333333333,0.0,0.0,1.0,0.0,0.0,0,0,0,0,0,0
2026-07-17 16:28:00,ZO-Bengaluru,0.0,100.0,0.0,1.0,0.0,0.0,1,0,0,0,0,1
2026-07-17 16:28:00,BR-Koramangala,0.085,0.0,0.0,1.0,0.0,0.0,0,0,0,0,0,0
2026-07-17 16:28:00,BR-Whitefield,0.0,0.0,0.0,1.0,0.0,0.0,0,0,0,0,0,0
2026-07-17 16:29:00,HO-Chennai,0.12050000000000001,0.0,0.0,1.0,0.0,0.0,0,0,0,0,0,0
2026-07-17 16:29:00,ZO-Bengaluru,0.0,100.0,0.0,1.0,0.0,0.0,1,0,0,0,0,1
2026-07-17 16:29:00,BR-Koramangala,0.10983333333333334,0.0,0.0,1.0,0.0,0.0,0,0,0,0,0,0
2026-07-17 16:29:00,BR-Whitefield,0.0,0.0,0.0,1.0,0.0,0.0,0,0,0,0,0,0
2026-07-17 16:30:00,HO-Chennai,0.11016666666666668,0.0,0.0,1.0,0.0,0.0,0,0,0,0,0,0
2026-07-17 16:30:00,ZO-Bengaluru,0.0,100.0,0.0,1.0,0.0,0.0,1,0,0,0,0,1
2026-07-17 16:30:00,BR-Koramangala,0.11233333333333334,0.0,0.0,1.0,0.0,0.0,0,0,0,0,0,0
2026-07-17 16:30:00,BR-Whitefield,0.0,0.0,0.0,1.0,0.0,0.0,0,0,0,0,0,0
2026-07-17 16:31:00,HO-Chennai,0.17433333333333334,0.0,0.0,1.0,0.0,0.0,0,0,0,0,0,0
2026-07-17 16:31:00,ZO-Bengaluru,0.0,100.0,0.0,1.0,0.0,0.0,1,0,0,0,0,1
2026-07-17 16:31:00,BR-Koramangala,0.10366666666666667,0.0,0.0,1.0,0.0,0.0,0,0,0,0,0,0
2026-07-17 16:31:00,BR-Whitefield,0.0,0.0,0.0,1.0,0.0,0.0,0,0,0,0,0,0
2026-07-17 16:32:00,HO-Chennai,0.119,0.0,0.0,1.0,0.0,0.0,0,0,0,0,0,0
2026-07-17 16:32:00,ZO-Bengaluru,0.0,100.0,0.0,1.0,0.0,0.0,1,0,0,0,0,1
2026-07-17 16:32:00,BR-Koramangala,0.09633333333333333,0.0,0.0,1.0,0.0,0.0,0,0,0,0,0,0
2026-07-17 16:32:00,BR-Whitefield,0.0,0.0,0.0,1.0,0.0,0.0,0,0,0,0,0,0
2026-07-17 16:33:00,HO-Chennai,0.08533333333333333,0.0,0.0,1.0,0.0,0.0,0,0,0,0,0,0
2026-07-17 16:33:00,ZO-Bengaluru,0.0,100.0,0.0,1.0,0.0,0.0,1,0,0,0,0,1
2026-07-17 16:33:00,BR-Koramangala,0.07983333333333334,0.0,0.0,1.0,0.0,0.0,0,0,0,0,0,0
2026-07-17 16:33:00,BR-Whitefield,0.0,0.0,0.0,1.0,0.0,0.0,0,0,0,0,0,0
2026-07-17 16:34:00,HO-Chennai,0.09166666666666667,0.0,0.0,1.0,0.0,0.0,0,0,0,0,0,0
2026-07-17 16:34:00,ZO-Bengaluru,0.0,100.0,0.0,1.0,0.0,0.0,1,0,0,0,0,1
2026-07-17 16:34:00,BR-Koramangala,0.09383333333333332,0.0,0.0,1.0,0.0,0.0,0,0,0,0,0,0
2026-07-17 16:34:00,BR-Whitefield,0.0,0.0,0.0,1.0,0.0,0.0,0,0,0,0,0,0
2026-07-17 16:35:00,HO-Chennai,0.1065,0.0,0.0,1.0,0.0,0.0,0,0,0,0,0,0
2026-07-17 16:35:00,ZO-Bengaluru,0.0,100.0,0.0,1.0,0.0,0.0,1,0,0,0,0,1
2026-07-17 16:35:00,BR-Koramangala,0.08966666666666667,0.0,0.0,1.0,0.0,0.0,0,0,0,0,0,0
2026-07-17 16:35:00,BR-Whitefield,0.0,0.0,0.0,1.0,0.0,0.0,0,0,0,0,0,0
2026-07-17 16:36:00,HO-Chennai,0.1376666666666667,0.0,0.0,1.0,0.0,0.0,0,0,0,0,0,0
2026-07-17 16:36:00,ZO-Bengaluru,0.0,100.0,0.0,1.0,0.0,0.0,1,0,0,0,0,1
2026-07-17 16:36:00,BR-Koramangala,0.128,0.0,0.0,1.0,0.0,0.0,0,0,0,0,0,0
2026-07-17 16:36:00,BR-Whitefield,0.0,0.0,0.0,1.0,0.0,0.0,0,0,0,0,0,0
2026-07-17 16:37:00,HO-Chennai,0.13116666666666668,0.0,0.0,1.0,0.0,0.0,0,0,0,0,0,0
2026-07-17 16:37:00,ZO-Bengaluru,0.0,100.0,0.0,1.0,0.0,0.0,1,0,0,0,0,1
2026-07-17 16:37:00,BR-Koramangala,0.10116666666666667,0.0,0.0,1.0,0.0,0.0,0,0,0,0,0,0
2026-07-17 16:37:00,BR-Whitefield,0.0,0.0,0.0,1.0,0.0,0.0,0,0,0,0,0,0
2026-07-17 16:38:00,HO-Chennai,0.134,0.0,0.0,1.0,0.0,0.0,0,0,0,0,0,0
2026-07-17 16:38:00,ZO-Bengaluru,0.0,100.0,0.0,1.0,0.0,0.0,1,0,0,0,0,1
2026-07-17 16:38:00,BR-Koramangala,0.12483333333333334,0.0,0.0,1.0,0.0,0.0,0,0,0,0,0,0
2026-07-17 16:38:00,BR-Whitefield,0.0,0.0,0.0,1.0,0.0,0.0,0,0,0,0,0,0
2026-07-17 16:39:00,HO-Chennai,0.11833333333333333,0.0,0.0,1.0,0.0,0.0,0,0,0,0,0,0
2026-07-17 16:39:00,ZO-Bengaluru,0.0,100.0,0.0,1.0,0.0,0.0,1,0,0,0,0,1
2026-07-17 16:39:00,BR-Koramangala,0.1195,0.0,0.0,1.0,0.0,0.0,0,0,0,0,0,0
2026-07-17 16:39:00,BR-Whitefield,0.0,0.0,0.0,1.0,0.0,0.0,0,0,0,0,0,0
2026-07-17 16:40:00,HO-Chennai,0.142,0.0,0.0,1.0,0.0,0.0,0,0,0,0,0,0
2026-07-17 16:40:00,ZO-Bengaluru,0.0,100.0,0.0,1.0,0.0,0.0,1,0,0,0,0,1
2026-07-17 16:40:00,BR-Koramangala,0.10266666666666667,0.0,0.0,1.0,0.0,0.0,0,0,0,0,0,0
2026-07-17 16:40:00,BR-Whitefield,0.0,0.0,0.0,1.0,0.0,0.0,0,0,0,0,0,0
2026-07-17 16:41:00,HO-Chennai,0.11,0.0,0.0,1.0,0.0,0.0,0,0,0,0,0,0
2026-07-17 16:41:00,ZO-Bengaluru,0.0,100.0,0.0,1.0,0.0,0.0,1,0,0,0,0,1
2026-07-17 16:41:00,BR-Koramangala,0.09799999999999999,0.0,0.0,1.0,0.0,0.0,0,0,0,0,0,0
2026-07-17 16:41:00,BR-Whitefield,0.0,0.0,0.0,1.0,0.0,0.0,0,0,0,0,0,0
2026-07-17 16:42:00,HO-Chennai,0.078,0.0,0.0,1.0,0.0,0.0,0,0,0,0,0,0
2026-07-17 16:42:00,ZO-Bengaluru,0.0,100.0,0.0,1.0,0.0,0.0,1,0,0,0,0,1
2026-07-17 16:42:00,BR-Koramangala,0.078,0.0,0.0,1.0,0.0,0.0,0,0,0,0,0,0
2026-07-17 16:42:00,BR-Whitefield,0.0,0.0,0.0,1.0,0.0,0.0,0,0,0,0,0,0
2026-07-17 16:43:00,HO-Chennai,0.09383333333333332,0.0,0.0,1.0,0.0,0.0,0,0,0,0,0,0
2026-07-17 16:43:00,ZO-Bengaluru,0.0,100.0,0.0,1.0,0.0,0.0,1,0,0,0,0,1
2026-07-17 16:43:00,BR-Koramangala,0.085,0.0,0.0,1.0,0.0,0.0,0,0,0,0,0,0
2026-07-17 16:43:00,BR-Whitefield,0.0,0.0,0.0,1.0,0.0,0.0,0,0,0,0,0,0
2026-07-17 16:44:00,HO-Chennai,0.09349999999999999,0.0,0.0,1.0,0.0,0.0,0,0,0,0,0,0
2026-07-17 16:44:00,ZO-Bengaluru,0.0,100.0,0.0,1.0,0.0,0.0,1,0,0,0,0,1
2026-07-17 16:44:00,BR-Koramangala,0.0805,0.0,0.0,1.0,0.0,0.0,0,0,0,0,0,0
2026-07-17 16:44:00,BR-Whitefield,0.0,0.0,0.0,1.0,0.0,0.0,0,0,0,0,0,0
2026-07-17 16:45:00,HO-Chennai,0.08616666666666667,0.0,0.0,1.0,0.0,0.0,0,0,0,0,0,0
2026-07-17 16:45:00,ZO-Bengaluru,0.0,100.0,0.0,1.0,0.0,0.0,1,0,0,0,0,1
2026-07-17 16:45:00,BR-Koramangala,0.08316666666666667,0.0,0.0,1.0,0.0,0.0,0,0,0,0,0,0
2026-07-17 16:45:00,BR-Whitefield,0.0,0.0,0.0,1.0,0.0,0.0,0,0,0,0,0,0
2026-07-17 16:46:00,HO-Chennai,0.08566666666666667,0.0,0.0,1.0,0.0,0.0,0,0,0,0,0,0
2026-07-17 16:46:00,ZO-Bengaluru,0.0,100.0,0.0,1.0,0.0,0.0,1,0,0,0,0,1
2026-07-17 16:46:00,BR-Koramangala,0.08033333333333333,0.0,0.0,1.0,0.0,0.0,0,0,0,0,0,0
2026-07-17 16:46:00,BR-Whitefield,0.0,0.0,0.0,1.0,0.0,0.0,0,0,0,0,0,0
2026-07-17 16:47:00,HO-Chennai,0.11183333333333334,0.0,0.0,1.0,0.0,0.0,0,0,0,0,0,0
2026-07-17 16:47:00,ZO-Bengaluru,0.0,100.0,0.0,1.0,0.0,0.0,1,0,0,0,0,1
2026-07-17 16:47:00,BR-Koramangala,0.09933333333333333,0.0,0.0,1.0,0.0,0.0,0,0,0,0,0,0
2026-07-17 16:47:00,BR-Whitefield,0.0,0.0,0.0,1.0,0.0,0.0,0,0,0,0,0,0
2026-07-17 16:48:00,HO-Chennai,0.10766666666666667,0.0,0.0,1.0,0.0,0.0,0,0,0,0,0,0
2026-07-17 16:48:00,ZO-Bengaluru,0.0,100.0,0.0,1.0,0.0,0.0,1,0,0,0,0,1
2026-07-17 16:48:00,BR-Koramangala,0.08966666666666667,0.0,0.0,1.0,0.0,0.0,0,0,0,0,0,0
2026-07-17 16:48:00,BR-Whitefield,0.0,0.0,0.0,1.0,0.0,0.0,0,0,0,0,0,0
2026-07-17 16:49:00,HO-Chennai,0.1215,0.0,0.0,1.0,0.0,0.0,0,0,0,0,0,0
2026-07-17 16:49:00,ZO-Bengaluru,0.0,100.0,0.0,1.0,0.0,0.0,1,0,0,0,0,1
2026-07-17 16:49:00,BR-Koramangala,0.09550000000000002,0.0,0.0,1.0,0.0,0.0,0,0,0,0,0,0
2026-07-17 16:49:00,BR-Whitefield,0.0,0.0,0.0,1.0,0.0,0.0,0,0,0,0,0,0
2026-07-17 16:50:00,HO-Chennai,0.10266666666666667,0.0,0.0,1.0,0.0,0.0,0,0,0,0,0,0
2026-07-17 16:50:00,ZO-Bengaluru,0.0,100.0,0.0,1.0,0.0,0.0,1,0,0,0,0,1
2026-07-17 16:50:00,BR-Koramangala,0.07966666666666666,0.0,0.0,1.0,0.0,0.0,0,0,0,0,0,0
2026-07-17 16:50:00,BR-Whitefield,0.0,0.0,0.0,1.0,0.0,0.0,0,0,0,0,0,0
2026-07-17 16:51:00,HO-Chennai,0.10433333333333333,0.0,0.0,1.0,0.0,0.0,0,0,0,0,0,0
2026-07-17 16:51:00,ZO-Bengaluru,0.0,100.0,0.0,1.0,0.0,0.0,1,0,0,0,0,1
2026-07-17 16:51:00,BR-Koramangala,0.10183333333333333,0.0,0.0,1.0,0.0,0.0,0,0,0,0,0,0
2026-07-17 16:51:00,BR-Whitefield,0.0,0.0,0.0,1.0,0.0,0.0,0,0,0,0,0,0
2026-07-17 16:52:00,HO-Chennai,0.15383333333333335,0.0,0.0,1.0,0.0,0.0,0,0,0,0,0,0
2026-07-17 16:52:00,ZO-Bengaluru,0.0,100.0,0.0,1.0,0.0,0.0,1,0,0,0,0,1
2026-07-17 16:52:00,BR-Koramangala,0.13033333333333333,0.0,0.0,1.0,0.0,0.0,0,0,0,0,0,0
2026-07-17 16:52:00,BR-Whitefield,0.0,0.0,0.0,1.0,0.0,0.0,0,0,0,0,0,0
2026-07-17 16:53:00,HO-Chennai,0.08983333333333333,0.0,0.0,1.0,0.0,0.0,0,0,0,0,0,0
2026-07-17 16:53:00,ZO-Bengaluru,0.0,100.0,0.0,1.0,0.0,0.0,1,0,0,0,0,1
2026-07-17 16:53:00,BR-Koramangala,0.08533333333333333,0.0,0.0,1.0,0.0,0.0,0,0,0,0,0,0
2026-07-17 16:53:00,BR-Whitefield,0.0,0.0,0.0,1.0,0.0,0.0,0,0,0,0,0,0
2026-07-17 16:54:00,HO-Chennai,0.10583333333333333,0.0,0.0,1.0,0.0,0.0,0,0,0,0,0,0
2026-07-17 16:54:00,ZO-Bengaluru,0.0,100.0,0.0,1.0,0.0,0.0,1,0,0,0,0,1
2026-07-17 16:54:00,BR-Koramangala,0.12366666666666666,0.0,0.0,1.0,0.0,0.0,0,0,0,0,0,0
2026-07-17 16:54:00,BR-Whitefield,0.0,0.0,0.0,1.0,0.0,0.0,0,0,0,0,0,0
2026-07-17 16:55:00,HO-Chennai,0.11316666666666668,0.0,0.0,1.0,0.0,0.0,0,0,0,0,0,0
2026-07-17 16:55:00,ZO-Bengaluru,0.0,100.0,0.0,1.0,0.0,0.0,1,0,0,0,0,1
2026-07-17 16:55:00,BR-Koramangala,0.12,0.0,0.0,1.0,0.0,0.0,0,0,0,0,0,0
2026-07-17 16:55:00,BR-Whitefield,0.0,0.0,0.0,1.0,0.0,0.0,0,0,0,0,0,0
2026-07-17 16:56:00,HO-Chennai,0.09250000000000001,0.0,0.0,1.0,0.0,0.0,0,0,0,0,0,0
2026-07-17 16:56:00,ZO-Bengaluru,0.0,100.0,0.0,1.0,0.0,0.0,1,0,0,0,0,1
2026-07-17 16:56:00,BR-Koramangala,0.09033333333333333,0.0,0.0,1.0,0.0,0.0,0,0,0,0,0,0
2026-07-17 16:56:00,BR-Whitefield,0.0,0.0,0.0,1.0,0.0,0.0,0,0,0,0,0,0
2026-07-17 16:57:00,HO-Chennai,0.0845,0.0,0.0,1.0,0.0,0.0,0,0,0,0,0,0
2026-07-17 16:57:00,ZO-Bengaluru,0.0,100.0,0.0,1.0,0.0,0.0,1,0,0,0,0,1
2026-07-17 16:57:00,BR-Koramangala,0.08433333333333333,0.0,0.0,1.0,0.0,0.0,0,0,0,0,0,0
2026-07-17 16:57:00,BR-Whitefield,0.0,0.0,0.0,1.0,0.0,0.0,0,0,0,0,0,0
2026-07-17 16:58:00,HO-Chennai,0.09100000000000001,0.0,0.0,1.0,0.0,0.0,0,0,0,0,0,0
2026-07-17 16:58:00,ZO-Bengaluru,0.0,100.0,0.0,1.0,0.0,0.0,1,0,0,0,0,1
2026-07-17 16:58:00,BR-Koramangala,0.08616666666666667,0.0,0.0,1.0,0.0,0.0,0,0,0,0,0,0
2026-07-17 16:58:00,BR-Whitefield,0.0,0.0,0.0,1.0,0.0,0.0,0,0,0,0,0,0
2026-07-17 16:59:00,HO-Chennai,0.082,0.0,0.0,1.0,0.0,0.0,0,0,0,0,0,0
2026-07-17 16:59:00,ZO-Bengaluru,0.0,100.0,0.0,1.0,0.0,0.0,1,0,0,0,0,1
2026-07-17 16:59:00,BR-Koramangala,0.0835,0.0,0.0,1.0,0.0,0.0,0,0,0,0,0,0
2026-07-17 16:59:00,BR-Whitefield,0.0,0.0,0.0,1.0,0.0,0.0,0,0,0,0,0,0
2026-07-17 17:00:00,HO-Chennai,0.08016666666666666,0.0,0.0,1.0,0.0,0.0,0,0,0,0,0,0
2026-07-17 17:00:00,ZO-Bengaluru,0.0,100.0,0.0,1.0,0.0,0.0,1,0,0,0,0,1
2026-07-17 17:00:00,BR-Koramangala,0.09783333333333333,0.0,0.0,1.0,0.0,0.0,0,0,0,0,0,0
2026-07-17 17:00:00,BR-Whitefield,0.0,0.0,0.0,1.0,0.0,0.0,0,0,0,0,0,0
2026-07-17 17:01:00,HO-Chennai,0.10566666666666667,0.0,0.0,1.0,0.0,0.0,0,0,0,0,0,0
2026-07-17 17:01:00,ZO-Bengaluru,0.0,100.0,0.0,1.0,0.0,0.0,1,0,0,0,0,1
2026-07-17 17:01:00,BR-Koramangala,0.21366666666666667,0.0,0.0,1.0,0.0,0.0,0,0,0,0,0,0
2026-07-17 17:01:00,BR-Whitefield,0.0,0.0,0.0,1.0,0.0,0.0,0,0,0,0,0,0
2026-07-17 17:02:00,HO-Chennai,0.11616666666666665,0.0,0.0,1.0,0.0,0.0,0,0,0,0,0,0
2026-07-17 17:02:00,ZO-Bengaluru,0.0,100.0,0.0,1.0,0.0,0.0,1,0,0,0,0,1
2026-07-17 17:02:00,BR-Koramangala,0.09433333333333334,0.0,0.0,1.0,0.0,0.0,0,0,0,0,0,0
2026-07-17 17:02:00,BR-Whitefield,0.0,0.0,0.0,1.0,0.0,0.0,0,0,0,0,0,0
2026-07-17 17:03:00,HO-Chennai,0.122,0.0,0.0,1.0,0.0,0.0,0,0,0,0,0,0
2026-07-17 17:03:00,ZO-Bengaluru,0.0,100.0,0.0,1.0,0.0,0.0,1,0,0,0,0,1
2026-07-17 17:03:00,BR-Koramangala,0.11733333333333335,0.0,0.0,1.0,0.0,0.0,0,0,0,0,0,0
2026-07-17 17:03:00,BR-Whitefield,0.0,0.0,0.0,1.0,0.0,0.0,0,0,0,0,0,0
2026-07-17 17:04:00,HO-Chennai,0.11116666666666668,0.0,0.0,1.0,0.0,0.0,0,0,0,0,0,0
2026-07-17 17:04:00,ZO-Bengaluru,0.0,100.0,0.0,1.0,0.0,0.0,1,0,0,0,0,1
2026-07-17 17:04:00,BR-Koramangala,0.10366666666666667,0.0,0.0,1.0,0.0,0.0,0,0,0,0,0,0
2026-07-17 17:04:00,BR-Whitefield,0.0,0.0,0.0,1.0,0.0,0.0,0,0,0,0,0,0
2026-07-17 17:05:00,HO-Chennai,1.0426,0.0,0.0,1.0,0.0,0.0,0,0,0,0,0,0
2026-07-17 17:05:00,ZO-Bengaluru,0.0,100.0,0.0,1.0,0.0,0.0,1,0,0,0,0,1
2026-07-17 17:05:00,BR-Koramangala,0.9652,0.0,0.0,1.0,0.0,0.0,0,0,0,0,0,0
2026-07-17 17:05:00,BR-Whitefield,0.0,0.0,0.0,1.0,0.0,0.0,0,0,0,0,0,0
2026-07-17 17:06:00,HO-Chennai,0.12216666666666666,0.0,0.0,1.0,0.0,0.0,0,0,0,0,0,0
2026-07-17 17:06:00,ZO-Bengaluru,0.0,100.0,0.0,1.0,0.0,0.0,1,0,0,0,0,1
2026-07-17 17:06:00,BR-Koramangala,0.10083333333333333,0.0,0.0,1.0,0.0,0.0,0,0,0,0,0,0
2026-07-17 17:06:00,BR-Whitefield,0.0,0.0,0.0,1.0,0.0,0.0,0,0,0,0,0,0
2026-07-17 17:07:00,HO-Chennai,0.10049999999999999,0.0,0.0,1.0,0.0,0.0,0,0,0,0,0,0
2026-07-17 17:07:00,ZO-Bengaluru,0.0,100.0,0.0,1.0,0.0,0.0,1,0,0,0,0,1
2026-07-17 17:07:00,BR-Koramangala,0.09616666666666666,0.0,0.0,1.0,0.0,0.0,0,0,0,0,0,0
2026-07-17 17:07:00,BR-Whitefield,0.0,0.0,0.0,1.0,0.0,0.0,0,0,0,0,0,0
2026-07-17 17:08:00,HO-Chennai,0.1315,0.0,0.0,1.0,0.0,0.0,0,0,0,0,0,0
2026-07-17 17:08:00,ZO-Bengaluru,0.0,100.0,0.0,1.0,0.0,0.0,1,0,0,0,0,1
2026-07-17 17:08:00,BR-Koramangala,0.09699999999999999,0.0,0.0,1.0,0.0,0.0,0,0,0,0,0,0
2026-07-17 17:08:00,BR-Whitefield,0.0,0.0,0.0,1.0,0.0,0.0,0,0,0,0,0,0
2026-07-17 17:09:00,HO-Chennai,0.11966666666666666,0.0,0.0,1.0,0.0,0.0,0,0,0,0,0,0
2026-07-17 17:09:00,ZO-Bengaluru,0.0,100.0,0.0,1.0,0.0,0.0,1,0,0,0,0,1
2026-07-17 17:09:00,BR-Koramangala,0.115,0.0,0.0,1.0,0.0,0.0,0,0,0,0,0,0
2026-07-17 17:09:00,BR-Whitefield,0.0,0.0,0.0,1.0,0.0,0.0,0,0,0,0,0,0
2026-07-17 17:10:00,HO-Chennai,0.148,0.0,0.0,1.0,0.0,0.0,0,0,0,0,0,0
2026-07-17 17:10:00,ZO-Bengaluru,0.0,100.0,0.0,1.0,0.0,0.0,1,0,0,0,0,1
2026-07-17 17:10:00,BR-Koramangala,0.118,0.0,0.0,1.0,0.0,0.0,0,0,0,0,0,0
2026-07-17 17:10:00,BR-Whitefield,0.0,0.0,0.0,1.0,0.0,0.0,0,0,0,0,0,0
2026-07-17 17:11:00,HO-Chennai,0.12733333333333333,0.0,0.0,1.0,0.0,0.0,0,0,0,0,0,0
2026-07-17 17:11:00,ZO-Bengaluru,0.0,100.0,0.0,1.0,0.0,0.0,1,0,0,0,0,1
2026-07-17 17:11:00,BR-Koramangala,0.10866666666666668,0.0,0.0,1.0,0.0,0.0,0,0,0,0,0,0
2026-07-17 17:11:00,BR-Whitefield,0.0,0.0,0.0,1.0,0.0,0.0,0,0,0,0,0,0
2026-07-17 17:12:00,HO-Chennai,0.15533333333333332,0.0,0.0,1.0,0.0,0.0,0,0,0,0,0,0
2026-07-17 17:12:00,ZO-Bengaluru,0.0,100.0,0.0,1.0,0.0,0.0,1,0,0,0,0,1
2026-07-17 17:12:00,BR-Koramangala,0.12816666666666668,0.0,0.0,1.0,0.0,0.0,0,0,0,0,0,0
2026-07-17 17:12:00,BR-Whitefield,0.0,0.0,0.0,1.0,0.0,0.0,0,0,0,0,0,0
2026-07-17 17:13:00,HO-Chennai,0.15266666666666667,0.0,0.0,1.0,0.0,0.0,0,0,0,0,0,0
2026-07-17 17:13:00,ZO-Bengaluru,0.0,100.0,0.0,1.0,0.0,0.0,1,0,0,0,0,1
2026-07-17 17:13:00,BR-Koramangala,0.142,0.0,0.0,1.0,0.0,0.0,0,0,0,0,0,0
2026-07-17 17:13:00,BR-Whitefield,0.0,0.0,0.0,1.0,0.0,0.0,0,0,0,0,0,0
2026-07-17 17:14:00,HO-Chennai,0.15916666666666665,0.0,0.0,1.0,0.0,0.0,0,0,0,0,0,0
2026-07-17 17:14:00,ZO-Bengaluru,0.0,100.0,0.0,1.0,0.0,0.0,1,0,0,0,0,1
2026-07-17 17:14:00,BR-Koramangala,0.14183333333333334,0.0,0.0,1.0,0.0,0.0,0,0,0,0,0,0
2026-07-17 17:14:00,BR-Whitefield,0.0,0.0,0.0,1.0,0.0,0.0,0,0,0,0,0,0
2026-07-17 17:15:00,HO-Chennai,0.16,0.0,0.0,1.0,0.0,0.0,0,0,0,0,0,0
2026-07-17 17:15:00,ZO-Bengaluru,0.0,100.0,0.0,1.0,0.0,0.0,1,0,0,0,0,1
2026-07-17 17:15:00,BR-Koramangala,0.12866666666666668,0.0,0.0,1.0,0.0,0.0,0,0,0,0,0,0
2026-07-17 17:15:00,BR-Whitefield,0.0,0.0,0.0,1.0,0.0,0.0,0,0,0,0,0,0
2026-07-17 17:16:00,HO-Chennai,0.17366666666666666,0.0,0.0,1.0,0.0,0.0,0,0,0,0,0,0
2026-07-17 17:16:00,ZO-Bengaluru,0.0,100.0,0.0,1.0,0.0,0.0,1,0,0,0,0,1
2026-07-17 17:16:00,BR-Koramangala,0.12433333333333334,0.0,0.0,1.0,0.0,0.0,0,0,0,0,0,0
2026-07-17 17:16:00,BR-Whitefield,0.0,0.0,0.0,1.0,0.0,0.0,0,0,0,0,0,0
2026-07-17 17:17:00,HO-Chennai,0.18516666666666667,0.0,0.0,1.0,0.0,0.0,0,0,0,0,0,0
2026-07-17 17:17:00,ZO-Bengaluru,0.0,100.0,0.0,1.0,0.0,0.0,1,0,0,0,0,1
2026-07-17 17:17:00,BR-Koramangala,0.13883333333333334,0.0,0.0,1.0,0.0,0.0,0,0,0,0,0,0
2026-07-17 17:17:00,BR-Whitefield,0.0,0.0,0.0,1.0,0.0,0.0,0,0,0,0,0,0
2026-07-17 17:18:00,HO-Chennai,0.14049999999999999,0.0,0.0,1.0,0.0,0.0,0,0,0,0,0,0
2026-07-17 17:18:00,ZO-Bengaluru,0.0,100.0,0.0,1.0,0.0,0.0,1,0,0,0,0,1
2026-07-17 17:18:00,BR-Koramangala,0.14283333333333334,0.0,0.0,1.0,0.0,0.0,0,0,0,0,0,0
2026-07-17 17:18:00,BR-Whitefield,0.0,0.0,0.0,1.0,0.0,0.0,0,0,0,0,0,0
2026-07-17 17:19:00,HO-Chennai,0.14883333333333335,0.0,0.0,1.0,0.0,0.0,0,0,0,0,0,0
2026-07-17 17:19:00,ZO-Bengaluru,0.0,100.0,0.0,1.0,0.0,0.0,1,0,0,0,0,1
2026-07-17 17:19:00,BR-Koramangala,0.11233333333333334,0.0,0.0,1.0,0.0,0.0,0,0,0,0,0,0
2026-07-17 17:19:00,BR-Whitefield,0.0,0.0,0.0,1.0,0.0,0.0,0,0,0,0,0,0
2026-07-17 17:20:00,HO-Chennai,0.14916666666666667,0.0,0.0,1.0,0.0,0.0,0,0,0,0,0,0
2026-07-17 17:20:00,ZO-Bengaluru,0.0,100.0,0.0,1.0,0.0,0.0,1,0,0,0,0,1
2026-07-17 17:20:00,BR-Koramangala,0.12683333333333333,0.0,0.0,1.0,0.0,0.0,0,0,0,0,0,0
2026-07-17 17:20:00,BR-Whitefield,0.0,0.0,0.0,1.0,0.0,0.0,0,0,0,0,0,0
2026-07-17 17:21:00,HO-Chennai,0.16366666666666665,0.0,0.0,1.0,0.0,0.0,0,0,0,0,0,0
2026-07-17 17:21:00,ZO-Bengaluru,0.0,100.0,0.0,1.0,0.0,0.0,1,0,0,0,0,1
2026-07-17 17:21:00,BR-Koramangala,0.11783333333333333,0.0,0.0,1.0,0.0,0.0,0,0,0,0,0,0
2026-07-17 17:21:00,BR-Whitefield,0.0,0.0,0.0,1.0,0.0,0.0,0,0,0,0,0,0
2026-07-17 17:22:00,HO-Chennai,0.1525,0.0,0.0,1.0,0.0,0.0,0,0,0,0,0,0
2026-07-17 17:22:00,ZO-Bengaluru,0.0,100.0,0.0,1.0,0.0,0.0,1,0,0,0,0,1
2026-07-17 17:22:00,BR-Koramangala,0.13566666666666669,0.0,0.0,1.0,0.0,0.0,0,0,0,0,0,0
2026-07-17 17:22:00,BR-Whitefield,0.0,0.0,0.0,1.0,0.0,0.0,0,0,0,0,0,0
2026-07-17 17:23:00,HO-Chennai,0.16083333333333333,0.0,0.0,1.0,0.0,0.0,0,0,0,0,0,0
2026-07-17 17:23:00,ZO-Bengaluru,0.0,100.0,0.0,1.0,0.0,0.0,1,0,0,0,0,1
2026-07-17 17:23:00,BR-Koramangala,0.11233333333333333,0.0,0.0,1.0,0.0,0.0,0,0,0,0,0,0
2026-07-17 17:23:00,BR-Whitefield,0.0,0.0,0.0,1.0,0.0,0.0,0,0,0,0,0,0
2026-07-17 17:24:00,HO-Chennai,0.18816666666666668,0.0,0.0,1.0,0.0,0.0,0,0,0,0,0,0
2026-07-17 17:24:00,ZO-Bengaluru,0.0,100.0,0.0,1.0,0.0,0.0,1,0,0,0,0,1
2026-07-17 17:24:00,BR-Koramangala,0.13333333333333333,0.0,0.0,1.0,0.0,0.0,0,0,0,0,0,0
2026-07-17 17:24:00,BR-Whitefield,0.0,0.0,0.0,1.0,0.0,0.0,0,0,0,0,0,0
2026-07-17 17:25:00,HO-Chennai,0.14483333333333334,0.0,0.0,1.0,0.0,0.0,0,0,0,0,0,0
2026-07-17 17:25:00,ZO-Bengaluru,0.0,100.0,0.0,1.0,0.0,0.0,1,0,0,0,0,1
2026-07-17 17:25:00,BR-Koramangala,0.16583333333333333,0.0,0.0,1.0,0.0,0.0,0,0,0,0,0,0
2026-07-17 17:25:00,BR-Whitefield,0.0,0.0,0.0,1.0,0.0,0.0,0,0,0,0,0,0
2026-07-17 17:26:00,HO-Chennai,0.1505,0.0,0.0,1.0,0.0,0.0,0,0,0,0,0,0
2026-07-17 17:26:00,ZO-Bengaluru,0.0,100.0,0.0,1.0,0.0,0.0,1,0,0,0,0,1
2026-07-17 17:26:00,BR-Koramangala,0.13383333333333333,0.0,0.0,1.0,0.0,0.0,0,0,0,0,0,0
2026-07-17 17:26:00,BR-Whitefield,0.0,0.0,0.0,1.0,0.0,0.0,0,0,0,0,0,0
2026-07-17 17:27:00,HO-Chennai,0.14366666666666666,0.0,0.0,1.0,0.0,0.0,0,0,0,0,0,0
2026-07-17 17:27:00,ZO-Bengaluru,0.0,100.0,0.0,1.0,0.0,0.0,1,0,0,0,0,1
2026-07-17 17:27:00,BR-Koramangala,0.133,0.0,0.0,1.0,0.0,0.0,0,0,0,0,0,0
2026-07-17 17:27:00,BR-Whitefield,0.0,0.0,0.0,1.0,0.0,0.0,0,0,0,0,0,0
2026-07-17 17:28:00,HO-Chennai,0.15733333333333333,0.0,0.0,1.0,0.0,0.0,0,0,0,0,0,0
2026-07-17 17:28:00,ZO-Bengaluru,0.0,100.0,0.0,1.0,0.0,0.0,1,0,0,0,0,1
2026-07-17 17:28:00,BR-Koramangala,0.127,0.0,0.0,1.0,0.0,0.0,0,0,0,0,0,0
2026-07-17 17:28:00,BR-Whitefield,0.0,0.0,0.0,1.0,0.0,0.0,0,0,0,0,0,0
2026-07-17 17:29:00,HO-Chennai,0.15933333333333333,0.0,0.0,1.0,0.0,0.0,0,0,0,0,0,0
2026-07-17 17:29:00,ZO-Bengaluru,0.0,100.0,0.0,1.0,0.0,0.0,1,0,0,0,0,1
2026-07-17 17:29:00,BR-Koramangala,0.1305,0.0,0.0,1.0,0.0,0.0,0,0,0,0,0,0
2026-07-17 17:29:00,BR-Whitefield,0.0,0.0,0.0,1.0,0.0,0.0,0,0,0,0,0,0
2026-07-17 17:30:00,HO-Chennai,0.14133333333333334,0.0,0.0,1.0,0.0,0.0,0,0,0,0,0,0
2026-07-17 17:30:00,ZO-Bengaluru,0.0,100.0,0.0,1.0,0.0,0.0,1,0,0,0,0,1
2026-07-17 17:30:00,BR-Koramangala,0.13066666666666668,0.0,0.0,1.0,0.0,0.0,0,0,0,0,0,0
2026-07-17 17:30:00,BR-Whitefield,0.0,0.0,0.0,1.0,0.0,0.0,0,0,0,0,0,0
2026-07-17 17:31:00,HO-Chennai,0.16083333333333333,0.0,0.0,1.0,0.0,0.0,0,0,0,0,0,0
2026-07-17 17:31:00,ZO-Bengaluru,0.0,100.0,0.0,1.0,0.0,0.0,1,0,0,0,0,1
2026-07-17 17:31:00,BR-Koramangala,0.12783333333333333,0.0,0.0,1.0,0.0,0.0,0,0,0,0,0,0
2026-07-17 17:31:00,BR-Whitefield,0.0,0.0,0.0,1.0,0.0,0.0,0,0,0,0,0,0
2026-07-17 17:32:00,HO-Chennai,0.14666666666666667,0.0,0.0,1.0,0.0,0.0,0,0,0,0,0,0
2026-07-17 17:32:00,ZO-Bengaluru,0.0,100.0,0.0,1.0,0.0,0.0,1,0,0,0,0,1
2026-07-17 17:32:00,BR-Koramangala,0.13966666666666666,0.0,0.0,1.0,0.0,0.0,0,0,0,0,0,0
2026-07-17 17:32:00,BR-Whitefield,0.0,0.0,0.0,1.0,0.0,0.0,0,0,0,0,0,0
2026-07-17 17:33:00,HO-Chennai,0.16066666666666665,0.0,0.0,1.0,0.0,0.0,0,0,0,0,0,0
2026-07-17 17:33:00,ZO-Bengaluru,0.0,100.0,0.0,1.0,0.0,0.0,1,0,0,0,0,1
2026-07-17 17:33:00,BR-Koramangala,0.13049999999999998,0.0,0.0,1.0,0.0,0.0,0,0,0,0,0,0
2026-07-17 17:33:00,BR-Whitefield,0.0,0.0,0.0,1.0,0.0,0.0,0,0,0,0,0,0
2026-07-17 17:34:00,HO-Chennai,0.1615,0.0,0.0,1.0,0.0,0.0,0,0,0,0,0,0
2026-07-17 17:34:00,ZO-Bengaluru,0.0,100.0,0.0,1.0,0.0,0.0,1,0,0,0,0,1
2026-07-17 17:34:00,BR-Koramangala,0.12166666666666666,0.0,0.0,1.0,0.0,0.0,0,0,0,0,0,0
2026-07-17 17:34:00,BR-Whitefield,0.0,0.0,0.0,1.0,0.0,0.0,0,0,0,0,0,0
2026-07-17 17:35:00,HO-Chennai,0.15333333333333335,0.0,0.0,1.0,0.0,0.0,0,0,0,0,0,0
2026-07-17 17:35:00,ZO-Bengaluru,0.0,100.0,0.0,1.0,0.0,0.0,1,0,0,0,0,1
2026-07-17 17:35:00,BR-Koramangala,0.13016666666666668,0.0,0.0,1.0,0.0,0.0,0,0,0,0,0,0
2026-07-17 17:35:00,BR-Whitefield,0.0,0.0,0.0,1.0,0.0,0.0,0,0,0,0,0,0
2026-07-17 17:36:00,HO-Chennai,0.17216666666666666,0.0,0.0,1.0,0.0,0.0,0,0,0,0,0,0
2026-07-17 17:36:00,ZO-Bengaluru,0.0,100.0,0.0,1.0,0.0,0.0,1,0,0,0,0,1
2026-07-17 17:36:00,BR-Koramangala,0.12833333333333333,0.0,0.0,1.0,0.0,0.0,0,0,0,0,0,0
2026-07-17 17:36:00,BR-Whitefield,0.0,0.0,0.0,1.0,0.0,0.0,0,0,0,0,0,0
2026-07-17 17:37:00,HO-Chennai,0.158,0.0,0.0,1.0,0.0,0.0,0,0,0,0,0,0
2026-07-17 17:37:00,ZO-Bengaluru,0.0,100.0,0.0,1.0,0.0,0.0,1,0,0,0,0,1
2026-07-17 17:37:00,BR-Koramangala,0.13816666666666666,0.0,0.0,1.0,0.0,0.0,0,0,0,0,0,0
2026-07-17 17:37:00,BR-Whitefield,0.0,0.0,0.0,1.0,0.0,0.0,0,0,0,0,0,0
2026-07-17 17:38:00,HO-Chennai,0.16516666666666666,0.0,0.0,1.0,0.0,0.0,0,0,0,0,0,0
2026-07-17 17:38:00,ZO-Bengaluru,0.0,100.0,0.0,1.0,0.0,0.0,1,0,0,0,0,1
2026-07-17 17:38:00,BR-Koramangala,0.13233333333333333,0.0,0.0,1.0,0.0,0.0,0,0,0,0,0,0
2026-07-17 17:38:00,BR-Whitefield,0.0,0.0,0.0,1.0,0.0,0.0,0,0,0,0,0,0
2026-07-17 17:39:00,HO-Chennai,0.14049999999999999,0.0,0.0,1.0,0.0,0.0,0,0,0,0,0,0
2026-07-17 17:39:00,ZO-Bengaluru,0.0,100.0,0.0,1.0,0.0,0.0,1,0,0,0,0,1
2026-07-17 17:39:00,BR-Koramangala,0.11683333333333333,0.0,0.0,1.0,0.0,0.0,0,0,0,0,0,0
2026-07-17 17:39:00,BR-Whitefield,0.0,0.0,0.0,1.0,0.0,0.0,0,0,0,0,0,0
2026-07-17 17:40:00,HO-Chennai,0.16483333333333333,0.0,0.0,1.0,0.0,0.0,0,0,0,0,0,0
2026-07-17 17:40:00,ZO-Bengaluru,0.0,100.0,0.0,1.0,0.0,0.0,1,0,0,0,0,1
2026-07-17 17:40:00,BR-Koramangala,0.129,0.0,0.0,1.0,0.0,0.0,0,0,0,0,0,0
2026-07-17 17:40:00,BR-Whitefield,0.0,0.0,0.0,1.0,0.0,0.0,0,0,0,0,0,0
2026-07-17 17:41:00,HO-Chennai,0.1555,0.0,0.0,1.0,0.0,0.0,0,0,0,0,0,0
2026-07-17 17:41:00,ZO-Bengaluru,0.0,100.0,0.0,1.0,0.0,0.0,1,0,0,0,0,1
2026-07-17 17:41:00,BR-Koramangala,0.121,0.0,0.0,1.0,0.0,0.0,0,0,0,0,0,0
2026-07-17 17:41:00,BR-Whitefield,0.0,0.0,0.0,1.0,0.0,0.0,0,0,0,0,0,0
2026-07-17 17:42:00,HO-Chennai,0.14883333333333335,0.0,0.0,1.0,0.0,0.0,0,0,0,0,0,0
2026-07-17 17:42:00,ZO-Bengaluru,0.0,100.0,0.0,1.0,0.0,0.0,1,0,0,0,0,1
2026-07-17 17:42:00,BR-Koramangala,0.1275,0.0,0.0,1.0,0.0,0.0,0,0,0,0,0,0
2026-07-17 17:42:00,BR-Whitefield,0.0,0.0,0.0,1.0,0.0,0.0,0,0,0,0,0,0
2026-07-17 17:43:00,HO-Chennai,0.16916666666666666,0.0,0.0,1.0,0.0,0.0,0,0,0,0,0,0
2026-07-17 17:43:00,ZO-Bengaluru,0.0,100.0,0.0,1.0,0.0,0.0,1,0,0,0,0,1
2026-07-17 17:43:00,BR-Koramangala,0.1185,0.0,0.0,1.0,0.0,0.0,0,0,0,0,0,0
2026-07-17 17:43:00,BR-Whitefield,0.0,0.0,0.0,1.0,0.0,0.0,0,0,0,0,0,0
2026-07-17 17:44:00,HO-Chennai,0.14583333333333334,0.0,0.0,1.0,0.0,0.0,0,0,0,0,0,0
2026-07-17 17:44:00,ZO-Bengaluru,0.0,100.0,0.0,1.0,0.0,0.0,1,0,0,0,0,1
2026-07-17 17:44:00,BR-Koramangala,0.1335,0.0,0.0,1.0,0.0,0.0,0,0,0,0,0,0
2026-07-17 17:44:00,BR-Whitefield,0.0,0.0,0.0,1.0,0.0,0.0,0,0,0,0,0,0
2026-07-17 17:45:00,HO-Chennai,0.13766666666666666,0.0,0.0,1.0,0.0,0.0,0,0,0,0,0,0
2026-07-17 17:45:00,ZO-Bengaluru,0.0,100.0,0.0,1.0,0.0,0.0,1,0,0,0,0,1
2026-07-17 17:45:00,BR-Koramangala,0.12949999999999998,0.0,0.0,1.0,0.0,0.0,0,0,0,0,0,0
2026-07-17 17:45:00,BR-Whitefield,0.0,0.0,0.0,1.0,0.0,0.0,0,0,0,0,0,0
2026-07-17 17:46:00,HO-Chennai,0.149,0.0,0.0,1.0,0.0,0.0,0,0,0,0,0,0
2026-07-17 17:46:00,ZO-Bengaluru,0.0,100.0,0.0,1.0,0.0,0.0,1,0,0,0,0,1
2026-07-17 17:46:00,BR-Koramangala,0.132,0.0,0.0,1.0,0.0,0.0,0,0,0,0,0,0
2026-07-17 17:46:00,BR-Whitefield,0.0,0.0,0.0,1.0,0.0,0.0,0,0,0,0,0,0
2026-07-17 17:47:00,HO-Chennai,0.15,0.0,0.0,1.0,0.0,0.0,0,0,0,0,0,0
2026-07-17 17:47:00,ZO-Bengaluru,0.0,100.0,0.0,1.0,0.0,0.0,1,0,0,0,0,1
2026-07-17 17:47:00,BR-Koramangala,0.11816666666666666,0.0,0.0,1.0,0.0,0.0,0,0,0,0,0,0
2026-07-17 17:47:00,BR-Whitefield,0.0,0.0,0.0,1.0,0.0,0.0,0,0,0,0,0,0
2026-07-17 17:48:00,HO-Chennai,0.16183333333333333,0.0,0.0,1.0,0.0,0.0,0,0,0,0,0,0
2026-07-17 17:48:00,ZO-Bengaluru,0.0,100.0,0.0,1.0,0.0,0.0,1,0,0,0,0,1
2026-07-17 17:48:00,BR-Koramangala,0.12883333333333333,0.0,0.0,1.0,0.0,0.0,0,0,0,0,0,0
2026-07-17 17:48:00,BR-Whitefield,0.0,0.0,0.0,1.0,0.0,0.0,0,0,0,0,0,0
2026-07-17 17:49:00,HO-Chennai,0.15483333333333335,0.0,0.0,1.0,0.0,0.0,0,0,0,0,0,0
2026-07-17 17:49:00,ZO-Bengaluru,0.0,100.0,0.0,1.0,0.0,0.0,1,0,0,0,0,1
2026-07-17 17:49:00,BR-Koramangala,0.12983333333333333,0.0,0.0,1.0,0.0,0.0,0,0,0,0,0,0
2026-07-17 17:49:00,BR-Whitefield,0.0,0.0,0.0,1.0,0.0,0.0,0,0,0,0,0,0
2026-07-17 17:50:00,HO-Chennai,0.16216666666666665,0.0,0.0,1.0,0.0,0.0,0,0,0,0,0,0
2026-07-17 17:50:00,ZO-Bengaluru,0.0,100.0,0.0,1.0,0.0,0.0,1,0,0,0,0,1
2026-07-17 17:50:00,BR-Koramangala,0.19466666666666668,0.0,0.0,1.0,0.0,0.0,0,0,0,0,0,0
2026-07-17 17:50:00,BR-Whitefield,0.0,0.0,0.0,1.0,0.0,0.0,0,0,0,0,0,0
2026-07-17 17:51:00,HO-Chennai,0.15383333333333332,0.0,0.0,1.0,0.0,0.0,0,0,0,0,0,0
2026-07-17 17:51:00,ZO-Bengaluru,0.0,100.0,0.0,1.0,0.0,0.0,1,0,0,0,0,1
2026-07-17 17:51:00,BR-Koramangala,0.11616666666666668,0.0,0.0,1.0,0.0,0.0,0,0,0,0,0,0
2026-07-17 17:51:00,BR-Whitefield,0.0,0.0,0.0,1.0,0.0,0.0,0,0,0,0,0,0
2026-07-17 17:52:00,HO-Chennai,0.13949999999999999,0.0,0.0,1.0,0.0,0.0,0,0,0,0,0,0
2026-07-17 17:52:00,ZO-Bengaluru,0.0,100.0,0.0,1.0,0.0,0.0,1,0,0,0,0,1
2026-07-17 17:52:00,BR-Koramangala,0.12949999999999998,0.0,0.0,1.0,0.0,0.0,0,0,0,0,0,0
2026-07-17 17:52:00,BR-Whitefield,0.0,0.0,0.0,1.0,0.0,0.0,0,0,0,0,0,0
2026-07-17 17:53:00,HO-Chennai,0.15533333333333332,0.0,0.0,1.0,0.0,0.0,0,0,0,0,0,0
2026-07-17 17:53:00,ZO-Bengaluru,0.0,100.0,0.0,1.0,0.0,0.0,1,0,0,0,0,1
2026-07-17 17:53:00,BR-Koramangala,0.12066666666666666,0.0,0.0,1.0,0.0,0.0,0,0,0,0,0,0
2026-07-17 17:53:00,BR-Whitefield,0.0,0.0,0.0,1.0,0.0,0.0,0,0,0,0,0,0
2026-07-17 17:54:00,HO-Chennai,0.14233333333333334,0.0,0.0,1.0,0.0,0.0,0,0,0,0,0,0
2026-07-17 17:54:00,ZO-Bengaluru,0.0,100.0,0.0,1.0,0.0,0.0,1,0,0,0,0,1
2026-07-17 17:54:00,BR-Koramangala,0.13916666666666666,0.0,0.0,1.0,0.0,0.0,0,0,0,0,0,0
2026-07-17 17:54:00,BR-Whitefield,0.0,0.0,0.0,1.0,0.0,0.0,0,0,0,0,0,0
2026-07-17 17:55:00,HO-Chennai,0.15366666666666667,0.0,0.0,1.0,0.0,0.0,0,0,0,0,0,0
2026-07-17 17:55:00,ZO-Bengaluru,0.0,100.0,0.0,1.0,0.0,0.0,1,0,0,0,0,1
2026-07-17 17:55:00,BR-Koramangala,0.13083333333333333,0.0,0.0,1.0,0.0,0.0,0,0,0,0,0,0
2026-07-17 17:55:00,BR-Whitefield,0.0,0.0,0.0,1.0,0.0,0.0,0,0,0,0,0,0
2026-07-17 17:56:00,HO-Chennai,0.13933333333333334,0.0,0.0,1.0,0.0,0.0,0,0,0,0,0,0
2026-07-17 17:56:00,ZO-Bengaluru,0.0,100.0,0.0,1.0,0.0,0.0,1,0,0,0,0,1
2026-07-17 17:56:00,BR-Koramangala,0.13966666666666666,0.0,0.0,1.0,0.0,0.0,0,0,0,0,0,0
2026-07-17 17:56:00,BR-Whitefield,0.0,0.0,0.0,1.0,0.0,0.0,0,0,0,0,0,0
2026-07-17 17:57:00,HO-Chennai,0.165,0.0,0.0,1.0,0.0,0.0,0,0,0,0,0,0
2026-07-17 17:57:00,ZO-Bengaluru,0.0,100.0,0.0,1.0,0.0,0.0,1,0,0,0,0,1
2026-07-17 17:57:00,BR-Koramangala,0.13083333333333333,0.0,0.0,1.0,0.0,0.0,0,0,0,0,0,0
2026-07-17 17:57:00,BR-Whitefield,0.0,0.0,0.0,1.0,0.0,0.0,0,0,0,0,0,0
2026-07-17 17:58:00,HO-Chennai,0.16533333333333333,0.0,0.0,1.0,0.0,0.0,0,0,0,0,0,0
2026-07-17 17:58:00,ZO-Bengaluru,0.0,100.0,0.0,1.0,0.0,0.0,1,0,0,0,0,1
2026-07-17 17:58:00,BR-Koramangala,0.12333333333333334,0.0,0.0,1.0,0.0,0.0,0,0,0,0,0,0
2026-07-17 17:58:00,BR-Whitefield,0.0,0.0,0.0,1.0,0.0,0.0,0,0,0,0,0,0
2026-07-17 17:59:00,HO-Chennai,0.17116666666666666,0.0,0.0,1.0,0.0,0.0,0,0,0,0,0,0
2026-07-17 17:59:00,ZO-Bengaluru,0.0,100.0,0.0,1.0,0.0,0.0,1,0,0,0,0,1
2026-07-17 17:59:00,BR-Koramangala,0.11583333333333334,0.0,0.0,1.0,0.0,0.0,0,0,0,0,0,0
2026-07-17 17:59:00,BR-Whitefield,0.0,0.0,0.0,1.0,0.0,0.0,0,0,0,0,0,0
2026-07-17 18:00:00,HO-Chennai,0.14416666666666667,0.0,0.0,1.0,0.0,0.0,0,0,0,0,0,0
2026-07-17 18:00:00,ZO-Bengaluru,0.0,100.0,0.0,1.0,0.0,0.0,1,0,0,0,0,1
2026-07-17 18:00:00,BR-Koramangala,0.13233333333333333,0.0,0.0,1.0,0.0,0.0,0,0,0,0,0,0
2026-07-17 18:00:00,BR-Whitefield,0.0,0.0,0.0,1.0,0.0,0.0,0,0,0,0,0,0
2026-07-17 18:01:00,HO-Chennai,0.1535,0.0,0.0,1.0,0.0,0.0,0,0,0,0,0,0
2026-07-17 18:01:00,ZO-Bengaluru,0.0,100.0,0.0,1.0,0.0,0.0,1,0,0,0,0,1
2026-07-17 18:01:00,BR-Koramangala,0.143,0.0,0.0,1.0,0.0,0.0,0,0,0,0,0,0
2026-07-17 18:01:00,BR-Whitefield,0.0,0.0,0.0,1.0,0.0,0.0,0,0,0,0,0,0
2026-07-17 18:02:00,HO-Chennai,0.14933333333333332,0.0,0.0,1.0,0.0,0.0,0,0,0,0,0,0
2026-07-17 18:02:00,ZO-Bengaluru,0.0,100.0,0.0,1.0,0.0,0.0,1,0,0,0,0,1
2026-07-17 18:02:00,BR-Koramangala,0.13083333333333333,0.0,0.0,1.0,0.0,0.0,0,0,0,0,0,0
2026-07-17 18:02:00,BR-Whitefield,0.0,0.0,0.0,1.0,0.0,0.0,0,0,0,0,0,0
2026-07-17 18:03:00,HO-Chennai,0.17233333333333334,0.0,0.0,1.0,0.0,0.0,0,0,0,0,0,0
2026-07-17 18:03:00,ZO-Bengaluru,0.0,100.0,0.0,1.0,0.0,0.0,1,0,0,0,0,1
2026-07-17 18:03:00,BR-Koramangala,0.13816666666666666,0.0,0.0,1.0,0.0,0.0,0,0,0,0,0,0
2026-07-17 18:03:00,BR-Whitefield,0.0,0.0,0.0,1.0,0.0,0.0,0,0,0,0,0,0
2026-07-17 18:04:00,HO-Chennai,0.1455,0.0,0.0,1.0,0.0,0.0,0,0,0,0,0,0
2026-07-17 18:04:00,ZO-Bengaluru,0.0,100.0,0.0,1.0,0.0,0.0,1,0,0,0,0,1
2026-07-17 18:04:00,BR-Koramangala,0.13249999999999998,0.0,0.0,1.0,0.0,0.0,0,0,0,0,0,0
2026-07-17 18:04:00,BR-Whitefield,0.0,0.0,0.0,1.0,0.0,0.0,0,0,0,0,0,0
2026-07-17 18:05:00,HO-Chennai,0.14566666666666667,0.0,0.0,1.0,0.0,0.0,0,0,0,0,0,0
2026-07-17 18:05:00,ZO-Bengaluru,0.0,100.0,0.0,1.0,0.0,0.0,1,0,0,0,0,1
2026-07-17 18:05:00,BR-Koramangala,0.128,0.0,0.0,1.0,0.0,0.0,0,0,0,0,0,0
2026-07-17 18:05:00,BR-Whitefield,0.0,0.0,0.0,1.0,0.0,0.0,0,0,0,0,0,0
2026-07-17 18:06:00,HO-Chennai,0.1396666666666667,0.0,0.0,1.0,0.0,0.0,0,0,0,0,0,0
2026-07-17 18:06:00,ZO-Bengaluru,0.0,100.0,0.0,1.0,0.0,0.0,1,0,0,0,0,1
2026-07-17 18:06:00,BR-Koramangala,0.13733333333333334,0.0,0.0,1.0,0.0,0.0,0,0,0,0,0,0
2026-07-17 18:06:00,BR-Whitefield,0.0,0.0,0.0,1.0,0.0,0.0,0,0,0,0,0,0
2026-07-17 18:07:00,HO-Chennai,0.14733333333333334,0.0,0.0,1.0,0.0,0.0,0,0,0,0,0,0
2026-07-17 18:07:00,ZO-Bengaluru,0.0,100.0,0.0,1.0,0.0,0.0,1,0,0,0,0,1
2026-07-17 18:07:00,BR-Koramangala,0.145,0.0,0.0,1.0,0.0,0.0,0,0,0,0,0,0
2026-07-17 18:07:00,BR-Whitefield,0.0,0.0,0.0,1.0,0.0,0.0,0,0,0,0,0,0
2026-07-17 18:08:00,HO-Chennai,0.1555,0.0,0.0,1.0,0.0,0.0,0,0,0,0,0,0
2026-07-17 18:08:00,ZO-Bengaluru,0.0,100.0,0.0,1.0,0.0,0.0,1,0,0,0,0,1
2026-07-17 18:08:00,BR-Koramangala,0.122,0.0,0.0,1.0,0.0,0.0,0,0,0,0,0,0
2026-07-17 18:08:00,BR-Whitefield,0.0,0.0,0.0,1.0,0.0,0.0,0,0,0,0,0,0
2026-07-17 18:09:00,HO-Chennai,0.16283333333333333,0.0,0.0,1.0,0.0,0.0,0,0,0,0,0,0
2026-07-17 18:09:00,ZO-Bengaluru,0.0,100.0,0.0,1.0,0.0,0.0,1,0,0,0,0,1
2026-07-17 18:09:00,BR-Koramangala,0.12383333333333334,0.0,0.0,1.0,0.0,0.0,0,0,0,0,0,0
2026-07-17 18:09:00,BR-Whitefield,0.0,0.0,0.0,1.0,0.0,0.0,0,0,0,0,0,0
2026-07-17 18:10:00,HO-Chennai,0.2165,0.0,0.0,1.0,0.0,0.0,0,0,0,0,0,0
2026-07-17 18:10:00,ZO-Bengaluru,0.0,100.0,0.0,1.0,0.0,0.0,1,0,0,0,0,1
2026-07-17 18:10:00,BR-Koramangala,0.1175,0.0,0.0,1.0,0.0,0.0,0,0,0,0,0,0
2026-07-17 18:10:00,BR-Whitefield,0.0,0.0,0.0,1.0,0.0,0.0,0,0,0,0,0,0
2026-07-17 18:11:00,HO-Chennai,0.145,0.0,0.0,1.0,0.0,0.0,0,0,0,0,0,0
2026-07-17 18:11:00,ZO-Bengaluru,0.0,100.0,0.0,1.0,0.0,0.0,1,0,0,0,0,1
2026-07-17 18:11:00,BR-Koramangala,0.11483333333333333,0.0,0.0,1.0,0.0,0.0,0,0,0,0,0,0
2026-07-17 18:11:00,BR-Whitefield,0.0,0.0,0.0,1.0,0.0,0.0,0,0,0,0,0,0
2026-07-17 18:12:00,HO-Chennai,0.17016666666666666,0.0,0.0,1.0,0.0,0.0,0,0,0,0,0,0
2026-07-17 18:12:00,ZO-Bengaluru,0.0,100.0,0.0,1.0,0.0,0.0,1,0,0,0,0,1
2026-07-17 18:12:00,BR-Koramangala,0.12616666666666668,0.0,0.0,1.0,0.0,0.0,0,0,0,0,0,0
2026-07-17 18:12:00,BR-Whitefield,0.0,0.0,0.0,1.0,0.0,0.0,0,0,0,0,0,0
2026-07-17 18:13:00,HO-Chennai,0.15133333333333335,0.0,0.0,1.0,0.0,0.0,0,0,0,0,0,0
2026-07-17 18:13:00,ZO-Bengaluru,0.0,100.0,0.0,1.0,0.0,0.0,1,0,0,0,0,1
2026-07-17 18:13:00,BR-Koramangala,0.12983333333333333,0.0,0.0,1.0,0.0,0.0,0,0,0,0,0,0
2026-07-17 18:13:00,BR-Whitefield,0.0,0.0,0.0,1.0,0.0,0.0,0,0,0,0,0,0
2026-07-17 18:14:00,HO-Chennai,0.21033333333333334,0.0,0.0,1.0,0.0,0.0,0,0,0,0,0,0
2026-07-17 18:14:00,ZO-Bengaluru,0.0,100.0,0.0,1.0,0.0,0.0,1,0,0,0,0,1
2026-07-17 18:14:00,BR-Koramangala,0.11833333333333333,0.0,0.0,1.0,0.0,0.0,0,0,0,0,0,0
2026-07-17 18:14:00,BR-Whitefield,0.0,0.0,0.0,1.0,0.0,0.0,0,0,0,0,0,0
2026-07-17 18:15:00,HO-Chennai,0.16033333333333333,0.0,0.0,1.0,0.0,0.0,0,0,0,0,0,0
2026-07-17 18:15:00,ZO-Bengaluru,0.0,100.0,0.0,1.0,0.0,0.0,1,0,0,0,0,1
2026-07-17 18:15:00,BR-Koramangala,0.127,0.0,0.0,1.0,0.0,0.0,0,0,0,0,0,0
2026-07-17 18:15:00,BR-Whitefield,0.0,0.0,0.0,1.0,0.0,0.0,0,0,0,0,0,0
2026-07-17 18:16:00,HO-Chennai,0.16216666666666665,0.0,0.0,1.0,0.0,0.0,0,0,0,0,0,0
2026-07-17 18:16:00,ZO-Bengaluru,0.0,100.0,0.0,1.0,0.0,0.0,1,0,0,0,0,1
2026-07-17 18:16:00,BR-Koramangala,0.1235,0.0,0.0,1.0,0.0,0.0,0,0,0,0,0,0
2026-07-17 18:16:00,BR-Whitefield,0.0,0.0,0.0,1.0,0.0,0.0,0,0,0,0,0,0
2026-07-17 18:17:00,HO-Chennai,0.15216666666666667,0.0,0.0,1.0,0.0,0.0,0,0,0,0,0,0
2026-07-17 18:17:00,ZO-Bengaluru,0.0,100.0,0.0,1.0,0.0,0.0,1,0,0,0,0,1
2026-07-17 18:17:00,BR-Koramangala,0.12583333333333332,0.0,0.0,1.0,0.0,0.0,0,0,0,0,0,0
2026-07-17 18:17:00,BR-Whitefield,0.0,0.0,0.0,1.0,0.0,0.0,0,0,0,0,0,0
2026-07-17 18:18:00,HO-Chennai,0.16949999999999998,0.0,0.0,1.0,0.0,0.0,0,0,0,0,0,0
2026-07-17 18:18:00,ZO-Bengaluru,0.0,100.0,0.0,1.0,0.0,0.0,1,0,0,0,0,1
2026-07-17 18:18:00,BR-Koramangala,0.127,0.0,0.0,1.0,0.0,0.0,0,0,0,0,0,0
2026-07-17 18:18:00,BR-Whitefield,0.0,0.0,0.0,1.0,0.0,0.0,0,0,0,0,0,0
2026-07-17 18:19:00,HO-Chennai,0.14883333333333335,0.0,0.0,1.0,0.0,0.0,0,0,0,0,0,0
2026-07-17 18:19:00,ZO-Bengaluru,0.0,100.0,0.0,1.0,0.0,0.0,1,0,0,0,0,1
2026-07-17 18:19:00,BR-Koramangala,0.1515,0.0,0.0,1.0,0.0,0.0,0,0,0,0,0,0
2026-07-17 18:19:00,BR-Whitefield,0.0,0.0,0.0,1.0,0.0,0.0,0,0,0,0,0,0
2026-07-17 18:20:00,HO-Chennai,0.163,0.0,0.0,1.0,0.0,0.0,0,0,0,0,0,0
2026-07-17 18:20:00,ZO-Bengaluru,0.0,100.0,0.0,1.0,0.0,0.0,1,0,0,0,0,1
2026-07-17 18:20:00,BR-Koramangala,0.12083333333333333,0.0,0.0,1.0,0.0,0.0,0,0,0,0,0,0
2026-07-17 18:20:00,BR-Whitefield,0.0,0.0,0.0,1.0,0.0,0.0,0,0,0,0,0,0
2026-07-17 18:21:00,HO-Chennai,0.15866666666666665,0.0,0.0,1.0,0.0,0.0,0,0,0,0,0,0
2026-07-17 18:21:00,ZO-Bengaluru,0.0,100.0,0.0,1.0,0.0,0.0,1,0,0,0,0,1
2026-07-17 18:21:00,BR-Koramangala,0.12733333333333333,0.0,0.0,1.0,0.0,0.0,0,0,0,0,0,0
2026-07-17 18:21:00,BR-Whitefield,0.0,0.0,0.0,1.0,0.0,0.0,0,0,0,0,0,0
2026-07-17 18:22:00,HO-Chennai,0.154,0.0,0.0,1.0,0.0,0.0,0,0,0,0,0,0
2026-07-17 18:22:00,ZO-Bengaluru,0.0,100.0,0.0,1.0,0.0,0.0,1,0,0,0,0,1
2026-07-17 18:22:00,BR-Koramangala,0.13066666666666668,0.0,0.0,1.0,0.0,0.0,0,0,0,0,0,0
2026-07-17 18:22:00,BR-Whitefield,0.0,0.0,0.0,1.0,0.0,0.0,0,0,0,0,0,0
2026-07-17 18:23:00,HO-Chennai,0.1425,0.0,0.0,1.0,0.0,0.0,0,0,0,0,0,0
2026-07-17 18:23:00,ZO-Bengaluru,0.0,100.0,0.0,1.0,0.0,0.0,1,0,0,0,0,1
2026-07-17 18:23:00,BR-Koramangala,0.12816666666666668,0.0,0.0,1.0,0.0,0.0,0,0,0,0,0,0
2026-07-17 18:23:00,BR-Whitefield,0.0,0.0,0.0,1.0,0.0,0.0,0,0,0,0,0,0
2026-07-17 18:24:00,HO-Chennai,0.14883333333333335,0.0,0.0,1.0,0.0,0.0,0,0,0,0,0,0
2026-07-17 18:24:00,ZO-Bengaluru,0.0,100.0,0.0,1.0,0.0,0.0,1,0,0,0,0,1
2026-07-17 18:24:00,BR-Koramangala,0.13583333333333333,0.0,0.0,1.0,0.0,0.0,0,0,0,0,0,0
2026-07-17 18:24:00,BR-Whitefield,0.0,0.0,0.0,1.0,0.0,0.0,0,0,0,0,0,0
2026-07-17 18:25:00,HO-Chennai,0.1615,0.0,0.0,1.0,0.0,0.0,0,0,0,0,0,0
2026-07-17 18:25:00,ZO-Bengaluru,0.0,100.0,0.0,1.0,0.0,0.0,1,0,0,0,0,1
2026-07-17 18:25:00,BR-Koramangala,0.1295,0.0,0.0,1.0,0.0,0.0,0,0,0,0,0,0
2026-07-17 18:25:00,BR-Whitefield,0.0,0.0,0.0,1.0,0.0,0.0,0,0,0,0,0,0
2026-07-17 18:26:00,HO-Chennai,0.15716666666666668,0.0,0.0,1.0,0.0,0.0,0,0,0,0,0,0
2026-07-17 18:26:00,ZO-Bengaluru,0.0,100.0,0.0,1.0,0.0,0.0,1,0,0,0,0,1
2026-07-17 18:26:00,BR-Koramangala,0.13733333333333334,0.0,0.0,1.0,0.0,0.0,0,0,0,0,0,0
2026-07-17 18:26:00,BR-Whitefield,0.0,0.0,0.0,1.0,0.0,0.0,0,0,0,0,0,0
2026-07-17 18:27:00,HO-Chennai,0.147,0.0,0.0,1.0,0.0,0.0,0,0,0,0,0,0
2026-07-17 18:27:00,ZO-Bengaluru,0.0,100.0,0.0,1.0,0.0,0.0,1,0,0,0,0,1
2026-07-17 18:27:00,BR-Koramangala,0.132,0.0,0.0,1.0,0.0,0.0,0,0,0,0,0,0
2026-07-17 18:27:00,BR-Whitefield,0.0,0.0,0.0,1.0,0.0,0.0,0,0,0,0,0,0
2026-07-17 18:28:00,HO-Chennai,0.17300000000000001,0.0,0.0,1.0,0.0,0.0,0,0,0,0,0,0
2026-07-17 18:28:00,ZO-Bengaluru,0.0,100.0,0.0,1.0,0.0,0.0,1,0,0,0,0,1
2026-07-17 18:28:00,BR-Koramangala,0.12116666666666666,0.0,0.0,1.0,0.0,0.0,0,0,0,0,0,0
2026-07-17 18:28:00,BR-Whitefield,0.0,0.0,0.0,1.0,0.0,0.0,0,0,0,0,0,0
2026-07-17 18:29:00,HO-Chennai,0.14783333333333334,0.0,0.0,1.0,0.0,0.0,0,0,0,0,0,0
2026-07-17 18:29:00,ZO-Bengaluru,0.0,100.0,0.0,1.0,0.0,0.0,1,0,0,0,0,1
2026-07-17 18:29:00,BR-Koramangala,0.13,0.0,0.0,1.0,0.0,0.0,0,0,0,0,0,0
2026-07-17 18:29:00,BR-Whitefield,0.0,0.0,0.0,1.0,0.0,0.0,0,0,0,0,0,0
2026-07-17 18:30:00,HO-Chennai,0.154,0.0,0.0,1.0,0.0,0.0,0,0,0,0,0,0
2026-07-17 18:30:00,ZO-Bengaluru,0.0,100.0,0.0,1.0,0.0,0.0,1,0,0,0,0,1
2026-07-17 18:30:00,BR-Koramangala,0.13799999999999998,0.0,0.0,1.0,0.0,0.0,0,0,0,0,0,0
2026-07-17 18:30:00,BR-Whitefield,0.0,0.0,0.0,1.0,0.0,0.0,0,0,0,0,0,0
2026-07-17 18:31:00,HO-Chennai,0.14816666666666667,0.0,0.0,1.0,0.0,0.0,0,0,0,0,0,0
2026-07-17 18:31:00,ZO-Bengaluru,0.0,100.0,0.0,1.0,0.0,0.0,1,0,0,0,0,1
2026-07-17 18:31:00,BR-Koramangala,0.12766666666666668,0.0,0.0,1.0,0.0,0.0,0,0,0,0,0,0
2026-07-17 18:31:00,BR-Whitefield,0.0,0.0,0.0,1.0,0.0,0.0,0,0,0,0,0,0
2026-07-17 18:32:00,HO-Chennai,0.18400000000000002,0.0,0.0,1.0,0.0,0.0,0,0,0,0,0,0
2026-07-17 18:32:00,ZO-Bengaluru,0.0,100.0,0.0,1.0,0.0,0.0,1,0,0,0,0,1
2026-07-17 18:32:00,BR-Koramangala,0.1295,0.0,0.0,1.0,0.0,0.0,0,0,0,0,0,0
2026-07-17 18:32:00,BR-Whitefield,0.0,0.0,0.0,1.0,0.0,0.0,0,0,0,0,0,0
2026-07-17 18:33:00,HO-Chennai,0.28450000000000003,0.0,0.0,1.0,0.0,0.0,0,0,0,0,0,0
2026-07-17 18:33:00,ZO-Bengaluru,0.0,100.0,0.0,1.0,0.0,0.0,1,0,0,0,0,1
2026-07-17 18:33:00,BR-Koramangala,0.13766666666666666,0.0,0.0,1.0,0.0,0.0,0,0,0,0,0,0
2026-07-17 18:33:00,BR-Whitefield,0.0,0.0,0.0,1.0,0.0,0.0,0,0,0,0,0,0
2026-07-17 18:34:00,HO-Chennai,0.17149999999999999,0.0,0.0,1.0,0.0,0.0,0,0,0,0,0,0
2026-07-17 18:34:00,ZO-Bengaluru,0.0,100.0,0.0,1.0,0.0,0.0,1,0,0,0,0,1
2026-07-17 18:34:00,BR-Koramangala,0.14183333333333334,0.0,0.0,1.0,0.0,0.0,0,0,0,0,0,0
2026-07-17 18:34:00,BR-Whitefield,0.0,0.0,0.0,1.0,0.0,0.0,0,0,0,0,0,0
2026-07-17 18:35:00,HO-Chennai,0.15783333333333335,0.0,0.0,1.0,0.0,0.0,0,0,0,0,0,0
2026-07-17 18:35:00,ZO-Bengaluru,0.0,100.0,0.0,1.0,0.0,0.0,1,0,0,0,0,1
2026-07-17 18:35:00,BR-Koramangala,0.1205,0.0,0.0,1.0,0.0,0.0,0,0,0,0,0,0
2026-07-17 18:35:00,BR-Whitefield,0.0,0.0,0.0,1.0,0.0,0.0,0,0,0,0,0,0
2026-07-17 18:36:00,HO-Chennai,0.15183333333333335,0.0,0.0,1.0,0.0,0.0,0,0,0,0,0,0
2026-07-17 18:36:00,ZO-Bengaluru,0.0,100.0,0.0,1.0,0.0,0.0,1,0,0,0,0,1
2026-07-17 18:36:00,BR-Koramangala,0.15,0.0,0.0,1.0,0.0,0.0,0,0,0,0,0,0
2026-07-17 18:36:00,BR-Whitefield,0.0,0.0,0.0,1.0,0.0,0.0,0,0,0,0,0,0
2026-07-17 18:37:00,HO-Chennai,0.14966666666666667,0.0,0.0,1.0,0.0,0.0,0,0,0,0,0,0
2026-07-17 18:37:00,ZO-Bengaluru,0.0,100.0,0.0,1.0,0.0,0.0,1,0,0,0,0,1
2026-07-17 18:37:00,BR-Koramangala,0.13066666666666668,0.0,0.0,1.0,0.0,0.0,0,0,0,0,0,0
2026-07-17 18:37:00,BR-Whitefield,0.0,0.0,0.0,1.0,0.0,0.0,0,0,0,0,0,0
2026-07-17 18:38:00,HO-Chennai,0.15083333333333335,0.0,0.0,1.0,0.0,0.0,0,0,0,0,0,0
2026-07-17 18:38:00,ZO-Bengaluru,0.0,100.0,0.0,1.0,0.0,0.0,1,0,0,0,0,1
2026-07-17 18:38:00,BR-Koramangala,0.11816666666666668,0.0,0.0,1.0,0.0,0.0,0,0,0,0,0,0
2026-07-17 18:38:00,BR-Whitefield,0.0,0.0,0.0,1.0,0.0,0.0,0,0,0,0,0,0
2026-07-17 18:39:00,HO-Chennai,0.16216666666666668,0.0,0.0,1.0,0.0,0.0,0,0,0,0,0,0
2026-07-17 18:39:00,ZO-Bengaluru,0.0,100.0,0.0,1.0,0.0,0.0,1,0,0,0,0,1
2026-07-17 18:39:00,BR-Koramangala,0.13,0.0,0.0,1.0,0.0,0.0,0,0,0,0,0,0
2026-07-17 18:39:00,BR-Whitefield,0.0,0.0,0.0,1.0,0.0,0.0,0,0,0,0,0,0
2026-07-17 18:40:00,HO-Chennai,0.141,0.0,0.0,1.0,0.0,0.0,0,0,0,0,0,0
2026-07-17 18:40:00,ZO-Bengaluru,0.0,100.0,0.0,1.0,0.0,0.0,1,0,0,0,0,1
2026-07-17 18:40:00,BR-Koramangala,0.13249999999999998,0.0,0.0,1.0,0.0,0.0,0,0,0,0,0,0
2026-07-17 18:40:00,BR-Whitefield,0.0,0.0,0.0,1.0,0.0,0.0,0,0,0,0,0,0
2026-07-17 18:41:00,HO-Chennai,0.16616666666666666,0.0,0.0,1.0,0.0,0.0,0,0,0,0,0,0
2026-07-17 18:41:00,ZO-Bengaluru,0.0,100.0,0.0,1.0,0.0,0.0,1,0,0,0,0,1
2026-07-17 18:41:00,BR-Koramangala,0.12833333333333333,0.0,0.0,1.0,0.0,0.0,0,0,0,0,0,0
2026-07-17 18:41:00,BR-Whitefield,0.0,0.0,0.0,1.0,0.0,0.0,0,0,0,0,0,0
2026-07-17 18:42:00,HO-Chennai,0.15633333333333332,0.0,0.0,1.0,0.0,0.0,0,0,0,0,0,0
2026-07-17 18:42:00,ZO-Bengaluru,0.0,100.0,0.0,1.0,0.0,0.0,1,0,0,0,0,1
2026-07-17 18:42:00,BR-Koramangala,0.13516666666666666,0.0,0.0,1.0,0.0,0.0,0,0,0,0,0,0
2026-07-17 18:42:00,BR-Whitefield,0.0,0.0,0.0,1.0,0.0,0.0,0,0,0,0,0,0
2026-07-17 18:43:00,HO-Chennai,0.15633333333333332,0.0,0.0,1.0,0.0,0.0,0,0,0,0,0,0
2026-07-17 18:43:00,ZO-Bengaluru,0.0,100.0,0.0,1.0,0.0,0.0,1,0,0,0,0,1
2026-07-17 18:43:00,BR-Koramangala,0.12133333333333333,0.0,0.0,1.0,0.0,0.0,0,0,0,0,0,0
2026-07-17 18:43:00,BR-Whitefield,0.0,0.0,0.0,1.0,0.0,0.0,0,0,0,0,0,0
2026-07-17 18:44:00,HO-Chennai,0.16066666666666665,0.0,0.0,1.0,0.0,0.0,0,0,0,0,0,0
2026-07-17 18:44:00,ZO-Bengaluru,0.0,100.0,0.0,1.0,0.0,0.0,1,0,0,0,0,1
2026-07-17 18:44:00,BR-Koramangala,0.12933333333333333,0.0,0.0,1.0,0.0,0.0,0,0,0,0,0,0
2026-07-17 18:44:00,BR-Whitefield,0.0,0.0,0.0,1.0,0.0,0.0,0,0,0,0,0,0
2026-07-17 18:45:00,HO-Chennai,0.15516666666666667,0.0,0.0,1.0,0.0,0.0,0,0,0,0,0,0
2026-07-17 18:45:00,ZO-Bengaluru,0.0,100.0,0.0,1.0,0.0,0.0,1,0,0,0,0,1
2026-07-17 18:45:00,BR-Koramangala,0.12033333333333333,0.0,0.0,1.0,0.0,0.0,0,0,0,0,0,0
2026-07-17 18:45:00,BR-Whitefield,0.0,0.0,0.0,1.0,0.0,0.0,0,0,0,0,0,0
2026-07-17 18:46:00,HO-Chennai,0.15166666666666667,0.0,0.0,1.0,0.0,0.0,0,0,0,0,0,0
2026-07-17 18:46:00,ZO-Bengaluru,0.0,100.0,0.0,1.0,0.0,0.0,1,0,0,0,0,1
2026-07-17 18:46:00,BR-Koramangala,0.12616666666666668,0.0,0.0,1.0,0.0,0.0,0,0,0,0,0,0
2026-07-17 18:46:00,BR-Whitefield,0.0,0.0,0.0,1.0,0.0,0.0,0,0,0,0,0,0
2026-07-17 18:47:00,HO-Chennai,0.16616666666666666,0.0,0.0,1.0,0.0,0.0,0,0,0,0,0,0
2026-07-17 18:47:00,ZO-Bengaluru,0.0,100.0,0.0,1.0,0.0,0.0,1,0,0,0,0,1
2026-07-17 18:47:00,BR-Koramangala,0.11566666666666665,0.0,0.0,1.0,0.0,0.0,0,0,0,0,0,0
2026-07-17 18:47:00,BR-Whitefield,0.0,0.0,0.0,1.0,0.0,0.0,0,0,0,0,0,0
2026-07-17 18:48:00,HO-Chennai,0.1585,0.0,0.0,1.0,0.0,0.0,0,0,0,0,0,0
2026-07-17 18:48:00,ZO-Bengaluru,0.0,100.0,0.0,1.0,0.0,0.0,1,0,0,0,0,1
2026-07-17 18:48:00,BR-Koramangala,0.12916666666666668,0.0,0.0,1.0,0.0,0.0,0,0,0,0,0,0
2026-07-17 18:48:00,BR-Whitefield,0.0,0.0,0.0,1.0,0.0,0.0,0,0,0,0,0,0
2026-07-17 18:49:00,HO-Chennai,0.16266666666666665,0.0,0.0,1.0,0.0,0.0,0,0,0,0,0,0
2026-07-17 18:49:00,ZO-Bengaluru,0.0,100.0,0.0,1.0,0.0,0.0,1,0,0,0,0,1
2026-07-17 18:49:00,BR-Koramangala,0.13949999999999999,0.0,0.0,1.0,0.0,0.0,0,0,0,0,0,0
2026-07-17 18:49:00,BR-Whitefield,0.0,0.0,0.0,1.0,0.0,0.0,0,0,0,0,0,0
2026-07-17 18:50:00,HO-Chennai,0.15966666666666665,0.0,0.0,1.0,0.0,0.0,0,0,0,0,0,0
2026-07-17 18:50:00,ZO-Bengaluru,0.0,100.0,0.0,1.0,0.0,0.0,1,0,0,0,0,1
2026-07-17 18:50:00,BR-Koramangala,0.12683333333333333,0.0,0.0,1.0,0.0,0.0,0,0,0,0,0,0
2026-07-17 18:50:00,BR-Whitefield,0.0,0.0,0.0,1.0,0.0,0.0,0,0,0,0,0,0
2026-07-17 18:51:00,HO-Chennai,0.15866666666666665,0.0,0.0,1.0,0.0,0.0,0,0,0,0,0,0
2026-07-17 18:51:00,ZO-Bengaluru,0.0,100.0,0.0,1.0,0.0,0.0,1,0,0,0,0,1
2026-07-17 18:51:00,BR-Koramangala,0.11816666666666666,0.0,0.0,1.0,0.0,0.0,0,0,0,0,0,0
2026-07-17 18:51:00,BR-Whitefield,0.0,0.0,0.0,1.0,0.0,0.0,0,0,0,0,0,0
2026-07-17 18:52:00,HO-Chennai,0.15116666666666667,0.0,0.0,1.0,0.0,0.0,0,0,0,0,0,0
2026-07-17 18:52:00,ZO-Bengaluru,0.0,100.0,0.0,1.0,0.0,0.0,1,0,0,0,0,1
2026-07-17 18:52:00,BR-Koramangala,0.13433333333333333,0.0,0.0,1.0,0.0,0.0,0,0,0,0,0,0
2026-07-17 18:52:00,BR-Whitefield,0.0,0.0,0.0,1.0,0.0,0.0,0,0,0,0,0,0
2026-07-17 18:53:00,HO-Chennai,0.16066666666666665,0.0,0.0,1.0,0.0,0.0,0,0,0,0,0,0
2026-07-17 18:53:00,ZO-Bengaluru,0.0,100.0,0.0,1.0,0.0,0.0,1,0,0,0,0,1
2026-07-17 18:53:00,BR-Koramangala,0.13783333333333334,0.0,0.0,1.0,0.0,0.0,0,0,0,0,0,0
2026-07-17 18:53:00,BR-Whitefield,0.0,0.0,0.0,1.0,0.0,0.0,0,0,0,0,0,0
2026-07-17 18:54:00,HO-Chennai,0.15866666666666665,0.0,0.0,1.0,0.0,0.0,0,0,0,0,0,0
2026-07-17 18:54:00,ZO-Bengaluru,0.0,100.0,0.0,1.0,0.0,0.0,1,0,0,0,0,1
2026-07-17 18:54:00,BR-Koramangala,0.12766666666666668,0.0,0.0,1.0,0.0,0.0,0,0,0,0,0,0
2026-07-17 18:54:00,BR-Whitefield,0.0,0.0,0.0,1.0,0.0,0.0,0,0,0,0,0,0
2026-07-17 18:55:00,HO-Chennai,0.15616666666666668,0.0,0.0,1.0,0.0,0.0,0,0,0,0,0,0
2026-07-17 18:55:00,ZO-Bengaluru,0.0,100.0,0.0,1.0,0.0,0.0,1,0,0,0,0,1
2026-07-17 18:55:00,BR-Koramangala,0.1265,0.0,0.0,1.0,0.0,0.0,0,0,0,0,0,0
2026-07-17 18:55:00,BR-Whitefield,0.0,0.0,0.0,1.0,0.0,0.0,0,0,0,0,0,0
2026-07-17 18:56:00,HO-Chennai,0.168,0.0,0.0,1.0,0.0,0.0,0,0,0,0,0,0
2026-07-17 18:56:00,ZO-Bengaluru,0.0,100.0,0.0,1.0,0.0,0.0,1,0,0,0,0,1
2026-07-17 18:56:00,BR-Koramangala,0.12833333333333333,0.0,0.0,1.0,0.0,0.0,0,0,0,0,0,0
2026-07-17 18:56:00,BR-Whitefield,0.0,0.0,0.0,1.0,0.0,0.0,0,0,0,0,0,0
2026-07-17 18:57:00,HO-Chennai,0.16183333333333333,0.0,0.0,1.0,0.0,0.0,0,0,0,0,0,0
2026-07-17 18:57:00,ZO-Bengaluru,0.0,100.0,0.0,1.0,0.0,0.0,1,0,0,0,0,1
2026-07-17 18:57:00,BR-Koramangala,0.11633333333333333,0.0,0.0,1.0,0.0,0.0,0,0,0,0,0,0
2026-07-17 18:57:00,BR-Whitefield,0.0,0.0,0.0,1.0,0.0,0.0,0,0,0,0,0,0
2026-07-17 18:58:00,HO-Chennai,0.15233333333333332,0.0,0.0,1.0,0.0,0.0,0,0,0,0,0,0
2026-07-17 18:58:00,ZO-Bengaluru,0.0,100.0,0.0,1.0,0.0,0.0,1,0,0,0,0,1
2026-07-17 18:58:00,BR-Koramangala,0.13799999999999998,0.0,0.0,1.0,0.0,0.0,0,0,0,0,0,0
2026-07-17 18:58:00,BR-Whitefield,0.0,0.0,0.0,1.0,0.0,0.0,0,0,0,0,0,0
2026-07-17 18:59:00,HO-Chennai,0.14566666666666667,0.0,0.0,1.0,0.0,0.0,0,0,0,0,0,0
2026-07-17 18:59:00,ZO-Bengaluru,0.0,100.0,0.0,1.0,0.0,0.0,1,0,0,0,0,1
2026-07-17 18:59:00,BR-Koramangala,0.13549999999999998,0.0,0.0,1.0,0.0,0.0,0,0,0,0,0,0
2026-07-17 18:59:00,BR-Whitefield,0.0,0.0,0.0,1.0,0.0,0.0,0,0,0,0,0,0
2026-07-17 19:00:00,HO-Chennai,0.13416666666666666,0.0,0.0,1.0,0.0,0.0,0,0,0,0,0,0
2026-07-17 19:00:00,ZO-Bengaluru,0.0,100.0,0.0,1.0,0.0,0.0,1,0,0,0,0,1
2026-07-17 19:00:00,BR-Koramangala,0.12666666666666668,0.0,0.0,1.0,0.0,0.0,0,0,0,0,0,0
2026-07-17 19:00:00,BR-Whitefield,0.0,0.0,0.0,1.0,0.0,0.0,0,0,0,0,0,0
2026-07-17 19:01:00,HO-Chennai,0.15183333333333332,0.0,0.0,1.0,0.0,0.0,0,0,0,0,0,0
2026-07-17 19:01:00,ZO-Bengaluru,0.0,100.0,0.0,1.0,0.0,0.0,1,0,0,0,0,1
2026-07-17 19:01:00,BR-Koramangala,0.12716666666666668,0.0,0.0,1.0,0.0,0.0,0,0,0,0,0,0
2026-07-17 19:01:00,BR-Whitefield,0.0,0.0,0.0,1.0,0.0,0.0,0,0,0,0,0,0
2026-07-17 19:02:00,HO-Chennai,0.15716666666666668,0.0,0.0,1.0,0.0,0.0,0,0,0,0,0,0
2026-07-17 19:02:00,ZO-Bengaluru,0.0,100.0,0.0,1.0,0.0,0.0,1,0,0,0,0,1
2026-07-17 19:02:00,BR-Koramangala,0.12666666666666668,0.0,0.0,1.0,0.0,0.0,0,0,0,0,0,0
2026-07-17 19:02:00,BR-Whitefield,0.0,0.0,0.0,1.0,0.0,0.0,0,0,0,0,0,0
2026-07-17 19:03:00,HO-Chennai,0.14966666666666667,0.0,0.0,1.0,0.0,0.0,0,0,0,0,0,0
2026-07-17 19:03:00,ZO-Bengaluru,0.0,100.0,0.0,1.0,0.0,0.0,1,0,0,0,0,1
2026-07-17 19:03:00,BR-Koramangala,0.129,0.0,0.0,1.0,0.0,0.0,0,0,0,0,0,0
2026-07-17 19:03:00,BR-Whitefield,0.0,0.0,0.0,1.0,0.0,0.0,0,0,0,0,0,0
2026-07-17 19:04:00,HO-Chennai,0.15266666666666667,0.0,0.0,1.0,0.0,0.0,0,0,0,0,0,0
2026-07-17 19:04:00,ZO-Bengaluru,0.0,100.0,0.0,1.0,0.0,0.0,1,0,0,0,0,1
2026-07-17 19:04:00,BR-Koramangala,0.12066666666666666,0.0,0.0,1.0,0.0,0.0,0,0,0,0,0,0
2026-07-17 19:04:00,BR-Whitefield,0.0,0.0,0.0,1.0,0.0,0.0,0,0,0,0,0,0
2026-07-17 19:05:00,HO-Chennai,0.16533333333333333,0.0,0.0,1.0,0.0,0.0,0,0,0,0,0,0
2026-07-17 19:05:00,ZO-Bengaluru,0.0,100.0,0.0,1.0,0.0,0.0,1,0,0,0,0,1
2026-07-17 19:05:00,BR-Koramangala,0.13316666666666668,0.0,0.0,1.0,0.0,0.0,0,0,0,0,0,0
2026-07-17 19:05:00,BR-Whitefield,0.0,0.0,0.0,1.0,0.0,0.0,0,0,0,0,0,0
2026-07-17 19:06:00,HO-Chennai,0.14816666666666667,0.0,0.0,1.0,0.0,0.0,0,0,0,0,0,0
2026-07-17 19:06:00,ZO-Bengaluru,0.0,100.0,0.0,1.0,0.0,0.0,1,0,0,0,0,1
2026-07-17 19:06:00,BR-Koramangala,0.11783333333333333,0.0,0.0,1.0,0.0,0.0,0,0,0,0,0,0
2026-07-17 19:06:00,BR-Whitefield,0.0,0.0,0.0,1.0,0.0,0.0,0,0,0,0,0,0
2026-07-17 19:07:00,HO-Chennai,0.1688333333333333,0.0,0.0,1.0,0.0,0.0,0,0,0,0,0,0
2026-07-17 19:07:00,ZO-Bengaluru,0.0,100.0,0.0,1.0,0.0,0.0,1,0,0,0,0,1
2026-07-17 19:07:00,BR-Koramangala,0.123,0.0,0.0,1.0,0.0,0.0,0,0,0,0,0,0
2026-07-17 19:07:00,BR-Whitefield,0.0,0.0,0.0,1.0,0.0,0.0,0,0,0,0,0,0
2026-07-17 19:08:00,HO-Chennai,0.1615,0.0,0.0,1.0,0.0,0.0,0,0,0,0,0,0
2026-07-17 19:08:00,ZO-Bengaluru,0.0,100.0,0.0,1.0,0.0,0.0,1,0,0,0,0,1
2026-07-17 19:08:00,BR-Koramangala,0.1335,0.0,0.0,1.0,0.0,0.0,0,0,0,0,0,0
2026-07-17 19:08:00,BR-Whitefield,0.0,0.0,0.0,1.0,0.0,0.0,0,0,0,0,0,0
2026-07-17 19:09:00,HO-Chennai,0.145,0.0,0.0,1.0,0.0,0.0,0,0,0,0,0,0
2026-07-17 19:09:00,ZO-Bengaluru,0.0,100.0,0.0,1.0,0.0,0.0,1,0,0,0,0,1
2026-07-17 19:09:00,BR-Koramangala,0.13449999999999998,0.0,0.0,1.0,0.0,0.0,0,0,0,0,0,0
2026-07-17 19:09:00,BR-Whitefield,0.0,0.0,0.0,1.0,0.0,0.0,0,0,0,0,0,0
2026-07-17 19:10:00,HO-Chennai,0.144,0.0,0.0,1.0,0.0,0.0,0,0,0,0,0,0
2026-07-17 19:10:00,ZO-Bengaluru,0.0,100.0,0.0,1.0,0.0,0.0,1,0,0,0,0,1
2026-07-17 19:10:00,BR-Koramangala,0.13549999999999998,0.0,0.0,1.0,0.0,0.0,0,0,0,0,0,0
2026-07-17 19:10:00,BR-Whitefield,0.0,0.0,0.0,1.0,0.0,0.0,0,0,0,0,0,0
2026-07-17 19:11:00,HO-Chennai,0.15016666666666667,0.0,0.0,1.0,0.0,0.0,0,0,0,0,0,0
2026-07-17 19:11:00,ZO-Bengaluru,0.0,100.0,0.0,1.0,0.0,0.0,1,0,0,0,0,1
2026-07-17 19:11:00,BR-Koramangala,0.12083333333333333,0.0,0.0,1.0,0.0,0.0,0,0,0,0,0,0
2026-07-17 19:11:00,BR-Whitefield,0.0,0.0,0.0,1.0,0.0,0.0,0,0,0,0,0,0
2026-07-17 19:12:00,HO-Chennai,0.15116666666666664,0.0,0.0,1.0,0.0,0.0,0,0,0,0,0,0
2026-07-17 19:12:00,ZO-Bengaluru,0.0,100.0,0.0,1.0,0.0,0.0,1,0,0,0,0,1
2026-07-17 19:12:00,BR-Koramangala,0.12283333333333334,0.0,0.0,1.0,0.0,0.0,0,0,0,0,0,0
2026-07-17 19:12:00,BR-Whitefield,0.0,0.0,0.0,1.0,0.0,0.0,0,0,0,0,0,0
2026-07-17 19:13:00,HO-Chennai,0.18199999999999997,0.0,0.0,1.0,0.0,0.0,0,0,0,0,0,0
2026-07-17 19:13:00,ZO-Bengaluru,0.0,100.0,0.0,1.0,0.0,0.0,1,0,0,0,0,1
2026-07-17 19:13:00,BR-Koramangala,0.12533333333333332,0.0,0.0,1.0,0.0,0.0,0,0,0,0,0,0
2026-07-17 19:13:00,BR-Whitefield,0.0,0.0,0.0,1.0,0.0,0.0,0,0,0,0,0,0
2026-07-17 19:14:00,HO-Chennai,0.14483333333333334,0.0,0.0,1.0,0.0,0.0,0,0,0,0,0,0
2026-07-17 19:14:00,ZO-Bengaluru,0.0,100.0,0.0,1.0,0.0,0.0,1,0,0,0,0,1
2026-07-17 19:14:00,BR-Koramangala,0.13649999999999998,0.0,0.0,1.0,0.0,0.0,0,0,0,0,0,0
2026-07-17 19:14:00,BR-Whitefield,0.0,0.0,0.0,1.0,0.0,0.0,0,0,0,0,0,0
2026-07-17 19:15:00,HO-Chennai,0.1455,0.0,0.0,1.0,0.0,0.0,0,0,0,0,0,0
2026-07-17 19:15:00,ZO-Bengaluru,0.0,100.0,0.0,1.0,0.0,0.0,1,0,0,0,0,1
2026-07-17 19:15:00,BR-Koramangala,0.1265,0.0,0.0,1.0,0.0,0.0,0,0,0,0,0,0
2026-07-17 19:15:00,BR-Whitefield,0.0,0.0,0.0,1.0,0.0,0.0,0,0,0,0,0,0
2026-07-17 19:16:00,HO-Chennai,0.17066666666666666,0.0,0.0,1.0,0.0,0.0,0,0,0,0,0,0
2026-07-17 19:16:00,ZO-Bengaluru,0.0,100.0,0.0,1.0,0.0,0.0,1,0,0,0,0,1
2026-07-17 19:16:00,BR-Koramangala,0.13116666666666668,0.0,0.0,1.0,0.0,0.0,0,0,0,0,0,0
2026-07-17 19:16:00,BR-Whitefield,0.0,0.0,0.0,1.0,0.0,0.0,0,0,0,0,0,0
2026-07-17 19:17:00,HO-Chennai,0.198,0.0,0.0,1.0,0.0,0.0,0,0,0,0,0,0
2026-07-17 19:17:00,ZO-Bengaluru,0.0,100.0,0.0,1.0,0.0,0.0,1,0,0,0,0,1
2026-07-17 19:17:00,BR-Koramangala,0.166,0.0,0.0,1.0,0.0,0.0,0,0,0,0,0,0
2026-07-17 19:17:00,BR-Whitefield,0.0,0.0,0.0,1.0,0.0,0.0,0,0,0,0,0,0
2026-07-17 19:18:00,HO-Chennai,0.0,0.0,0.0,1.0,0.0,0.0,0,0,0,0,0,0
2026-07-17 19:18:00,ZO-Bengaluru,0.0,0.0,0.0,1.0,0.0,0.0,0,0,0,0,0,0
2026-07-17 19:18:00,BR-Koramangala,0.0,0.0,0.0,1.0,0.0,0.0,0,0,0,0,0,0
2026-07-17 19:18:00,BR-Whitefield,0.0,0.0,0.0,1.0,0.0,0.0,0,0,0,0,0,0
2026-07-17 19:19:00,HO-Chennai,0.0,0.0,0.0,1.0,0.0,0.0,0,0,0,0,0,0
2026-07-17 19:19:00,ZO-Bengaluru,0.0,0.0,0.0,1.0,0.0,0.0,0,0,0,0,0,0
2026-07-17 19:19:00,BR-Koramangala,0.0,0.0,0.0,1.0,0.0,0.0,0,0,0,0,0,0
2026-07-17 19:19:00,BR-Whitefield,0.0,0.0,0.0,1.0,0.0,0.0,0,0,0,0,0,0
2026-07-17 19:20:00,HO-Chennai,0.0,0.0,0.0,1.0,0.0,0.0,0,0,0,0,0,0
2026-07-17 19:20:00,ZO-Bengaluru,0.0,0.0,0.0,1.0,0.0,0.0,0,0,0,0,0,0
2026-07-17 19:20:00,BR-Koramangala,0.0,0.0,0.0,1.0,0.0,0.0,0,0,0,0,0,0
2026-07-17 19:20:00,BR-Whitefield,0.0,0.0,0.0,1.0,0.0,0.0,0,0,0,0,0,0
2026-07-17 19:21:00,HO-Chennai,0.0,0.0,0.0,1.0,0.0,0.0,0,0,0,0,0,0
2026-07-17 19:21:00,ZO-Bengaluru,0.0,0.0,0.0,1.0,0.0,0.0,0,0,0,0,0,0
2026-07-17 19:21:00,BR-Koramangala,0.0,0.0,0.0,1.0,0.0,0.0,0,0,0,0,0,0
2026-07-17 19:21:00,BR-Whitefield,0.0,0.0,0.0,1.0,0.0,0.0,0,0,0,0,0,0
2026-07-17 19:22:00,HO-Chennai,0.0,0.0,0.0,1.0,0.0,0.0,0,0,0,0,0,0
2026-07-17 19:22:00,ZO-Bengaluru,0.0,0.0,0.0,1.0,0.0,0.0,0,0,0,0,0,0
2026-07-17 19:22:00,BR-Koramangala,0.0,0.0,0.0,1.0,0.0,0.0,0,0,0,0,0,0
2026-07-17 19:22:00,BR-Whitefield,0.0,0.0,0.0,1.0,0.0,0.0,0,0,0,0,0,0
2026-07-17 19:23:00,HO-Chennai,0.0,0.0,0.0,1.0,0.0,0.0,0,0,0,0,0,0
2026-07-17 19:23:00,ZO-Bengaluru,0.0,0.0,0.0,1.0,0.0,0.0,0,0,0,0,0,0
2026-07-17 19:23:00,BR-Koramangala,0.0,0.0,0.0,1.0,0.0,0.0,0,0,0,0,0,0
2026-07-17 19:23:00,BR-Whitefield,0.0,0.0,0.0,1.0,0.0,0.0,0,0,0,0,0,0
2026-07-17 19:24:00,HO-Chennai,0.0,0.0,0.0,1.0,0.0,0.0,0,0,0,0,0,0
2026-07-17 19:24:00,ZO-Bengaluru,0.0,0.0,0.0,1.0,0.0,0.0,0,0,0,0,0,0
2026-07-17 19:24:00,BR-Koramangala,0.0,0.0,0.0,1.0,0.0,0.0,0,0,0,0,0,0
2026-07-17 19:24:00,BR-Whitefield,0.0,0.0,0.0,1.0,0.0,0.0,0,0,0,0,0,0
2026-07-17 19:25:00,HO-Chennai,0.0,0.0,0.0,1.0,0.0,0.0,0,0,0,0,0,0
2026-07-17 19:25:00,ZO-Bengaluru,0.0,0.0,0.0,1.0,0.0,0.0,0,0,0,0,0,0
2026-07-17 19:25:00,BR-Koramangala,0.0,0.0,0.0,1.0,0.0,0.0,0,0,0,0,0,0
2026-07-17 19:25:00,BR-Whitefield,0.0,0.0,0.0,1.0,0.0,0.0,0,0,0,0,0,0
2026-07-17 19:26:00,HO-Chennai,0.0,0.0,0.0,1.0,0.0,0.0,0,0,0,0,0,0
2026-07-17 19:26:00,ZO-Bengaluru,0.0,0.0,0.0,1.0,0.0,0.0,0,0,0,0,0,0
2026-07-17 19:26:00,BR-Koramangala,0.0,0.0,0.0,1.0,0.0,0.0,0,0,0,0,0,0
2026-07-17 19:26:00,BR-Whitefield,0.0,0.0,0.0,1.0,0.0,0.0,0,0,0,0,0,0
2026-07-17 19:27:00,HO-Chennai,0.0,0.0,0.0,1.0,0.0,0.0,0,0,0,0,0,0
2026-07-17 19:27:00,ZO-Bengaluru,0.0,0.0,0.0,1.0,0.0,0.0,0,0,0,0,0,0
2026-07-17 19:27:00,BR-Koramangala,0.0,0.0,0.0,1.0,0.0,0.0,0,0,0,0,0,0
2026-07-17 19:27:00,BR-Whitefield,0.0,0.0,0.0,1.0,0.0,0.0,0,0,0,0,0,0
2026-07-17 19:28:00,HO-Chennai,0.0,0.0,0.0,1.0,0.0,0.0,0,0,0,0,0,0
2026-07-17 19:28:00,ZO-Bengaluru,0.0,0.0,0.0,1.0,0.0,0.0,0,0,0,0,0,0
2026-07-17 19:28:00,BR-Koramangala,0.0,0.0,0.0,1.0,0.0,0.0,0,0,0,0,0,0
2026-07-17 19:28:00,BR-Whitefield,0.0,0.0,0.0,1.0,0.0,0.0,0,0,0,0,0,0
2026-07-17 19:29:00,HO-Chennai,0.0,0.0,0.0,1.0,0.0,0.0,0,0,0,0,0,0
2026-07-17 19:29:00,ZO-Bengaluru,0.0,0.0,0.0,1.0,0.0,0.0,0,0,0,0,0,0
2026-07-17 19:29:00,BR-Koramangala,0.0,0.0,0.0,1.0,0.0,0.0,0,0,0,0,0,0
2026-07-17 19:29:00,BR-Whitefield,0.0,0.0,0.0,1.0,0.0,0.0,0,0,0,0,0,0
2026-07-17 19:30:00,HO-Chennai,0.0,0.0,0.0,1.0,0.0,0.0,0,0,0,0,0,0
2026-07-17 19:30:00,ZO-Bengaluru,0.0,0.0,0.0,1.0,0.0,0.0,0,0,0,0,0,0
2026-07-17 19:30:00,BR-Koramangala,0.0,0.0,0.0,1.0,0.0,0.0,0,0,0,0,0,0
2026-07-17 19:30:00,BR-Whitefield,0.0,0.0,0.0,1.0,0.0,0.0,0,0,0,0,0,0
2026-07-17 19:31:00,HO-Chennai,0.0,0.0,0.0,1.0,0.0,0.0,0,0,0,0,0,0
2026-07-17 19:31:00,ZO-Bengaluru,0.0,0.0,0.0,1.0,0.0,0.0,0,0,0,0,0,0
2026-07-17 19:31:00,BR-Koramangala,0.0,0.0,0.0,1.0,0.0,0.0,0,0,0,0,0,0
2026-07-17 19:31:00,BR-Whitefield,0.0,0.0,0.0,1.0,0.0,0.0,0,0,0,0,0,0
2026-07-17 19:32:00,HO-Chennai,0.0,0.0,0.0,1.0,0.0,0.0,0,0,0,0,0,0
2026-07-17 19:32:00,ZO-Bengaluru,0.0,0.0,0.0,1.0,0.0,0.0,0,0,0,0,0,0
2026-07-17 19:32:00,BR-Koramangala,0.0,0.0,0.0,1.0,0.0,0.0,0,0,0,0,0,0
2026-07-17 19:32:00,BR-Whitefield,0.0,0.0,0.0,1.0,0.0,0.0,0,0,0,0,0,0
2026-07-17 19:33:00,HO-Chennai,0.0,0.0,0.0,1.0,0.0,0.0,0,0,0,0,0,0
2026-07-17 19:33:00,ZO-Bengaluru,0.0,0.0,0.0,1.0,0.0,0.0,0,0,0,0,0,0
2026-07-17 19:33:00,BR-Koramangala,0.0,0.0,0.0,1.0,0.0,0.0,0,0,0,0,0,0
2026-07-17 19:33:00,BR-Whitefield,0.0,0.0,0.0,1.0,0.0,0.0,0,0,0,0,0,0
2026-07-17 19:34:00,HO-Chennai,0.0,0.0,0.0,1.0,0.0,0.0,0,0,0,0,0,0
2026-07-17 19:34:00,ZO-Bengaluru,0.0,0.0,0.0,1.0,0.0,0.0,0,0,0,0,0,0
2026-07-17 19:34:00,BR-Koramangala,0.0,0.0,0.0,1.0,0.0,0.0,0,0,0,0,0,0
2026-07-17 19:34:00,BR-Whitefield,0.0,0.0,0.0,1.0,0.0,0.0,0,0,0,0,0,0
2026-07-17 19:35:00,HO-Chennai,0.0,0.0,0.0,1.0,0.0,0.0,0,0,0,0,0,0
2026-07-17 19:35:00,ZO-Bengaluru,0.0,0.0,0.0,1.0,0.0,0.0,0,0,0,0,0,0
2026-07-17 19:35:00,BR-Koramangala,0.0,0.0,0.0,1.0,0.0,0.0,0,0,0,0,0,0
2026-07-17 19:35:00,BR-Whitefield,0.0,0.0,0.0,1.0,0.0,0.0,0,0,0,0,0,0
2026-07-17 19:36:00,HO-Chennai,0.0,0.0,0.0,1.0,0.0,0.0,0,0,0,0,0,0
2026-07-17 19:36:00,ZO-Bengaluru,0.0,0.0,0.0,1.0,0.0,0.0,0,0,0,0,0,0
2026-07-17 19:36:00,BR-Koramangala,0.0,0.0,0.0,1.0,0.0,0.0,0,0,0,0,0,0
2026-07-17 19:36:00,BR-Whitefield,0.0,0.0,0.0,1.0,0.0,0.0,0,0,0,0,0,0
2026-07-17 19:37:00,HO-Chennai,0.0,0.0,0.0,1.0,0.0,0.0,0,0,0,0,0,0
2026-07-17 19:37:00,ZO-Bengaluru,0.0,0.0,0.0,1.0,0.0,0.0,0,0,0,0,0,0
2026-07-17 19:37:00,BR-Koramangala,0.0,0.0,0.0,1.0,0.0,0.0,0,0,0,0,0,0
2026-07-17 19:37:00,BR-Whitefield,0.0,0.0,0.0,1.0,0.0,0.0,0,0,0,0,0,0
2026-07-17 19:38:00,HO-Chennai,0.0,0.0,0.0,1.0,0.0,0.0,0,0,0,0,0,0
2026-07-17 19:38:00,ZO-Bengaluru,0.0,0.0,0.0,1.0,0.0,0.0,0,0,0,0,0,0
2026-07-17 19:38:00,BR-Koramangala,0.0,0.0,0.0,1.0,0.0,0.0,0,0,0,0,0,0
2026-07-17 19:38:00,BR-Whitefield,0.0,0.0,0.0,1.0,0.0,0.0,0,0,0,0,0,0
2026-07-17 19:39:00,HO-Chennai,0.0,0.0,0.0,1.0,0.0,0.0,0,0,0,0,0,0
2026-07-17 19:39:00,ZO-Bengaluru,0.0,0.0,0.0,1.0,0.0,0.0,0,0,0,0,0,0
2026-07-17 19:39:00,BR-Koramangala,0.0,0.0,0.0,1.0,0.0,0.0,0,0,0,0,0,0
2026-07-17 19:39:00,BR-Whitefield,0.0,0.0,0.0,1.0,0.0,0.0,0,0,0,0,0,0
2026-07-17 19:40:00,HO-Chennai,0.0,0.0,0.0,1.0,0.0,0.0,0,0,0,0,0,0
2026-07-17 19:40:00,ZO-Bengaluru,0.0,0.0,0.0,1.0,0.0,0.0,0,0,0,0,0,0
2026-07-17 19:40:00,BR-Koramangala,0.0,0.0,0.0,1.0,0.0,0.0,0,0,0,0,0,0
2026-07-17 19:40:00,BR-Whitefield,0.0,0.0,0.0,1.0,0.0,0.0,0,0,0,0,0,0
2026-07-17 19:41:00,HO-Chennai,0.0,0.0,0.0,1.0,0.0,0.0,0,0,0,0,0,0
2026-07-17 19:41:00,ZO-Bengaluru,0.0,0.0,0.0,1.0,0.0,0.0,0,0,0,0,0,0
2026-07-17 19:41:00,BR-Koramangala,0.0,0.0,0.0,1.0,0.0,0.0,0,0,0,0,0,0
2026-07-17 19:41:00,BR-Whitefield,0.0,0.0,0.0,1.0,0.0,0.0,0,0,0,0,0,0
2026-07-17 19:42:00,HO-Chennai,0.0,0.0,0.0,1.0,0.0,0.0,0,0,0,0,0,0
2026-07-17 19:42:00,ZO-Bengaluru,0.0,0.0,0.0,1.0,0.0,0.0,0,0,0,0,0,0
2026-07-17 19:42:00,BR-Koramangala,0.0,0.0,0.0,1.0,0.0,0.0,0,0,0,0,0,0
2026-07-17 19:42:00,BR-Whitefield,0.0,0.0,0.0,1.0,0.0,0.0,0,0,0,0,0,0
2026-07-17 19:43:00,HO-Chennai,0.0,0.0,0.0,1.0,0.0,0.0,0,0,0,0,0,0
2026-07-17 19:43:00,ZO-Bengaluru,0.0,0.0,0.0,1.0,0.0,0.0,0,0,0,0,0,0
2026-07-17 19:43:00,BR-Koramangala,0.0,0.0,0.0,1.0,0.0,0.0,0,0,0,0,0,0
2026-07-17 19:43:00,BR-Whitefield,0.0,0.0,0.0,1.0,0.0,0.0,0,0,0,0,0,0
2026-07-17 19:44:00,HO-Chennai,0.0,0.0,0.0,1.0,0.0,0.0,0,0,0,0,0,0
2026-07-17 19:44:00,ZO-Bengaluru,0.0,0.0,0.0,1.0,0.0,0.0,0,0,0,0,0,0
2026-07-17 19:44:00,BR-Koramangala,0.0,0.0,0.0,1.0,0.0,0.0,0,0,0,0,0,0
2026-07-17 19:44:00,BR-Whitefield,0.0,0.0,0.0,1.0,0.0,0.0,0,0,0,0,0,0
2026-07-17 19:45:00,HO-Chennai,0.0,0.0,0.0,1.0,0.0,0.0,0,0,0,0,0,0
2026-07-17 19:45:00,ZO-Bengaluru,0.0,0.0,0.0,1.0,0.0,0.0,0,0,0,0,0,0
2026-07-17 19:45:00,BR-Koramangala,0.0,0.0,0.0,1.0,0.0,0.0,0,0,0,0,0,0
2026-07-17 19:45:00,BR-Whitefield,0.0,0.0,0.0,1.0,0.0,0.0,0,0,0,0,0,0
2026-07-17 19:46:00,HO-Chennai,0.0,0.0,0.0,1.0,0.0,0.0,0,0,0,0,0,0
2026-07-17 19:46:00,ZO-Bengaluru,0.0,0.0,0.0,1.0,0.0,0.0,0,0,0,0,0,0
2026-07-17 19:46:00,BR-Koramangala,0.0,0.0,0.0,1.0,0.0,0.0,0,0,0,0,0,0
2026-07-17 19:46:00,BR-Whitefield,0.0,0.0,0.0,1.0,0.0,0.0,0,0,0,0,0,0
2026-07-17 19:47:00,HO-Chennai,0.0,0.0,0.0,1.0,0.0,0.0,0,0,0,0,0,0
2026-07-17 19:47:00,ZO-Bengaluru,0.0,0.0,0.0,1.0,0.0,0.0,0,0,0,0,0,0
2026-07-17 19:47:00,BR-Koramangala,0.0,0.0,0.0,1.0,0.0,0.0,0,0,0,0,0,0
2026-07-17 19:47:00,BR-Whitefield,0.0,0.0,0.0,1.0,0.0,0.0,0,0,0,0,0,0
2026-07-17 19:48:00,HO-Chennai,0.0,0.0,0.0,1.0,0.0,0.0,0,0,0,0,0,0
2026-07-17 19:48:00,ZO-Bengaluru,0.0,0.0,0.0,1.0,0.0,0.0,0,0,0,0,0,0
2026-07-17 19:48:00,BR-Koramangala,0.0,0.0,0.0,1.0,0.0,0.0,0,0,0,0,0,0
2026-07-17 19:48:00,BR-Whitefield,0.0,0.0,0.0,1.0,0.0,0.0,0,0,0,0,0,0
2026-07-17 19:49:00,HO-Chennai,0.0,0.0,0.0,1.0,0.0,0.0,0,0,0,0,0,0
2026-07-17 19:49:00,ZO-Bengaluru,0.0,0.0,0.0,1.0,0.0,0.0,0,0,0,0,0,0
2026-07-17 19:49:00,BR-Koramangala,0.0,0.0,0.0,1.0,0.0,0.0,0,0,0,0,0,0
2026-07-17 19:49:00,BR-Whitefield,0.0,0.0,0.0,1.0,0.0,0.0,0,0,0,0,0,0
2026-07-17 19:50:00,HO-Chennai,0.0,0.0,0.0,1.0,0.0,0.0,0,0,0,0,0,0
2026-07-17 19:50:00,ZO-Bengaluru,0.0,0.0,0.0,1.0,0.0,0.0,0,0,0,0,0,0
2026-07-17 19:50:00,BR-Koramangala,0.0,0.0,0.0,1.0,0.0,0.0,0,0,0,0,0,0
2026-07-17 19:50:00,BR-Whitefield,0.0,0.0,0.0,1.0,0.0,0.0,0,0,0,0,0,0
2026-07-17 19:51:00,HO-Chennai,0.0,0.0,0.0,1.0,0.0,0.0,0,0,0,0,0,0
2026-07-17 19:51:00,ZO-Bengaluru,0.0,0.0,0.0,1.0,0.0,0.0,0,0,0,0,0,0
2026-07-17 19:51:00,BR-Koramangala,0.0,0.0,0.0,1.0,0.0,0.0,0,0,0,0,0,0
2026-07-17 19:51:00,BR-Whitefield,0.0,0.0,0.0,1.0,0.0,0.0,0,0,0,0,0,0
2026-07-17 19:52:00,HO-Chennai,0.0,0.0,0.0,1.0,0.0,0.0,0,0,0,0,0,0
2026-07-17 19:52:00,ZO-Bengaluru,0.0,0.0,0.0,1.0,0.0,0.0,0,0,0,0,0,0
2026-07-17 19:52:00,BR-Koramangala,0.0,0.0,0.0,1.0,0.0,0.0,0,0,0,0,0,0
2026-07-17 19:52:00,BR-Whitefield,0.0,0.0,0.0,1.0,0.0,0.0,0,0,0,0,0,0
2026-07-17 19:53:00,HO-Chennai,0.0,0.0,0.0,1.0,0.0,0.0,0,0,0,0,0,0
2026-07-17 19:53:00,ZO-Bengaluru,0.0,0.0,0.0,1.0,0.0,0.0,0,0,0,0,0,0
2026-07-17 19:53:00,BR-Koramangala,0.0,0.0,0.0,1.0,0.0,0.0,0,0,0,0,0,0
2026-07-17 19:53:00,BR-Whitefield,0.0,0.0,0.0,1.0,0.0,0.0,0,0,0,0,0,0
2026-07-17 19:54:00,HO-Chennai,0.0,0.0,0.0,1.0,0.0,0.0,0,0,0,0,0,0
2026-07-17 19:54:00,ZO-Bengaluru,0.0,0.0,0.0,1.0,0.0,0.0,0,0,0,0,0,0
2026-07-17 19:54:00,BR-Koramangala,0.0,0.0,0.0,1.0,0.0,0.0,0,0,0,0,0,0
2026-07-17 19:54:00,BR-Whitefield,0.0,0.0,0.0,1.0,0.0,0.0,0,0,0,0,0,0
2026-07-17 19:55:00,HO-Chennai,0.0,0.0,0.0,1.0,0.0,0.0,0,0,0,0,0,0
2026-07-17 19:55:00,ZO-Bengaluru,0.0,0.0,0.0,1.0,0.0,0.0,0,0,0,0,0,0
2026-07-17 19:55:00,BR-Koramangala,0.0,0.0,0.0,1.0,0.0,0.0,0,0,0,0,0,0
2026-07-17 19:55:00,BR-Whitefield,0.0,0.0,0.0,1.0,0.0,0.0,0,0,0,0,0,0
2026-07-17 19:56:00,HO-Chennai,0.0,0.0,0.0,1.0,0.0,0.0,0,0,0,0,0,0
2026-07-17 19:56:00,ZO-Bengaluru,0.0,0.0,0.0,1.0,0.0,0.0,0,0,0,0,0,0
2026-07-17 19:56:00,BR-Koramangala,0.0,0.0,0.0,1.0,0.0,0.0,0,0,0,0,0,0
2026-07-17 19:56:00,BR-Whitefield,0.0,0.0,0.0,1.0,0.0,0.0,0,0,0,0,0,0
2026-07-17 19:57:00,HO-Chennai,0.0,0.0,0.0,1.0,0.0,0.0,0,0,0,0,0,0
2026-07-17 19:57:00,ZO-Bengaluru,0.0,0.0,0.0,1.0,0.0,0.0,0,0,0,0,0,0
2026-07-17 19:57:00,BR-Koramangala,0.0,0.0,0.0,1.0,0.0,0.0,0,0,0,0,0,0
2026-07-17 19:57:00,BR-Whitefield,0.0,0.0,0.0,1.0,0.0,0.0,0,0,0,0,0,0
2026-07-17 19:58:00,HO-Chennai,0.0,0.0,0.0,1.0,0.0,0.0,0,0,0,0,0,0
2026-07-17 19:58:00,ZO-Bengaluru,0.0,0.0,0.0,1.0,0.0,0.0,0,0,0,0,0,0
2026-07-17 19:58:00,BR-Koramangala,0.0,0.0,0.0,1.0,0.0,0.0,0,0,0,0,0,0
2026-07-17 19:58:00,BR-Whitefield,0.0,0.0,0.0,1.0,0.0,0.0,0,0,0,0,0,0
2026-07-17 19:59:00,HO-Chennai,0.0,0.0,0.0,1.0,0.0,0.0,0,0,0,0,0,0
2026-07-17 19:59:00,ZO-Bengaluru,0.0,0.0,0.0,1.0,0.0,0.0,0,0,0,0,0,0
2026-07-17 19:59:00,BR-Koramangala,0.0,0.0,0.0,1.0,0.0,0.0,0,0,0,0,0,0
2026-07-17 19:59:00,BR-Whitefield,0.0,0.0,0.0,1.0,0.0,0.0,0,0,0,0,0,0
2026-07-17 20:00:00,HO-Chennai,0.0,0.0,0.0,1.0,0.0,0.0,0,0,0,0,0,0
2026-07-17 20:00:00,ZO-Bengaluru,0.0,0.0,0.0,1.0,0.0,0.0,0,0,0,0,0,0
2026-07-17 20:00:00,BR-Koramangala,0.0,0.0,0.0,1.0,0.0,0.0,0,0,0,0,0,0
2026-07-17 20:00:00,BR-Whitefield,0.0,0.0,0.0,1.0,0.0,0.0,0,0,0,0,0,0
2026-07-17 20:01:00,HO-Chennai,0.0,0.0,0.0,1.0,0.0,0.0,0,0,0,0,0,0
2026-07-17 20:01:00,ZO-Bengaluru,0.0,0.0,0.0,1.0,0.0,0.0,0,0,0,0,0,0
2026-07-17 20:01:00,BR-Koramangala,0.0,0.0,0.0,1.0,0.0,0.0,0,0,0,0,0,0
2026-07-17 20:01:00,BR-Whitefield,0.0,0.0,0.0,1.0,0.0,0.0,0,0,0,0,0,0
2026-07-17 20:02:00,HO-Chennai,0.0,0.0,0.0,1.0,0.0,0.0,0,0,0,0,0,0
2026-07-17 20:02:00,ZO-Bengaluru,0.0,0.0,0.0,1.0,0.0,0.0,0,0,0,0,0,0
2026-07-17 20:02:00,BR-Koramangala,0.0,0.0,0.0,1.0,0.0,0.0,0,0,0,0,0,0
2026-07-17 20:02:00,BR-Whitefield,0.0,0.0,0.0,1.0,0.0,0.0,0,0,0,0,0,0
2026-07-17 20:03:00,HO-Chennai,0.0,0.0,0.0,1.0,0.0,0.0,0,0,0,0,0,0
2026-07-17 20:03:00,ZO-Bengaluru,0.0,0.0,0.0,1.0,0.0,0.0,0,0,0,0,0,0
2026-07-17 20:03:00,BR-Koramangala,0.0,0.0,0.0,1.0,0.0,0.0,0,0,0,0,0,0
2026-07-17 20:03:00,BR-Whitefield,0.0,0.0,0.0,1.0,0.0,0.0,0,0,0,0,0,0
2026-07-17 20:04:00,HO-Chennai,0.0,0.0,0.0,1.0,0.0,0.0,0,0,0,0,0,0
2026-07-17 20:04:00,ZO-Bengaluru,0.0,0.0,0.0,1.0,0.0,0.0,0,0,0,0,0,0
2026-07-17 20:04:00,BR-Koramangala,0.0,0.0,0.0,1.0,0.0,0.0,0,0,0,0,0,0
2026-07-17 20:04:00,BR-Whitefield,0.0,0.0,0.0,1.0,0.0,0.0,0,0,0,0,0,0
2026-07-17 20:05:00,HO-Chennai,0.0,0.0,0.0,1.0,0.0,0.0,0,0,0,0,0,0
2026-07-17 20:05:00,ZO-Bengaluru,0.0,0.0,0.0,1.0,0.0,0.0,0,0,0,0,0,0
2026-07-17 20:05:00,BR-Koramangala,0.0,0.0,0.0,1.0,0.0,0.0,0,0,0,0,0,0
2026-07-17 20:05:00,BR-Whitefield,0.0,0.0,0.0,1.0,0.0,0.0,0,0,0,0,0,0
2026-07-17 20:06:00,HO-Chennai,0.0,0.0,0.0,1.0,0.0,0.0,0,0,0,0,0,0
2026-07-17 20:06:00,ZO-Bengaluru,0.0,0.0,0.0,1.0,0.0,0.0,0,0,0,0,0,0
2026-07-17 20:06:00,BR-Koramangala,0.0,0.0,0.0,1.0,0.0,0.0,0,0,0,0,0,0
2026-07-17 20:06:00,BR-Whitefield,0.0,0.0,0.0,1.0,0.0,0.0,0,0,0,0,0,0
2026-07-17 20:07:00,HO-Chennai,0.0,0.0,0.0,1.0,0.0,0.0,0,0,0,0,0,0
2026-07-17 20:07:00,ZO-Bengaluru,0.0,0.0,0.0,1.0,0.0,0.0,0,0,0,0,0,0
2026-07-17 20:07:00,BR-Koramangala,0.0,0.0,0.0,1.0,0.0,0.0,0,0,0,0,0,0
2026-07-17 20:07:00,BR-Whitefield,0.0,0.0,0.0,1.0,0.0,0.0,0,0,0,0,0,0
2026-07-17 20:08:00,HO-Chennai,0.0,0.0,0.0,1.0,0.0,0.0,0,0,0,0,0,0
2026-07-17 20:08:00,ZO-Bengaluru,0.0,0.0,0.0,1.0,0.0,0.0,0,0,0,0,0,0
2026-07-17 20:08:00,BR-Koramangala,0.0,0.0,0.0,1.0,0.0,0.0,0,0,0,0,0,0
2026-07-17 20:08:00,BR-Whitefield,0.0,0.0,0.0,1.0,0.0,0.0,0,0,0,0,0,0
2026-07-17 20:09:00,HO-Chennai,0.0,0.0,0.0,1.0,0.0,0.0,0,0,0,0,0,0
2026-07-17 20:09:00,ZO-Bengaluru,0.0,0.0,0.0,1.0,0.0,0.0,0,0,0,0,0,0
2026-07-17 20:09:00,BR-Koramangala,0.0,0.0,0.0,1.0,0.0,0.0,0,0,0,0,0,0
2026-07-17 20:09:00,BR-Whitefield,0.0,0.0,0.0,1.0,0.0,0.0,0,0,0,0,0,0
2026-07-17 20:10:00,HO-Chennai,0.0,0.0,0.0,1.0,0.0,0.0,0,0,0,0,0,0
2026-07-17 20:10:00,ZO-Bengaluru,0.0,0.0,0.0,1.0,0.0,0.0,0,0,0,0,0,0
2026-07-17 20:10:00,BR-Koramangala,0.0,0.0,0.0,1.0,0.0,0.0,0,0,0,0,0,0
2026-07-17 20:10:00,BR-Whitefield,0.0,0.0,0.0,1.0,0.0,0.0,0,0,0,0,0,0
2026-07-17 20:11:00,HO-Chennai,0.0,0.0,0.0,1.0,0.0,0.0,0,0,0,0,0,0
2026-07-17 20:11:00,ZO-Bengaluru,0.0,0.0,0.0,1.0,0.0,0.0,0,0,0,0,0,0
2026-07-17 20:11:00,BR-Koramangala,0.0,0.0,0.0,1.0,0.0,0.0,0,0,0,0,0,0
2026-07-17 20:11:00,BR-Whitefield,0.0,0.0,0.0,1.0,0.0,0.0,0,0,0,0,0,0
2026-07-17 20:12:00,HO-Chennai,0.0,0.0,0.0,1.0,0.0,0.0,0,0,0,0,0,0
2026-07-17 20:12:00,ZO-Bengaluru,0.0,0.0,0.0,1.0,0.0,0.0,0,0,0,0,0,0
2026-07-17 20:12:00,BR-Koramangala,0.0,0.0,0.0,1.0,0.0,0.0,0,0,0,0,0,0
2026-07-17 20:12:00,BR-Whitefield,0.0,0.0,0.0,1.0,0.0,0.0,0,0,0,0,0,0
2026-07-17 20:13:00,HO-Chennai,0.0,0.0,0.0,1.0,0.0,0.0,0,0,0,0,0,0
2026-07-17 20:13:00,ZO-Bengaluru,0.0,0.0,0.0,1.0,0.0,0.0,0,0,0,0,0,0
2026-07-17 20:13:00,BR-Koramangala,0.0,0.0,0.0,1.0,0.0,0.0,0,0,0,0,0,0
2026-07-17 20:13:00,BR-Whitefield,0.0,0.0,0.0,1.0,0.0,0.0,0,0,0,0,0,0
2026-07-17 20:14:00,HO-Chennai,0.0,0.0,0.0,1.0,0.0,0.0,0,0,0,0,0,0
2026-07-17 20:14:00,ZO-Bengaluru,0.0,0.0,0.0,1.0,0.0,0.0,0,0,0,0,0,0
2026-07-17 20:14:00,BR-Koramangala,0.0,0.0,0.0,1.0,0.0,0.0,0,0,0,0,0,0
2026-07-17 20:14:00,BR-Whitefield,0.0,0.0,0.0,1.0,0.0,0.0,0,0,0,0,0,0
2026-07-17 20:15:00,HO-Chennai,0.0,0.0,0.0,1.0,0.0,0.0,0,0,0,0,0,0
2026-07-17 20:15:00,ZO-Bengaluru,0.0,0.0,0.0,1.0,0.0,0.0,0,0,0,0,0,0
2026-07-17 20:15:00,BR-Koramangala,0.0,0.0,0.0,1.0,0.0,0.0,0,0,0,0,0,0
2026-07-17 20:15:00,BR-Whitefield,0.0,0.0,0.0,1.0,0.0,0.0,0,0,0,0,0,0
2026-07-17 20:16:00,HO-Chennai,0.0,0.0,0.0,1.0,0.0,0.0,0,0,0,0,0,0
2026-07-17 20:16:00,ZO-Bengaluru,0.0,0.0,0.0,1.0,0.0,0.0,0,0,0,0,0,0
2026-07-17 20:16:00,BR-Koramangala,0.0,0.0,0.0,1.0,0.0,0.0,0,0,0,0,0,0
2026-07-17 20:16:00,BR-Whitefield,0.0,0.0,0.0,1.0,0.0,0.0,0,0,0,0,0,0
2026-07-17 20:17:00,HO-Chennai,0.0,0.0,0.0,1.0,0.0,0.0,0,0,0,0,0,0
2026-07-17 20:17:00,ZO-Bengaluru,0.0,0.0,0.0,1.0,0.0,0.0,0,0,0,0,0,0
2026-07-17 20:17:00,BR-Koramangala,0.0,0.0,0.0,1.0,0.0,0.0,0,0,0,0,0,0
2026-07-17 20:17:00,BR-Whitefield,0.0,0.0,0.0,1.0,0.0,0.0,0,0,0,0,0,0
2026-07-17 20:18:00,HO-Chennai,0.0,0.0,0.0,1.0,0.0,0.0,0,0,0,0,0,0
2026-07-17 20:18:00,ZO-Bengaluru,0.0,0.0,0.0,1.0,0.0,0.0,0,0,0,0,0,0
2026-07-17 20:18:00,BR-Koramangala,0.0,0.0,0.0,1.0,0.0,0.0,0,0,0,0,0,0
2026-07-17 20:18:00,BR-Whitefield,0.0,0.0,0.0,1.0,0.0,0.0,0,0,0,0,0,0
2026-07-17 20:19:00,HO-Chennai,0.0,0.0,0.0,1.0,0.0,0.0,0,0,0,0,0,0
2026-07-17 20:19:00,ZO-Bengaluru,0.0,0.0,0.0,1.0,0.0,0.0,0,0,0,0,0,0
2026-07-17 20:19:00,BR-Koramangala,0.0,0.0,0.0,1.0,0.0,0.0,0,0,0,0,0,0
2026-07-17 20:19:00,BR-Whitefield,0.0,0.0,0.0,1.0,0.0,0.0,0,0,0,0,0,0
2026-07-17 20:20:00,HO-Chennai,0.0,0.0,0.0,1.0,0.0,0.0,0,0,0,0,0,0
2026-07-17 20:20:00,ZO-Bengaluru,0.0,0.0,0.0,1.0,0.0,0.0,0,0,0,0,0,0
2026-07-17 20:20:00,BR-Koramangala,0.0,0.0,0.0,1.0,0.0,0.0,0,0,0,0,0,0
2026-07-17 20:20:00,BR-Whitefield,0.0,0.0,0.0,1.0,0.0,0.0,0,0,0,0,0,0
2026-07-17 20:21:00,HO-Chennai,0.0,0.0,0.0,1.0,0.0,0.0,0,0,0,0,0,0
2026-07-17 20:21:00,ZO-Bengaluru,0.0,0.0,0.0,1.0,0.0,0.0,0,0,0,0,0,0
2026-07-17 20:21:00,BR-Koramangala,0.0,0.0,0.0,1.0,0.0,0.0,0,0,0,0,0,0
2026-07-17 20:21:00,BR-Whitefield,0.0,0.0,0.0,1.0,0.0,0.0,0,0,0,0,0,0
2026-07-17 20:22:00,HO-Chennai,0.0,0.0,0.0,1.0,0.0,0.0,0,0,0,0,0,0
2026-07-17 20:22:00,ZO-Bengaluru,0.0,0.0,0.0,1.0,0.0,0.0,0,0,0,0,0,0
2026-07-17 20:22:00,BR-Koramangala,0.0,0.0,0.0,1.0,0.0,0.0,0,0,0,0,0,0
2026-07-17 20:22:00,BR-Whitefield,0.0,0.0,0.0,1.0,0.0,0.0,0,0,0,0,0,0
2026-07-17 20:23:00,HO-Chennai,0.0,0.0,0.0,1.0,0.0,0.0,0,0,0,0,0,0
2026-07-17 20:23:00,ZO-Bengaluru,0.0,0.0,0.0,1.0,0.0,0.0,0,0,0,0,0,0
2026-07-17 20:23:00,BR-Koramangala,0.0,0.0,0.0,1.0,0.0,0.0,0,0,0,0,0,0
2026-07-17 20:23:00,BR-Whitefield,0.0,0.0,0.0,1.0,0.0,0.0,0,0,0,0,0,0
2026-07-17 20:24:00,HO-Chennai,0.0,0.0,0.0,1.0,0.0,0.0,0,0,0,0,0,0
2026-07-17 20:24:00,ZO-Bengaluru,0.0,0.0,0.0,1.0,0.0,0.0,0,0,0,0,0,0
2026-07-17 20:24:00,BR-Koramangala,0.0,0.0,0.0,1.0,0.0,0.0,0,0,0,0,0,0
2026-07-17 20:24:00,BR-Whitefield,0.0,0.0,0.0,1.0,0.0,0.0,0,0,0,0,0,0
2026-07-17 20:25:00,HO-Chennai,0.0,0.0,0.0,1.0,0.0,0.0,0,0,0,0,0,0
2026-07-17 20:25:00,ZO-Bengaluru,0.0,0.0,0.0,1.0,0.0,0.0,0,0,0,0,0,0
2026-07-17 20:25:00,BR-Koramangala,0.0,0.0,0.0,1.0,0.0,0.0,0,0,0,0,0,0
2026-07-17 20:25:00,BR-Whitefield,0.0,0.0,0.0,1.0,0.0,0.0,0,0,0,0,0,0
2026-07-17 20:26:00,HO-Chennai,0.0,0.0,0.0,1.0,0.0,0.0,0,0,0,0,0,0
2026-07-17 20:26:00,ZO-Bengaluru,0.0,0.0,0.0,1.0,0.0,0.0,0,0,0,0,0,0
2026-07-17 20:26:00,BR-Koramangala,0.0,0.0,0.0,1.0,0.0,0.0,0,0,0,0,0,0
2026-07-17 20:26:00,BR-Whitefield,0.0,0.0,0.0,1.0,0.0,0.0,0,0,0,0,0,0
2026-07-17 20:27:00,HO-Chennai,0.0,0.0,0.0,1.0,0.0,0.0,0,0,0,0,0,0
2026-07-17 20:27:00,ZO-Bengaluru,0.0,0.0,0.0,1.0,0.0,0.0,0,0,0,0,0,0
2026-07-17 20:27:00,BR-Koramangala,0.0,0.0,0.0,1.0,0.0,0.0,0,0,0,0,0,0
2026-07-17 20:27:00,BR-Whitefield,0.0,0.0,0.0,1.0,0.0,0.0,0,0,0,0,0,0
2026-07-17 20:28:00,HO-Chennai,0.0,0.0,0.0,1.0,0.0,0.0,0,0,0,0,0,0
2026-07-17 20:28:00,ZO-Bengaluru,0.0,0.0,0.0,1.0,0.0,0.0,0,0,0,0,0,0
2026-07-17 20:28:00,BR-Koramangala,0.0,0.0,0.0,1.0,0.0,0.0,0,0,0,0,0,0
2026-07-17 20:28:00,BR-Whitefield,0.0,0.0,0.0,1.0,0.0,0.0,0,0,0,0,0,0
2026-07-17 20:29:00,HO-Chennai,0.0,0.0,0.0,1.0,0.0,0.0,0,0,0,0,0,0
2026-07-17 20:29:00,ZO-Bengaluru,0.0,0.0,0.0,1.0,0.0,0.0,0,0,0,0,0,0
2026-07-17 20:29:00,BR-Koramangala,0.0,0.0,0.0,1.0,0.0,0.0,0,0,0,0,0,0
2026-07-17 20:29:00,BR-Whitefield,0.0,0.0,0.0,1.0,0.0,0.0,0,0,0,0,0,0
2026-07-17 20:30:00,HO-Chennai,0.0,0.0,0.0,1.0,0.0,0.0,0,0,0,0,0,0
2026-07-17 20:30:00,ZO-Bengaluru,0.0,0.0,0.0,1.0,0.0,0.0,0,0,0,0,0,0
2026-07-17 20:30:00,BR-Koramangala,0.0,0.0,0.0,1.0,0.0,0.0,0,0,0,0,0,0
2026-07-17 20:30:00,BR-Whitefield,0.0,0.0,0.0,1.0,0.0,0.0,0,0,0,0,0,0
2026-07-17 20:31:00,HO-Chennai,0.0,0.0,0.0,1.0,0.0,0.0,0,0,0,0,0,0
2026-07-17 20:31:00,ZO-Bengaluru,0.0,0.0,0.0,1.0,0.0,0.0,0,0,0,0,0,0
2026-07-17 20:31:00,BR-Koramangala,0.0,0.0,0.0,1.0,0.0,0.0,0,0,0,0,0,0
2026-07-17 20:31:00,BR-Whitefield,0.0,0.0,0.0,1.0,0.0,0.0,0,0,0,0,0,0
2026-07-17 20:32:00,HO-Chennai,0.0,0.0,0.0,1.0,0.0,0.0,0,0,0,0,0,0
2026-07-17 20:32:00,ZO-Bengaluru,0.0,0.0,0.0,1.0,0.0,0.0,0,0,0,0,0,0
2026-07-17 20:32:00,BR-Koramangala,0.0,0.0,0.0,1.0,0.0,0.0,0,0,0,0,0,0
2026-07-17 20:32:00,BR-Whitefield,0.0,0.0,0.0,1.0,0.0,0.0,0,0,0,0,0,0
2026-07-17 20:33:00,HO-Chennai,0.0,0.0,0.0,1.0,0.0,0.0,0,0,0,0,0,0
2026-07-17 20:33:00,ZO-Bengaluru,0.0,0.0,0.0,1.0,0.0,0.0,0,0,0,0,0,0
2026-07-17 20:33:00,BR-Koramangala,0.0,0.0,0.0,1.0,0.0,0.0,0,0,0,0,0,0
2026-07-17 20:33:00,BR-Whitefield,0.0,0.0,0.0,1.0,0.0,0.0,0,0,0,0,0,0
2026-07-17 20:34:00,HO-Chennai,0.0,0.0,0.0,1.0,0.0,0.0,0,0,0,0,0,0
2026-07-17 20:34:00,ZO-Bengaluru,0.0,0.0,0.0,1.0,0.0,0.0,0,0,0,0,0,0
2026-07-17 20:34:00,BR-Koramangala,0.0,0.0,0.0,1.0,0.0,0.0,0,0,0,0,0,0
2026-07-17 20:34:00,BR-Whitefield,0.0,0.0,0.0,1.0,0.0,0.0,0,0,0,0,0,0
2026-07-17 20:35:00,HO-Chennai,0.0,0.0,0.0,1.0,0.0,0.0,0,0,0,0,0,0
2026-07-17 20:35:00,ZO-Bengaluru,0.0,0.0,0.0,1.0,0.0,0.0,0,0,0,0,0,0
2026-07-17 20:35:00,BR-Koramangala,0.0,0.0,0.0,1.0,0.0,0.0,0,0,0,0,0,0
2026-07-17 20:35:00,BR-Whitefield,0.0,0.0,0.0,1.0,0.0,0.0,0,0,0,0,0,0
2026-07-17 20:36:00,HO-Chennai,0.0,0.0,0.0,1.0,0.0,0.0,0,0,0,0,0,0
2026-07-17 20:36:00,ZO-Bengaluru,0.0,0.0,0.0,1.0,0.0,0.0,0,0,0,0,0,0
2026-07-17 20:36:00,BR-Koramangala,0.0,0.0,0.0,1.0,0.0,0.0,0,0,0,0,0,0
2026-07-17 20:36:00,BR-Whitefield,0.0,0.0,0.0,1.0,0.0,0.0,0,0,0,0,0,0
2026-07-17 20:37:00,HO-Chennai,0.0,0.0,0.0,1.0,0.0,0.0,0,0,0,0,0,0
2026-07-17 20:37:00,ZO-Bengaluru,0.0,0.0,0.0,1.0,0.0,0.0,0,0,0,0,0,0
2026-07-17 20:37:00,BR-Koramangala,0.0,0.0,0.0,1.0,0.0,0.0,0,0,0,0,0,0
2026-07-17 20:37:00,BR-Whitefield,0.0,0.0,0.0,1.0,0.0,0.0,0,0,0,0,0,0
2026-07-17 20:38:00,HO-Chennai,0.0,0.0,0.0,1.0,0.0,0.0,0,0,0,0,0,0
2026-07-17 20:38:00,ZO-Bengaluru,0.0,0.0,0.0,1.0,0.0,0.0,0,0,0,0,0,0
2026-07-17 20:38:00,BR-Koramangala,0.0,0.0,0.0,1.0,0.0,0.0,0,0,0,0,0,0
2026-07-17 20:38:00,BR-Whitefield,0.0,0.0,0.0,1.0,0.0,0.0,0,0,0,0,0,0
2026-07-17 20:39:00,HO-Chennai,0.0,0.0,0.0,1.0,0.0,0.0,0,0,0,0,0,0
2026-07-17 20:39:00,ZO-Bengaluru,0.0,0.0,0.0,1.0,0.0,0.0,0,0,0,0,0,0
2026-07-17 20:39:00,BR-Koramangala,0.0,0.0,0.0,1.0,0.0,0.0,0,0,0,0,0,0
2026-07-17 20:39:00,BR-Whitefield,0.0,0.0,0.0,1.0,0.0,0.0,0,0,0,0,0,0
2026-07-17 20:40:00,HO-Chennai,0.0,0.0,0.0,1.0,0.0,0.0,0,0,0,0,0,0
2026-07-17 20:40:00,ZO-Bengaluru,0.0,0.0,0.0,1.0,0.0,0.0,0,0,0,0,0,0
2026-07-17 20:40:00,BR-Koramangala,0.0,0.0,0.0,1.0,0.0,0.0,0,0,0,0,0,0
2026-07-17 20:40:00,BR-Whitefield,0.0,0.0,0.0,1.0,0.0,0.0,0,0,0,0,0,0
2026-07-17 20:41:00,HO-Chennai,0.0,0.0,0.0,1.0,0.0,0.0,0,0,0,0,0,0
2026-07-17 20:41:00,ZO-Bengaluru,0.0,0.0,0.0,1.0,0.0,0.0,0,0,0,0,0,0
2026-07-17 20:41:00,BR-Koramangala,0.0,0.0,0.0,1.0,0.0,0.0,0,0,0,0,0,0
2026-07-17 20:41:00,BR-Whitefield,0.0,0.0,0.0,1.0,0.0,0.0,0,0,0,0,0,0
2026-07-17 20:42:00,HO-Chennai,0.0,0.0,0.0,1.0,0.0,0.0,0,0,0,0,0,0
2026-07-17 20:42:00,ZO-Bengaluru,0.0,0.0,0.0,1.0,0.0,0.0,0,0,0,0,0,0
2026-07-17 20:42:00,BR-Koramangala,0.0,0.0,0.0,1.0,0.0,0.0,0,0,0,0,0,0
2026-07-17 20:42:00,BR-Whitefield,0.0,0.0,0.0,1.0,0.0,0.0,0,0,0,0,0,0
2026-07-17 20:43:00,HO-Chennai,0.0,0.0,0.0,1.0,0.0,0.0,0,0,0,0,0,0
2026-07-17 20:43:00,ZO-Bengaluru,0.0,0.0,0.0,1.0,0.0,0.0,0,0,0,0,0,0
2026-07-17 20:43:00,BR-Koramangala,0.0,0.0,0.0,1.0,0.0,0.0,0,0,0,0,0,0
2026-07-17 20:43:00,BR-Whitefield,0.0,0.0,0.0,1.0,0.0,0.0,0,0,0,0,0,0
2026-07-17 20:44:00,HO-Chennai,0.0,0.0,0.0,1.0,0.0,0.0,0,0,0,0,0,0
2026-07-17 20:44:00,ZO-Bengaluru,0.0,0.0,0.0,1.0,0.0,0.0,0,0,0,0,0,0
2026-07-17 20:44:00,BR-Koramangala,0.0,0.0,0.0,1.0,0.0,0.0,0,0,0,0,0,0
2026-07-17 20:44:00,BR-Whitefield,0.0,0.0,0.0,1.0,0.0,0.0,0,0,0,0,0,0
2026-07-17 20:45:00,HO-Chennai,0.0,0.0,0.0,1.0,0.0,0.0,0,0,0,0,0,0
2026-07-17 20:45:00,ZO-Bengaluru,0.0,0.0,0.0,1.0,0.0,0.0,0,0,0,0,0,0
2026-07-17 20:45:00,BR-Koramangala,0.0,0.0,0.0,1.0,0.0,0.0,0,0,0,0,0,0
2026-07-17 20:45:00,BR-Whitefield,0.0,0.0,0.0,1.0,0.0,0.0,0,0,0,0,0,0
2026-07-17 20:46:00,HO-Chennai,0.0,0.0,0.0,1.0,0.0,0.0,0,0,0,0,0,0
2026-07-17 20:46:00,ZO-Bengaluru,0.0,0.0,0.0,1.0,0.0,0.0,0,0,0,0,0,0
2026-07-17 20:46:00,BR-Koramangala,0.0,0.0,0.0,1.0,0.0,0.0,0,0,0,0,0,0
2026-07-17 20:46:00,BR-Whitefield,0.0,0.0,0.0,1.0,0.0,0.0,0,0,0,0,0,0
2026-07-17 20:47:00,HO-Chennai,0.0,0.0,0.0,1.0,0.0,0.0,0,0,0,0,0,0
2026-07-17 20:47:00,ZO-Bengaluru,0.0,0.0,0.0,1.0,0.0,0.0,0,0,0,0,0,0
2026-07-17 20:47:00,BR-Koramangala,0.0,0.0,0.0,1.0,0.0,0.0,0,0,0,0,0,0
2026-07-17 20:47:00,BR-Whitefield,0.0,0.0,0.0,1.0,0.0,0.0,0,0,0,0,0,0
2026-07-17 20:48:00,HO-Chennai,0.0,0.0,0.0,1.0,0.0,0.0,0,0,0,0,0,0
2026-07-17 20:48:00,ZO-Bengaluru,0.0,0.0,0.0,1.0,0.0,0.0,0,0,0,0,0,0
2026-07-17 20:48:00,BR-Koramangala,0.0,0.0,0.0,1.0,0.0,0.0,0,0,0,0,0,0
2026-07-17 20:48:00,BR-Whitefield,0.0,0.0,0.0,1.0,0.0,0.0,0,0,0,0,0,0
2026-07-17 20:49:00,HO-Chennai,0.0,0.0,0.0,1.0,0.0,0.0,0,0,0,0,0,0
2026-07-17 20:49:00,ZO-Bengaluru,0.0,0.0,0.0,1.0,0.0,0.0,0,0,0,0,0,0
2026-07-17 20:49:00,BR-Koramangala,0.0,0.0,0.0,1.0,0.0,0.0,0,0,0,0,0,0
2026-07-17 20:49:00,BR-Whitefield,0.0,0.0,0.0,1.0,0.0,0.0,0,0,0,0,0,0
2026-07-17 20:50:00,HO-Chennai,0.0,0.0,0.0,1.0,0.0,0.0,0,0,0,0,0,0
2026-07-17 20:50:00,ZO-Bengaluru,0.0,0.0,0.0,1.0,0.0,0.0,0,0,0,0,0,0
2026-07-17 20:50:00,BR-Koramangala,0.0,0.0,0.0,1.0,0.0,0.0,0,0,0,0,0,0
2026-07-17 20:50:00,BR-Whitefield,0.0,0.0,0.0,1.0,0.0,0.0,0,0,0,0,0,0
2026-07-17 20:51:00,HO-Chennai,0.0,0.0,0.0,1.0,0.0,0.0,0,0,0,0,0,0
2026-07-17 20:51:00,ZO-Bengaluru,0.0,0.0,0.0,1.0,0.0,0.0,0,0,0,0,0,0
2026-07-17 20:51:00,BR-Koramangala,0.0,0.0,0.0,1.0,0.0,0.0,0,0,0,0,0,0
2026-07-17 20:51:00,BR-Whitefield,0.0,0.0,0.0,1.0,0.0,0.0,0,0,0,0,0,0
2026-07-17 20:52:00,HO-Chennai,0.0,0.0,0.0,1.0,0.0,0.0,0,0,0,0,0,0
2026-07-17 20:52:00,ZO-Bengaluru,0.0,0.0,0.0,1.0,0.0,0.0,0,0,0,0,0,0
2026-07-17 20:52:00,BR-Koramangala,0.0,0.0,0.0,1.0,0.0,0.0,0,0,0,0,0,0
2026-07-17 20:52:00,BR-Whitefield,0.0,0.0,0.0,1.0,0.0,0.0,0,0,0,0,0,0
2026-07-17 20:53:00,HO-Chennai,0.0,0.0,0.0,1.0,0.0,0.0,0,0,0,0,0,0
2026-07-17 20:53:00,ZO-Bengaluru,0.0,0.0,0.0,1.0,0.0,0.0,0,0,0,0,0,0
2026-07-17 20:53:00,BR-Koramangala,0.0,0.0,0.0,1.0,0.0,0.0,0,0,0,0,0,0
2026-07-17 20:53:00,BR-Whitefield,0.0,0.0,0.0,1.0,0.0,0.0,0,0,0,0,0,0
2026-07-17 20:54:00,HO-Chennai,0.0,0.0,0.0,1.0,0.0,0.0,0,0,0,0,0,0
2026-07-17 20:54:00,ZO-Bengaluru,0.0,0.0,0.0,1.0,0.0,0.0,0,0,0,0,0,0
2026-07-17 20:54:00,BR-Koramangala,0.0,0.0,0.0,1.0,0.0,0.0,0,0,0,0,0,0
2026-07-17 20:54:00,BR-Whitefield,0.0,0.0,0.0,1.0,0.0,0.0,0,0,0,0,0,0
2026-07-17 20:55:00,HO-Chennai,0.0,0.0,0.0,1.0,0.0,0.0,0,0,0,0,0,0
2026-07-17 20:55:00,ZO-Bengaluru,0.0,0.0,0.0,1.0,0.0,0.0,0,0,0,0,0,0
2026-07-17 20:55:00,BR-Koramangala,0.0,0.0,0.0,1.0,0.0,0.0,0,0,0,0,0,0
2026-07-17 20:55:00,BR-Whitefield,0.0,0.0,0.0,1.0,0.0,0.0,0,0,0,0,0,0
2026-07-17 20:56:00,HO-Chennai,0.0,0.0,0.0,1.0,0.0,0.0,0,0,0,0,0,0
2026-07-17 20:56:00,ZO-Bengaluru,0.0,0.0,0.0,1.0,0.0,0.0,0,0,0,0,0,0
2026-07-17 20:56:00,BR-Koramangala,0.0,0.0,0.0,1.0,0.0,0.0,0,0,0,0,0,0
2026-07-17 20:56:00,BR-Whitefield,0.0,0.0,0.0,1.0,0.0,0.0,0,0,0,0,0,0
2026-07-17 20:57:00,HO-Chennai,0.0,0.0,0.0,1.0,0.0,0.0,0,0,0,0,0,0
2026-07-17 20:57:00,ZO-Bengaluru,0.0,0.0,0.0,1.0,0.0,0.0,0,0,0,0,0,0
2026-07-17 20:57:00,BR-Koramangala,0.0,0.0,0.0,1.0,0.0,0.0,0,0,0,0,0,0
2026-07-17 20:57:00,BR-Whitefield,0.0,0.0,0.0,1.0,0.0,0.0,0,0,0,0,0,0
2026-07-17 20:58:00,HO-Chennai,0.0,0.0,0.0,1.0,0.0,0.0,0,0,0,0,0,0
2026-07-17 20:58:00,ZO-Bengaluru,0.0,0.0,0.0,1.0,0.0,0.0,0,0,0,0,0,0
2026-07-17 20:58:00,BR-Koramangala,0.0,0.0,0.0,1.0,0.0,0.0,0,0,0,0,0,0
2026-07-17 20:58:00,BR-Whitefield,0.0,0.0,0.0,1.0,0.0,0.0,0,0,0,0,0,0
2026-07-17 20:59:00,HO-Chennai,0.0,0.0,0.0,1.0,0.0,0.0,0,0,0,0,0,0
2026-07-17 20:59:00,ZO-Bengaluru,0.0,0.0,0.0,1.0,0.0,0.0,0,0,0,0,0,0
2026-07-17 20:59:00,BR-Koramangala,0.0,0.0,0.0,1.0,0.0,0.0,0,0,0,0,0,0
2026-07-17 20:59:00,BR-Whitefield,0.0,0.0,0.0,1.0,0.0,0.0,0,0,0,0,0,0
2026-07-17 21:00:00,HO-Chennai,0.0,0.0,0.0,1.0,0.0,0.0,0,0,0,0,0,0
2026-07-17 21:00:00,ZO-Bengaluru,0.0,0.0,0.0,1.0,0.0,0.0,0,0,0,0,0,0
2026-07-17 21:00:00,BR-Koramangala,0.0,0.0,0.0,1.0,0.0,0.0,0,0,0,0,0,0
2026-07-17 21:00:00,BR-Whitefield,0.0,0.0,0.0,1.0,0.0,0.0,0,0,0,0,0,0
2026-07-17 21:01:00,HO-Chennai,0.0,0.0,0.0,1.0,0.0,0.0,0,0,0,0,0,0
2026-07-17 21:01:00,ZO-Bengaluru,0.0,0.0,0.0,1.0,0.0,0.0,0,0,0,0,0,0
2026-07-17 21:01:00,BR-Koramangala,0.0,0.0,0.0,1.0,0.0,0.0,0,0,0,0,0,0
2026-07-17 21:01:00,BR-Whitefield,0.0,0.0,0.0,1.0,0.0,0.0,0,0,0,0,0,0
2026-07-17 21:02:00,HO-Chennai,0.0,0.0,0.0,1.0,0.0,0.0,0,0,0,0,0,0
2026-07-17 21:02:00,ZO-Bengaluru,0.0,0.0,0.0,1.0,0.0,0.0,0,0,0,0,0,0
2026-07-17 21:02:00,BR-Koramangala,0.0,0.0,0.0,1.0,0.0,0.0,0,0,0,0,0,0
2026-07-17 21:02:00,BR-Whitefield,0.0,0.0,0.0,1.0,0.0,0.0,0,0,0,0,0,0
2026-07-17 21:03:00,HO-Chennai,0.0,0.0,0.0,1.0,0.0,0.0,0,0,0,0,0,0
2026-07-17 21:03:00,ZO-Bengaluru,0.0,0.0,0.0,1.0,0.0,0.0,0,0,0,0,0,0
2026-07-17 21:03:00,BR-Koramangala,0.0,0.0,0.0,1.0,0.0,0.0,0,0,0,0,0,0
2026-07-17 21:03:00,BR-Whitefield,0.0,0.0,0.0,1.0,0.0,0.0,0,0,0,0,0,0
2026-07-17 21:04:00,HO-Chennai,0.0,0.0,0.0,1.0,0.0,0.0,0,0,0,0,0,0
2026-07-17 21:04:00,ZO-Bengaluru,0.0,0.0,0.0,1.0,0.0,0.0,0,0,0,0,0,0
2026-07-17 21:04:00,BR-Koramangala,0.0,0.0,0.0,1.0,0.0,0.0,0,0,0,0,0,0
2026-07-17 21:04:00,BR-Whitefield,0.0,0.0,0.0,1.0,0.0,0.0,0,0,0,0,0,0
2026-07-17 21:05:00,HO-Chennai,0.0,0.0,0.0,1.0,0.0,0.0,0,0,0,0,0,0
2026-07-17 21:05:00,ZO-Bengaluru,0.0,0.0,0.0,1.0,0.0,0.0,0,0,0,0,0,0
2026-07-17 21:05:00,BR-Koramangala,0.0,0.0,0.0,1.0,0.0,0.0,0,0,0,0,0,0
2026-07-17 21:05:00,BR-Whitefield,0.0,0.0,0.0,1.0,0.0,0.0,0,0,0,0,0,0
2026-07-17 21:06:00,HO-Chennai,0.0,0.0,0.0,1.0,0.0,0.0,0,0,0,0,0,0
2026-07-17 21:06:00,ZO-Bengaluru,0.0,0.0,0.0,1.0,0.0,0.0,0,0,0,0,0,0
2026-07-17 21:06:00,BR-Koramangala,0.0,0.0,0.0,1.0,0.0,0.0,0,0,0,0,0,0
2026-07-17 21:06:00,BR-Whitefield,0.0,0.0,0.0,1.0,0.0,0.0,0,0,0,0,0,0
2026-07-17 21:07:00,HO-Chennai,0.0,0.0,0.0,1.0,0.0,0.0,0,0,0,0,0,0
2026-07-17 21:07:00,ZO-Bengaluru,0.0,0.0,0.0,1.0,0.0,0.0,0,0,0,0,0,0
2026-07-17 21:07:00,BR-Koramangala,0.0,0.0,0.0,1.0,0.0,0.0,0,0,0,0,0,0
2026-07-17 21:07:00,BR-Whitefield,0.0,0.0,0.0,1.0,0.0,0.0,0,0,0,0,0,0
2026-07-17 21:08:00,HO-Chennai,0.0,0.0,0.0,1.0,0.0,0.0,0,0,0,0,0,0
2026-07-17 21:08:00,ZO-Bengaluru,0.0,0.0,0.0,1.0,0.0,0.0,0,0,0,0,0,0
2026-07-17 21:08:00,BR-Koramangala,0.0,0.0,0.0,1.0,0.0,0.0,0,0,0,0,0,0
2026-07-17 21:08:00,BR-Whitefield,0.0,0.0,0.0,1.0,0.0,0.0,0,0,0,0,0,0
2026-07-17 21:09:00,HO-Chennai,0.0,0.0,0.0,1.0,0.0,0.0,0,0,0,0,0,0
2026-07-17 21:09:00,ZO-Bengaluru,0.0,0.0,0.0,1.0,0.0,0.0,0,0,0,0,0,0
2026-07-17 21:09:00,BR-Koramangala,0.0,0.0,0.0,1.0,0.0,0.0,0,0,0,0,0,0
2026-07-17 21:09:00,BR-Whitefield,0.0,0.0,0.0,1.0,0.0,0.0,0,0,0,0,0,0
2026-07-17 21:10:00,HO-Chennai,0.0,0.0,0.0,1.0,0.0,0.0,0,0,0,0,0,0
2026-07-17 21:10:00,ZO-Bengaluru,0.0,0.0,0.0,1.0,0.0,0.0,0,0,0,0,0,0
2026-07-17 21:10:00,BR-Koramangala,0.0,0.0,0.0,1.0,0.0,0.0,0,0,0,0,0,0
2026-07-17 21:10:00,BR-Whitefield,0.0,0.0,0.0,1.0,0.0,0.0,0,0,0,0,0,0
2026-07-17 21:11:00,HO-Chennai,0.0,0.0,0.0,1.0,0.0,0.0,0,0,0,0,0,0
2026-07-17 21:11:00,ZO-Bengaluru,0.0,0.0,0.0,1.0,0.0,0.0,0,0,0,0,0,0
2026-07-17 21:11:00,BR-Koramangala,0.0,0.0,0.0,1.0,0.0,0.0,0,0,0,0,0,0
2026-07-17 21:11:00,BR-Whitefield,0.0,0.0,0.0,1.0,0.0,0.0,0,0,0,0,0,0
2026-07-17 21:12:00,HO-Chennai,0.0,0.0,0.0,1.0,0.0,0.0,0,0,0,0,0,0
2026-07-17 21:12:00,ZO-Bengaluru,0.0,0.0,0.0,1.0,0.0,0.0,0,0,0,0,0,0
2026-07-17 21:12:00,BR-Koramangala,0.0,0.0,0.0,1.0,0.0,0.0,0,0,0,0,0,0
2026-07-17 21:12:00,BR-Whitefield,0.0,0.0,0.0,1.0,0.0,0.0,0,0,0,0,0,0
2026-07-17 21:13:00,HO-Chennai,0.0,0.0,0.0,1.0,0.0,0.0,0,0,0,0,0,0
2026-07-17 21:13:00,ZO-Bengaluru,0.0,0.0,0.0,1.0,0.0,0.0,0,0,0,0,0,0
2026-07-17 21:13:00,BR-Koramangala,0.0,0.0,0.0,1.0,0.0,0.0,0,0,0,0,0,0
2026-07-17 21:13:00,BR-Whitefield,0.0,0.0,0.0,1.0,0.0,0.0,0,0,0,0,0,0
2026-07-17 21:14:00,HO-Chennai,0.0,0.0,0.0,1.0,0.0,0.0,0,0,0,0,0,0
2026-07-17 21:14:00,ZO-Bengaluru,0.0,0.0,0.0,1.0,0.0,0.0,0,0,0,0,0,0
2026-07-17 21:14:00,BR-Koramangala,0.0,0.0,0.0,1.0,0.0,0.0,0,0,0,0,0,0
2026-07-17 21:14:00,BR-Whitefield,0.0,0.0,0.0,1.0,0.0,0.0,0,0,0,0,0,0
2026-07-17 21:15:00,HO-Chennai,0.0,0.0,0.0,1.0,0.0,0.0,0,0,0,0,0,0
2026-07-17 21:15:00,ZO-Bengaluru,0.0,0.0,0.0,1.0,0.0,0.0,0,0,0,0,0,0
2026-07-17 21:15:00,BR-Koramangala,0.0,0.0,0.0,1.0,0.0,0.0,0,0,0,0,0,0
2026-07-17 21:15:00,BR-Whitefield,0.0,0.0,0.0,1.0,0.0,0.0,0,0,0,0,0,0
2026-07-17 21:16:00,HO-Chennai,0.0,0.0,0.0,1.0,0.0,0.0,0,0,0,0,0,0
2026-07-17 21:16:00,ZO-Bengaluru,0.0,0.0,0.0,1.0,0.0,0.0,0,0,0,0,0,0
2026-07-17 21:16:00,BR-Koramangala,0.0,0.0,0.0,1.0,0.0,0.0,0,0,0,0,0,0
2026-07-17 21:16:00,BR-Whitefield,0.0,0.0,0.0,1.0,0.0,0.0,0,0,0,0,0,0
2026-07-17 21:17:00,HO-Chennai,0.0,0.0,0.0,1.0,0.0,0.0,0,0,0,0,0,0
2026-07-17 21:17:00,ZO-Bengaluru,0.0,0.0,0.0,1.0,0.0,0.0,0,0,0,0,0,0
2026-07-17 21:17:00,BR-Koramangala,0.0,0.0,0.0,1.0,0.0,0.0,0,0,0,0,0,0
2026-07-17 21:17:00,BR-Whitefield,0.0,0.0,0.0,1.0,0.0,0.0,0,0,0,0,0,0
2026-07-17 21:18:00,HO-Chennai,0.0,0.0,0.0,1.0,0.0,0.0,0,0,0,0,0,0
2026-07-17 21:18:00,ZO-Bengaluru,0.0,0.0,0.0,1.0,0.0,0.0,0,0,0,0,0,0
2026-07-17 21:18:00,BR-Koramangala,0.0,0.0,0.0,1.0,0.0,0.0,0,0,0,0,0,0
2026-07-17 21:18:00,BR-Whitefield,0.0,0.0,0.0,1.0,0.0,0.0,0,0,0,0,0,0
2026-07-17 21:19:00,HO-Chennai,0.0,0.0,0.0,1.0,0.0,0.0,0,0,0,0,0,0
2026-07-17 21:19:00,ZO-Bengaluru,0.0,0.0,0.0,1.0,0.0,0.0,0,0,0,0,0,0
2026-07-17 21:19:00,BR-Koramangala,0.0,0.0,0.0,1.0,0.0,0.0,0,0,0,0,0,0
2026-07-17 21:19:00,BR-Whitefield,0.0,0.0,0.0,1.0,0.0,0.0,0,0,0,0,0,0
2026-07-17 21:20:00,HO-Chennai,0.0,0.0,0.0,1.0,0.0,0.0,0,0,0,0,0,0
2026-07-17 21:20:00,ZO-Bengaluru,0.0,0.0,0.0,1.0,0.0,0.0,0,0,0,0,0,0
2026-07-17 21:20:00,BR-Koramangala,0.0,0.0,0.0,1.0,0.0,0.0,0,0,0,0,0,0
2026-07-17 21:20:00,BR-Whitefield,0.0,0.0,0.0,1.0,0.0,0.0,0,0,0,0,0,0
2026-07-17 21:21:00,HO-Chennai,0.0,0.0,0.0,1.0,0.0,0.0,0,0,0,0,0,0
2026-07-17 21:21:00,ZO-Bengaluru,0.0,0.0,0.0,1.0,0.0,0.0,0,0,0,0,0,0
2026-07-17 21:21:00,BR-Koramangala,0.0,0.0,0.0,1.0,0.0,0.0,0,0,0,0,0,0
2026-07-17 21:21:00,BR-Whitefield,0.0,0.0,0.0,1.0,0.0,0.0,0,0,0,0,0,0
2026-07-17 21:22:00,HO-Chennai,0.0,0.0,0.0,1.0,0.0,0.0,0,0,0,0,0,0
2026-07-17 21:22:00,ZO-Bengaluru,0.0,0.0,0.0,1.0,0.0,0.0,0,0,0,0,0,0
2026-07-17 21:22:00,BR-Koramangala,0.0,0.0,0.0,1.0,0.0,0.0,0,0,0,0,0,0
2026-07-17 21:22:00,BR-Whitefield,0.0,0.0,0.0,1.0,0.0,0.0,0,0,0,0,0,0
2026-07-17 21:23:00,HO-Chennai,0.0,0.0,0.0,1.0,0.0,0.0,0,0,0,0,0,0
2026-07-17 21:23:00,ZO-Bengaluru,0.0,0.0,0.0,1.0,0.0,0.0,0,0,0,0,0,0
2026-07-17 21:23:00,BR-Koramangala,0.0,0.0,0.0,1.0,0.0,0.0,0,0,0,0,0,0
2026-07-17 21:23:00,BR-Whitefield,0.0,0.0,0.0,1.0,0.0,0.0,0,0,0,0,0,0
2026-07-17 21:24:00,HO-Chennai,0.0,0.0,0.0,1.0,0.0,0.0,0,0,0,0,0,0
2026-07-17 21:24:00,ZO-Bengaluru,0.0,0.0,0.0,1.0,0.0,0.0,0,0,0,0,0,0
2026-07-17 21:24:00,BR-Koramangala,0.0,0.0,0.0,1.0,0.0,0.0,0,0,0,0,0,0
2026-07-17 21:24:00,BR-Whitefield,0.0,0.0,0.0,1.0,0.0,0.0,0,0,0,0,0,0
2026-07-17 21:25:00,HO-Chennai,0.0,0.0,0.0,1.0,0.0,0.0,0,0,0,0,0,0
2026-07-17 21:25:00,ZO-Bengaluru,0.0,0.0,0.0,1.0,0.0,0.0,0,0,0,0,0,0
2026-07-17 21:25:00,BR-Koramangala,0.0,0.0,0.0,1.0,0.0,0.0,0,0,0,0,0,0
2026-07-17 21:25:00,BR-Whitefield,0.0,0.0,0.0,1.0,0.0,0.0,0,0,0,0,0,0
2026-07-17 21:26:00,HO-Chennai,0.0,0.0,0.0,1.0,0.0,0.0,0,0,0,0,0,0
2026-07-17 21:26:00,ZO-Bengaluru,0.0,0.0,0.0,1.0,0.0,0.0,0,0,0,0,0,0
2026-07-17 21:26:00,BR-Koramangala,0.0,0.0,0.0,1.0,0.0,0.0,0,0,0,0,0,0
2026-07-17 21:26:00,BR-Whitefield,0.0,0.0,0.0,1.0,0.0,0.0,0,0,0,0,0,0
2026-07-17 21:27:00,HO-Chennai,0.0,0.0,0.0,1.0,0.0,0.0,0,0,0,0,0,0
2026-07-17 21:27:00,ZO-Bengaluru,0.0,0.0,0.0,1.0,0.0,0.0,0,0,0,0,0,0
2026-07-17 21:27:00,BR-Koramangala,0.0,0.0,0.0,1.0,0.0,0.0,0,0,0,0,0,0
2026-07-17 21:27:00,BR-Whitefield,0.0,0.0,0.0,1.0,0.0,0.0,0,0,0,0,0,0
2026-07-17 21:28:00,HO-Chennai,0.0,0.0,0.0,1.0,0.0,0.0,0,0,0,0,0,0
2026-07-17 21:28:00,ZO-Bengaluru,0.0,0.0,0.0,1.0,0.0,0.0,0,0,0,0,0,0
2026-07-17 21:28:00,BR-Koramangala,0.0,0.0,0.0,1.0,0.0,0.0,0,0,0,0,0,0
2026-07-17 21:28:00,BR-Whitefield,0.0,0.0,0.0,1.0,0.0,0.0,0,0,0,0,0,0
2026-07-17 21:29:00,HO-Chennai,0.0,0.0,0.0,1.0,0.0,0.0,0,0,0,0,0,0
2026-07-17 21:29:00,ZO-Bengaluru,0.0,0.0,0.0,1.0,0.0,0.0,0,0,0,0,0,0
2026-07-17 21:29:00,BR-Koramangala,0.0,0.0,0.0,1.0,0.0,0.0,0,0,0,0,0,0
2026-07-17 21:29:00,BR-Whitefield,0.0,0.0,0.0,1.0,0.0,0.0,0,0,0,0,0,0
2026-07-17 21:30:00,HO-Chennai,0.0,0.0,0.0,1.0,0.0,0.0,0,0,0,0,0,0
2026-07-17 21:30:00,ZO-Bengaluru,0.0,0.0,0.0,1.0,0.0,0.0,0,0,0,0,0,0
2026-07-17 21:30:00,BR-Koramangala,0.0,0.0,0.0,1.0,0.0,0.0,0,0,0,0,0,0
2026-07-17 21:30:00,BR-Whitefield,0.0,0.0,0.0,1.0,0.0,0.0,0,0,0,0,0,0
2026-07-17 21:31:00,HO-Chennai,0.0,0.0,0.0,1.0,0.0,0.0,0,0,0,0,0,0
2026-07-17 21:31:00,ZO-Bengaluru,0.0,0.0,0.0,1.0,0.0,0.0,0,0,0,0,0,0
2026-07-17 21:31:00,BR-Koramangala,0.0,0.0,0.0,1.0,0.0,0.0,0,0,0,0,0,0
2026-07-17 21:31:00,BR-Whitefield,0.0,0.0,0.0,1.0,0.0,0.0,0,0,0,0,0,0
2026-07-17 21:32:00,HO-Chennai,0.0,0.0,0.0,1.0,0.0,0.0,0,0,0,0,0,0
2026-07-17 21:32:00,ZO-Bengaluru,0.0,0.0,0.0,1.0,0.0,0.0,0,0,0,0,0,0
2026-07-17 21:32:00,BR-Koramangala,0.0,0.0,0.0,1.0,0.0,0.0,0,0,0,0,0,0
2026-07-17 21:32:00,BR-Whitefield,0.0,0.0,0.0,1.0,0.0,0.0,0,0,0,0,0,0
2026-07-17 21:33:00,HO-Chennai,0.0,0.0,0.0,1.0,0.0,0.0,0,0,0,0,0,0
2026-07-17 21:33:00,ZO-Bengaluru,0.0,0.0,0.0,1.0,0.0,0.0,0,0,0,0,0,0
2026-07-17 21:33:00,BR-Koramangala,0.0,0.0,0.0,1.0,0.0,0.0,0,0,0,0,0,0
2026-07-17 21:33:00,BR-Whitefield,0.0,0.0,0.0,1.0,0.0,0.0,0,0,0,0,0,0
2026-07-17 21:34:00,HO-Chennai,0.0,0.0,0.0,1.0,0.0,0.0,0,0,0,0,0,0
2026-07-17 21:34:00,ZO-Bengaluru,0.0,0.0,0.0,1.0,0.0,0.0,0,0,0,0,0,0
2026-07-17 21:34:00,BR-Koramangala,0.0,0.0,0.0,1.0,0.0,0.0,0,0,0,0,0,0
2026-07-17 21:34:00,BR-Whitefield,0.0,0.0,0.0,1.0,0.0,0.0,0,0,0,0,0,0
2026-07-17 21:35:00,HO-Chennai,0.0,0.0,0.0,1.0,0.0,0.0,0,0,0,0,0,0
2026-07-17 21:35:00,ZO-Bengaluru,0.0,0.0,0.0,1.0,0.0,0.0,0,0,0,0,0,0
2026-07-17 21:35:00,BR-Koramangala,0.0,0.0,0.0,1.0,0.0,0.0,0,0,0,0,0,0
2026-07-17 21:35:00,BR-Whitefield,0.0,0.0,0.0,1.0,0.0,0.0,0,0,0,0,0,0
2026-07-17 21:36:00,HO-Chennai,0.0,0.0,0.0,1.0,0.0,0.0,0,0,0,0,0,0
2026-07-17 21:36:00,ZO-Bengaluru,0.0,0.0,0.0,1.0,0.0,0.0,0,0,0,0,0,0
2026-07-17 21:36:00,BR-Koramangala,0.0,0.0,0.0,1.0,0.0,0.0,0,0,0,0,0,0
2026-07-17 21:36:00,BR-Whitefield,0.0,0.0,0.0,1.0,0.0,0.0,0,0,0,0,0,0
2026-07-17 21:37:00,HO-Chennai,0.0,0.0,0.0,1.0,0.0,0.0,0,0,0,0,0,0
2026-07-17 21:37:00,ZO-Bengaluru,0.0,0.0,0.0,1.0,0.0,0.0,0,0,0,0,0,0
2026-07-17 21:37:00,BR-Koramangala,0.0,0.0,0.0,1.0,0.0,0.0,0,0,0,0,0,0
2026-07-17 21:37:00,BR-Whitefield,0.0,0.0,0.0,1.0,0.0,0.0,0,0,0,0,0,0
2026-07-17 21:38:00,HO-Chennai,0.0,0.0,0.0,1.0,0.0,0.0,0,0,0,0,0,0
2026-07-17 21:38:00,ZO-Bengaluru,0.0,0.0,0.0,1.0,0.0,0.0,0,0,0,0,0,0
2026-07-17 21:38:00,BR-Koramangala,0.0,0.0,0.0,1.0,0.0,0.0,0,0,0,0,0,0
2026-07-17 21:38:00,BR-Whitefield,0.0,0.0,0.0,1.0,0.0,0.0,0,0,0,0,0,0
2026-07-17 21:39:00,HO-Chennai,0.0,0.0,0.0,1.0,0.0,0.0,0,0,0,0,0,0
2026-07-17 21:39:00,ZO-Bengaluru,0.0,0.0,0.0,1.0,0.0,0.0,0,0,0,0,0,0
2026-07-17 21:39:00,BR-Koramangala,0.0,0.0,0.0,1.0,0.0,0.0,0,0,0,0,0,0
2026-07-17 21:39:00,BR-Whitefield,0.0,0.0,0.0,1.0,0.0,0.0,0,0,0,0,0,0
2026-07-17 21:40:00,HO-Chennai,0.0,0.0,0.0,1.0,0.0,0.0,0,0,0,0,0,0
2026-07-17 21:40:00,ZO-Bengaluru,0.0,0.0,0.0,1.0,0.0,0.0,0,0,0,0,0,0
2026-07-17 21:40:00,BR-Koramangala,0.0,0.0,0.0,1.0,0.0,0.0,0,0,0,0,0,0
2026-07-17 21:40:00,BR-Whitefield,0.0,0.0,0.0,1.0,0.0,0.0,0,0,0,0,0,0
2026-07-17 21:41:00,HO-Chennai,0.0,0.0,0.0,1.0,0.0,0.0,0,0,0,0,0,0
2026-07-17 21:41:00,ZO-Bengaluru,0.0,0.0,0.0,1.0,0.0,0.0,0,0,0,0,0,0
2026-07-17 21:41:00,BR-Koramangala,0.0,0.0,0.0,1.0,0.0,0.0,0,0,0,0,0,0
2026-07-17 21:41:00,BR-Whitefield,0.0,0.0,0.0,1.0,0.0,0.0,0,0,0,0,0,0
2026-07-17 21:42:00,HO-Chennai,0.0,0.0,0.0,1.0,0.0,0.0,0,0,0,0,0,0
2026-07-17 21:42:00,ZO-Bengaluru,0.0,0.0,0.0,1.0,0.0,0.0,0,0,0,0,0,0
2026-07-17 21:42:00,BR-Koramangala,0.0,0.0,0.0,1.0,0.0,0.0,0,0,0,0,0,0
2026-07-17 21:42:00,BR-Whitefield,0.0,0.0,0.0,1.0,0.0,0.0,0,0,0,0,0,0
2026-07-17 21:43:00,HO-Chennai,0.0,0.0,0.0,1.0,0.0,0.0,0,0,0,0,0,0
2026-07-17 21:43:00,ZO-Bengaluru,0.0,0.0,0.0,1.0,0.0,0.0,0,0,0,0,0,0
2026-07-17 21:43:00,BR-Koramangala,0.0,0.0,0.0,1.0,0.0,0.0,0,0,0,0,0,0
2026-07-17 21:43:00,BR-Whitefield,0.0,0.0,0.0,1.0,0.0,0.0,0,0,0,0,0,0
2026-07-17 21:44:00,HO-Chennai,0.0,0.0,0.0,1.0,0.0,0.0,0,0,0,0,0,0
2026-07-17 21:44:00,ZO-Bengaluru,0.0,0.0,0.0,1.0,0.0,0.0,0,0,0,0,0,0
2026-07-17 21:44:00,BR-Koramangala,0.0,0.0,0.0,1.0,0.0,0.0,0,0,0,0,0,0
2026-07-17 21:44:00,BR-Whitefield,0.0,0.0,0.0,1.0,0.0,0.0,0,0,0,0,0,0
2026-07-17 21:45:00,HO-Chennai,0.0,0.0,0.0,1.0,0.0,0.0,0,0,0,0,0,0
2026-07-17 21:45:00,ZO-Bengaluru,0.0,0.0,0.0,1.0,0.0,0.0,0,0,0,0,0,0
2026-07-17 21:45:00,BR-Koramangala,0.0,0.0,0.0,1.0,0.0,0.0,0,0,0,0,0,0
2026-07-17 21:45:00,BR-Whitefield,0.0,0.0,0.0,1.0,0.0,0.0,0,0,0,0,0,0
2026-07-17 21:46:00,HO-Chennai,0.0,0.0,0.0,1.0,0.0,0.0,0,0,0,0,0,0
2026-07-17 21:46:00,ZO-Bengaluru,0.0,0.0,0.0,1.0,0.0,0.0,0,0,0,0,0,0
2026-07-17 21:46:00,BR-Koramangala,0.0,0.0,0.0,1.0,0.0,0.0,0,0,0,0,0,0
2026-07-17 21:46:00,BR-Whitefield,0.0,0.0,0.0,1.0,0.0,0.0,0,0,0,0,0,0
2026-07-17 21:47:00,HO-Chennai,0.0,0.0,0.0,1.0,0.0,0.0,0,0,0,0,0,0
2026-07-17 21:47:00,ZO-Bengaluru,0.0,0.0,0.0,1.0,0.0,0.0,0,0,0,0,0,0
2026-07-17 21:47:00,BR-Koramangala,0.0,0.0,0.0,1.0,0.0,0.0,0,0,0,0,0,0
2026-07-17 21:47:00,BR-Whitefield,0.0,0.0,0.0,1.0,0.0,0.0,0,0,0,0,0,0
2026-07-17 21:48:00,HO-Chennai,0.0,0.0,0.0,1.0,0.0,0.0,0,0,0,0,0,0
2026-07-17 21:48:00,ZO-Bengaluru,0.0,0.0,0.0,1.0,0.0,0.0,0,0,0,0,0,0
2026-07-17 21:48:00,BR-Koramangala,0.0,0.0,0.0,1.0,0.0,0.0,0,0,0,0,0,0
2026-07-17 21:48:00,BR-Whitefield,0.0,0.0,0.0,1.0,0.0,0.0,0,0,0,0,0,0
2026-07-17 21:49:00,HO-Chennai,0.0,0.0,0.0,1.0,0.0,0.0,0,0,0,0,0,0
2026-07-17 21:49:00,ZO-Bengaluru,0.0,0.0,0.0,1.0,0.0,0.0,0,0,0,0,0,0
2026-07-17 21:49:00,BR-Koramangala,0.0,0.0,0.0,1.0,0.0,0.0,0,0,0,0,0,0
2026-07-17 21:49:00,BR-Whitefield,0.0,0.0,0.0,1.0,0.0,0.0,0,0,0,0,0,0
2026-07-17 21:50:00,HO-Chennai,0.0,0.0,0.0,1.0,0.0,0.0,0,0,0,0,0,0
2026-07-17 21:50:00,ZO-Bengaluru,0.0,0.0,0.0,1.0,0.0,0.0,0,0,0,0,0,0
2026-07-17 21:50:00,BR-Koramangala,0.0,0.0,0.0,1.0,0.0,0.0,0,0,0,0,0,0
2026-07-17 21:50:00,BR-Whitefield,0.0,0.0,0.0,1.0,0.0,0.0,0,0,0,0,0,0
2026-07-17 21:51:00,HO-Chennai,0.0,0.0,0.0,1.0,0.0,0.0,0,0,0,0,0,0
2026-07-17 21:51:00,ZO-Bengaluru,0.0,0.0,0.0,1.0,0.0,0.0,0,0,0,0,0,0
2026-07-17 21:51:00,BR-Koramangala,0.0,0.0,0.0,1.0,0.0,0.0,0,0,0,0,0,0
2026-07-17 21:51:00,BR-Whitefield,0.0,0.0,0.0,1.0,0.0,0.0,0,0,0,0,0,0
2026-07-17 21:52:00,HO-Chennai,0.0,0.0,0.0,1.0,0.0,0.0,0,0,0,0,0,0
2026-07-17 21:52:00,ZO-Bengaluru,0.0,0.0,0.0,1.0,0.0,0.0,0,0,0,0,0,0
2026-07-17 21:52:00,BR-Koramangala,0.0,0.0,0.0,1.0,0.0,0.0,0,0,0,0,0,0
2026-07-17 21:52:00,BR-Whitefield,0.0,0.0,0.0,1.0,0.0,0.0,0,0,0,0,0,0
2026-07-17 21:53:00,HO-Chennai,0.0,0.0,0.0,1.0,0.0,0.0,0,0,0,0,0,0
2026-07-17 21:53:00,ZO-Bengaluru,0.0,0.0,0.0,1.0,0.0,0.0,0,0,0,0,0,0
2026-07-17 21:53:00,BR-Koramangala,0.0,0.0,0.0,1.0,0.0,0.0,0,0,0,0,0,0
2026-07-17 21:53:00,BR-Whitefield,0.0,0.0,0.0,1.0,0.0,0.0,0,0,0,0,0,0
2026-07-17 21:54:00,HO-Chennai,0.0,0.0,0.0,1.0,0.0,0.0,0,0,0,0,0,0
2026-07-17 21:54:00,ZO-Bengaluru,0.0,0.0,0.0,1.0,0.0,0.0,0,0,0,0,0,0
2026-07-17 21:54:00,BR-Koramangala,0.0,0.0,0.0,1.0,0.0,0.0,0,0,0,0,0,0
2026-07-17 21:54:00,BR-Whitefield,0.0,0.0,0.0,1.0,0.0,0.0,0,0,0,0,0,0
2026-07-17 21:55:00,HO-Chennai,0.0,0.0,0.0,1.0,0.0,0.0,0,0,0,0,0,0
2026-07-17 21:55:00,ZO-Bengaluru,0.0,0.0,0.0,1.0,0.0,0.0,0,0,0,0,0,0
2026-07-17 21:55:00,BR-Koramangala,0.0,0.0,0.0,1.0,0.0,0.0,0,0,0,0,0,0
2026-07-17 21:55:00,BR-Whitefield,0.0,0.0,0.0,1.0,0.0,0.0,0,0,0,0,0,0
2026-07-17 21:56:00,HO-Chennai,0.0,0.0,0.0,1.0,0.0,0.0,0,0,0,0,0,0
2026-07-17 21:56:00,ZO-Bengaluru,0.0,0.0,0.0,1.0,0.0,0.0,0,0,0,0,0,0
2026-07-17 21:56:00,BR-Koramangala,0.0,0.0,0.0,1.0,0.0,0.0,0,0,0,0,0,0
2026-07-17 21:56:00,BR-Whitefield,0.0,0.0,0.0,1.0,0.0,0.0,0,0,0,0,0,0
2026-07-17 21:57:00,HO-Chennai,0.0,0.0,0.0,1.0,0.0,0.0,0,0,0,0,0,0
2026-07-17 21:57:00,ZO-Bengaluru,0.0,0.0,0.0,1.0,0.0,0.0,0,0,0,0,0,0
2026-07-17 21:57:00,BR-Koramangala,0.0,0.0,0.0,1.0,0.0,0.0,0,0,0,0,0,0
2026-07-17 21:57:00,BR-Whitefield,0.0,0.0,0.0,1.0,0.0,0.0,0,0,0,0,0,0
2026-07-17 21:58:00,HO-Chennai,0.0,0.0,0.0,1.0,0.0,0.0,0,0,0,0,0,0
2026-07-17 21:58:00,ZO-Bengaluru,0.0,0.0,0.0,1.0,0.0,0.0,0,0,0,0,0,0
2026-07-17 21:58:00,BR-Koramangala,0.0,0.0,0.0,1.0,0.0,0.0,0,0,0,0,0,0
2026-07-17 21:58:00,BR-Whitefield,0.0,0.0,0.0,1.0,0.0,0.0,0,0,0,0,0,0
2026-07-17 21:59:00,HO-Chennai,0.0,0.0,0.0,1.0,0.0,0.0,0,0,0,0,0,0
2026-07-17 21:59:00,ZO-Bengaluru,0.0,0.0,0.0,1.0,0.0,0.0,0,0,0,0,0,0
2026-07-17 21:59:00,BR-Koramangala,0.0,0.0,0.0,1.0,0.0,0.0,0,0,0,0,0,0
2026-07-17 21:59:00,BR-Whitefield,0.0,0.0,0.0,1.0,0.0,0.0,0,0,0,0,0,0
2026-07-17 22:00:00,HO-Chennai,0.0,0.0,0.0,1.0,0.0,0.0,0,0,0,0,0,0
2026-07-17 22:00:00,ZO-Bengaluru,0.0,0.0,0.0,1.0,0.0,0.0,0,0,0,0,0,0
2026-07-17 22:00:00,BR-Koramangala,0.0,0.0,0.0,1.0,0.0,0.0,0,0,0,0,0,0
2026-07-17 22:00:00,BR-Whitefield,0.0,0.0,0.0,1.0,0.0,0.0,0,0,0,0,0,0
2026-07-17 22:01:00,HO-Chennai,0.0,0.0,0.0,1.0,0.0,0.0,0,0,0,0,0,0
2026-07-17 22:01:00,ZO-Bengaluru,0.0,0.0,0.0,1.0,0.0,0.0,0,0,0,0,0,0
2026-07-17 22:01:00,BR-Koramangala,0.0,0.0,0.0,1.0,0.0,0.0,0,0,0,0,0,0
2026-07-17 22:01:00,BR-Whitefield,0.0,0.0,0.0,1.0,0.0,0.0,0,0,0,0,0,0
2026-07-17 22:02:00,HO-Chennai,0.0,0.0,0.0,1.0,0.0,0.0,0,0,0,0,0,0
2026-07-17 22:02:00,ZO-Bengaluru,0.0,0.0,0.0,1.0,0.0,0.0,0,0,0,0,0,0
2026-07-17 22:02:00,BR-Koramangala,0.0,0.0,0.0,1.0,0.0,0.0,0,0,0,0,0,0
2026-07-17 22:02:00,BR-Whitefield,0.0,0.0,0.0,1.0,0.0,0.0,0,0,0,0,0,0
2026-07-17 22:03:00,HO-Chennai,0.0,0.0,0.0,1.0,0.0,0.0,0,0,0,0,0,0
2026-07-17 22:03:00,ZO-Bengaluru,0.0,0.0,0.0,1.0,0.0,0.0,0,0,0,0,0,0
2026-07-17 22:03:00,BR-Koramangala,0.0,0.0,0.0,1.0,0.0,0.0,0,0,0,0,0,0
2026-07-17 22:03:00,BR-Whitefield,0.0,0.0,0.0,1.0,0.0,0.0,0,0,0,0,0,0
2026-07-17 22:04:00,HO-Chennai,0.0,0.0,0.0,1.0,0.0,0.0,0,0,0,0,0,0
2026-07-17 22:04:00,ZO-Bengaluru,0.0,0.0,0.0,1.0,0.0,0.0,0,0,0,0,0,0
2026-07-17 22:04:00,BR-Koramangala,0.0,0.0,0.0,1.0,0.0,0.0,0,0,0,0,0,0
2026-07-17 22:04:00,BR-Whitefield,0.0,0.0,0.0,1.0,0.0,0.0,0,0,0,0,0,0
2026-07-17 22:05:00,HO-Chennai,0.0,0.0,0.0,1.0,0.0,0.0,0,0,0,0,0,0
2026-07-17 22:05:00,ZO-Bengaluru,0.0,0.0,0.0,1.0,0.0,0.0,0,0,0,0,0,0
2026-07-17 22:05:00,BR-Koramangala,0.0,0.0,0.0,1.0,0.0,0.0,0,0,0,0,0,0
2026-07-17 22:05:00,BR-Whitefield,0.0,0.0,0.0,1.0,0.0,0.0,0,0,0,0,0,0
2026-07-17 22:06:00,HO-Chennai,0.0,0.0,0.0,1.0,0.0,0.0,0,0,0,0,0,0
2026-07-17 22:06:00,ZO-Bengaluru,0.0,0.0,0.0,1.0,0.0,0.0,0,0,0,0,0,0
2026-07-17 22:06:00,BR-Koramangala,0.0,0.0,0.0,1.0,0.0,0.0,0,0,0,0,0,0
2026-07-17 22:06:00,BR-Whitefield,0.0,0.0,0.0,1.0,0.0,0.0,0,0,0,0,0,0
2026-07-17 22:07:00,HO-Chennai,0.0,0.0,0.0,1.0,0.0,0.0,0,0,0,0,0,0
2026-07-17 22:07:00,ZO-Bengaluru,0.0,0.0,0.0,1.0,0.0,0.0,0,0,0,0,0,0
2026-07-17 22:07:00,BR-Koramangala,0.0,0.0,0.0,1.0,0.0,0.0,0,0,0,0,0,0
2026-07-17 22:07:00,BR-Whitefield,0.0,0.0,0.0,1.0,0.0,0.0,0,0,0,0,0,0
2026-07-17 22:08:00,HO-Chennai,0.0,0.0,0.0,1.0,0.0,0.0,0,0,0,0,0,0
2026-07-17 22:08:00,ZO-Bengaluru,0.0,0.0,0.0,1.0,0.0,0.0,0,0,0,0,0,0
2026-07-17 22:08:00,BR-Koramangala,0.0,0.0,0.0,1.0,0.0,0.0,0,0,0,0,0,0
2026-07-17 22:08:00,BR-Whitefield,0.0,0.0,0.0,1.0,0.0,0.0,0,0,0,0,0,0
2026-07-17 22:09:00,HO-Chennai,0.0,0.0,0.0,1.0,0.0,0.0,0,0,0,0,0,0
2026-07-17 22:09:00,ZO-Bengaluru,0.0,0.0,0.0,1.0,0.0,0.0,0,0,0,0,0,0
2026-07-17 22:09:00,BR-Koramangala,0.0,0.0,0.0,1.0,0.0,0.0,0,0,0,0,0,0
2026-07-17 22:09:00,BR-Whitefield,0.0,0.0,0.0,1.0,0.0,0.0,0,0,0,0,0,0
2026-07-17 22:10:00,HO-Chennai,0.0,0.0,0.0,1.0,0.0,0.0,0,0,0,0,0,0
2026-07-17 22:10:00,ZO-Bengaluru,0.0,0.0,0.0,1.0,0.0,0.0,0,0,0,0,0,0
2026-07-17 22:10:00,BR-Koramangala,0.0,0.0,0.0,1.0,0.0,0.0,0,0,0,0,0,0
2026-07-17 22:10:00,BR-Whitefield,0.0,0.0,0.0,1.0,0.0,0.0,0,0,0,0,0,0
2026-07-17 22:11:00,HO-Chennai,0.0,0.0,0.0,1.0,0.0,0.0,0,0,0,0,0,0
2026-07-17 22:11:00,ZO-Bengaluru,0.0,0.0,0.0,1.0,0.0,0.0,0,0,0,0,0,0
2026-07-17 22:11:00,BR-Koramangala,0.0,0.0,0.0,1.0,0.0,0.0,0,0,0,0,0,0
2026-07-17 22:11:00,BR-Whitefield,0.0,0.0,0.0,1.0,0.0,0.0,0,0,0,0,0,0
2026-07-17 22:12:00,HO-Chennai,0.0,0.0,0.0,1.0,0.0,0.0,0,0,0,0,0,0
2026-07-17 22:12:00,ZO-Bengaluru,0.0,0.0,0.0,1.0,0.0,0.0,0,0,0,0,0,0
2026-07-17 22:12:00,BR-Koramangala,0.0,0.0,0.0,1.0,0.0,0.0,0,0,0,0,0,0
2026-07-17 22:12:00,BR-Whitefield,0.0,0.0,0.0,1.0,0.0,0.0,0,0,0,0,0,0
2026-07-17 22:13:00,HO-Chennai,0.0,0.0,0.0,1.0,0.0,0.0,0,0,0,0,0,0
2026-07-17 22:13:00,ZO-Bengaluru,0.0,0.0,0.0,1.0,0.0,0.0,0,0,0,0,0,0
2026-07-17 22:13:00,BR-Koramangala,0.0,0.0,0.0,1.0,0.0,0.0,0,0,0,0,0,0
2026-07-17 22:13:00,BR-Whitefield,0.0,0.0,0.0,1.0,0.0,0.0,0,0,0,0,0,0
2026-07-17 22:14:00,HO-Chennai,0.0,0.0,0.0,1.0,0.0,0.0,0,0,0,0,0,0
2026-07-17 22:14:00,ZO-Bengaluru,0.0,0.0,0.0,1.0,0.0,0.0,0,0,0,0,0,0
2026-07-17 22:14:00,BR-Koramangala,0.0,0.0,0.0,1.0,0.0,0.0,0,0,0,0,0,0
2026-07-17 22:14:00,BR-Whitefield,0.0,0.0,0.0,1.0,0.0,0.0,0,0,0,0,0,0
2026-07-17 22:15:00,HO-Chennai,0.0,0.0,0.0,1.0,0.0,0.0,0,0,0,0,0,0
2026-07-17 22:15:00,ZO-Bengaluru,0.0,0.0,0.0,1.0,0.0,0.0,0,0,0,0,0,0
2026-07-17 22:15:00,BR-Koramangala,0.0,0.0,0.0,1.0,0.0,0.0,0,0,0,0,0,0
2026-07-17 22:15:00,BR-Whitefield,0.0,0.0,0.0,1.0,0.0,0.0,0,0,0,0,0,0
2026-07-17 22:16:00,HO-Chennai,0.0,0.0,0.0,1.0,0.0,0.0,0,0,0,0,0,0
2026-07-17 22:16:00,ZO-Bengaluru,0.0,0.0,0.0,1.0,0.0,0.0,0,0,0,0,0,0
2026-07-17 22:16:00,BR-Koramangala,0.0,0.0,0.0,1.0,0.0,0.0,0,0,0,0,0,0
2026-07-17 22:16:00,BR-Whitefield,0.0,0.0,0.0,1.0,0.0,0.0,0,0,0,0,0,0
2026-07-17 22:17:00,HO-Chennai,0.0,0.0,0.0,1.0,0.0,0.0,0,0,0,0,0,0
2026-07-17 22:17:00,ZO-Bengaluru,0.0,0.0,0.0,1.0,0.0,0.0,0,0,0,0,0,0
2026-07-17 22:17:00,BR-Koramangala,0.0,0.0,0.0,1.0,0.0,0.0,0,0,0,0,0,0
2026-07-17 22:17:00,BR-Whitefield,0.0,0.0,0.0,1.0,0.0,0.0,0,0,0,0,0,0
2026-07-17 22:18:00,HO-Chennai,0.0,0.0,0.0,1.0,0.0,0.0,0,0,0,0,0,0
2026-07-17 22:18:00,ZO-Bengaluru,0.0,0.0,0.0,1.0,0.0,0.0,0,0,0,0,0,0
2026-07-17 22:18:00,BR-Koramangala,0.0,0.0,0.0,1.0,0.0,0.0,0,0,0,0,0,0
2026-07-17 22:18:00,BR-Whitefield,0.0,0.0,0.0,1.0,0.0,0.0,0,0,0,0,0,0
2026-07-17 22:19:00,HO-Chennai,0.0,0.0,0.0,1.0,0.0,0.0,0,0,0,0,0,0
2026-07-17 22:19:00,ZO-Bengaluru,0.0,0.0,0.0,1.0,0.0,0.0,0,0,0,0,0,0
2026-07-17 22:19:00,BR-Koramangala,0.0,0.0,0.0,1.0,0.0,0.0,0,0,0,0,0,0
2026-07-17 22:19:00,BR-Whitefield,0.0,0.0,0.0,1.0,0.0,0.0,0,0,0,0,0,0
2026-07-17 22:20:00,HO-Chennai,0.0,0.0,0.0,1.0,0.0,0.0,0,0,0,0,0,0
2026-07-17 22:20:00,ZO-Bengaluru,0.0,0.0,0.0,1.0,0.0,0.0,0,0,0,0,0,0
2026-07-17 22:20:00,BR-Koramangala,0.0,0.0,0.0,1.0,0.0,0.0,0,0,0,0,0,0
2026-07-17 22:20:00,BR-Whitefield,0.0,0.0,0.0,1.0,0.0,0.0,0,0,0,0,0,0
2026-07-17 22:21:00,HO-Chennai,0.0,0.0,0.0,1.0,0.0,0.0,0,0,0,0,0,0
2026-07-17 22:21:00,ZO-Bengaluru,0.0,0.0,0.0,1.0,0.0,0.0,0,0,0,0,0,0
2026-07-17 22:21:00,BR-Koramangala,0.0,0.0,0.0,1.0,0.0,0.0,0,0,0,0,0,0
2026-07-17 22:21:00,BR-Whitefield,0.0,0.0,0.0,1.0,0.0,0.0,0,0,0,0,0,0
2026-07-17 22:22:00,HO-Chennai,0.0,0.0,0.0,1.0,0.0,0.0,0,0,0,0,0,0
2026-07-17 22:22:00,ZO-Bengaluru,0.0,0.0,0.0,1.0,0.0,0.0,0,0,0,0,0,0
2026-07-17 22:22:00,BR-Koramangala,0.0,0.0,0.0,1.0,0.0,0.0,0,0,0,0,0,0
2026-07-17 22:22:00,BR-Whitefield,0.0,0.0,0.0,1.0,0.0,0.0,0,0,0,0,0,0
2026-07-17 22:23:00,HO-Chennai,0.0,0.0,0.0,1.0,0.0,0.0,0,0,0,0,0,0
2026-07-17 22:23:00,ZO-Bengaluru,0.0,0.0,0.0,1.0,0.0,0.0,0,0,0,0,0,0
2026-07-17 22:23:00,BR-Koramangala,0.0,0.0,0.0,1.0,0.0,0.0,0,0,0,0,0,0
2026-07-17 22:23:00,BR-Whitefield,0.0,0.0,0.0,1.0,0.0,0.0,0,0,0,0,0,0
2026-07-17 22:24:00,HO-Chennai,0.0,0.0,0.0,1.0,0.0,0.0,0,0,0,0,0,0
2026-07-17 22:24:00,ZO-Bengaluru,0.0,0.0,0.0,1.0,0.0,0.0,0,0,0,0,0,0
2026-07-17 22:24:00,BR-Koramangala,0.0,0.0,0.0,1.0,0.0,0.0,0,0,0,0,0,0
2026-07-17 22:24:00,BR-Whitefield,0.0,0.0,0.0,1.0,0.0,0.0,0,0,0,0,0,0
2026-07-17 22:25:00,HO-Chennai,0.0,0.0,0.0,1.0,0.0,0.0,0,0,0,0,0,0
2026-07-17 22:25:00,ZO-Bengaluru,0.0,0.0,0.0,1.0,0.0,0.0,0,0,0,0,0,0
2026-07-17 22:25:00,BR-Koramangala,0.0,0.0,0.0,1.0,0.0,0.0,0,0,0,0,0,0
2026-07-17 22:25:00,BR-Whitefield,0.0,0.0,0.0,1.0,0.0,0.0,0,0,0,0,0,0
2026-07-17 22:26:00,HO-Chennai,0.0,0.0,0.0,1.0,0.0,0.0,0,0,0,0,0,0
2026-07-17 22:26:00,ZO-Bengaluru,0.0,0.0,0.0,1.0,0.0,0.0,0,0,0,0,0,0
2026-07-17 22:26:00,BR-Koramangala,0.0,0.0,0.0,1.0,0.0,0.0,0,0,0,0,0,0
2026-07-17 22:26:00,BR-Whitefield,0.0,0.0,0.0,1.0,0.0,0.0,0,0,0,0,0,0
2026-07-17 22:27:00,HO-Chennai,0.0,0.0,0.0,1.0,0.0,0.0,0,0,0,0,0,0
2026-07-17 22:27:00,ZO-Bengaluru,0.0,0.0,0.0,1.0,0.0,0.0,0,0,0,0,0,0
2026-07-17 22:27:00,BR-Koramangala,0.0,0.0,0.0,1.0,0.0,0.0,0,0,0,0,0,0
2026-07-17 22:27:00,BR-Whitefield,0.0,0.0,0.0,1.0,0.0,0.0,0,0,0,0,0,0
2026-07-17 22:28:00,HO-Chennai,0.0,0.0,0.0,1.0,0.0,0.0,0,0,0,0,0,0
2026-07-17 22:28:00,ZO-Bengaluru,0.0,0.0,0.0,1.0,0.0,0.0,0,0,0,0,0,0
2026-07-17 22:28:00,BR-Koramangala,0.0,0.0,0.0,1.0,0.0,0.0,0,0,0,0,0,0
2026-07-17 22:28:00,BR-Whitefield,0.0,0.0,0.0,1.0,0.0,0.0,0,0,0,0,0,0
2026-07-17 22:29:00,HO-Chennai,0.0,0.0,0.0,1.0,0.0,0.0,0,0,0,0,0,0
2026-07-17 22:29:00,ZO-Bengaluru,0.0,0.0,0.0,1.0,0.0,0.0,0,0,0,0,0,0
2026-07-17 22:29:00,BR-Koramangala,0.0,0.0,0.0,1.0,0.0,0.0,0,0,0,0,0,0
2026-07-17 22:29:00,BR-Whitefield,0.0,0.0,0.0,1.0,0.0,0.0,0,0,0,0,0,0
2026-07-17 22:30:00,HO-Chennai,0.0,0.0,0.0,1.0,0.0,0.0,0,0,0,0,0,0
2026-07-17 22:30:00,ZO-Bengaluru,0.0,0.0,0.0,1.0,0.0,0.0,0,0,0,0,0,0
2026-07-17 22:30:00,BR-Koramangala,0.0,0.0,0.0,1.0,0.0,0.0,0,0,0,0,0,0
2026-07-17 22:30:00,BR-Whitefield,0.0,0.0,0.0,1.0,0.0,0.0,0,0,0,0,0,0
2026-07-17 22:31:00,HO-Chennai,0.0,0.0,0.0,1.0,0.0,0.0,0,0,0,0,0,0
2026-07-17 22:31:00,ZO-Bengaluru,0.0,0.0,0.0,1.0,0.0,0.0,0,0,0,0,0,0
2026-07-17 22:31:00,BR-Koramangala,0.0,0.0,0.0,1.0,0.0,0.0,0,0,0,0,0,0
2026-07-17 22:31:00,BR-Whitefield,0.0,0.0,0.0,1.0,0.0,0.0,0,0,0,0,0,0
2026-07-17 22:32:00,HO-Chennai,0.0,0.0,0.0,1.0,0.0,0.0,0,0,0,0,0,0
2026-07-17 22:32:00,ZO-Bengaluru,0.0,0.0,0.0,1.0,0.0,0.0,0,0,0,0,0,0
2026-07-17 22:32:00,BR-Koramangala,0.0,0.0,0.0,1.0,0.0,0.0,0,0,0,0,0,0
2026-07-17 22:32:00,BR-Whitefield,0.0,0.0,0.0,1.0,0.0,0.0,0,0,0,0,0,0
2026-07-17 22:33:00,HO-Chennai,0.0,0.0,0.0,1.0,0.0,0.0,0,0,0,0,0,0
2026-07-17 22:33:00,ZO-Bengaluru,0.0,0.0,0.0,1.0,0.0,0.0,0,0,0,0,0,0
2026-07-17 22:33:00,BR-Koramangala,0.0,0.0,0.0,1.0,0.0,0.0,0,0,0,0,0,0
2026-07-17 22:33:00,BR-Whitefield,0.0,0.0,0.0,1.0,0.0,0.0,0,0,0,0,0,0
2026-07-17 22:34:00,HO-Chennai,0.0,0.0,0.0,1.0,0.0,0.0,0,0,0,0,0,0
2026-07-17 22:34:00,ZO-Bengaluru,0.0,0.0,0.0,1.0,0.0,0.0,0,0,0,0,0,0
2026-07-17 22:34:00,BR-Koramangala,0.0,0.0,0.0,1.0,0.0,0.0,0,0,0,0,0,0
2026-07-17 22:34:00,BR-Whitefield,0.0,0.0,0.0,1.0,0.0,0.0,0,0,0,0,0,0
2026-07-17 22:35:00,HO-Chennai,0.0,0.0,0.0,1.0,0.0,0.0,0,0,0,0,0,0
2026-07-17 22:35:00,ZO-Bengaluru,0.0,0.0,0.0,1.0,0.0,0.0,0,0,0,0,0,0
2026-07-17 22:35:00,BR-Koramangala,0.0,0.0,0.0,1.0,0.0,0.0,0,0,0,0,0,0
2026-07-17 22:35:00,BR-Whitefield,0.0,0.0,0.0,1.0,0.0,0.0,0,0,0,0,0,0
2026-07-17 22:36:00,HO-Chennai,0.0,0.0,0.0,1.0,0.0,0.0,0,0,0,0,0,0
2026-07-17 22:36:00,ZO-Bengaluru,0.0,0.0,0.0,1.0,0.0,0.0,0,0,0,0,0,0
2026-07-17 22:36:00,BR-Koramangala,0.0,0.0,0.0,1.0,0.0,0.0,0,0,0,0,0,0
2026-07-17 22:36:00,BR-Whitefield,0.0,0.0,0.0,1.0,0.0,0.0,0,0,0,0,0,0
2026-07-17 22:37:00,HO-Chennai,0.0,0.0,0.0,1.0,0.0,0.0,0,0,0,0,0,0
2026-07-17 22:37:00,ZO-Bengaluru,0.0,0.0,0.0,1.0,0.0,0.0,0,0,0,0,0,0
2026-07-17 22:37:00,BR-Koramangala,0.0,0.0,0.0,1.0,0.0,0.0,0,0,0,0,0,0
2026-07-17 22:37:00,BR-Whitefield,0.0,0.0,0.0,1.0,0.0,0.0,0,0,0,0,0,0
2026-07-17 22:38:00,HO-Chennai,0.0,0.0,0.0,1.0,0.0,0.0,0,0,0,0,0,0
2026-07-17 22:38:00,ZO-Bengaluru,0.0,0.0,0.0,1.0,0.0,0.0,0,0,0,0,0,0
2026-07-17 22:38:00,BR-Koramangala,0.0,0.0,0.0,1.0,0.0,0.0,0,0,0,0,0,0
2026-07-17 22:38:00,BR-Whitefield,0.0,0.0,0.0,1.0,0.0,0.0,0,0,0,0,0,0
2026-07-17 22:39:00,HO-Chennai,0.0,0.0,0.0,1.0,0.0,0.0,0,0,0,0,0,0
2026-07-17 22:39:00,ZO-Bengaluru,0.0,0.0,0.0,1.0,0.0,0.0,0,0,0,0,0,0
2026-07-17 22:39:00,BR-Koramangala,0.0,0.0,0.0,1.0,0.0,0.0,0,0,0,0,0,0
2026-07-17 22:39:00,BR-Whitefield,0.0,0.0,0.0,1.0,0.0,0.0,0,0,0,0,0,0
2026-07-17 22:40:00,HO-Chennai,0.0,0.0,0.0,1.0,0.0,0.0,0,0,0,0,0,0
2026-07-17 22:40:00,ZO-Bengaluru,0.0,0.0,0.0,1.0,0.0,0.0,0,0,0,0,0,0
2026-07-17 22:40:00,BR-Koramangala,0.0,0.0,0.0,1.0,0.0,0.0,0,0,0,0,0,0
2026-07-17 22:40:00,BR-Whitefield,0.0,0.0,0.0,1.0,0.0,0.0,0,0,0,0,0,0
2026-07-17 22:41:00,HO-Chennai,0.0,0.0,0.0,1.0,0.0,0.0,0,0,0,0,0,0
2026-07-17 22:41:00,ZO-Bengaluru,0.0,0.0,0.0,1.0,0.0,0.0,0,0,0,0,0,0
2026-07-17 22:41:00,BR-Koramangala,0.0,0.0,0.0,1.0,0.0,0.0,0,0,0,0,0,0
2026-07-17 22:41:00,BR-Whitefield,0.0,0.0,0.0,1.0,0.0,0.0,0,0,0,0,0,0
2026-07-17 22:42:00,HO-Chennai,0.0,0.0,0.0,1.0,0.0,0.0,0,0,0,0,0,0
2026-07-17 22:42:00,ZO-Bengaluru,0.0,0.0,0.0,1.0,0.0,0.0,0,0,0,0,0,0
2026-07-17 22:42:00,BR-Koramangala,0.0,0.0,0.0,1.0,0.0,0.0,0,0,0,0,0,0
2026-07-17 22:42:00,BR-Whitefield,0.0,0.0,0.0,1.0,0.0,0.0,0,0,0,0,0,0
2026-07-17 22:43:00,HO-Chennai,0.0,0.0,0.0,1.0,0.0,0.0,0,0,0,0,0,0
2026-07-17 22:43:00,ZO-Bengaluru,0.0,0.0,0.0,1.0,0.0,0.0,0,0,0,0,0,0
2026-07-17 22:43:00,BR-Koramangala,0.0,0.0,0.0,1.0,0.0,0.0,0,0,0,0,0,0
2026-07-17 22:43:00,BR-Whitefield,0.0,0.0,0.0,1.0,0.0,0.0,0,0,0,0,0,0
2026-07-17 22:44:00,HO-Chennai,0.0,0.0,0.0,1.0,0.0,0.0,0,0,0,0,0,0
2026-07-17 22:44:00,ZO-Bengaluru,0.0,0.0,0.0,1.0,0.0,0.0,0,0,0,0,0,0
2026-07-17 22:44:00,BR-Koramangala,0.0,0.0,0.0,1.0,0.0,0.0,0,0,0,0,0,0
2026-07-17 22:44:00,BR-Whitefield,0.0,0.0,0.0,1.0,0.0,0.0,0,0,0,0,0,0
2026-07-17 22:45:00,HO-Chennai,0.0,0.0,0.0,1.0,0.0,0.0,0,0,0,0,0,0
2026-07-17 22:45:00,ZO-Bengaluru,0.0,0.0,0.0,1.0,0.0,0.0,0,0,0,0,0,0
2026-07-17 22:45:00,BR-Koramangala,0.0,0.0,0.0,1.0,0.0,0.0,0,0,0,0,0,0
2026-07-17 22:45:00,BR-Whitefield,0.0,0.0,0.0,1.0,0.0,0.0,0,0,0,0,0,0
2026-07-17 22:46:00,HO-Chennai,0.0,0.0,0.0,1.0,0.0,0.0,0,0,0,0,0,0
2026-07-17 22:46:00,ZO-Bengaluru,0.0,0.0,0.0,1.0,0.0,0.0,0,0,0,0,0,0
2026-07-17 22:46:00,BR-Koramangala,0.0,0.0,0.0,1.0,0.0,0.0,0,0,0,0,0,0
2026-07-17 22:46:00,BR-Whitefield,0.0,0.0,0.0,1.0,0.0,0.0,0,0,0,0,0,0
2026-07-17 22:47:00,HO-Chennai,0.0,0.0,0.0,1.0,0.0,0.0,0,0,0,0,0,0
2026-07-17 22:47:00,ZO-Bengaluru,0.0,0.0,0.0,1.0,0.0,0.0,0,0,0,0,0,0
2026-07-17 22:47:00,BR-Koramangala,0.0,0.0,0.0,1.0,0.0,0.0,0,0,0,0,0,0
2026-07-17 22:47:00,BR-Whitefield,0.0,0.0,0.0,1.0,0.0,0.0,0,0,0,0,0,0
2026-07-17 22:48:00,HO-Chennai,0.0,0.0,0.0,1.0,0.0,0.0,0,0,0,0,0,0
2026-07-17 22:48:00,ZO-Bengaluru,0.0,0.0,0.0,1.0,0.0,0.0,0,0,0,0,0,0
2026-07-17 22:48:00,BR-Koramangala,0.0,0.0,0.0,1.0,0.0,0.0,0,0,0,0,0,0
2026-07-17 22:48:00,BR-Whitefield,0.0,0.0,0.0,1.0,0.0,0.0,0,0,0,0,0,0
2026-07-17 22:49:00,HO-Chennai,0.0,0.0,0.0,1.0,0.0,0.0,0,0,0,0,0,0
2026-07-17 22:49:00,ZO-Bengaluru,0.0,0.0,0.0,1.0,0.0,0.0,0,0,0,0,0,0
2026-07-17 22:49:00,BR-Koramangala,0.0,0.0,0.0,1.0,0.0,0.0,0,0,0,0,0,0
2026-07-17 22:49:00,BR-Whitefield,0.0,0.0,0.0,1.0,0.0,0.0,0,0,0,0,0,0
2026-07-17 22:50:00,HO-Chennai,0.0,0.0,0.0,1.0,0.0,0.0,0,0,0,0,0,0
2026-07-17 22:50:00,ZO-Bengaluru,0.0,0.0,0.0,1.0,0.0,0.0,0,0,0,0,0,0
2026-07-17 22:50:00,BR-Koramangala,0.0,0.0,0.0,1.0,0.0,0.0,0,0,0,0,0,0
2026-07-17 22:50:00,BR-Whitefield,0.0,0.0,0.0,1.0,0.0,0.0,0,0,0,0,0,0
2026-07-17 22:51:00,HO-Chennai,0.0,0.0,0.0,1.0,0.0,0.0,0,0,0,0,0,0
2026-07-17 22:51:00,ZO-Bengaluru,0.0,0.0,0.0,1.0,0.0,0.0,0,0,0,0,0,0
2026-07-17 22:51:00,BR-Koramangala,0.0,0.0,0.0,1.0,0.0,0.0,0,0,0,0,0,0
2026-07-17 22:51:00,BR-Whitefield,0.0,0.0,0.0,1.0,0.0,0.0,0,0,0,0,0,0
2026-07-17 22:52:00,HO-Chennai,0.0,0.0,0.0,1.0,0.0,0.0,0,0,0,0,0,0
2026-07-17 22:52:00,ZO-Bengaluru,0.0,0.0,0.0,1.0,0.0,0.0,0,0,0,0,0,0
2026-07-17 22:52:00,BR-Koramangala,0.0,0.0,0.0,1.0,0.0,0.0,0,0,0,0,0,0
2026-07-17 22:52:00,BR-Whitefield,0.0,0.0,0.0,1.0,0.0,0.0,0,0,0,0,0,0
2026-07-17 22:53:00,HO-Chennai,0.0,0.0,0.0,1.0,0.0,0.0,0,0,0,0,0,0
2026-07-17 22:53:00,ZO-Bengaluru,0.0,0.0,0.0,1.0,0.0,0.0,0,0,0,0,0,0
2026-07-17 22:53:00,BR-Koramangala,0.0,0.0,0.0,1.0,0.0,0.0,0,0,0,0,0,0
2026-07-17 22:53:00,BR-Whitefield,0.0,0.0,0.0,1.0,0.0,0.0,0,0,0,0,0,0
2026-07-17 22:54:00,HO-Chennai,0.0,0.0,0.0,1.0,0.0,0.0,0,0,0,0,0,0
2026-07-17 22:54:00,ZO-Bengaluru,0.0,0.0,0.0,1.0,0.0,0.0,0,0,0,0,0,0
2026-07-17 22:54:00,BR-Koramangala,0.0,0.0,0.0,1.0,0.0,0.0,0,0,0,0,0,0
2026-07-17 22:54:00,BR-Whitefield,0.0,0.0,0.0,1.0,0.0,0.0,0,0,0,0,0,0
2026-07-17 22:55:00,HO-Chennai,0.0,0.0,0.0,1.0,0.0,0.0,0,0,0,0,0,0
2026-07-17 22:55:00,ZO-Bengaluru,0.0,0.0,0.0,1.0,0.0,0.0,0,0,0,0,0,0
2026-07-17 22:55:00,BR-Koramangala,0.0,0.0,0.0,1.0,0.0,0.0,0,0,0,0,0,0
2026-07-17 22:55:00,BR-Whitefield,0.0,0.0,0.0,1.0,0.0,0.0,0,0,0,0,0,0
2026-07-17 22:56:00,HO-Chennai,0.0,0.0,0.0,1.0,0.0,0.0,0,0,0,0,0,0
2026-07-17 22:56:00,ZO-Bengaluru,0.0,0.0,0.0,1.0,0.0,0.0,0,0,0,0,0,0
2026-07-17 22:56:00,BR-Koramangala,0.0,0.0,0.0,1.0,0.0,0.0,0,0,0,0,0,0
2026-07-17 22:56:00,BR-Whitefield,0.0,0.0,0.0,1.0,0.0,0.0,0,0,0,0,0,0
2026-07-17 22:57:00,HO-Chennai,0.0,0.0,0.0,1.0,0.0,0.0,0,0,0,0,0,0
2026-07-17 22:57:00,ZO-Bengaluru,0.0,0.0,0.0,1.0,0.0,0.0,0,0,0,0,0,0
2026-07-17 22:57:00,BR-Koramangala,0.0,0.0,0.0,1.0,0.0,0.0,0,0,0,0,0,0
2026-07-17 22:57:00,BR-Whitefield,0.0,0.0,0.0,1.0,0.0,0.0,0,0,0,0,0,0
2026-07-17 22:58:00,HO-Chennai,0.0,0.0,0.0,1.0,0.0,0.0,0,0,0,0,0,0
2026-07-17 22:58:00,ZO-Bengaluru,0.0,0.0,0.0,1.0,0.0,0.0,0,0,0,0,0,0
2026-07-17 22:58:00,BR-Koramangala,0.0,0.0,0.0,1.0,0.0,0.0,0,0,0,0,0,0
2026-07-17 22:58:00,BR-Whitefield,0.0,0.0,0.0,1.0,0.0,0.0,0,0,0,0,0,0
2026-07-17 22:59:00,HO-Chennai,0.0,0.0,0.0,1.0,0.0,0.0,0,0,0,0,0,0
2026-07-17 22:59:00,ZO-Bengaluru,0.0,0.0,0.0,1.0,0.0,0.0,0,0,0,0,0,0
2026-07-17 22:59:00,BR-Koramangala,0.0,0.0,0.0,1.0,0.0,0.0,0,0,0,0,0,0
2026-07-17 22:59:00,BR-Whitefield,0.0,0.0,0.0,1.0,0.0,0.0,0,0,0,0,0,0
2026-07-17 23:00:00,HO-Chennai,0.0,0.0,0.0,1.0,0.0,0.0,0,0,0,0,0,0
2026-07-17 23:00:00,ZO-Bengaluru,0.0,0.0,0.0,1.0,0.0,0.0,0,0,0,0,0,0
2026-07-17 23:00:00,BR-Koramangala,0.0,0.0,0.0,1.0,0.0,0.0,0,0,0,0,0,0
2026-07-17 23:00:00,BR-Whitefield,0.0,0.0,0.0,1.0,0.0,0.0,0,0,0,0,0,0
2026-07-17 23:01:00,HO-Chennai,0.0,0.0,0.0,1.0,0.0,0.0,0,0,0,0,0,0
2026-07-17 23:01:00,ZO-Bengaluru,0.0,0.0,0.0,1.0,0.0,0.0,0,0,0,0,0,0
2026-07-17 23:01:00,BR-Koramangala,0.0,0.0,0.0,1.0,0.0,0.0,0,0,0,0,0,0
2026-07-17 23:01:00,BR-Whitefield,0.0,0.0,0.0,1.0,0.0,0.0,0,0,0,0,0,0
2026-07-17 23:02:00,HO-Chennai,0.0,0.0,0.0,1.0,0.0,0.0,0,0,0,0,0,0
2026-07-17 23:02:00,ZO-Bengaluru,0.0,0.0,0.0,1.0,0.0,0.0,0,0,0,0,0,0
2026-07-17 23:02:00,BR-Koramangala,0.0,0.0,0.0,1.0,0.0,0.0,0,0,0,0,0,0
2026-07-17 23:02:00,BR-Whitefield,0.0,0.0,0.0,1.0,0.0,0.0,0,0,0,0,0,0
2026-07-17 23:03:00,HO-Chennai,0.0,0.0,0.0,1.0,0.0,0.0,0,0,0,0,0,0
2026-07-17 23:03:00,ZO-Bengaluru,0.0,0.0,0.0,1.0,0.0,0.0,0,0,0,0,0,0
2026-07-17 23:03:00,BR-Koramangala,0.0,0.0,0.0,1.0,0.0,0.0,0,0,0,0,0,0
2026-07-17 23:03:00,BR-Whitefield,0.0,0.0,0.0,1.0,0.0,0.0,0,0,0,0,0,0
2026-07-17 23:04:00,HO-Chennai,0.0,0.0,0.0,1.0,0.0,0.0,0,0,0,0,0,0
2026-07-17 23:04:00,ZO-Bengaluru,0.0,0.0,0.0,1.0,0.0,0.0,0,0,0,0,0,0
2026-07-17 23:04:00,BR-Koramangala,0.0,0.0,0.0,1.0,0.0,0.0,0,0,0,0,0,0
2026-07-17 23:04:00,BR-Whitefield,0.0,0.0,0.0,1.0,0.0,0.0,0,0,0,0,0,0
2026-07-17 23:05:00,HO-Chennai,0.0,0.0,0.0,1.0,0.0,0.0,0,0,0,0,0,0
2026-07-17 23:05:00,ZO-Bengaluru,0.0,0.0,0.0,1.0,0.0,0.0,0,0,0,0,0,0
2026-07-17 23:05:00,BR-Koramangala,0.0,0.0,0.0,1.0,0.0,0.0,0,0,0,0,0,0
2026-07-17 23:05:00,BR-Whitefield,0.0,0.0,0.0,1.0,0.0,0.0,0,0,0,0,0,0
2026-07-17 23:06:00,HO-Chennai,0.0,0.0,0.0,1.0,0.0,0.0,0,0,0,0,0,0
2026-07-17 23:06:00,ZO-Bengaluru,0.0,0.0,0.0,1.0,0.0,0.0,0,0,0,0,0,0
2026-07-17 23:06:00,BR-Koramangala,0.0,0.0,0.0,1.0,0.0,0.0,0,0,0,0,0,0
2026-07-17 23:06:00,BR-Whitefield,0.0,0.0,0.0,1.0,0.0,0.0,0,0,0,0,0,0
2026-07-17 23:07:00,HO-Chennai,0.0,0.0,0.0,1.0,0.0,0.0,0,0,0,0,0,0
2026-07-17 23:07:00,ZO-Bengaluru,0.0,0.0,0.0,1.0,0.0,0.0,0,0,0,0,0,0
2026-07-17 23:07:00,BR-Koramangala,0.0,0.0,0.0,1.0,0.0,0.0,0,0,0,0,0,0
2026-07-17 23:07:00,BR-Whitefield,0.0,0.0,0.0,1.0,0.0,0.0,0,0,0,0,0,0
2026-07-17 23:08:00,HO-Chennai,0.0,0.0,0.0,1.0,0.0,0.0,0,0,0,0,0,0
2026-07-17 23:08:00,ZO-Bengaluru,0.0,0.0,0.0,1.0,0.0,0.0,0,0,0,0,0,0
2026-07-17 23:08:00,BR-Koramangala,0.0,0.0,0.0,1.0,0.0,0.0,0,0,0,0,0,0
2026-07-17 23:08:00,BR-Whitefield,0.0,0.0,0.0,1.0,0.0,0.0,0,0,0,0,0,0
2026-07-17 23:09:00,HO-Chennai,0.0,0.0,0.0,1.0,0.0,0.0,0,0,0,0,0,0
2026-07-17 23:09:00,ZO-Bengaluru,0.0,0.0,0.0,1.0,0.0,0.0,0,0,0,0,0,0
2026-07-17 23:09:00,BR-Koramangala,0.0,0.0,0.0,1.0,0.0,0.0,0,0,0,0,0,0
2026-07-17 23:09:00,BR-Whitefield,0.0,0.0,0.0,1.0,0.0,0.0,0,0,0,0,0,0
2026-07-17 23:10:00,HO-Chennai,0.0,0.0,0.0,1.0,0.0,0.0,0,0,0,0,0,0
2026-07-17 23:10:00,ZO-Bengaluru,0.0,0.0,0.0,1.0,0.0,0.0,0,0,0,0,0,0
2026-07-17 23:10:00,BR-Koramangala,0.0,0.0,0.0,1.0,0.0,0.0,0,0,0,0,0,0
2026-07-17 23:10:00,BR-Whitefield,0.0,0.0,0.0,1.0,0.0,0.0,0,0,0,0,0,0
2026-07-17 23:11:00,HO-Chennai,0.0,0.0,0.0,1.0,0.0,0.0,0,0,0,0,0,0
2026-07-17 23:11:00,ZO-Bengaluru,0.0,0.0,0.0,1.0,0.0,0.0,0,0,0,0,0,0
2026-07-17 23:11:00,BR-Koramangala,0.0,0.0,0.0,1.0,0.0,0.0,0,0,0,0,0,0
2026-07-17 23:11:00,BR-Whitefield,0.0,0.0,0.0,1.0,0.0,0.0,0,0,0,0,0,0
2026-07-17 23:12:00,HO-Chennai,0.0,0.0,0.0,1.0,0.0,0.0,0,0,0,0,0,0
2026-07-17 23:12:00,ZO-Bengaluru,0.0,0.0,0.0,1.0,0.0,0.0,0,0,0,0,0,0
2026-07-17 23:12:00,BR-Koramangala,0.0,0.0,0.0,1.0,0.0,0.0,0,0,0,0,0,0
2026-07-17 23:12:00,BR-Whitefield,0.0,0.0,0.0,1.0,0.0,0.0,0,0,0,0,0,0
2026-07-17 23:13:00,HO-Chennai,0.0,0.0,0.0,1.0,0.0,0.0,0,0,0,0,0,0
2026-07-17 23:13:00,ZO-Bengaluru,0.0,0.0,0.0,1.0,0.0,0.0,0,0,0,0,0,0
2026-07-17 23:13:00,BR-Koramangala,0.0,0.0,0.0,1.0,0.0,0.0,0,0,0,0,0,0
2026-07-17 23:13:00,BR-Whitefield,0.0,0.0,0.0,1.0,0.0,0.0,0,0,0,0,0,0
2026-07-17 23:14:00,HO-Chennai,0.0,0.0,0.0,1.0,0.0,0.0,0,0,0,0,0,0
2026-07-17 23:14:00,ZO-Bengaluru,0.0,0.0,0.0,1.0,0.0,0.0,0,0,0,0,0,0
2026-07-17 23:14:00,BR-Koramangala,0.0,0.0,0.0,1.0,0.0,0.0,0,0,0,0,0,0
2026-07-17 23:14:00,BR-Whitefield,0.0,0.0,0.0,1.0,0.0,0.0,0,0,0,0,0,0
2026-07-17 23:15:00,HO-Chennai,0.0,0.0,0.0,1.0,0.0,0.0,0,0,0,0,0,0
2026-07-17 23:15:00,ZO-Bengaluru,0.0,0.0,0.0,1.0,0.0,0.0,0,0,0,0,0,0
2026-07-17 23:15:00,BR-Koramangala,0.0,0.0,0.0,1.0,0.0,0.0,0,0,0,0,0,0
2026-07-17 23:15:00,BR-Whitefield,0.0,0.0,0.0,1.0,0.0,0.0,0,0,0,0,0,0
2026-07-17 23:16:00,HO-Chennai,0.0,0.0,0.0,1.0,0.0,0.0,0,0,0,0,0,0
2026-07-17 23:16:00,ZO-Bengaluru,0.0,0.0,0.0,1.0,0.0,0.0,0,0,0,0,0,0
2026-07-17 23:16:00,BR-Koramangala,0.0,0.0,0.0,1.0,0.0,0.0,0,0,0,0,0,0
2026-07-17 23:16:00,BR-Whitefield,0.0,0.0,0.0,1.0,0.0,0.0,0,0,0,0,0,0
2026-07-17 23:17:00,HO-Chennai,0.0,0.0,0.0,1.0,0.0,0.0,0,0,0,0,0,0
2026-07-17 23:17:00,ZO-Bengaluru,0.0,0.0,0.0,1.0,0.0,0.0,0,0,0,0,0,0
2026-07-17 23:17:00,BR-Koramangala,0.0,0.0,0.0,1.0,0.0,0.0,0,0,0,0,0,0
2026-07-17 23:17:00,BR-Whitefield,0.0,0.0,0.0,1.0,0.0,0.0,0,0,0,0,0,0
2026-07-17 23:18:00,HO-Chennai,0.0,0.0,0.0,1.0,0.0,0.0,0,0,0,0,0,0
2026-07-17 23:18:00,ZO-Bengaluru,0.0,0.0,0.0,1.0,0.0,0.0,0,0,0,0,0,0
2026-07-17 23:18:00,BR-Koramangala,0.0,0.0,0.0,1.0,0.0,0.0,0,0,0,0,0,0
2026-07-17 23:18:00,BR-Whitefield,0.0,0.0,0.0,1.0,0.0,0.0,0,0,0,0,0,0
2026-07-17 23:19:00,HO-Chennai,0.0,0.0,0.0,1.0,0.0,0.0,0,0,0,0,0,0
2026-07-17 23:19:00,ZO-Bengaluru,0.0,0.0,0.0,1.0,0.0,0.0,0,0,0,0,0,0
2026-07-17 23:19:00,BR-Koramangala,0.0,0.0,0.0,1.0,0.0,0.0,0,0,0,0,0,0
2026-07-17 23:19:00,BR-Whitefield,0.0,0.0,0.0,1.0,0.0,0.0,0,0,0,0,0,0
2026-07-17 23:20:00,HO-Chennai,0.0,0.0,0.0,1.0,0.0,0.0,0,0,0,0,0,0
2026-07-17 23:20:00,ZO-Bengaluru,0.0,0.0,0.0,1.0,0.0,0.0,0,0,0,0,0,0
2026-07-17 23:20:00,BR-Koramangala,0.0,0.0,0.0,1.0,0.0,0.0,0,0,0,0,0,0
2026-07-17 23:20:00,BR-Whitefield,0.0,0.0,0.0,1.0,0.0,0.0,0,0,0,0,0,0
2026-07-17 23:21:00,HO-Chennai,0.0,0.0,0.0,1.0,0.0,0.0,0,0,0,0,0,0
2026-07-17 23:21:00,ZO-Bengaluru,0.0,0.0,0.0,1.0,0.0,0.0,0,0,0,0,0,0
2026-07-17 23:21:00,BR-Koramangala,0.0,0.0,0.0,1.0,0.0,0.0,0,0,0,0,0,0
2026-07-17 23:21:00,BR-Whitefield,0.0,0.0,0.0,1.0,0.0,0.0,0,0,0,0,0,0
2026-07-17 23:22:00,HO-Chennai,0.0,0.0,0.0,1.0,0.0,0.0,0,0,0,0,0,0
2026-07-17 23:22:00,ZO-Bengaluru,0.0,0.0,0.0,1.0,0.0,0.0,0,0,0,0,0,0
2026-07-17 23:22:00,BR-Koramangala,0.0,0.0,0.0,1.0,0.0,0.0,0,0,0,0,0,0
2026-07-17 23:22:00,BR-Whitefield,0.0,0.0,0.0,1.0,0.0,0.0,0,0,0,0,0,0
2026-07-17 23:23:00,HO-Chennai,0.0,0.0,0.0,1.0,0.0,0.0,0,0,0,0,0,0
2026-07-17 23:23:00,ZO-Bengaluru,0.0,0.0,0.0,1.0,0.0,0.0,0,0,0,0,0,0
2026-07-17 23:23:00,BR-Koramangala,0.0,0.0,0.0,1.0,0.0,0.0,0,0,0,0,0,0
2026-07-17 23:23:00,BR-Whitefield,0.0,0.0,0.0,1.0,0.0,0.0,0,0,0,0,0,0
2026-07-17 23:24:00,HO-Chennai,0.0,0.0,0.0,1.0,0.0,0.0,0,0,0,0,0,0
2026-07-17 23:24:00,ZO-Bengaluru,0.0,0.0,0.0,1.0,0.0,0.0,0,0,0,0,0,0
2026-07-17 23:24:00,BR-Koramangala,0.0,0.0,0.0,1.0,0.0,0.0,0,0,0,0,0,0
2026-07-17 23:24:00,BR-Whitefield,0.0,0.0,0.0,1.0,0.0,0.0,0,0,0,0,0,0
2026-07-17 23:25:00,HO-Chennai,0.0,0.0,0.0,1.0,0.0,0.0,0,0,0,0,0,0
2026-07-17 23:25:00,ZO-Bengaluru,0.0,0.0,0.0,1.0,0.0,0.0,0,0,0,0,0,0
2026-07-17 23:25:00,BR-Koramangala,0.0,0.0,0.0,1.0,0.0,0.0,0,0,0,0,0,0
2026-07-17 23:25:00,BR-Whitefield,0.0,0.0,0.0,1.0,0.0,0.0,0,0,0,0,0,0
2026-07-17 23:26:00,HO-Chennai,0.0,0.0,0.0,1.0,0.0,0.0,0,0,0,0,0,0
2026-07-17 23:26:00,ZO-Bengaluru,0.0,0.0,0.0,1.0,0.0,0.0,0,0,0,0,0,0
2026-07-17 23:26:00,BR-Koramangala,0.0,0.0,0.0,1.0,0.0,0.0,0,0,0,0,0,0
2026-07-17 23:26:00,BR-Whitefield,0.0,0.0,0.0,1.0,0.0,0.0,0,0,0,0,0,0
2026-07-17 23:27:00,HO-Chennai,0.0,0.0,0.0,1.0,0.0,0.0,0,0,0,0,0,0
2026-07-17 23:27:00,ZO-Bengaluru,0.0,0.0,0.0,1.0,0.0,0.0,0,0,0,0,0,0
2026-07-17 23:27:00,BR-Koramangala,0.0,0.0,0.0,1.0,0.0,0.0,0,0,0,0,0,0
2026-07-17 23:27:00,BR-Whitefield,0.0,0.0,0.0,1.0,0.0,0.0,0,0,0,0,0,0
2026-07-17 23:28:00,HO-Chennai,0.0,0.0,0.0,1.0,0.0,0.0,0,0,0,0,0,0
2026-07-17 23:28:00,ZO-Bengaluru,0.0,0.0,0.0,1.0,0.0,0.0,0,0,0,0,0,0
2026-07-17 23:28:00,BR-Koramangala,0.0,0.0,0.0,1.0,0.0,0.0,0,0,0,0,0,0
2026-07-17 23:28:00,BR-Whitefield,0.0,0.0,0.0,1.0,0.0,0.0,0,0,0,0,0,0
2026-07-17 23:29:00,HO-Chennai,0.0,0.0,0.0,1.0,0.0,0.0,0,0,0,0,0,0
2026-07-17 23:29:00,ZO-Bengaluru,0.0,0.0,0.0,1.0,0.0,0.0,0,0,0,0,0,0
2026-07-17 23:29:00,BR-Koramangala,0.0,0.0,0.0,1.0,0.0,0.0,0,0,0,0,0,0
2026-07-17 23:29:00,BR-Whitefield,0.0,0.0,0.0,1.0,0.0,0.0,0,0,0,0,0,0
2026-07-17 23:30:00,HO-Chennai,0.0,0.0,0.0,1.0,0.0,0.0,0,0,0,0,0,0
2026-07-17 23:30:00,ZO-Bengaluru,0.0,0.0,0.0,1.0,0.0,0.0,0,0,0,0,0,0
2026-07-17 23:30:00,BR-Koramangala,0.0,0.0,0.0,1.0,0.0,0.0,0,0,0,0,0,0
2026-07-17 23:30:00,BR-Whitefield,0.0,0.0,0.0,1.0,0.0,0.0,0,0,0,0,0,0
2026-07-17 23:31:00,HO-Chennai,0.0,0.0,0.0,1.0,0.0,0.0,0,0,0,0,0,0
2026-07-17 23:31:00,ZO-Bengaluru,0.0,0.0,0.0,1.0,0.0,0.0,0,0,0,0,0,0
2026-07-17 23:31:00,BR-Koramangala,0.0,0.0,0.0,1.0,0.0,0.0,0,0,0,0,0,0
2026-07-17 23:31:00,BR-Whitefield,0.0,0.0,0.0,1.0,0.0,0.0,0,0,0,0,0,0
2026-07-17 23:32:00,HO-Chennai,0.0,0.0,0.0,1.0,0.0,0.0,0,0,0,0,0,0
2026-07-17 23:32:00,ZO-Bengaluru,0.0,0.0,0.0,1.0,0.0,0.0,0,0,0,0,0,0
2026-07-17 23:32:00,BR-Koramangala,0.0,0.0,0.0,1.0,0.0,0.0,0,0,0,0,0,0
2026-07-17 23:32:00,BR-Whitefield,0.0,0.0,0.0,1.0,0.0,0.0,0,0,0,0,0,0
2026-07-17 23:33:00,HO-Chennai,0.0,0.0,0.0,1.0,0.0,0.0,0,0,0,0,0,0
2026-07-17 23:33:00,ZO-Bengaluru,0.0,0.0,0.0,1.0,0.0,0.0,0,0,0,0,0,0
2026-07-17 23:33:00,BR-Koramangala,0.0,0.0,0.0,1.0,0.0,0.0,0,0,0,0,0,0
2026-07-17 23:33:00,BR-Whitefield,0.0,0.0,0.0,1.0,0.0,0.0,0,0,0,0,0,0
2026-07-17 23:34:00,HO-Chennai,0.0,0.0,0.0,1.0,0.0,0.0,0,0,0,0,0,0
2026-07-17 23:34:00,ZO-Bengaluru,0.0,0.0,0.0,1.0,0.0,0.0,0,0,0,0,0,0
2026-07-17 23:34:00,BR-Koramangala,0.0,0.0,0.0,1.0,0.0,0.0,0,0,0,0,0,0
2026-07-17 23:34:00,BR-Whitefield,0.0,0.0,0.0,1.0,0.0,0.0,0,0,0,0,0,0
2026-07-17 23:35:00,HO-Chennai,0.0,0.0,0.0,1.0,0.0,0.0,0,0,0,0,0,0
2026-07-17 23:35:00,ZO-Bengaluru,0.0,0.0,0.0,1.0,0.0,0.0,0,0,0,0,0,0
2026-07-17 23:35:00,BR-Koramangala,0.0,0.0,0.0,1.0,0.0,0.0,0,0,0,0,0,0
2026-07-17 23:35:00,BR-Whitefield,0.0,0.0,0.0,1.0,0.0,0.0,0,0,0,0,0,0
2026-07-17 23:36:00,HO-Chennai,0.0,0.0,0.0,1.0,0.0,0.0,0,0,0,0,0,0
2026-07-17 23:36:00,ZO-Bengaluru,0.0,0.0,0.0,1.0,0.0,0.0,0,0,0,0,0,0
2026-07-17 23:36:00,BR-Koramangala,0.0,0.0,0.0,1.0,0.0,0.0,0,0,0,0,0,0
2026-07-17 23:36:00,BR-Whitefield,0.0,0.0,0.0,1.0,0.0,0.0,0,0,0,0,0,0
2026-07-17 23:37:00,HO-Chennai,0.0,0.0,0.0,1.0,0.0,0.0,0,0,0,0,0,0
2026-07-17 23:37:00,ZO-Bengaluru,0.0,0.0,0.0,1.0,0.0,0.0,0,0,0,0,0,0
2026-07-17 23:37:00,BR-Koramangala,0.0,0.0,0.0,1.0,0.0,0.0,0,0,0,0,0,0
2026-07-17 23:37:00,BR-Whitefield,0.0,0.0,0.0,1.0,0.0,0.0,0,0,0,0,0,0
2026-07-17 23:38:00,HO-Chennai,0.0,0.0,0.0,1.0,0.0,0.0,0,0,0,0,0,0
2026-07-17 23:38:00,ZO-Bengaluru,0.0,0.0,0.0,1.0,0.0,0.0,0,0,0,0,0,0
2026-07-17 23:38:00,BR-Koramangala,0.0,0.0,0.0,1.0,0.0,0.0,0,0,0,0,0,0
2026-07-17 23:38:00,BR-Whitefield,0.0,0.0,0.0,1.0,0.0,0.0,0,0,0,0,0,0
2026-07-17 23:39:00,HO-Chennai,0.0,0.0,0.0,1.0,0.0,0.0,0,0,0,0,0,0
2026-07-17 23:39:00,ZO-Bengaluru,0.0,0.0,0.0,1.0,0.0,0.0,0,0,0,0,0,0
2026-07-17 23:39:00,BR-Koramangala,0.0,0.0,0.0,1.0,0.0,0.0,0,0,0,0,0,0
2026-07-17 23:39:00,BR-Whitefield,0.0,0.0,0.0,1.0,0.0,0.0,0,0,0,0,0,0
2026-07-17 23:40:00,HO-Chennai,0.0,0.0,0.0,1.0,0.0,0.0,0,0,0,0,0,0
2026-07-17 23:40:00,ZO-Bengaluru,0.0,0.0,0.0,1.0,0.0,0.0,0,0,0,0,0,0
2026-07-17 23:40:00,BR-Koramangala,0.0,0.0,0.0,1.0,0.0,0.0,0,0,0,0,0,0
2026-07-17 23:40:00,BR-Whitefield,0.0,0.0,0.0,1.0,0.0,0.0,0,0,0,0,0,0
2026-07-17 23:41:00,HO-Chennai,0.0,0.0,0.0,1.0,0.0,0.0,0,0,0,0,0,0
2026-07-17 23:41:00,ZO-Bengaluru,0.0,0.0,0.0,1.0,0.0,0.0,0,0,0,0,0,0
2026-07-17 23:41:00,BR-Koramangala,0.0,0.0,0.0,1.0,0.0,0.0,0,0,0,0,0,0
2026-07-17 23:41:00,BR-Whitefield,0.0,0.0,0.0,1.0,0.0,0.0,0,0,0,0,0,0
2026-07-17 23:42:00,HO-Chennai,0.0,0.0,0.0,1.0,0.0,0.0,0,0,0,0,0,0
2026-07-17 23:42:00,ZO-Bengaluru,0.0,0.0,0.0,1.0,0.0,0.0,0,0,0,0,0,0
2026-07-17 23:42:00,BR-Koramangala,0.0,0.0,0.0,1.0,0.0,0.0,0,0,0,0,0,0
2026-07-17 23:42:00,BR-Whitefield,0.0,0.0,0.0,1.0,0.0,0.0,0,0,0,0,0,0
2026-07-17 23:43:00,HO-Chennai,0.0,0.0,0.0,1.0,0.0,0.0,0,0,0,0,0,0
2026-07-17 23:43:00,ZO-Bengaluru,0.0,0.0,0.0,1.0,0.0,0.0,0,0,0,0,0,0
2026-07-17 23:43:00,BR-Koramangala,0.0,0.0,0.0,1.0,0.0,0.0,0,0,0,0,0,0
2026-07-17 23:43:00,BR-Whitefield,0.0,0.0,0.0,1.0,0.0,0.0,0,0,0,0,0,0
2026-07-17 23:44:00,HO-Chennai,0.0,0.0,0.0,1.0,0.0,0.0,0,0,0,0,0,0
2026-07-17 23:44:00,ZO-Bengaluru,0.0,0.0,0.0,1.0,0.0,0.0,0,0,0,0,0,0
2026-07-17 23:44:00,BR-Koramangala,0.0,0.0,0.0,1.0,0.0,0.0,0,0,0,0,0,0
2026-07-17 23:44:00,BR-Whitefield,0.0,0.0,0.0,1.0,0.0,0.0,0,0,0,0,0,0
2026-07-17 23:45:00,HO-Chennai,0.0,0.0,0.0,1.0,0.0,0.0,0,0,0,0,0,0
2026-07-17 23:45:00,ZO-Bengaluru,0.0,0.0,0.0,1.0,0.0,0.0,0,0,0,0,0,0
2026-07-17 23:45:00,BR-Koramangala,0.0,0.0,0.0,1.0,0.0,0.0,0,0,0,0,0,0
2026-07-17 23:45:00,BR-Whitefield,0.0,0.0,0.0,1.0,0.0,0.0,0,0,0,0,0,0
2026-07-17 23:46:00,HO-Chennai,0.0,0.0,0.0,1.0,0.0,0.0,0,0,0,0,0,0
2026-07-17 23:46:00,ZO-Bengaluru,0.0,0.0,0.0,1.0,0.0,0.0,0,0,0,0,0,0
2026-07-17 23:46:00,BR-Koramangala,0.0,0.0,0.0,1.0,0.0,0.0,0,0,0,0,0,0
2026-07-17 23:46:00,BR-Whitefield,0.0,0.0,0.0,1.0,0.0,0.0,0,0,0,0,0,0
2026-07-17 23:47:00,HO-Chennai,0.0,0.0,0.0,1.0,0.0,0.0,0,0,0,0,0,0
2026-07-17 23:47:00,ZO-Bengaluru,0.0,0.0,0.0,1.0,0.0,0.0,0,0,0,0,0,0
2026-07-17 23:47:00,BR-Koramangala,0.0,0.0,0.0,1.0,0.0,0.0,0,0,0,0,0,0
2026-07-17 23:47:00,BR-Whitefield,0.0,0.0,0.0,1.0,0.0,0.0,0,0,0,0,0,0
2026-07-17 23:48:00,HO-Chennai,0.0,0.0,0.0,1.0,0.0,0.0,0,0,0,0,0,0
2026-07-17 23:48:00,ZO-Bengaluru,0.0,0.0,0.0,1.0,0.0,0.0,0,0,0,0,0,0
2026-07-17 23:48:00,BR-Koramangala,0.0,0.0,0.0,1.0,0.0,0.0,0,0,0,0,0,0
2026-07-17 23:48:00,BR-Whitefield,0.0,0.0,0.0,1.0,0.0,0.0,0,0,0,0,0,0
2026-07-17 23:49:00,HO-Chennai,0.0,0.0,0.0,1.0,0.0,0.0,0,0,0,0,0,0
2026-07-17 23:49:00,ZO-Bengaluru,0.0,0.0,0.0,1.0,0.0,0.0,0,0,0,0,0,0
2026-07-17 23:49:00,BR-Koramangala,0.0,0.0,0.0,1.0,0.0,0.0,0,0,0,0,0,0
2026-07-17 23:49:00,BR-Whitefield,0.0,0.0,0.0,1.0,0.0,0.0,0,0,0,0,0,0
2026-07-17 23:50:00,HO-Chennai,0.0,0.0,0.0,1.0,0.0,0.0,0,0,0,0,0,0
2026-07-17 23:50:00,ZO-Bengaluru,0.0,0.0,0.0,1.0,0.0,0.0,0,0,0,0,0,0
2026-07-17 23:50:00,BR-Koramangala,0.0,0.0,0.0,1.0,0.0,0.0,0,0,0,0,0,0
2026-07-17 23:50:00,BR-Whitefield,0.0,0.0,0.0,1.0,0.0,0.0,0,0,0,0,0,0
2026-07-17 23:51:00,HO-Chennai,0.0,0.0,0.0,1.0,0.0,0.0,0,0,0,0,0,0
2026-07-17 23:51:00,ZO-Bengaluru,0.0,0.0,0.0,1.0,0.0,0.0,0,0,0,0,0,0
2026-07-17 23:51:00,BR-Koramangala,0.0,0.0,0.0,1.0,0.0,0.0,0,0,0,0,0,0
2026-07-17 23:51:00,BR-Whitefield,0.0,0.0,0.0,1.0,0.0,0.0,0,0,0,0,0,0
2026-07-17 23:52:00,HO-Chennai,0.0,0.0,0.0,1.0,0.0,0.0,0,0,0,0,0,0
2026-07-17 23:52:00,ZO-Bengaluru,0.0,0.0,0.0,1.0,0.0,0.0,0,0,0,0,0,0
2026-07-17 23:52:00,BR-Koramangala,0.0,0.0,0.0,1.0,0.0,0.0,0,0,0,0,0,0
2026-07-17 23:52:00,BR-Whitefield,0.0,0.0,0.0,1.0,0.0,0.0,0,0,0,0,0,0
2026-07-17 23:53:00,HO-Chennai,0.0,0.0,0.0,1.0,0.0,0.0,0,0,0,0,0,0
2026-07-17 23:53:00,ZO-Bengaluru,0.0,0.0,0.0,1.0,0.0,0.0,0,0,0,0,0,0
2026-07-17 23:53:00,BR-Koramangala,0.0,0.0,0.0,1.0,0.0,0.0,0,0,0,0,0,0
2026-07-17 23:53:00,BR-Whitefield,0.0,0.0,0.0,1.0,0.0,0.0,0,0,0,0,0,0
2026-07-17 23:54:00,HO-Chennai,0.0,0.0,0.0,1.0,0.0,0.0,0,0,0,0,0,0
2026-07-17 23:54:00,ZO-Bengaluru,0.0,0.0,0.0,1.0,0.0,0.0,0,0,0,0,0,0
2026-07-17 23:54:00,BR-Koramangala,0.0,0.0,0.0,1.0,0.0,0.0,0,0,0,0,0,0
2026-07-17 23:54:00,BR-Whitefield,0.0,0.0,0.0,1.0,0.0,0.0,0,0,0,0,0,0
2026-07-17 23:55:00,HO-Chennai,0.0,0.0,0.0,1.0,0.0,0.0,0,0,0,0,0,0
2026-07-17 23:55:00,ZO-Bengaluru,0.0,0.0,0.0,1.0,0.0,0.0,0,0,0,0,0,0
2026-07-17 23:55:00,BR-Koramangala,0.0,0.0,0.0,1.0,0.0,0.0,0,0,0,0,0,0
2026-07-17 23:55:00,BR-Whitefield,0.0,0.0,0.0,1.0,0.0,0.0,0,0,0,0,0,0
2026-07-17 23:56:00,HO-Chennai,0.0,0.0,0.0,1.0,0.0,0.0,0,0,0,0,0,0
2026-07-17 23:56:00,ZO-Bengaluru,0.0,0.0,0.0,1.0,0.0,0.0,0,0,0,0,0,0
2026-07-17 23:56:00,BR-Koramangala,0.0,0.0,0.0,1.0,0.0,0.0,0,0,0,0,0,0
2026-07-17 23:56:00,BR-Whitefield,0.0,0.0,0.0,1.0,0.0,0.0,0,0,0,0,0,0
2026-07-17 23:57:00,HO-Chennai,0.0,0.0,0.0,1.0,0.0,0.0,0,0,0,0,0,0
2026-07-17 23:57:00,ZO-Bengaluru,0.0,0.0,0.0,1.0,0.0,0.0,0,0,0,0,0,0
2026-07-17 23:57:00,BR-Koramangala,0.0,0.0,0.0,1.0,0.0,0.0,0,0,0,0,0,0
2026-07-17 23:57:00,BR-Whitefield,0.0,0.0,0.0,1.0,0.0,0.0,0,0,0,0,0,0
2026-07-17 23:58:00,HO-Chennai,0.0,0.0,0.0,1.0,0.0,0.0,0,0,0,0,0,0
2026-07-17 23:58:00,ZO-Bengaluru,0.0,0.0,0.0,1.0,0.0,0.0,0,0,0,0,0,0
2026-07-17 23:58:00,BR-Koramangala,0.0,0.0,0.0,1.0,0.0,0.0,0,0,0,0,0,0
2026-07-17 23:58:00,BR-Whitefield,0.0,0.0,0.0,1.0,0.0,0.0,0,0,0,0,0,0
2026-07-17 23:59:00,HO-Chennai,0.0,0.0,0.0,1.0,0.0,0.0,0,0,0,0,0,0
2026-07-17 23:59:00,ZO-Bengaluru,0.0,0.0,0.0,1.0,0.0,0.0,0,0,0,0,0,0
2026-07-17 23:59:00,BR-Koramangala,0.0,0.0,0.0,1.0,0.0,0.0,0,0,0,0,0,0
2026-07-17 23:59:00,BR-Whitefield,0.0,0.0,0.0,1.0,0.0,0.0,0,0,0,0,0,0
2026-07-18 00:00:00,HO-Chennai,0.0,0.0,0.0,1.0,0.0,0.0,0,0,0,0,0,0
2026-07-18 00:00:00,ZO-Bengaluru,0.0,0.0,0.0,1.0,0.0,0.0,0,0,0,0,0,0
2026-07-18 00:00:00,BR-Koramangala,0.0,0.0,0.0,1.0,0.0,0.0,0,0,0,0,0,0
2026-07-18 00:00:00,BR-Whitefield,0.0,0.0,0.0,1.0,0.0,0.0,0,0,0,0,0,0
2026-07-18 00:01:00,HO-Chennai,0.0,0.0,0.0,1.0,0.0,0.0,0,0,0,0,0,0
2026-07-18 00:01:00,ZO-Bengaluru,0.0,0.0,0.0,1.0,0.0,0.0,0,0,0,0,0,0
2026-07-18 00:01:00,BR-Koramangala,0.0,0.0,0.0,1.0,0.0,0.0,0,0,0,0,0,0
2026-07-18 00:01:00,BR-Whitefield,0.0,0.0,0.0,1.0,0.0,0.0,0,0,0,0,0,0
2026-07-18 00:02:00,HO-Chennai,0.0,0.0,0.0,1.0,0.0,0.0,0,0,0,0,0,0
2026-07-18 00:02:00,ZO-Bengaluru,0.0,0.0,0.0,1.0,0.0,0.0,0,0,0,0,0,0
2026-07-18 00:02:00,BR-Koramangala,0.0,0.0,0.0,1.0,0.0,0.0,0,0,0,0,0,0
2026-07-18 00:02:00,BR-Whitefield,0.0,0.0,0.0,1.0,0.0,0.0,0,0,0,0,0,0
2026-07-18 00:03:00,HO-Chennai,0.0,0.0,0.0,1.0,0.0,0.0,0,0,0,0,0,0
2026-07-18 00:03:00,ZO-Bengaluru,0.0,0.0,0.0,1.0,0.0,0.0,0,0,0,0,0,0
2026-07-18 00:03:00,BR-Koramangala,0.0,0.0,0.0,1.0,0.0,0.0,0,0,0,0,0,0
2026-07-18 00:03:00,BR-Whitefield,0.0,0.0,0.0,1.0,0.0,0.0,0,0,0,0,0,0
2026-07-18 00:04:00,HO-Chennai,0.0,0.0,0.0,1.0,0.0,0.0,0,0,0,0,0,0
2026-07-18 00:04:00,ZO-Bengaluru,0.0,0.0,0.0,1.0,0.0,0.0,0,0,0,0,0,0
2026-07-18 00:04:00,BR-Koramangala,0.0,0.0,0.0,1.0,0.0,0.0,0,0,0,0,0,0
2026-07-18 00:04:00,BR-Whitefield,0.0,0.0,0.0,1.0,0.0,0.0,0,0,0,0,0,0
2026-07-18 00:05:00,HO-Chennai,0.0,0.0,0.0,1.0,0.0,0.0,0,0,0,0,0,0
2026-07-18 00:05:00,ZO-Bengaluru,0.0,0.0,0.0,1.0,0.0,0.0,0,0,0,0,0,0
2026-07-18 00:05:00,BR-Koramangala,0.0,0.0,0.0,1.0,0.0,0.0,0,0,0,0,0,0
2026-07-18 00:05:00,BR-Whitefield,0.0,0.0,0.0,1.0,0.0,0.0,0,0,0,0,0,0
2026-07-18 00:06:00,HO-Chennai,0.0,0.0,0.0,1.0,0.0,0.0,0,0,0,0,0,0
2026-07-18 00:06:00,ZO-Bengaluru,0.0,0.0,0.0,1.0,0.0,0.0,0,0,0,0,0,0
2026-07-18 00:06:00,BR-Koramangala,0.0,0.0,0.0,1.0,0.0,0.0,0,0,0,0,0,0
2026-07-18 00:06:00,BR-Whitefield,0.0,0.0,0.0,1.0,0.0,0.0,0,0,0,0,0,0
2026-07-18 00:07:00,HO-Chennai,0.0,0.0,0.0,1.0,0.0,0.0,0,0,0,0,0,0
2026-07-18 00:07:00,ZO-Bengaluru,0.0,0.0,0.0,1.0,0.0,0.0,0,0,0,0,0,0
2026-07-18 00:07:00,BR-Koramangala,0.0,0.0,0.0,1.0,0.0,0.0,0,0,0,0,0,0
2026-07-18 00:07:00,BR-Whitefield,0.0,0.0,0.0,1.0,0.0,0.0,0,0,0,0,0,0
2026-07-18 00:08:00,HO-Chennai,0.0,0.0,0.0,1.0,0.0,0.0,0,0,0,0,0,0
2026-07-18 00:08:00,ZO-Bengaluru,0.0,0.0,0.0,1.0,0.0,0.0,0,0,0,0,0,0
2026-07-18 00:08:00,BR-Koramangala,0.0,0.0,0.0,1.0,0.0,0.0,0,0,0,0,0,0
2026-07-18 00:08:00,BR-Whitefield,0.0,0.0,0.0,1.0,0.0,0.0,0,0,0,0,0,0
2026-07-18 00:09:00,HO-Chennai,0.0,0.0,0.0,1.0,0.0,0.0,0,0,0,0,0,0
2026-07-18 00:09:00,ZO-Bengaluru,0.0,0.0,0.0,1.0,0.0,0.0,0,0,0,0,0,0
2026-07-18 00:09:00,BR-Koramangala,0.0,0.0,0.0,1.0,0.0,0.0,0,0,0,0,0,0
2026-07-18 00:09:00,BR-Whitefield,0.0,0.0,0.0,1.0,0.0,0.0,0,0,0,0,0,0
2026-07-18 00:10:00,HO-Chennai,0.0,0.0,0.0,1.0,0.0,0.0,0,0,0,0,0,0
2026-07-18 00:10:00,ZO-Bengaluru,0.0,0.0,0.0,1.0,0.0,0.0,0,0,0,0,0,0
2026-07-18 00:10:00,BR-Koramangala,0.0,0.0,0.0,1.0,0.0,0.0,0,0,0,0,0,0
2026-07-18 00:10:00,BR-Whitefield,0.0,0.0,0.0,1.0,0.0,0.0,0,0,0,0,0,0
2026-07-18 00:11:00,HO-Chennai,0.0,0.0,0.0,1.0,0.0,0.0,0,0,0,0,0,0
2026-07-18 00:11:00,ZO-Bengaluru,0.0,0.0,0.0,1.0,0.0,0.0,0,0,0,0,0,0
2026-07-18 00:11:00,BR-Koramangala,0.0,0.0,0.0,1.0,0.0,0.0,0,0,0,0,0,0
2026-07-18 00:11:00,BR-Whitefield,0.0,0.0,0.0,1.0,0.0,0.0,0,0,0,0,0,0
2026-07-18 00:12:00,HO-Chennai,0.0,0.0,0.0,1.0,0.0,0.0,0,0,0,0,0,0
2026-07-18 00:12:00,ZO-Bengaluru,0.0,0.0,0.0,1.0,0.0,0.0,0,0,0,0,0,0
2026-07-18 00:12:00,BR-Koramangala,0.0,0.0,0.0,1.0,0.0,0.0,0,0,0,0,0,0
2026-07-18 00:12:00,BR-Whitefield,0.0,0.0,0.0,1.0,0.0,0.0,0,0,0,0,0,0
2026-07-18 00:13:00,HO-Chennai,0.0,0.0,0.0,1.0,0.0,0.0,0,0,0,0,0,0
2026-07-18 00:13:00,ZO-Bengaluru,0.0,0.0,0.0,1.0,0.0,0.0,0,0,0,0,0,0
2026-07-18 00:13:00,BR-Koramangala,0.0,0.0,0.0,1.0,0.0,0.0,0,0,0,0,0,0
2026-07-18 00:13:00,BR-Whitefield,0.0,0.0,0.0,1.0,0.0,0.0,0,0,0,0,0,0
2026-07-18 00:14:00,HO-Chennai,0.0,0.0,0.0,1.0,0.0,0.0,0,0,0,0,0,0
2026-07-18 00:14:00,ZO-Bengaluru,0.0,0.0,0.0,1.0,0.0,0.0,0,0,0,0,0,0
2026-07-18 00:14:00,BR-Koramangala,0.0,0.0,0.0,1.0,0.0,0.0,0,0,0,0,0,0
2026-07-18 00:14:00,BR-Whitefield,0.0,0.0,0.0,1.0,0.0,0.0,0,0,0,0,0,0
2026-07-18 00:15:00,HO-Chennai,0.0,0.0,0.0,1.0,0.0,0.0,0,0,0,0,0,0
2026-07-18 00:15:00,ZO-Bengaluru,0.0,0.0,0.0,1.0,0.0,0.0,0,0,0,0,0,0
2026-07-18 00:15:00,BR-Koramangala,0.0,0.0,0.0,1.0,0.0,0.0,0,0,0,0,0,0
2026-07-18 00:15:00,BR-Whitefield,0.0,0.0,0.0,1.0,0.0,0.0,0,0,0,0,0,0
2026-07-18 00:16:00,HO-Chennai,0.0,0.0,0.0,1.0,0.0,0.0,0,0,0,0,0,0
2026-07-18 00:16:00,ZO-Bengaluru,0.0,0.0,0.0,1.0,0.0,0.0,0,0,0,0,0,0
2026-07-18 00:16:00,BR-Koramangala,0.0,0.0,0.0,1.0,0.0,0.0,0,0,0,0,0,0
2026-07-18 00:16:00,BR-Whitefield,0.0,0.0,0.0,1.0,0.0,0.0,0,0,0,0,0,0
2026-07-18 00:17:00,HO-Chennai,0.0,0.0,0.0,1.0,0.0,0.0,0,0,0,0,0,0
2026-07-18 00:17:00,ZO-Bengaluru,0.0,0.0,0.0,1.0,0.0,0.0,0,0,0,0,0,0
2026-07-18 00:17:00,BR-Koramangala,0.0,0.0,0.0,1.0,0.0,0.0,0,0,0,0,0,0
2026-07-18 00:17:00,BR-Whitefield,0.0,0.0,0.0,1.0,0.0,0.0,0,0,0,0,0,0
2026-07-18 00:18:00,HO-Chennai,0.0,0.0,0.0,1.0,0.0,0.0,0,0,0,0,0,0
2026-07-18 00:18:00,ZO-Bengaluru,0.0,0.0,0.0,1.0,0.0,0.0,0,0,0,0,0,0
2026-07-18 00:18:00,BR-Koramangala,0.0,0.0,0.0,1.0,0.0,0.0,0,0,0,0,0,0
2026-07-18 00:18:00,BR-Whitefield,0.0,0.0,0.0,1.0,0.0,0.0,0,0,0,0,0,0
2026-07-18 00:19:00,HO-Chennai,0.0,0.0,0.0,1.0,0.0,0.0,0,0,0,0,0,0
2026-07-18 00:19:00,ZO-Bengaluru,0.0,0.0,0.0,1.0,0.0,0.0,0,0,0,0,0,0
2026-07-18 00:19:00,BR-Koramangala,0.0,0.0,0.0,1.0,0.0,0.0,0,0,0,0,0,0
2026-07-18 00:19:00,BR-Whitefield,0.0,0.0,0.0,1.0,0.0,0.0,0,0,0,0,0,0
2026-07-18 00:20:00,HO-Chennai,0.0,0.0,0.0,1.0,0.0,0.0,0,0,0,0,0,0
2026-07-18 00:20:00,ZO-Bengaluru,0.0,0.0,0.0,1.0,0.0,0.0,0,0,0,0,0,0
2026-07-18 00:20:00,BR-Koramangala,0.0,0.0,0.0,1.0,0.0,0.0,0,0,0,0,0,0
2026-07-18 00:20:00,BR-Whitefield,0.0,0.0,0.0,1.0,0.0,0.0,0,0,0,0,0,0
2026-07-18 00:21:00,HO-Chennai,0.0,0.0,0.0,1.0,0.0,0.0,0,0,0,0,0,0
2026-07-18 00:21:00,ZO-Bengaluru,0.0,0.0,0.0,1.0,0.0,0.0,0,0,0,0,0,0
2026-07-18 00:21:00,BR-Koramangala,0.0,0.0,0.0,1.0,0.0,0.0,0,0,0,0,0,0
2026-07-18 00:21:00,BR-Whitefield,0.0,0.0,0.0,1.0,0.0,0.0,0,0,0,0,0,0
2026-07-18 00:22:00,HO-Chennai,0.0,0.0,0.0,1.0,0.0,0.0,0,0,0,0,0,0
2026-07-18 00:22:00,ZO-Bengaluru,0.0,0.0,0.0,1.0,0.0,0.0,0,0,0,0,0,0
2026-07-18 00:22:00,BR-Koramangala,0.0,0.0,0.0,1.0,0.0,0.0,0,0,0,0,0,0
2026-07-18 00:22:00,BR-Whitefield,0.0,0.0,0.0,1.0,0.0,0.0,0,0,0,0,0,0
2026-07-18 00:23:00,HO-Chennai,0.0,0.0,0.0,1.0,0.0,0.0,0,0,0,0,0,0
2026-07-18 00:23:00,ZO-Bengaluru,0.0,0.0,0.0,1.0,0.0,0.0,0,0,0,0,0,0
2026-07-18 00:23:00,BR-Koramangala,0.0,0.0,0.0,1.0,0.0,0.0,0,0,0,0,0,0
2026-07-18 00:23:00,BR-Whitefield,0.0,0.0,0.0,1.0,0.0,0.0,0,0,0,0,0,0
2026-07-18 00:24:00,HO-Chennai,0.0,0.0,0.0,1.0,0.0,0.0,0,0,0,0,0,0
2026-07-18 00:24:00,ZO-Bengaluru,0.0,0.0,0.0,1.0,0.0,0.0,0,0,0,0,0,0
2026-07-18 00:24:00,BR-Koramangala,0.0,0.0,0.0,1.0,0.0,0.0,0,0,0,0,0,0
2026-07-18 00:24:00,BR-Whitefield,0.0,0.0,0.0,1.0,0.0,0.0,0,0,0,0,0,0
2026-07-18 00:25:00,HO-Chennai,0.0,0.0,0.0,1.0,0.0,0.0,0,0,0,0,0,0
2026-07-18 00:25:00,ZO-Bengaluru,0.0,0.0,0.0,1.0,0.0,0.0,0,0,0,0,0,0
2026-07-18 00:25:00,BR-Koramangala,0.0,0.0,0.0,1.0,0.0,0.0,0,0,0,0,0,0
2026-07-18 00:25:00,BR-Whitefield,0.0,0.0,0.0,1.0,0.0,0.0,0,0,0,0,0,0
2026-07-18 00:26:00,HO-Chennai,0.0,0.0,0.0,1.0,0.0,0.0,0,0,0,0,0,0
2026-07-18 00:26:00,ZO-Bengaluru,0.0,0.0,0.0,1.0,0.0,0.0,0,0,0,0,0,0
2026-07-18 00:26:00,BR-Koramangala,0.0,0.0,0.0,1.0,0.0,0.0,0,0,0,0,0,0
2026-07-18 00:26:00,BR-Whitefield,0.0,0.0,0.0,1.0,0.0,0.0,0,0,0,0,0,0
2026-07-18 00:27:00,HO-Chennai,0.0,0.0,0.0,1.0,0.0,0.0,0,0,0,0,0,0
2026-07-18 00:27:00,ZO-Bengaluru,0.0,0.0,0.0,1.0,0.0,0.0,0,0,0,0,0,0
2026-07-18 00:27:00,BR-Koramangala,0.0,0.0,0.0,1.0,0.0,0.0,0,0,0,0,0,0
2026-07-18 00:27:00,BR-Whitefield,0.0,0.0,0.0,1.0,0.0,0.0,0,0,0,0,0,0
2026-07-18 00:28:00,HO-Chennai,0.0,0.0,0.0,1.0,0.0,0.0,0,0,0,0,0,0
2026-07-18 00:28:00,ZO-Bengaluru,0.0,0.0,0.0,1.0,0.0,0.0,0,0,0,0,0,0
2026-07-18 00:28:00,BR-Koramangala,0.0,0.0,0.0,1.0,0.0,0.0,0,0,0,0,0,0
2026-07-18 00:28:00,BR-Whitefield,0.0,0.0,0.0,1.0,0.0,0.0,0,0,0,0,0,0
2026-07-18 00:29:00,HO-Chennai,0.0,0.0,0.0,1.0,0.0,0.0,0,0,0,0,0,0
2026-07-18 00:29:00,ZO-Bengaluru,0.0,0.0,0.0,1.0,0.0,0.0,0,0,0,0,0,0
2026-07-18 00:29:00,BR-Koramangala,0.0,0.0,0.0,1.0,0.0,0.0,0,0,0,0,0,0
2026-07-18 00:29:00,BR-Whitefield,0.0,0.0,0.0,1.0,0.0,0.0,0,0,0,0,0,0
2026-07-18 00:30:00,HO-Chennai,0.0,0.0,0.0,1.0,0.0,0.0,0,0,0,0,0,0
2026-07-18 00:30:00,ZO-Bengaluru,0.0,0.0,0.0,1.0,0.0,0.0,0,0,0,0,0,0
2026-07-18 00:30:00,BR-Koramangala,0.0,0.0,0.0,1.0,0.0,0.0,0,0,0,0,0,0
2026-07-18 00:30:00,BR-Whitefield,0.0,0.0,0.0,1.0,0.0,0.0,0,0,0,0,0,0
2026-07-18 00:31:00,HO-Chennai,0.0,0.0,0.0,1.0,0.0,0.0,0,0,0,0,0,0
2026-07-18 00:31:00,ZO-Bengaluru,0.0,0.0,0.0,1.0,0.0,0.0,0,0,0,0,0,0
2026-07-18 00:31:00,BR-Koramangala,0.0,0.0,0.0,1.0,0.0,0.0,0,0,0,0,0,0
2026-07-18 00:31:00,BR-Whitefield,0.0,0.0,0.0,1.0,0.0,0.0,0,0,0,0,0,0
2026-07-18 00:32:00,HO-Chennai,0.0,0.0,0.0,1.0,0.0,0.0,0,0,0,0,0,0
2026-07-18 00:32:00,ZO-Bengaluru,0.0,0.0,0.0,1.0,0.0,0.0,0,0,0,0,0,0
2026-07-18 00:32:00,BR-Koramangala,0.0,0.0,0.0,1.0,0.0,0.0,0,0,0,0,0,0
2026-07-18 00:32:00,BR-Whitefield,0.0,0.0,0.0,1.0,0.0,0.0,0,0,0,0,0,0
2026-07-18 00:33:00,HO-Chennai,0.0,0.0,0.0,1.0,0.0,0.0,0,0,0,0,0,0
2026-07-18 00:33:00,ZO-Bengaluru,0.0,0.0,0.0,1.0,0.0,0.0,0,0,0,0,0,0
2026-07-18 00:33:00,BR-Koramangala,0.0,0.0,0.0,1.0,0.0,0.0,0,0,0,0,0,0
2026-07-18 00:33:00,BR-Whitefield,0.0,0.0,0.0,1.0,0.0,0.0,0,0,0,0,0,0
2026-07-18 00:34:00,HO-Chennai,0.0,0.0,0.0,1.0,0.0,0.0,0,0,0,0,0,0
2026-07-18 00:34:00,ZO-Bengaluru,0.0,0.0,0.0,1.0,0.0,0.0,0,0,0,0,0,0
2026-07-18 00:34:00,BR-Koramangala,0.0,0.0,0.0,1.0,0.0,0.0,0,0,0,0,0,0
2026-07-18 00:34:00,BR-Whitefield,0.0,0.0,0.0,1.0,0.0,0.0,0,0,0,0,0,0
2026-07-18 00:35:00,HO-Chennai,0.0,0.0,0.0,1.0,0.0,0.0,0,0,0,0,0,0
2026-07-18 00:35:00,ZO-Bengaluru,0.0,0.0,0.0,1.0,0.0,0.0,0,0,0,0,0,0
2026-07-18 00:35:00,BR-Koramangala,0.0,0.0,0.0,1.0,0.0,0.0,0,0,0,0,0,0
2026-07-18 00:35:00,BR-Whitefield,0.0,0.0,0.0,1.0,0.0,0.0,0,0,0,0,0,0
2026-07-18 00:36:00,HO-Chennai,0.0,0.0,0.0,1.0,0.0,0.0,0,0,0,0,0,0
2026-07-18 00:36:00,ZO-Bengaluru,0.0,0.0,0.0,1.0,0.0,0.0,0,0,0,0,0,0
2026-07-18 00:36:00,BR-Koramangala,0.0,0.0,0.0,1.0,0.0,0.0,0,0,0,0,0,0
2026-07-18 00:36:00,BR-Whitefield,0.0,0.0,0.0,1.0,0.0,0.0,0,0,0,0,0,0
2026-07-18 00:37:00,HO-Chennai,0.0,0.0,0.0,1.0,0.0,0.0,0,0,0,0,0,0
2026-07-18 00:37:00,ZO-Bengaluru,0.0,0.0,0.0,1.0,0.0,0.0,0,0,0,0,0,0
2026-07-18 00:37:00,BR-Koramangala,0.0,0.0,0.0,1.0,0.0,0.0,0,0,0,0,0,0
2026-07-18 00:37:00,BR-Whitefield,0.0,0.0,0.0,1.0,0.0,0.0,0,0,0,0,0,0
2026-07-18 00:38:00,HO-Chennai,0.0,0.0,0.0,1.0,0.0,0.0,0,0,0,0,0,0
2026-07-18 00:38:00,ZO-Bengaluru,0.0,0.0,0.0,1.0,0.0,0.0,0,0,0,0,0,0
2026-07-18 00:38:00,BR-Koramangala,0.0,0.0,0.0,1.0,0.0,0.0,0,0,0,0,0,0
2026-07-18 00:38:00,BR-Whitefield,0.0,0.0,0.0,1.0,0.0,0.0,0,0,0,0,0,0
2026-07-18 00:39:00,HO-Chennai,0.0,0.0,0.0,1.0,0.0,0.0,0,0,0,0,0,0
2026-07-18 00:39:00,ZO-Bengaluru,0.0,0.0,0.0,1.0,0.0,0.0,0,0,0,0,0,0
2026-07-18 00:39:00,BR-Koramangala,0.0,0.0,0.0,1.0,0.0,0.0,0,0,0,0,0,0
2026-07-18 00:39:00,BR-Whitefield,0.0,0.0,0.0,1.0,0.0,0.0,0,0,0,0,0,0
2026-07-18 00:40:00,HO-Chennai,0.0,0.0,0.0,1.0,0.0,0.0,0,0,0,0,0,0
2026-07-18 00:40:00,ZO-Bengaluru,0.0,0.0,0.0,1.0,0.0,0.0,0,0,0,0,0,0
2026-07-18 00:40:00,BR-Koramangala,0.0,0.0,0.0,1.0,0.0,0.0,0,0,0,0,0,0
2026-07-18 00:40:00,BR-Whitefield,0.0,0.0,0.0,1.0,0.0,0.0,0,0,0,0,0,0
2026-07-18 00:41:00,HO-Chennai,0.0,0.0,0.0,1.0,0.0,0.0,0,0,0,0,0,0
2026-07-18 00:41:00,ZO-Bengaluru,0.0,0.0,0.0,1.0,0.0,0.0,0,0,0,0,0,0
2026-07-18 00:41:00,BR-Koramangala,0.0,0.0,0.0,1.0,0.0,0.0,0,0,0,0,0,0
2026-07-18 00:41:00,BR-Whitefield,0.0,0.0,0.0,1.0,0.0,0.0,0,0,0,0,0,0
2026-07-18 00:42:00,HO-Chennai,0.0,0.0,0.0,1.0,0.0,0.0,0,0,0,0,0,0
2026-07-18 00:42:00,ZO-Bengaluru,0.0,0.0,0.0,1.0,0.0,0.0,0,0,0,0,0,0
2026-07-18 00:42:00,BR-Koramangala,0.0,0.0,0.0,1.0,0.0,0.0,0,0,0,0,0,0
2026-07-18 00:42:00,BR-Whitefield,0.0,0.0,0.0,1.0,0.0,0.0,0,0,0,0,0,0
2026-07-18 00:43:00,HO-Chennai,0.0,0.0,0.0,1.0,0.0,0.0,0,0,0,0,0,0
2026-07-18 00:43:00,ZO-Bengaluru,0.0,0.0,0.0,1.0,0.0,0.0,0,0,0,0,0,0
2026-07-18 00:43:00,BR-Koramangala,0.0,0.0,0.0,1.0,0.0,0.0,0,0,0,0,0,0
2026-07-18 00:43:00,BR-Whitefield,0.0,0.0,0.0,1.0,0.0,0.0,0,0,0,0,0,0
2026-07-18 00:44:00,HO-Chennai,0.0,0.0,0.0,1.0,0.0,0.0,0,0,0,0,0,0
2026-07-18 00:44:00,ZO-Bengaluru,0.0,0.0,0.0,1.0,0.0,0.0,0,0,0,0,0,0
2026-07-18 00:44:00,BR-Koramangala,0.0,0.0,0.0,1.0,0.0,0.0,0,0,0,0,0,0
2026-07-18 00:44:00,BR-Whitefield,0.0,0.0,0.0,1.0,0.0,0.0,0,0,0,0,0,0
2026-07-18 00:45:00,HO-Chennai,0.0,0.0,0.0,1.0,0.0,0.0,0,0,0,0,0,0
2026-07-18 00:45:00,ZO-Bengaluru,0.0,0.0,0.0,1.0,0.0,0.0,0,0,0,0,0,0
2026-07-18 00:45:00,BR-Koramangala,0.0,0.0,0.0,1.0,0.0,0.0,0,0,0,0,0,0
2026-07-18 00:45:00,BR-Whitefield,0.0,0.0,0.0,1.0,0.0,0.0,0,0,0,0,0,0
2026-07-18 00:46:00,HO-Chennai,0.0,0.0,0.0,1.0,0.0,0.0,0,0,0,0,0,0
2026-07-18 00:46:00,ZO-Bengaluru,0.0,0.0,0.0,1.0,0.0,0.0,0,0,0,0,0,0
2026-07-18 00:46:00,BR-Koramangala,0.0,0.0,0.0,1.0,0.0,0.0,0,0,0,0,0,0
2026-07-18 00:46:00,BR-Whitefield,0.0,0.0,0.0,1.0,0.0,0.0,0,0,0,0,0,0
2026-07-18 00:47:00,HO-Chennai,0.0,0.0,0.0,1.0,0.0,0.0,0,0,0,0,0,0
2026-07-18 00:47:00,ZO-Bengaluru,0.0,0.0,0.0,1.0,0.0,0.0,0,0,0,0,0,0
2026-07-18 00:47:00,BR-Koramangala,0.0,0.0,0.0,1.0,0.0,0.0,0,0,0,0,0,0
2026-07-18 00:47:00,BR-Whitefield,0.0,0.0,0.0,1.0,0.0,0.0,0,0,0,0,0,0
2026-07-18 00:48:00,HO-Chennai,0.0,0.0,0.0,1.0,0.0,0.0,0,0,0,0,0,0
2026-07-18 00:48:00,ZO-Bengaluru,0.0,0.0,0.0,1.0,0.0,0.0,0,0,0,0,0,0
2026-07-18 00:48:00,BR-Koramangala,0.0,0.0,0.0,1.0,0.0,0.0,0,0,0,0,0,0
2026-07-18 00:48:00,BR-Whitefield,0.0,0.0,0.0,1.0,0.0,0.0,0,0,0,0,0,0
2026-07-18 00:49:00,HO-Chennai,0.0,0.0,0.0,1.0,0.0,0.0,0,0,0,0,0,0
2026-07-18 00:49:00,ZO-Bengaluru,0.0,0.0,0.0,1.0,0.0,0.0,0,0,0,0,0,0
2026-07-18 00:49:00,BR-Koramangala,0.0,0.0,0.0,1.0,0.0,0.0,0,0,0,0,0,0
2026-07-18 00:49:00,BR-Whitefield,0.0,0.0,0.0,1.0,0.0,0.0,0,0,0,0,0,0
2026-07-18 00:50:00,HO-Chennai,0.0,0.0,0.0,1.0,0.0,0.0,0,0,0,0,0,0
2026-07-18 00:50:00,ZO-Bengaluru,0.0,0.0,0.0,1.0,0.0,0.0,0,0,0,0,0,0
2026-07-18 00:50:00,BR-Koramangala,0.0,0.0,0.0,1.0,0.0,0.0,0,0,0,0,0,0
2026-07-18 00:50:00,BR-Whitefield,0.0,0.0,0.0,1.0,0.0,0.0,0,0,0,0,0,0
2026-07-18 00:51:00,HO-Chennai,0.0,0.0,0.0,1.0,0.0,0.0,0,0,0,0,0,0
2026-07-18 00:51:00,ZO-Bengaluru,0.0,0.0,0.0,1.0,0.0,0.0,0,0,0,0,0,0
2026-07-18 00:51:00,BR-Koramangala,0.0,0.0,0.0,1.0,0.0,0.0,0,0,0,0,0,0
2026-07-18 00:51:00,BR-Whitefield,0.0,0.0,0.0,1.0,0.0,0.0,0,0,0,0,0,0
2026-07-18 00:52:00,HO-Chennai,0.0,0.0,0.0,1.0,0.0,0.0,0,0,0,0,0,0
2026-07-18 00:52:00,ZO-Bengaluru,0.0,0.0,0.0,1.0,0.0,0.0,0,0,0,0,0,0
2026-07-18 00:52:00,BR-Koramangala,0.0,0.0,0.0,1.0,0.0,0.0,0,0,0,0,0,0
2026-07-18 00:52:00,BR-Whitefield,0.0,0.0,0.0,1.0,0.0,0.0,0,0,0,0,0,0
2026-07-18 00:53:00,HO-Chennai,0.0,0.0,0.0,1.0,0.0,0.0,0,0,0,0,0,0
2026-07-18 00:53:00,ZO-Bengaluru,0.0,0.0,0.0,1.0,0.0,0.0,0,0,0,0,0,0
2026-07-18 00:53:00,BR-Koramangala,0.0,0.0,0.0,1.0,0.0,0.0,0,0,0,0,0,0
2026-07-18 00:53:00,BR-Whitefield,0.0,0.0,0.0,1.0,0.0,0.0,0,0,0,0,0,0
2026-07-18 00:54:00,HO-Chennai,0.0,0.0,0.0,1.0,0.0,0.0,0,0,0,0,0,0
2026-07-18 00:54:00,ZO-Bengaluru,0.0,0.0,0.0,1.0,0.0,0.0,0,0,0,0,0,0
2026-07-18 00:54:00,BR-Koramangala,0.0,0.0,0.0,1.0,0.0,0.0,0,0,0,0,0,0
2026-07-18 00:54:00,BR-Whitefield,0.0,0.0,0.0,1.0,0.0,0.0,0,0,0,0,0,0
2026-07-18 00:55:00,HO-Chennai,0.0,0.0,0.0,1.0,0.0,0.0,0,0,0,0,0,0
2026-07-18 00:55:00,ZO-Bengaluru,0.0,0.0,0.0,1.0,0.0,0.0,0,0,0,0,0,0
2026-07-18 00:55:00,BR-Koramangala,0.0,0.0,0.0,1.0,0.0,0.0,0,0,0,0,0,0
2026-07-18 00:55:00,BR-Whitefield,0.0,0.0,0.0,1.0,0.0,0.0,0,0,0,0,0,0
2026-07-18 00:56:00,HO-Chennai,0.0,0.0,0.0,1.0,0.0,0.0,0,0,0,0,0,0
2026-07-18 00:56:00,ZO-Bengaluru,0.0,0.0,0.0,1.0,0.0,0.0,0,0,0,0,0,0
2026-07-18 00:56:00,BR-Koramangala,0.0,0.0,0.0,1.0,0.0,0.0,0,0,0,0,0,0
2026-07-18 00:56:00,BR-Whitefield,0.0,0.0,0.0,1.0,0.0,0.0,0,0,0,0,0,0
2026-07-18 00:57:00,HO-Chennai,0.0,0.0,0.0,1.0,0.0,0.0,0,0,0,0,0,0
2026-07-18 00:57:00,ZO-Bengaluru,0.0,0.0,0.0,1.0,0.0,0.0,0,0,0,0,0,0
2026-07-18 00:57:00,BR-Koramangala,0.0,0.0,0.0,1.0,0.0,0.0,0,0,0,0,0,0
2026-07-18 00:57:00,BR-Whitefield,0.0,0.0,0.0,1.0,0.0,0.0,0,0,0,0,0,0
2026-07-18 00:58:00,HO-Chennai,0.0,0.0,0.0,1.0,0.0,0.0,0,0,0,0,0,0
2026-07-18 00:58:00,ZO-Bengaluru,0.0,0.0,0.0,1.0,0.0,0.0,0,0,0,0,0,0
2026-07-18 00:58:00,BR-Koramangala,0.0,0.0,0.0,1.0,0.0,0.0,0,0,0,0,0,0
2026-07-18 00:58:00,BR-Whitefield,0.0,0.0,0.0,1.0,0.0,0.0,0,0,0,0,0,0
2026-07-18 00:59:00,HO-Chennai,0.0,0.0,0.0,1.0,0.0,0.0,0,0,0,0,0,0
2026-07-18 00:59:00,ZO-Bengaluru,0.0,0.0,0.0,1.0,0.0,0.0,0,0,0,0,0,0
2026-07-18 00:59:00,BR-Koramangala,0.0,0.0,0.0,1.0,0.0,0.0,0,0,0,0,0,0
2026-07-18 00:59:00,BR-Whitefield,0.0,0.0,0.0,1.0,0.0,0.0,0,0,0,0,0,0
2026-07-18 01:00:00,HO-Chennai,0.0,0.0,0.0,1.0,0.0,0.0,0,0,0,0,0,0
2026-07-18 01:00:00,ZO-Bengaluru,0.0,0.0,0.0,1.0,0.0,0.0,0,0,0,0,0,0
2026-07-18 01:00:00,BR-Koramangala,0.0,0.0,0.0,1.0,0.0,0.0,0,0,0,0,0,0
2026-07-18 01:00:00,BR-Whitefield,0.0,0.0,0.0,1.0,0.0,0.0,0,0,0,0,0,0
2026-07-18 01:01:00,HO-Chennai,0.0,0.0,0.0,1.0,0.0,0.0,0,0,0,0,0,0
2026-07-18 01:01:00,ZO-Bengaluru,0.0,0.0,0.0,1.0,0.0,0.0,0,0,0,0,0,0
2026-07-18 01:01:00,BR-Koramangala,0.0,0.0,0.0,1.0,0.0,0.0,0,0,0,0,0,0
2026-07-18 01:01:00,BR-Whitefield,0.0,0.0,0.0,1.0,0.0,0.0,0,0,0,0,0,0
2026-07-18 01:02:00,HO-Chennai,0.0,0.0,0.0,1.0,0.0,0.0,0,0,0,0,0,0
2026-07-18 01:02:00,ZO-Bengaluru,0.0,0.0,0.0,1.0,0.0,0.0,0,0,0,0,0,0
2026-07-18 01:02:00,BR-Koramangala,0.0,0.0,0.0,1.0,0.0,0.0,0,0,0,0,0,0
2026-07-18 01:02:00,BR-Whitefield,0.0,0.0,0.0,1.0,0.0,0.0,0,0,0,0,0,0
2026-07-18 01:03:00,HO-Chennai,0.0,0.0,0.0,1.0,0.0,0.0,0,0,0,0,0,0
2026-07-18 01:03:00,ZO-Bengaluru,0.0,0.0,0.0,1.0,0.0,0.0,0,0,0,0,0,0
2026-07-18 01:03:00,BR-Koramangala,0.0,0.0,0.0,1.0,0.0,0.0,0,0,0,0,0,0
2026-07-18 01:03:00,BR-Whitefield,0.0,0.0,0.0,1.0,0.0,0.0,0,0,0,0,0,0
2026-07-18 01:04:00,HO-Chennai,0.0,0.0,0.0,1.0,0.0,0.0,0,0,0,0,0,0
2026-07-18 01:04:00,ZO-Bengaluru,0.0,0.0,0.0,1.0,0.0,0.0,0,0,0,0,0,0
2026-07-18 01:04:00,BR-Koramangala,0.0,0.0,0.0,1.0,0.0,0.0,0,0,0,0,0,0
2026-07-18 01:04:00,BR-Whitefield,0.0,0.0,0.0,1.0,0.0,0.0,0,0,0,0,0,0
2026-07-18 01:05:00,HO-Chennai,0.0,0.0,0.0,1.0,0.0,0.0,0,0,0,0,0,0
2026-07-18 01:05:00,ZO-Bengaluru,0.0,0.0,0.0,1.0,0.0,0.0,0,0,0,0,0,0
2026-07-18 01:05:00,BR-Koramangala,0.0,0.0,0.0,1.0,0.0,0.0,0,0,0,0,0,0
2026-07-18 01:05:00,BR-Whitefield,0.0,0.0,0.0,1.0,0.0,0.0,0,0,0,0,0,0
2026-07-18 01:06:00,HO-Chennai,0.0,0.0,0.0,1.0,0.0,0.0,0,0,0,0,0,0
2026-07-18 01:06:00,ZO-Bengaluru,0.0,0.0,0.0,1.0,0.0,0.0,0,0,0,0,0,0
2026-07-18 01:06:00,BR-Koramangala,0.0,0.0,0.0,1.0,0.0,0.0,0,0,0,0,0,0
2026-07-18 01:06:00,BR-Whitefield,0.0,0.0,0.0,1.0,0.0,0.0,0,0,0,0,0,0
2026-07-18 01:07:00,HO-Chennai,0.0,0.0,0.0,1.0,0.0,0.0,0,0,0,0,0,0
2026-07-18 01:07:00,ZO-Bengaluru,0.0,0.0,0.0,1.0,0.0,0.0,0,0,0,0,0,0
2026-07-18 01:07:00,BR-Koramangala,0.0,0.0,0.0,1.0,0.0,0.0,0,0,0,0,0,0
2026-07-18 01:07:00,BR-Whitefield,0.0,0.0,0.0,1.0,0.0,0.0,0,0,0,0,0,0
2026-07-18 01:08:00,HO-Chennai,0.0,0.0,0.0,1.0,0.0,0.0,0,0,0,0,0,0
2026-07-18 01:08:00,ZO-Bengaluru,0.0,0.0,0.0,1.0,0.0,0.0,0,0,0,0,0,0
2026-07-18 01:08:00,BR-Koramangala,0.0,0.0,0.0,1.0,0.0,0.0,0,0,0,0,0,0
2026-07-18 01:08:00,BR-Whitefield,0.0,0.0,0.0,1.0,0.0,0.0,0,0,0,0,0,0
2026-07-18 01:09:00,HO-Chennai,0.0,0.0,0.0,1.0,0.0,0.0,0,0,0,0,0,0
2026-07-18 01:09:00,ZO-Bengaluru,0.0,0.0,0.0,1.0,0.0,0.0,0,0,0,0,0,0
2026-07-18 01:09:00,BR-Koramangala,0.0,0.0,0.0,1.0,0.0,0.0,0,0,0,0,0,0
2026-07-18 01:09:00,BR-Whitefield,0.0,0.0,0.0,1.0,0.0,0.0,0,0,0,0,0,0
2026-07-18 01:10:00,HO-Chennai,0.0,0.0,0.0,1.0,0.0,0.0,0,0,0,0,0,0
2026-07-18 01:10:00,ZO-Bengaluru,0.0,0.0,0.0,1.0,0.0,0.0,0,0,0,0,0,0
2026-07-18 01:10:00,BR-Koramangala,0.0,0.0,0.0,1.0,0.0,0.0,0,0,0,0,0,0
2026-07-18 01:10:00,BR-Whitefield,0.0,0.0,0.0,1.0,0.0,0.0,0,0,0,0,0,0
2026-07-18 01:11:00,HO-Chennai,0.0,0.0,0.0,1.0,0.0,0.0,0,0,0,0,0,0
2026-07-18 01:11:00,ZO-Bengaluru,0.0,0.0,0.0,1.0,0.0,0.0,0,0,0,0,0,0
2026-07-18 01:11:00,BR-Koramangala,0.0,0.0,0.0,1.0,0.0,0.0,0,0,0,0,0,0
2026-07-18 01:11:00,BR-Whitefield,0.0,0.0,0.0,1.0,0.0,0.0,0,0,0,0,0,0
2026-07-18 01:12:00,HO-Chennai,0.0,0.0,0.0,1.0,0.0,0.0,0,0,0,0,0,0
2026-07-18 01:12:00,ZO-Bengaluru,0.0,0.0,0.0,1.0,0.0,0.0,0,0,0,0,0,0
2026-07-18 01:12:00,BR-Koramangala,0.0,0.0,0.0,1.0,0.0,0.0,0,0,0,0,0,0
2026-07-18 01:12:00,BR-Whitefield,0.0,0.0,0.0,1.0,0.0,0.0,0,0,0,0,0,0
2026-07-18 01:13:00,HO-Chennai,0.0,0.0,0.0,1.0,0.0,0.0,0,0,0,0,0,0
2026-07-18 01:13:00,ZO-Bengaluru,0.0,0.0,0.0,1.0,0.0,0.0,0,0,0,0,0,0
2026-07-18 01:13:00,BR-Koramangala,0.0,0.0,0.0,1.0,0.0,0.0,0,0,0,0,0,0
2026-07-18 01:13:00,BR-Whitefield,0.0,0.0,0.0,1.0,0.0,0.0,0,0,0,0,0,0
2026-07-18 01:14:00,HO-Chennai,0.0,0.0,0.0,1.0,0.0,0.0,0,0,0,0,0,0
2026-07-18 01:14:00,ZO-Bengaluru,0.0,0.0,0.0,1.0,0.0,0.0,0,0,0,0,0,0
2026-07-18 01:14:00,BR-Koramangala,0.0,0.0,0.0,1.0,0.0,0.0,0,0,0,0,0,0
2026-07-18 01:14:00,BR-Whitefield,0.0,0.0,0.0,1.0,0.0,0.0,0,0,0,0,0,0
2026-07-18 01:15:00,HO-Chennai,0.0,0.0,0.0,1.0,0.0,0.0,0,0,0,0,0,0
2026-07-18 01:15:00,ZO-Bengaluru,0.0,0.0,0.0,1.0,0.0,0.0,0,0,0,0,0,0
2026-07-18 01:15:00,BR-Koramangala,0.0,0.0,0.0,1.0,0.0,0.0,0,0,0,0,0,0
2026-07-18 01:15:00,BR-Whitefield,0.0,0.0,0.0,1.0,0.0,0.0,0,0,0,0,0,0
2026-07-18 01:16:00,HO-Chennai,0.0,0.0,0.0,1.0,0.0,0.0,0,0,0,0,0,0
2026-07-18 01:16:00,ZO-Bengaluru,0.0,0.0,0.0,1.0,0.0,0.0,0,0,0,0,0,0
2026-07-18 01:16:00,BR-Koramangala,0.0,0.0,0.0,1.0,0.0,0.0,0,0,0,0,0,0
2026-07-18 01:16:00,BR-Whitefield,0.0,0.0,0.0,1.0,0.0,0.0,0,0,0,0,0,0
2026-07-18 01:17:00,HO-Chennai,0.0,0.0,0.0,1.0,0.0,0.0,0,0,0,0,0,0
2026-07-18 01:17:00,ZO-Bengaluru,0.0,0.0,0.0,1.0,0.0,0.0,0,0,0,0,0,0
2026-07-18 01:17:00,BR-Koramangala,0.0,0.0,0.0,1.0,0.0,0.0,0,0,0,0,0,0
2026-07-18 01:17:00,BR-Whitefield,0.0,0.0,0.0,1.0,0.0,0.0,0,0,0,0,0,0
2026-07-18 01:18:00,HO-Chennai,0.0,0.0,0.0,1.0,0.0,0.0,0,0,0,0,0,0
2026-07-18 01:18:00,ZO-Bengaluru,0.0,0.0,0.0,1.0,0.0,0.0,0,0,0,0,0,0
2026-07-18 01:18:00,BR-Koramangala,0.0,0.0,0.0,1.0,0.0,0.0,0,0,0,0,0,0
2026-07-18 01:18:00,BR-Whitefield,0.0,0.0,0.0,1.0,0.0,0.0,0,0,0,0,0,0
2026-07-18 01:19:00,HO-Chennai,0.0,0.0,0.0,1.0,0.0,0.0,0,0,0,0,0,0
2026-07-18 01:19:00,ZO-Bengaluru,0.0,0.0,0.0,1.0,0.0,0.0,0,0,0,0,0,0
2026-07-18 01:19:00,BR-Koramangala,0.0,0.0,0.0,1.0,0.0,0.0,0,0,0,0,0,0
2026-07-18 01:19:00,BR-Whitefield,0.0,0.0,0.0,1.0,0.0,0.0,0,0,0,0,0,0
2026-07-18 01:20:00,HO-Chennai,0.0,0.0,0.0,1.0,0.0,0.0,0,0,0,0,0,0
2026-07-18 01:20:00,ZO-Bengaluru,0.0,0.0,0.0,1.0,0.0,0.0,0,0,0,0,0,0
2026-07-18 01:20:00,BR-Koramangala,0.0,0.0,0.0,1.0,0.0,0.0,0,0,0,0,0,0
2026-07-18 01:20:00,BR-Whitefield,0.0,0.0,0.0,1.0,0.0,0.0,0,0,0,0,0,0
2026-07-18 01:21:00,HO-Chennai,0.0,0.0,0.0,1.0,0.0,0.0,0,0,0,0,0,0
2026-07-18 01:21:00,ZO-Bengaluru,0.0,0.0,0.0,1.0,0.0,0.0,0,0,0,0,0,0
2026-07-18 01:21:00,BR-Koramangala,0.0,0.0,0.0,1.0,0.0,0.0,0,0,0,0,0,0
2026-07-18 01:21:00,BR-Whitefield,0.0,0.0,0.0,1.0,0.0,0.0,0,0,0,0,0,0
2026-07-18 01:22:00,HO-Chennai,0.0,0.0,0.0,1.0,0.0,0.0,0,0,0,0,0,0
2026-07-18 01:22:00,ZO-Bengaluru,0.0,0.0,0.0,1.0,0.0,0.0,0,0,0,0,0,0
2026-07-18 01:22:00,BR-Koramangala,0.0,0.0,0.0,1.0,0.0,0.0,0,0,0,0,0,0
2026-07-18 01:22:00,BR-Whitefield,0.0,0.0,0.0,1.0,0.0,0.0,0,0,0,0,0,0
2026-07-18 01:23:00,HO-Chennai,0.0,0.0,0.0,1.0,0.0,0.0,0,0,0,0,0,0
2026-07-18 01:23:00,ZO-Bengaluru,0.0,0.0,0.0,1.0,0.0,0.0,0,0,0,0,0,0
2026-07-18 01:23:00,BR-Koramangala,0.0,0.0,0.0,1.0,0.0,0.0,0,0,0,0,0,0
2026-07-18 01:23:00,BR-Whitefield,0.0,0.0,0.0,1.0,0.0,0.0,0,0,0,0,0,0
2026-07-18 01:24:00,HO-Chennai,0.0,0.0,0.0,1.0,0.0,0.0,0,0,0,0,0,0
2026-07-18 01:24:00,ZO-Bengaluru,0.0,0.0,0.0,1.0,0.0,0.0,0,0,0,0,0,0
2026-07-18 01:24:00,BR-Koramangala,0.0,0.0,0.0,1.0,0.0,0.0,0,0,0,0,0,0
2026-07-18 01:24:00,BR-Whitefield,0.0,0.0,0.0,1.0,0.0,0.0,0,0,0,0,0,0
2026-07-18 01:25:00,HO-Chennai,0.0,0.0,0.0,1.0,0.0,0.0,0,0,0,0,0,0
2026-07-18 01:25:00,ZO-Bengaluru,0.0,0.0,0.0,1.0,0.0,0.0,0,0,0,0,0,0
2026-07-18 01:25:00,BR-Koramangala,0.0,0.0,0.0,1.0,0.0,0.0,0,0,0,0,0,0
2026-07-18 01:25:00,BR-Whitefield,0.0,0.0,0.0,1.0,0.0,0.0,0,0,0,0,0,0
2026-07-18 01:26:00,HO-Chennai,0.0,0.0,0.0,1.0,0.0,0.0,0,0,0,0,0,0
2026-07-18 01:26:00,ZO-Bengaluru,0.0,0.0,0.0,1.0,0.0,0.0,0,0,0,0,0,0
2026-07-18 01:26:00,BR-Koramangala,0.0,0.0,0.0,1.0,0.0,0.0,0,0,0,0,0,0
2026-07-18 01:26:00,BR-Whitefield,0.0,0.0,0.0,1.0,0.0,0.0,0,0,0,0,0,0
2026-07-18 01:27:00,HO-Chennai,0.0,0.0,0.0,1.0,0.0,0.0,0,0,0,0,0,0
2026-07-18 01:27:00,ZO-Bengaluru,0.0,0.0,0.0,1.0,0.0,0.0,0,0,0,0,0,0
2026-07-18 01:27:00,BR-Koramangala,0.0,0.0,0.0,1.0,0.0,0.0,0,0,0,0,0,0
2026-07-18 01:27:00,BR-Whitefield,0.0,0.0,0.0,1.0,0.0,0.0,0,0,0,0,0,0
2026-07-18 01:28:00,HO-Chennai,0.0,0.0,0.0,1.0,0.0,0.0,0,0,0,0,0,0
2026-07-18 01:28:00,ZO-Bengaluru,0.0,0.0,0.0,1.0,0.0,0.0,0,0,0,0,0,0
2026-07-18 01:28:00,BR-Koramangala,0.0,0.0,0.0,1.0,0.0,0.0,0,0,0,0,0,0
2026-07-18 01:28:00,BR-Whitefield,0.0,0.0,0.0,1.0,0.0,0.0,0,0,0,0,0,0
2026-07-18 01:29:00,HO-Chennai,0.0,0.0,0.0,1.0,0.0,0.0,0,0,0,0,0,0
2026-07-18 01:29:00,ZO-Bengaluru,0.0,0.0,0.0,1.0,0.0,0.0,0,0,0,0,0,0
2026-07-18 01:29:00,BR-Koramangala,0.0,0.0,0.0,1.0,0.0,0.0,0,0,0,0,0,0
2026-07-18 01:29:00,BR-Whitefield,0.0,0.0,0.0,1.0,0.0,0.0,0,0,0,0,0,0
2026-07-18 01:30:00,HO-Chennai,0.0,0.0,0.0,1.0,0.0,0.0,0,0,0,0,0,0
2026-07-18 01:30:00,ZO-Bengaluru,0.0,0.0,0.0,1.0,0.0,0.0,0,0,0,0,0,0
2026-07-18 01:30:00,BR-Koramangala,0.0,0.0,0.0,1.0,0.0,0.0,0,0,0,0,0,0
2026-07-18 01:30:00,BR-Whitefield,0.0,0.0,0.0,1.0,0.0,0.0,0,0,0,0,0,0
2026-07-18 01:31:00,HO-Chennai,0.0,0.0,0.0,1.0,0.0,0.0,0,0,0,0,0,0
2026-07-18 01:31:00,ZO-Bengaluru,0.0,0.0,0.0,1.0,0.0,0.0,0,0,0,0,0,0
2026-07-18 01:31:00,BR-Koramangala,0.0,0.0,0.0,1.0,0.0,0.0,0,0,0,0,0,0
2026-07-18 01:31:00,BR-Whitefield,0.0,0.0,0.0,1.0,0.0,0.0,0,0,0,0,0,0
2026-07-18 01:32:00,HO-Chennai,0.0,0.0,0.0,1.0,0.0,0.0,0,0,0,0,0,0
2026-07-18 01:32:00,ZO-Bengaluru,0.0,0.0,0.0,1.0,0.0,0.0,0,0,0,0,0,0
2026-07-18 01:32:00,BR-Koramangala,0.0,0.0,0.0,1.0,0.0,0.0,0,0,0,0,0,0
2026-07-18 01:32:00,BR-Whitefield,0.0,0.0,0.0,1.0,0.0,0.0,0,0,0,0,0,0
2026-07-18 01:33:00,HO-Chennai,0.0,0.0,0.0,1.0,0.0,0.0,0,0,0,0,0,0
2026-07-18 01:33:00,ZO-Bengaluru,0.0,0.0,0.0,1.0,0.0,0.0,0,0,0,0,0,0
2026-07-18 01:33:00,BR-Koramangala,0.0,0.0,0.0,1.0,0.0,0.0,0,0,0,0,0,0
2026-07-18 01:33:00,BR-Whitefield,0.0,0.0,0.0,1.0,0.0,0.0,0,0,0,0,0,0
2026-07-18 01:34:00,HO-Chennai,0.0,0.0,0.0,1.0,0.0,0.0,0,0,0,0,0,0
2026-07-18 01:34:00,ZO-Bengaluru,0.0,0.0,0.0,1.0,0.0,0.0,0,0,0,0,0,0
2026-07-18 01:34:00,BR-Koramangala,0.0,0.0,0.0,1.0,0.0,0.0,0,0,0,0,0,0
2026-07-18 01:34:00,BR-Whitefield,0.0,0.0,0.0,1.0,0.0,0.0,0,0,0,0,0,0
2026-07-18 01:35:00,HO-Chennai,0.0,0.0,0.0,1.0,0.0,0.0,0,0,0,0,0,0
2026-07-18 01:35:00,ZO-Bengaluru,0.0,0.0,0.0,1.0,0.0,0.0,0,0,0,0,0,0
2026-07-18 01:35:00,BR-Koramangala,0.0,0.0,0.0,1.0,0.0,0.0,0,0,0,0,0,0
2026-07-18 01:35:00,BR-Whitefield,0.0,0.0,0.0,1.0,0.0,0.0,0,0,0,0,0,0
2026-07-18 01:36:00,HO-Chennai,0.0,0.0,0.0,1.0,0.0,0.0,0,0,0,0,0,0
2026-07-18 01:36:00,ZO-Bengaluru,0.0,0.0,0.0,1.0,0.0,0.0,0,0,0,0,0,0
2026-07-18 01:36:00,BR-Koramangala,0.0,0.0,0.0,1.0,0.0,0.0,0,0,0,0,0,0
2026-07-18 01:36:00,BR-Whitefield,0.0,0.0,0.0,1.0,0.0,0.0,0,0,0,0,0,0
2026-07-18 01:37:00,HO-Chennai,0.0,0.0,0.0,1.0,0.0,0.0,0,0,0,0,0,0
2026-07-18 01:37:00,ZO-Bengaluru,0.0,0.0,0.0,1.0,0.0,0.0,0,0,0,0,0,0
2026-07-18 01:37:00,BR-Koramangala,0.0,0.0,0.0,1.0,0.0,0.0,0,0,0,0,0,0
2026-07-18 01:37:00,BR-Whitefield,0.0,0.0,0.0,1.0,0.0,0.0,0,0,0,0,0,0
2026-07-18 01:38:00,HO-Chennai,0.0,0.0,0.0,1.0,0.0,0.0,0,0,0,0,0,0
2026-07-18 01:38:00,ZO-Bengaluru,0.0,0.0,0.0,1.0,0.0,0.0,0,0,0,0,0,0
2026-07-18 01:38:00,BR-Koramangala,0.0,0.0,0.0,1.0,0.0,0.0,0,0,0,0,0,0
2026-07-18 01:38:00,BR-Whitefield,0.0,0.0,0.0,1.0,0.0,0.0,0,0,0,0,0,0
2026-07-18 01:39:00,HO-Chennai,0.0,0.0,0.0,1.0,0.0,0.0,0,0,0,0,0,0
2026-07-18 01:39:00,ZO-Bengaluru,0.0,0.0,0.0,1.0,0.0,0.0,0,0,0,0,0,0
2026-07-18 01:39:00,BR-Koramangala,0.0,0.0,0.0,1.0,0.0,0.0,0,0,0,0,0,0
2026-07-18 01:39:00,BR-Whitefield,0.0,0.0,0.0,1.0,0.0,0.0,0,0,0,0,0,0
2026-07-18 01:40:00,HO-Chennai,0.0,0.0,0.0,1.0,0.0,0.0,0,0,0,0,0,0
2026-07-18 01:40:00,ZO-Bengaluru,0.0,0.0,0.0,1.0,0.0,0.0,0,0,0,0,0,0
2026-07-18 01:40:00,BR-Koramangala,0.0,0.0,0.0,1.0,0.0,0.0,0,0,0,0,0,0
2026-07-18 01:40:00,BR-Whitefield,0.0,0.0,0.0,1.0,0.0,0.0,0,0,0,0,0,0
2026-07-18 01:41:00,HO-Chennai,0.0,0.0,0.0,1.0,0.0,0.0,0,0,0,0,0,0
2026-07-18 01:41:00,ZO-Bengaluru,0.0,0.0,0.0,1.0,0.0,0.0,0,0,0,0,0,0
2026-07-18 01:41:00,BR-Koramangala,0.0,0.0,0.0,1.0,0.0,0.0,0,0,0,0,0,0
2026-07-18 01:41:00,BR-Whitefield,0.0,0.0,0.0,1.0,0.0,0.0,0,0,0,0,0,0
2026-07-18 01:42:00,HO-Chennai,0.0,0.0,0.0,1.0,0.0,0.0,0,0,0,0,0,0
2026-07-18 01:42:00,ZO-Bengaluru,0.0,0.0,0.0,1.0,0.0,0.0,0,0,0,0,0,0
2026-07-18 01:42:00,BR-Koramangala,0.0,0.0,0.0,1.0,0.0,0.0,0,0,0,0,0,0
2026-07-18 01:42:00,BR-Whitefield,0.0,0.0,0.0,1.0,0.0,0.0,0,0,0,0,0,0
2026-07-18 01:43:00,HO-Chennai,0.0,0.0,0.0,1.0,0.0,0.0,0,0,0,0,0,0
2026-07-18 01:43:00,ZO-Bengaluru,0.0,0.0,0.0,1.0,0.0,0.0,0,0,0,0,0,0
2026-07-18 01:43:00,BR-Koramangala,0.0,0.0,0.0,1.0,0.0,0.0,0,0,0,0,0,0
2026-07-18 01:43:00,BR-Whitefield,0.0,0.0,0.0,1.0,0.0,0.0,0,0,0,0,0,0
2026-07-18 01:44:00,HO-Chennai,0.0,0.0,0.0,1.0,0.0,0.0,0,0,0,0,0,0
2026-07-18 01:44:00,ZO-Bengaluru,0.0,0.0,0.0,1.0,0.0,0.0,0,0,0,0,0,0
2026-07-18 01:44:00,BR-Koramangala,0.0,0.0,0.0,1.0,0.0,0.0,0,0,0,0,0,0
2026-07-18 01:44:00,BR-Whitefield,0.0,0.0,0.0,1.0,0.0,0.0,0,0,0,0,0,0
2026-07-18 01:45:00,HO-Chennai,0.0,0.0,0.0,1.0,0.0,0.0,0,0,0,0,0,0
2026-07-18 01:45:00,ZO-Bengaluru,0.0,0.0,0.0,1.0,0.0,0.0,0,0,0,0,0,0
2026-07-18 01:45:00,BR-Koramangala,0.0,0.0,0.0,1.0,0.0,0.0,0,0,0,0,0,0
2026-07-18 01:45:00,BR-Whitefield,0.0,0.0,0.0,1.0,0.0,0.0,0,0,0,0,0,0
2026-07-18 01:46:00,HO-Chennai,0.0,0.0,0.0,1.0,0.0,0.0,0,0,0,0,0,0
2026-07-18 01:46:00,ZO-Bengaluru,0.0,0.0,0.0,1.0,0.0,0.0,0,0,0,0,0,0
2026-07-18 01:46:00,BR-Koramangala,0.0,0.0,0.0,1.0,0.0,0.0,0,0,0,0,0,0
2026-07-18 01:46:00,BR-Whitefield,0.0,0.0,0.0,1.0,0.0,0.0,0,0,0,0,0,0
2026-07-18 01:47:00,HO-Chennai,0.0,0.0,0.0,1.0,0.0,0.0,0,0,0,0,0,0
2026-07-18 01:47:00,ZO-Bengaluru,0.0,0.0,0.0,1.0,0.0,0.0,0,0,0,0,0,0
2026-07-18 01:47:00,BR-Koramangala,0.0,0.0,0.0,1.0,0.0,0.0,0,0,0,0,0,0
2026-07-18 01:47:00,BR-Whitefield,0.0,0.0,0.0,1.0,0.0,0.0,0,0,0,0,0,0
2026-07-18 01:48:00,HO-Chennai,0.0,0.0,0.0,1.0,0.0,0.0,0,0,0,0,0,0
2026-07-18 01:48:00,ZO-Bengaluru,0.0,0.0,0.0,1.0,0.0,0.0,0,0,0,0,0,0
2026-07-18 01:48:00,BR-Koramangala,0.0,0.0,0.0,1.0,0.0,0.0,0,0,0,0,0,0
2026-07-18 01:48:00,BR-Whitefield,0.0,0.0,0.0,1.0,0.0,0.0,0,0,0,0,0,0
2026-07-18 01:49:00,HO-Chennai,0.0,0.0,0.0,1.0,0.0,0.0,0,0,0,0,0,0
2026-07-18 01:49:00,ZO-Bengaluru,0.0,0.0,0.0,1.0,0.0,0.0,0,0,0,0,0,0
2026-07-18 01:49:00,BR-Koramangala,0.0,0.0,0.0,1.0,0.0,0.0,0,0,0,0,0,0
2026-07-18 01:49:00,BR-Whitefield,0.0,0.0,0.0,1.0,0.0,0.0,0,0,0,0,0,0
2026-07-18 01:50:00,HO-Chennai,0.0,0.0,0.0,1.0,0.0,0.0,0,0,0,0,0,0
2026-07-18 01:50:00,ZO-Bengaluru,0.0,0.0,0.0,1.0,0.0,0.0,0,0,0,0,0,0
2026-07-18 01:50:00,BR-Koramangala,0.0,0.0,0.0,1.0,0.0,0.0,0,0,0,0,0,0
2026-07-18 01:50:00,BR-Whitefield,0.0,0.0,0.0,1.0,0.0,0.0,0,0,0,0,0,0
2026-07-18 01:51:00,HO-Chennai,0.0,0.0,0.0,1.0,0.0,0.0,0,0,0,0,0,0
2026-07-18 01:51:00,ZO-Bengaluru,0.0,0.0,0.0,1.0,0.0,0.0,0,0,0,0,0,0
2026-07-18 01:51:00,BR-Koramangala,0.0,0.0,0.0,1.0,0.0,0.0,0,0,0,0,0,0
2026-07-18 01:51:00,BR-Whitefield,0.0,0.0,0.0,1.0,0.0,0.0,0,0,0,0,0,0
2026-07-18 01:52:00,HO-Chennai,0.0,0.0,0.0,1.0,0.0,0.0,0,0,0,0,0,0
2026-07-18 01:52:00,ZO-Bengaluru,0.0,0.0,0.0,1.0,0.0,0.0,0,0,0,0,0,0
2026-07-18 01:52:00,BR-Koramangala,0.0,0.0,0.0,1.0,0.0,0.0,0,0,0,0,0,0
2026-07-18 01:52:00,BR-Whitefield,0.0,0.0,0.0,1.0,0.0,0.0,0,0,0,0,0,0
2026-07-18 01:53:00,HO-Chennai,0.0,0.0,0.0,1.0,0.0,0.0,0,0,0,0,0,0
2026-07-18 01:53:00,ZO-Bengaluru,0.0,0.0,0.0,1.0,0.0,0.0,0,0,0,0,0,0
2026-07-18 01:53:00,BR-Koramangala,0.0,0.0,0.0,1.0,0.0,0.0,0,0,0,0,0,0
2026-07-18 01:53:00,BR-Whitefield,0.0,0.0,0.0,1.0,0.0,0.0,0,0,0,0,0,0
2026-07-18 01:54:00,HO-Chennai,0.0,0.0,0.0,1.0,0.0,0.0,0,0,0,0,0,0
2026-07-18 01:54:00,ZO-Bengaluru,0.0,0.0,0.0,1.0,0.0,0.0,0,0,0,0,0,0
2026-07-18 01:54:00,BR-Koramangala,0.0,0.0,0.0,1.0,0.0,0.0,0,0,0,0,0,0
2026-07-18 01:54:00,BR-Whitefield,0.0,0.0,0.0,1.0,0.0,0.0,0,0,0,0,0,0
2026-07-18 01:55:00,HO-Chennai,0.0,0.0,0.0,1.0,0.0,0.0,0,0,0,0,0,0
2026-07-18 01:55:00,ZO-Bengaluru,0.0,0.0,0.0,1.0,0.0,0.0,0,0,0,0,0,0
2026-07-18 01:55:00,BR-Koramangala,0.0,0.0,0.0,1.0,0.0,0.0,0,0,0,0,0,0
2026-07-18 01:55:00,BR-Whitefield,0.0,0.0,0.0,1.0,0.0,0.0,0,0,0,0,0,0
2026-07-18 01:56:00,HO-Chennai,0.0,0.0,0.0,1.0,0.0,0.0,0,0,0,0,0,0
2026-07-18 01:56:00,ZO-Bengaluru,0.0,0.0,0.0,1.0,0.0,0.0,0,0,0,0,0,0
2026-07-18 01:56:00,BR-Koramangala,0.0,0.0,0.0,1.0,0.0,0.0,0,0,0,0,0,0
2026-07-18 01:56:00,BR-Whitefield,0.0,0.0,0.0,1.0,0.0,0.0,0,0,0,0,0,0
2026-07-18 01:57:00,HO-Chennai,0.0,0.0,0.0,1.0,0.0,0.0,0,0,0,0,0,0
2026-07-18 01:57:00,ZO-Bengaluru,0.0,0.0,0.0,1.0,0.0,0.0,0,0,0,0,0,0
2026-07-18 01:57:00,BR-Koramangala,0.0,0.0,0.0,1.0,0.0,0.0,0,0,0,0,0,0
2026-07-18 01:57:00,BR-Whitefield,0.0,0.0,0.0,1.0,0.0,0.0,0,0,0,0,0,0
2026-07-18 01:58:00,HO-Chennai,0.0,0.0,0.0,1.0,0.0,0.0,0,0,0,0,0,0
2026-07-18 01:58:00,ZO-Bengaluru,0.0,0.0,0.0,1.0,0.0,0.0,0,0,0,0,0,0
2026-07-18 01:58:00,BR-Koramangala,0.0,0.0,0.0,1.0,0.0,0.0,0,0,0,0,0,0
2026-07-18 01:58:00,BR-Whitefield,0.0,0.0,0.0,1.0,0.0,0.0,0,0,0,0,0,0
2026-07-18 01:59:00,HO-Chennai,0.0,0.0,0.0,1.0,0.0,0.0,0,0,0,0,0,0
2026-07-18 01:59:00,ZO-Bengaluru,0.0,0.0,0.0,1.0,0.0,0.0,0,0,0,0,0,0
2026-07-18 01:59:00,BR-Koramangala,0.0,0.0,0.0,1.0,0.0,0.0,0,0,0,0,0,0
2026-07-18 01:59:00,BR-Whitefield,0.0,0.0,0.0,1.0,0.0,0.0,0,0,0,0,0,0
2026-07-18 02:00:00,HO-Chennai,0.0,0.0,0.0,1.0,0.0,0.0,0,0,0,0,0,0
2026-07-18 02:00:00,ZO-Bengaluru,0.0,0.0,0.0,1.0,0.0,0.0,0,0,0,0,0,0
2026-07-18 02:00:00,BR-Koramangala,0.0,0.0,0.0,1.0,0.0,0.0,0,0,0,0,0,0
2026-07-18 02:00:00,BR-Whitefield,0.0,0.0,0.0,1.0,0.0,0.0,0,0,0,0,0,0
2026-07-18 02:01:00,HO-Chennai,0.0,0.0,0.0,1.0,0.0,0.0,0,0,0,0,0,0
2026-07-18 02:01:00,ZO-Bengaluru,0.0,0.0,0.0,1.0,0.0,0.0,0,0,0,0,0,0
2026-07-18 02:01:00,BR-Koramangala,0.0,0.0,0.0,1.0,0.0,0.0,0,0,0,0,0,0
2026-07-18 02:01:00,BR-Whitefield,0.0,0.0,0.0,1.0,0.0,0.0,0,0,0,0,0,0
2026-07-18 02:02:00,HO-Chennai,0.0,0.0,0.0,1.0,0.0,0.0,0,0,0,0,0,0
2026-07-18 02:02:00,ZO-Bengaluru,0.0,0.0,0.0,1.0,0.0,0.0,0,0,0,0,0,0
2026-07-18 02:02:00,BR-Koramangala,0.0,0.0,0.0,1.0,0.0,0.0,0,0,0,0,0,0
2026-07-18 02:02:00,BR-Whitefield,0.0,0.0,0.0,1.0,0.0,0.0,0,0,0,0,0,0
2026-07-18 02:03:00,HO-Chennai,0.0,0.0,0.0,1.0,0.0,0.0,0,0,0,0,0,0
2026-07-18 02:03:00,ZO-Bengaluru,0.0,0.0,0.0,1.0,0.0,0.0,0,0,0,0,0,0
2026-07-18 02:03:00,BR-Koramangala,0.0,0.0,0.0,1.0,0.0,0.0,0,0,0,0,0,0
2026-07-18 02:03:00,BR-Whitefield,0.0,0.0,0.0,1.0,0.0,0.0,0,0,0,0,0,0
2026-07-18 02:04:00,HO-Chennai,0.0,0.0,0.0,1.0,0.0,0.0,0,0,0,0,0,0
2026-07-18 02:04:00,ZO-Bengaluru,0.0,0.0,0.0,1.0,0.0,0.0,0,0,0,0,0,0
2026-07-18 02:04:00,BR-Koramangala,0.0,0.0,0.0,1.0,0.0,0.0,0,0,0,0,0,0
2026-07-18 02:04:00,BR-Whitefield,0.0,0.0,0.0,1.0,0.0,0.0,0,0,0,0,0,0
2026-07-18 02:05:00,HO-Chennai,0.0,0.0,0.0,1.0,0.0,0.0,0,0,0,0,0,0
2026-07-18 02:05:00,ZO-Bengaluru,0.0,0.0,0.0,1.0,0.0,0.0,0,0,0,0,0,0
2026-07-18 02:05:00,BR-Koramangala,0.0,0.0,0.0,1.0,0.0,0.0,0,0,0,0,0,0
2026-07-18 02:05:00,BR-Whitefield,0.0,0.0,0.0,1.0,0.0,0.0,0,0,0,0,0,0
2026-07-18 02:06:00,HO-Chennai,0.0,0.0,0.0,1.0,0.0,0.0,0,0,0,0,0,0
2026-07-18 02:06:00,ZO-Bengaluru,0.0,0.0,0.0,1.0,0.0,0.0,0,0,0,0,0,0
2026-07-18 02:06:00,BR-Koramangala,0.0,0.0,0.0,1.0,0.0,0.0,0,0,0,0,0,0
2026-07-18 02:06:00,BR-Whitefield,0.0,0.0,0.0,1.0,0.0,0.0,0,0,0,0,0,0
2026-07-18 02:07:00,HO-Chennai,0.0,0.0,0.0,1.0,0.0,0.0,0,0,0,0,0,0
2026-07-18 02:07:00,ZO-Bengaluru,0.0,0.0,0.0,1.0,0.0,0.0,0,0,0,0,0,0
2026-07-18 02:07:00,BR-Koramangala,0.0,0.0,0.0,1.0,0.0,0.0,0,0,0,0,0,0
2026-07-18 02:07:00,BR-Whitefield,0.0,0.0,0.0,1.0,0.0,0.0,0,0,0,0,0,0
2026-07-18 02:08:00,HO-Chennai,0.0,0.0,0.0,1.0,0.0,0.0,0,0,0,0,0,0
2026-07-18 02:08:00,ZO-Bengaluru,0.0,0.0,0.0,1.0,0.0,0.0,0,0,0,0,0,0
2026-07-18 02:08:00,BR-Koramangala,0.0,0.0,0.0,1.0,0.0,0.0,0,0,0,0,0,0
2026-07-18 02:08:00,BR-Whitefield,0.0,0.0,0.0,1.0,0.0,0.0,0,0,0,0,0,0
2026-07-18 02:09:00,HO-Chennai,0.0,0.0,0.0,1.0,0.0,0.0,0,0,0,0,0,0
2026-07-18 02:09:00,ZO-Bengaluru,0.0,0.0,0.0,1.0,0.0,0.0,0,0,0,0,0,0
2026-07-18 02:09:00,BR-Koramangala,0.0,0.0,0.0,1.0,0.0,0.0,0,0,0,0,0,0
2026-07-18 02:09:00,BR-Whitefield,0.0,0.0,0.0,1.0,0.0,0.0,0,0,0,0,0,0
2026-07-18 02:10:00,HO-Chennai,0.0,0.0,0.0,1.0,0.0,0.0,0,0,0,0,0,0
2026-07-18 02:10:00,ZO-Bengaluru,0.0,0.0,0.0,1.0,0.0,0.0,0,0,0,0,0,0
2026-07-18 02:10:00,BR-Koramangala,0.0,0.0,0.0,1.0,0.0,0.0,0,0,0,0,0,0
2026-07-18 02:10:00,BR-Whitefield,0.0,0.0,0.0,1.0,0.0,0.0,0,0,0,0,0,0
2026-07-18 02:11:00,HO-Chennai,0.0,0.0,0.0,1.0,0.0,0.0,0,0,0,0,0,0
2026-07-18 02:11:00,ZO-Bengaluru,0.0,0.0,0.0,1.0,0.0,0.0,0,0,0,0,0,0
2026-07-18 02:11:00,BR-Koramangala,0.0,0.0,0.0,1.0,0.0,0.0,0,0,0,0,0,0
2026-07-18 02:11:00,BR-Whitefield,0.0,0.0,0.0,1.0,0.0,0.0,0,0,0,0,0,0
2026-07-18 02:12:00,HO-Chennai,0.0,0.0,0.0,1.0,0.0,0.0,0,0,0,0,0,0
2026-07-18 02:12:00,ZO-Bengaluru,0.0,0.0,0.0,1.0,0.0,0.0,0,0,0,0,0,0
2026-07-18 02:12:00,BR-Koramangala,0.0,0.0,0.0,1.0,0.0,0.0,0,0,0,0,0,0
2026-07-18 02:12:00,BR-Whitefield,0.0,0.0,0.0,1.0,0.0,0.0,0,0,0,0,0,0
2026-07-18 02:13:00,HO-Chennai,0.0,0.0,0.0,1.0,0.0,0.0,0,0,0,0,0,0
2026-07-18 02:13:00,ZO-Bengaluru,0.0,0.0,0.0,1.0,0.0,0.0,0,0,0,0,0,0
2026-07-18 02:13:00,BR-Koramangala,0.0,0.0,0.0,1.0,0.0,0.0,0,0,0,0,0,0
2026-07-18 02:13:00,BR-Whitefield,0.0,0.0,0.0,1.0,0.0,0.0,0,0,0,0,0,0
2026-07-18 02:14:00,HO-Chennai,0.0,0.0,0.0,1.0,0.0,0.0,0,0,0,0,0,0
2026-07-18 02:14:00,ZO-Bengaluru,0.0,0.0,0.0,1.0,0.0,0.0,0,0,0,0,0,0
2026-07-18 02:14:00,BR-Koramangala,0.0,0.0,0.0,1.0,0.0,0.0,0,0,0,0,0,0
2026-07-18 02:14:00,BR-Whitefield,0.0,0.0,0.0,1.0,0.0,0.0,0,0,0,0,0,0
2026-07-18 02:15:00,HO-Chennai,0.0,0.0,0.0,1.0,0.0,0.0,0,0,0,0,0,0
2026-07-18 02:15:00,ZO-Bengaluru,0.0,0.0,0.0,1.0,0.0,0.0,0,0,0,0,0,0
2026-07-18 02:15:00,BR-Koramangala,0.0,0.0,0.0,1.0,0.0,0.0,0,0,0,0,0,0
2026-07-18 02:15:00,BR-Whitefield,0.0,0.0,0.0,1.0,0.0,0.0,0,0,0,0,0,0
2026-07-18 02:16:00,HO-Chennai,0.0,0.0,0.0,1.0,0.0,0.0,0,0,0,0,0,0
2026-07-18 02:16:00,ZO-Bengaluru,0.0,0.0,0.0,1.0,0.0,0.0,0,0,0,0,0,0
2026-07-18 02:16:00,BR-Koramangala,0.0,0.0,0.0,1.0,0.0,0.0,0,0,0,0,0,0
2026-07-18 02:16:00,BR-Whitefield,0.0,0.0,0.0,1.0,0.0,0.0,0,0,0,0,0,0
2026-07-18 02:17:00,HO-Chennai,0.0,0.0,0.0,1.0,0.0,0.0,0,0,0,0,0,0
2026-07-18 02:17:00,ZO-Bengaluru,0.0,0.0,0.0,1.0,0.0,0.0,0,0,0,0,0,0
2026-07-18 02:17:00,BR-Koramangala,0.0,0.0,0.0,1.0,0.0,0.0,0,0,0,0,0,0
2026-07-18 02:17:00,BR-Whitefield,0.0,0.0,0.0,1.0,0.0,0.0,0,0,0,0,0,0
2026-07-18 02:18:00,HO-Chennai,0.0,0.0,0.0,1.0,0.0,0.0,0,0,0,0,0,0
2026-07-18 02:18:00,ZO-Bengaluru,0.0,0.0,0.0,1.0,0.0,0.0,0,0,0,0,0,0
2026-07-18 02:18:00,BR-Koramangala,0.0,0.0,0.0,1.0,0.0,0.0,0,0,0,0,0,0
2026-07-18 02:18:00,BR-Whitefield,0.0,0.0,0.0,1.0,0.0,0.0,0,0,0,0,0,0
2026-07-18 02:19:00,HO-Chennai,0.0,0.0,0.0,1.0,0.0,0.0,0,0,0,0,0,0
2026-07-18 02:19:00,ZO-Bengaluru,0.0,0.0,0.0,1.0,0.0,0.0,0,0,0,0,0,0
2026-07-18 02:19:00,BR-Koramangala,0.0,0.0,0.0,1.0,0.0,0.0,0,0,0,0,0,0
2026-07-18 02:19:00,BR-Whitefield,0.0,0.0,0.0,1.0,0.0,0.0,0,0,0,0,0,0
2026-07-18 02:20:00,HO-Chennai,0.0,0.0,0.0,1.0,0.0,0.0,0,0,0,0,0,0
2026-07-18 02:20:00,ZO-Bengaluru,0.0,0.0,0.0,1.0,0.0,0.0,0,0,0,0,0,0
2026-07-18 02:20:00,BR-Koramangala,0.0,0.0,0.0,1.0,0.0,0.0,0,0,0,0,0,0
2026-07-18 02:20:00,BR-Whitefield,0.0,0.0,0.0,1.0,0.0,0.0,0,0,0,0,0,0
2026-07-18 02:21:00,HO-Chennai,0.0,0.0,0.0,1.0,0.0,0.0,0,0,0,0,0,0
2026-07-18 02:21:00,ZO-Bengaluru,0.0,0.0,0.0,1.0,0.0,0.0,0,0,0,0,0,0
2026-07-18 02:21:00,BR-Koramangala,0.0,0.0,0.0,1.0,0.0,0.0,0,0,0,0,0,0
2026-07-18 02:21:00,BR-Whitefield,0.0,0.0,0.0,1.0,0.0,0.0,0,0,0,0,0,0
2026-07-18 02:22:00,HO-Chennai,0.0,0.0,0.0,1.0,0.0,0.0,0,0,0,0,0,0
2026-07-18 02:22:00,ZO-Bengaluru,0.0,0.0,0.0,1.0,0.0,0.0,0,0,0,0,0,0
2026-07-18 02:22:00,BR-Koramangala,0.0,0.0,0.0,1.0,0.0,0.0,0,0,0,0,0,0
2026-07-18 02:22:00,BR-Whitefield,0.0,0.0,0.0,1.0,0.0,0.0,0,0,0,0,0,0
2026-07-18 02:23:00,HO-Chennai,0.0,0.0,0.0,1.0,0.0,0.0,0,0,0,0,0,0
2026-07-18 02:23:00,ZO-Bengaluru,0.0,0.0,0.0,1.0,0.0,0.0,0,0,0,0,0,0
2026-07-18 02:23:00,BR-Koramangala,0.0,0.0,0.0,1.0,0.0,0.0,0,0,0,0,0,0
2026-07-18 02:23:00,BR-Whitefield,0.0,0.0,0.0,1.0,0.0,0.0,0,0,0,0,0,0
2026-07-18 02:24:00,HO-Chennai,0.0,0.0,0.0,1.0,0.0,0.0,0,0,0,0,0,0
2026-07-18 02:24:00,ZO-Bengaluru,0.0,0.0,0.0,1.0,0.0,0.0,0,0,0,0,0,0
2026-07-18 02:24:00,BR-Koramangala,0.0,0.0,0.0,1.0,0.0,0.0,0,0,0,0,0,0
2026-07-18 02:24:00,BR-Whitefield,0.0,0.0,0.0,1.0,0.0,0.0,0,0,0,0,0,0
2026-07-18 02:25:00,HO-Chennai,0.0,0.0,0.0,1.0,0.0,0.0,0,0,0,0,0,0
2026-07-18 02:25:00,ZO-Bengaluru,0.0,0.0,0.0,1.0,0.0,0.0,0,0,0,0,0,0
2026-07-18 02:25:00,BR-Koramangala,0.0,0.0,0.0,1.0,0.0,0.0,0,0,0,0,0,0
2026-07-18 02:25:00,BR-Whitefield,0.0,0.0,0.0,1.0,0.0,0.0,0,0,0,0,0,0
2026-07-18 02:26:00,HO-Chennai,0.0,0.0,0.0,1.0,0.0,0.0,0,0,0,0,0,0
2026-07-18 02:26:00,ZO-Bengaluru,0.0,0.0,0.0,1.0,0.0,0.0,0,0,0,0,0,0
2026-07-18 02:26:00,BR-Koramangala,0.0,0.0,0.0,1.0,0.0,0.0,0,0,0,0,0,0
2026-07-18 02:26:00,BR-Whitefield,0.0,0.0,0.0,1.0,0.0,0.0,0,0,0,0,0,0
2026-07-18 02:27:00,HO-Chennai,0.0,0.0,0.0,1.0,0.0,0.0,0,0,0,0,0,0
2026-07-18 02:27:00,ZO-Bengaluru,0.0,0.0,0.0,1.0,0.0,0.0,0,0,0,0,0,0
2026-07-18 02:27:00,BR-Koramangala,0.0,0.0,0.0,1.0,0.0,0.0,0,0,0,0,0,0
2026-07-18 02:27:00,BR-Whitefield,0.0,0.0,0.0,1.0,0.0,0.0,0,0,0,0,0,0
2026-07-18 02:28:00,HO-Chennai,0.0,0.0,0.0,1.0,0.0,0.0,0,0,0,0,0,0
2026-07-18 02:28:00,ZO-Bengaluru,0.0,0.0,0.0,1.0,0.0,0.0,0,0,0,0,0,0
2026-07-18 02:28:00,BR-Koramangala,0.0,0.0,0.0,1.0,0.0,0.0,0,0,0,0,0,0
2026-07-18 02:28:00,BR-Whitefield,0.0,0.0,0.0,1.0,0.0,0.0,0,0,0,0,0,0
2026-07-18 02:29:00,HO-Chennai,0.0,0.0,0.0,1.0,0.0,0.0,0,0,0,0,0,0
2026-07-18 02:29:00,ZO-Bengaluru,0.0,0.0,0.0,1.0,0.0,0.0,0,0,0,0,0,0
2026-07-18 02:29:00,BR-Koramangala,0.0,0.0,0.0,1.0,0.0,0.0,0,0,0,0,0,0
2026-07-18 02:29:00,BR-Whitefield,0.0,0.0,0.0,1.0,0.0,0.0,0,0,0,0,0,0
2026-07-18 02:30:00,HO-Chennai,0.0,0.0,0.0,1.0,0.0,0.0,0,0,0,0,0,0
2026-07-18 02:30:00,ZO-Bengaluru,0.0,0.0,0.0,1.0,0.0,0.0,0,0,0,0,0,0
2026-07-18 02:30:00,BR-Koramangala,0.0,0.0,0.0,1.0,0.0,0.0,0,0,0,0,0,0
2026-07-18 02:30:00,BR-Whitefield,0.0,0.0,0.0,1.0,0.0,0.0,0,0,0,0,0,0
2026-07-18 02:31:00,HO-Chennai,0.0,0.0,0.0,1.0,0.0,0.0,0,0,0,0,0,0
2026-07-18 02:31:00,ZO-Bengaluru,0.0,0.0,0.0,1.0,0.0,0.0,0,0,0,0,0,0
2026-07-18 02:31:00,BR-Koramangala,0.0,0.0,0.0,1.0,0.0,0.0,0,0,0,0,0,0
2026-07-18 02:31:00,BR-Whitefield,0.0,0.0,0.0,1.0,0.0,0.0,0,0,0,0,0,0
2026-07-18 02:32:00,HO-Chennai,0.0,0.0,0.0,1.0,0.0,0.0,0,0,0,0,0,0
2026-07-18 02:32:00,ZO-Bengaluru,0.0,0.0,0.0,1.0,0.0,0.0,0,0,0,0,0,0
2026-07-18 02:32:00,BR-Koramangala,0.0,0.0,0.0,1.0,0.0,0.0,0,0,0,0,0,0
2026-07-18 02:32:00,BR-Whitefield,0.0,0.0,0.0,1.0,0.0,0.0,0,0,0,0,0,0
2026-07-18 02:33:00,HO-Chennai,0.0,0.0,0.0,1.0,0.0,0.0,0,0,0,0,0,0
2026-07-18 02:33:00,ZO-Bengaluru,0.0,0.0,0.0,1.0,0.0,0.0,0,0,0,0,0,0
2026-07-18 02:33:00,BR-Koramangala,0.0,0.0,0.0,1.0,0.0,0.0,0,0,0,0,0,0
2026-07-18 02:33:00,BR-Whitefield,0.0,0.0,0.0,1.0,0.0,0.0,0,0,0,0,0,0
2026-07-18 02:34:00,HO-Chennai,0.0,0.0,0.0,1.0,0.0,0.0,0,0,0,0,0,0
2026-07-18 02:34:00,ZO-Bengaluru,0.0,0.0,0.0,1.0,0.0,0.0,0,0,0,0,0,0
2026-07-18 02:34:00,BR-Koramangala,0.0,0.0,0.0,1.0,0.0,0.0,0,0,0,0,0,0
2026-07-18 02:34:00,BR-Whitefield,0.0,0.0,0.0,1.0,0.0,0.0,0,0,0,0,0,0
2026-07-18 02:35:00,HO-Chennai,0.0,0.0,0.0,1.0,0.0,0.0,0,0,0,0,0,0
2026-07-18 02:35:00,ZO-Bengaluru,0.0,0.0,0.0,1.0,0.0,0.0,0,0,0,0,0,0
2026-07-18 02:35:00,BR-Koramangala,0.0,0.0,0.0,1.0,0.0,0.0,0,0,0,0,0,0
2026-07-18 02:35:00,BR-Whitefield,0.0,0.0,0.0,1.0,0.0,0.0,0,0,0,0,0,0
2026-07-18 02:36:00,HO-Chennai,0.0,0.0,0.0,1.0,0.0,0.0,0,0,0,0,0,0
2026-07-18 02:36:00,ZO-Bengaluru,0.0,0.0,0.0,1.0,0.0,0.0,0,0,0,0,0,0
2026-07-18 02:36:00,BR-Koramangala,0.0,0.0,0.0,1.0,0.0,0.0,0,0,0,0,0,0
2026-07-18 02:36:00,BR-Whitefield,0.0,0.0,0.0,1.0,0.0,0.0,0,0,0,0,0,0
2026-07-18 02:37:00,HO-Chennai,0.0,0.0,0.0,1.0,0.0,0.0,0,0,0,0,0,0
2026-07-18 02:37:00,ZO-Bengaluru,0.0,0.0,0.0,1.0,0.0,0.0,0,0,0,0,0,0
2026-07-18 02:37:00,BR-Koramangala,0.0,0.0,0.0,1.0,0.0,0.0,0,0,0,0,0,0
2026-07-18 02:37:00,BR-Whitefield,0.0,0.0,0.0,1.0,0.0,0.0,0,0,0,0,0,0
2026-07-18 02:38:00,HO-Chennai,0.0,0.0,0.0,1.0,0.0,0.0,0,0,0,0,0,0
2026-07-18 02:38:00,ZO-Bengaluru,0.0,0.0,0.0,1.0,0.0,0.0,0,0,0,0,0,0
2026-07-18 02:38:00,BR-Koramangala,0.0,0.0,0.0,1.0,0.0,0.0,0,0,0,0,0,0
2026-07-18 02:38:00,BR-Whitefield,0.0,0.0,0.0,1.0,0.0,0.0,0,0,0,0,0,0
2026-07-18 02:39:00,HO-Chennai,0.0,0.0,0.0,1.0,0.0,0.0,0,0,0,0,0,0
2026-07-18 02:39:00,ZO-Bengaluru,0.0,0.0,0.0,1.0,0.0,0.0,0,0,0,0,0,0
2026-07-18 02:39:00,BR-Koramangala,0.0,0.0,0.0,1.0,0.0,0.0,0,0,0,0,0,0
2026-07-18 02:39:00,BR-Whitefield,0.0,0.0,0.0,1.0,0.0,0.0,0,0,0,0,0,0
2026-07-18 02:40:00,HO-Chennai,0.0,0.0,0.0,1.0,0.0,0.0,0,0,0,0,0,0
2026-07-18 02:40:00,ZO-Bengaluru,0.0,0.0,0.0,1.0,0.0,0.0,0,0,0,0,0,0
2026-07-18 02:40:00,BR-Koramangala,0.0,0.0,0.0,1.0,0.0,0.0,0,0,0,0,0,0
2026-07-18 02:40:00,BR-Whitefield,0.0,0.0,0.0,1.0,0.0,0.0,0,0,0,0,0,0
2026-07-18 02:41:00,HO-Chennai,0.0,0.0,0.0,1.0,0.0,0.0,0,0,0,0,0,0
2026-07-18 02:41:00,ZO-Bengaluru,0.0,0.0,0.0,1.0,0.0,0.0,0,0,0,0,0,0
2026-07-18 02:41:00,BR-Koramangala,0.0,0.0,0.0,1.0,0.0,0.0,0,0,0,0,0,0
2026-07-18 02:41:00,BR-Whitefield,0.0,0.0,0.0,1.0,0.0,0.0,0,0,0,0,0,0
2026-07-18 02:42:00,HO-Chennai,0.0,0.0,0.0,1.0,0.0,0.0,0,0,0,0,0,0
2026-07-18 02:42:00,ZO-Bengaluru,0.0,0.0,0.0,1.0,0.0,0.0,0,0,0,0,0,0
2026-07-18 02:42:00,BR-Koramangala,0.0,0.0,0.0,1.0,0.0,0.0,0,0,0,0,0,0
2026-07-18 02:42:00,BR-Whitefield,0.0,0.0,0.0,1.0,0.0,0.0,0,0,0,0,0,0
2026-07-18 02:43:00,HO-Chennai,0.0,0.0,0.0,1.0,0.0,0.0,0,0,0,0,0,0
2026-07-18 02:43:00,ZO-Bengaluru,0.0,0.0,0.0,1.0,0.0,0.0,0,0,0,0,0,0
2026-07-18 02:43:00,BR-Koramangala,0.0,0.0,0.0,1.0,0.0,0.0,0,0,0,0,0,0
2026-07-18 02:43:00,BR-Whitefield,0.0,0.0,0.0,1.0,0.0,0.0,0,0,0,0,0,0
2026-07-18 02:44:00,HO-Chennai,0.0,0.0,0.0,1.0,0.0,0.0,0,0,0,0,0,0
2026-07-18 02:44:00,ZO-Bengaluru,0.0,0.0,0.0,1.0,0.0,0.0,0,0,0,0,0,0
2026-07-18 02:44:00,BR-Koramangala,0.0,0.0,0.0,1.0,0.0,0.0,0,0,0,0,0,0
2026-07-18 02:44:00,BR-Whitefield,0.0,0.0,0.0,1.0,0.0,0.0,0,0,0,0,0,0
2026-07-18 02:45:00,HO-Chennai,0.0,0.0,0.0,1.0,0.0,0.0,0,0,0,0,0,0
2026-07-18 02:45:00,ZO-Bengaluru,0.0,0.0,0.0,1.0,0.0,0.0,0,0,0,0,0,0
2026-07-18 02:45:00,BR-Koramangala,0.0,0.0,0.0,1.0,0.0,0.0,0,0,0,0,0,0
2026-07-18 02:45:00,BR-Whitefield,0.0,0.0,0.0,1.0,0.0,0.0,0,0,0,0,0,0
2026-07-18 02:46:00,HO-Chennai,0.0,0.0,0.0,1.0,0.0,0.0,0,0,0,0,0,0
2026-07-18 02:46:00,ZO-Bengaluru,0.0,0.0,0.0,1.0,0.0,0.0,0,0,0,0,0,0
2026-07-18 02:46:00,BR-Koramangala,0.0,0.0,0.0,1.0,0.0,0.0,0,0,0,0,0,0
2026-07-18 02:46:00,BR-Whitefield,0.0,0.0,0.0,1.0,0.0,0.0,0,0,0,0,0,0
2026-07-18 02:47:00,HO-Chennai,0.0,0.0,0.0,1.0,0.0,0.0,0,0,0,0,0,0
2026-07-18 02:47:00,ZO-Bengaluru,0.0,0.0,0.0,1.0,0.0,0.0,0,0,0,0,0,0
2026-07-18 02:47:00,BR-Koramangala,0.0,0.0,0.0,1.0,0.0,0.0,0,0,0,0,0,0
2026-07-18 02:47:00,BR-Whitefield,0.0,0.0,0.0,1.0,0.0,0.0,0,0,0,0,0,0
2026-07-18 02:48:00,HO-Chennai,0.0,0.0,0.0,1.0,0.0,0.0,0,0,0,0,0,0
2026-07-18 02:48:00,ZO-Bengaluru,0.0,0.0,0.0,1.0,0.0,0.0,0,0,0,0,0,0
2026-07-18 02:48:00,BR-Koramangala,0.0,0.0,0.0,1.0,0.0,0.0,0,0,0,0,0,0
2026-07-18 02:48:00,BR-Whitefield,0.0,0.0,0.0,1.0,0.0,0.0,0,0,0,0,0,0
2026-07-18 02:49:00,HO-Chennai,0.0,0.0,0.0,1.0,0.0,0.0,0,0,0,0,0,0
2026-07-18 02:49:00,ZO-Bengaluru,0.0,0.0,0.0,1.0,0.0,0.0,0,0,0,0,0,0
2026-07-18 02:49:00,BR-Koramangala,0.0,0.0,0.0,1.0,0.0,0.0,0,0,0,0,0,0
2026-07-18 02:49:00,BR-Whitefield,0.0,0.0,0.0,1.0,0.0,0.0,0,0,0,0,0,0
2026-07-18 02:50:00,HO-Chennai,0.0,0.0,0.0,1.0,0.0,0.0,0,0,0,0,0,0
2026-07-18 02:50:00,ZO-Bengaluru,0.0,0.0,0.0,1.0,0.0,0.0,0,0,0,0,0,0
2026-07-18 02:50:00,BR-Koramangala,0.0,0.0,0.0,1.0,0.0,0.0,0,0,0,0,0,0
2026-07-18 02:50:00,BR-Whitefield,0.0,0.0,0.0,1.0,0.0,0.0,0,0,0,0,0,0
2026-07-18 02:51:00,HO-Chennai,0.0,0.0,0.0,1.0,0.0,0.0,0,0,0,0,0,0
2026-07-18 02:51:00,ZO-Bengaluru,0.0,0.0,0.0,1.0,0.0,0.0,0,0,0,0,0,0
2026-07-18 02:51:00,BR-Koramangala,0.0,0.0,0.0,1.0,0.0,0.0,0,0,0,0,0,0
2026-07-18 02:51:00,BR-Whitefield,0.0,0.0,0.0,1.0,0.0,0.0,0,0,0,0,0,0
2026-07-18 02:52:00,HO-Chennai,0.0,0.0,0.0,1.0,0.0,0.0,0,0,0,0,0,0
2026-07-18 02:52:00,ZO-Bengaluru,0.0,0.0,0.0,1.0,0.0,0.0,0,0,0,0,0,0
2026-07-18 02:52:00,BR-Koramangala,0.0,0.0,0.0,1.0,0.0,0.0,0,0,0,0,0,0
2026-07-18 02:52:00,BR-Whitefield,0.0,0.0,0.0,1.0,0.0,0.0,0,0,0,0,0,0
2026-07-18 02:53:00,HO-Chennai,0.0,0.0,0.0,1.0,0.0,0.0,0,0,0,0,0,0
2026-07-18 02:53:00,ZO-Bengaluru,0.0,0.0,0.0,1.0,0.0,0.0,0,0,0,0,0,0
2026-07-18 02:53:00,BR-Koramangala,0.0,0.0,0.0,1.0,0.0,0.0,0,0,0,0,0,0
2026-07-18 02:53:00,BR-Whitefield,0.0,0.0,0.0,1.0,0.0,0.0,0,0,0,0,0,0
2026-07-18 02:54:00,HO-Chennai,0.0,0.0,0.0,1.0,0.0,0.0,0,0,0,0,0,0
2026-07-18 02:54:00,ZO-Bengaluru,0.0,0.0,0.0,1.0,0.0,0.0,0,0,0,0,0,0
2026-07-18 02:54:00,BR-Koramangala,0.0,0.0,0.0,1.0,0.0,0.0,0,0,0,0,0,0
2026-07-18 02:54:00,BR-Whitefield,0.0,0.0,0.0,1.0,0.0,0.0,0,0,0,0,0,0
2026-07-18 02:55:00,HO-Chennai,0.0,0.0,0.0,1.0,0.0,0.0,0,0,0,0,0,0
2026-07-18 02:55:00,ZO-Bengaluru,0.0,0.0,0.0,1.0,0.0,0.0,0,0,0,0,0,0
2026-07-18 02:55:00,BR-Koramangala,0.0,0.0,0.0,1.0,0.0,0.0,0,0,0,0,0,0
2026-07-18 02:55:00,BR-Whitefield,0.0,0.0,0.0,1.0,0.0,0.0,0,0,0,0,0,0
2026-07-18 02:56:00,HO-Chennai,0.0,0.0,0.0,1.0,0.0,0.0,0,0,0,0,0,0
2026-07-18 02:56:00,ZO-Bengaluru,0.0,0.0,0.0,1.0,0.0,0.0,0,0,0,0,0,0
2026-07-18 02:56:00,BR-Koramangala,0.0,0.0,0.0,1.0,0.0,0.0,0,0,0,0,0,0
2026-07-18 02:56:00,BR-Whitefield,0.0,0.0,0.0,1.0,0.0,0.0,0,0,0,0,0,0
2026-07-18 02:57:00,HO-Chennai,0.0,0.0,0.0,1.0,0.0,0.0,0,0,0,0,0,0
2026-07-18 02:57:00,ZO-Bengaluru,0.0,0.0,0.0,1.0,0.0,0.0,0,0,0,0,0,0
2026-07-18 02:57:00,BR-Koramangala,0.0,0.0,0.0,1.0,0.0,0.0,0,0,0,0,0,0
2026-07-18 02:57:00,BR-Whitefield,0.0,0.0,0.0,1.0,0.0,0.0,0,0,0,0,0,0
2026-07-18 02:58:00,HO-Chennai,0.0,0.0,0.0,1.0,0.0,0.0,0,0,0,0,0,0
2026-07-18 02:58:00,ZO-Bengaluru,0.0,0.0,0.0,1.0,0.0,0.0,0,0,0,0,0,0
2026-07-18 02:58:00,BR-Koramangala,0.0,0.0,0.0,1.0,0.0,0.0,0,0,0,0,0,0
2026-07-18 02:58:00,BR-Whitefield,0.0,0.0,0.0,1.0,0.0,0.0,0,0,0,0,0,0
2026-07-18 02:59:00,HO-Chennai,0.0,0.0,0.0,1.0,0.0,0.0,0,0,0,0,0,0
2026-07-18 02:59:00,ZO-Bengaluru,0.0,0.0,0.0,1.0,0.0,0.0,0,0,0,0,0,0
2026-07-18 02:59:00,BR-Koramangala,0.0,0.0,0.0,1.0,0.0,0.0,0,0,0,0,0,0
2026-07-18 02:59:00,BR-Whitefield,0.0,0.0,0.0,1.0,0.0,0.0,0,0,0,0,0,0
2026-07-18 03:00:00,HO-Chennai,0.0,0.0,0.0,1.0,0.0,0.0,0,0,0,0,0,0
2026-07-18 03:00:00,ZO-Bengaluru,0.0,0.0,0.0,1.0,0.0,0.0,0,0,0,0,0,0
2026-07-18 03:00:00,BR-Koramangala,0.0,0.0,0.0,1.0,0.0,0.0,0,0,0,0,0,0
2026-07-18 03:00:00,BR-Whitefield,0.0,0.0,0.0,1.0,0.0,0.0,0,0,0,0,0,0
2026-07-18 03:01:00,HO-Chennai,0.0,0.0,0.0,1.0,0.0,0.0,0,0,0,0,0,0
2026-07-18 03:01:00,ZO-Bengaluru,0.0,0.0,0.0,1.0,0.0,0.0,0,0,0,0,0,0
2026-07-18 03:01:00,BR-Koramangala,0.0,0.0,0.0,1.0,0.0,0.0,0,0,0,0,0,0
2026-07-18 03:01:00,BR-Whitefield,0.0,0.0,0.0,1.0,0.0,0.0,0,0,0,0,0,0
2026-07-18 03:02:00,HO-Chennai,0.0,0.0,0.0,1.0,0.0,0.0,0,0,0,0,0,0
2026-07-18 03:02:00,ZO-Bengaluru,0.0,0.0,0.0,1.0,0.0,0.0,0,0,0,0,0,0
2026-07-18 03:02:00,BR-Koramangala,0.0,0.0,0.0,1.0,0.0,0.0,0,0,0,0,0,0
2026-07-18 03:02:00,BR-Whitefield,0.0,0.0,0.0,1.0,0.0,0.0,0,0,0,0,0,0
2026-07-18 03:03:00,HO-Chennai,0.0,0.0,0.0,1.0,0.0,0.0,0,0,0,0,0,0
2026-07-18 03:03:00,ZO-Bengaluru,0.0,0.0,0.0,1.0,0.0,0.0,0,0,0,0,0,0
2026-07-18 03:03:00,BR-Koramangala,0.0,0.0,0.0,1.0,0.0,0.0,0,0,0,0,0,0
2026-07-18 03:03:00,BR-Whitefield,0.0,0.0,0.0,1.0,0.0,0.0,0,0,0,0,0,0
2026-07-18 03:04:00,HO-Chennai,0.0,0.0,0.0,1.0,0.0,0.0,0,0,0,0,0,0
2026-07-18 03:04:00,ZO-Bengaluru,0.0,0.0,0.0,1.0,0.0,0.0,0,0,0,0,0,0
2026-07-18 03:04:00,BR-Koramangala,0.0,0.0,0.0,1.0,0.0,0.0,0,0,0,0,0,0
2026-07-18 03:04:00,BR-Whitefield,0.0,0.0,0.0,1.0,0.0,0.0,0,0,0,0,0,0
2026-07-18 03:05:00,HO-Chennai,0.0,0.0,0.0,1.0,0.0,0.0,0,0,0,0,0,0
2026-07-18 03:05:00,ZO-Bengaluru,0.0,0.0,0.0,1.0,0.0,0.0,0,0,0,0,0,0
2026-07-18 03:05:00,BR-Koramangala,0.0,0.0,0.0,1.0,0.0,0.0,0,0,0,0,0,0
2026-07-18 03:05:00,BR-Whitefield,0.0,0.0,0.0,1.0,0.0,0.0,0,0,0,0,0,0
2026-07-18 03:06:00,HO-Chennai,0.0,0.0,0.0,1.0,0.0,0.0,0,0,0,0,0,0
2026-07-18 03:06:00,ZO-Bengaluru,0.0,0.0,0.0,1.0,0.0,0.0,0,0,0,0,0,0
2026-07-18 03:06:00,BR-Koramangala,0.0,0.0,0.0,1.0,0.0,0.0,0,0,0,0,0,0
2026-07-18 03:06:00,BR-Whitefield,0.0,0.0,0.0,1.0,0.0,0.0,0,0,0,0,0,0
2026-07-18 03:07:00,HO-Chennai,0.0,0.0,0.0,1.0,0.0,0.0,0,0,0,0,0,0
2026-07-18 03:07:00,ZO-Bengaluru,0.0,0.0,0.0,1.0,0.0,0.0,0,0,0,0,0,0
2026-07-18 03:07:00,BR-Koramangala,0.0,0.0,0.0,1.0,0.0,0.0,0,0,0,0,0,0
2026-07-18 03:07:00,BR-Whitefield,0.0,0.0,0.0,1.0,0.0,0.0,0,0,0,0,0,0
2026-07-18 03:08:00,HO-Chennai,0.0,0.0,0.0,1.0,0.0,0.0,0,0,0,0,0,0
2026-07-18 03:08:00,ZO-Bengaluru,0.0,0.0,0.0,1.0,0.0,0.0,0,0,0,0,0,0
2026-07-18 03:08:00,BR-Koramangala,0.0,0.0,0.0,1.0,0.0,0.0,0,0,0,0,0,0
2026-07-18 03:08:00,BR-Whitefield,0.0,0.0,0.0,1.0,0.0,0.0,0,0,0,0,0,0
2026-07-18 03:09:00,HO-Chennai,0.0,0.0,0.0,1.0,0.0,0.0,0,0,0,0,0,0
2026-07-18 03:09:00,ZO-Bengaluru,0.0,0.0,0.0,1.0,0.0,0.0,0,0,0,0,0,0
2026-07-18 03:09:00,BR-Koramangala,0.0,0.0,0.0,1.0,0.0,0.0,0,0,0,0,0,0
2026-07-18 03:09:00,BR-Whitefield,0.0,0.0,0.0,1.0,0.0,0.0,0,0,0,0,0,0
2026-07-18 03:10:00,HO-Chennai,0.0,0.0,0.0,1.0,0.0,0.0,0,0,0,0,0,0
2026-07-18 03:10:00,ZO-Bengaluru,0.0,0.0,0.0,1.0,0.0,0.0,0,0,0,0,0,0
2026-07-18 03:10:00,BR-Koramangala,0.0,0.0,0.0,1.0,0.0,0.0,0,0,0,0,0,0
2026-07-18 03:10:00,BR-Whitefield,0.0,0.0,0.0,1.0,0.0,0.0,0,0,0,0,0,0
2026-07-18 03:11:00,HO-Chennai,0.0,0.0,0.0,1.0,0.0,0.0,0,0,0,0,0,0
2026-07-18 03:11:00,ZO-Bengaluru,0.0,0.0,0.0,1.0,0.0,0.0,0,0,0,0,0,0
2026-07-18 03:11:00,BR-Koramangala,0.0,0.0,0.0,1.0,0.0,0.0,0,0,0,0,0,0
2026-07-18 03:11:00,BR-Whitefield,0.0,0.0,0.0,1.0,0.0,0.0,0,0,0,0,0,0
2026-07-18 03:12:00,HO-Chennai,0.0,0.0,0.0,1.0,0.0,0.0,0,0,0,0,0,0
2026-07-18 03:12:00,ZO-Bengaluru,0.0,0.0,0.0,1.0,0.0,0.0,0,0,0,0,0,0
2026-07-18 03:12:00,BR-Koramangala,0.0,0.0,0.0,1.0,0.0,0.0,0,0,0,0,0,0
2026-07-18 03:12:00,BR-Whitefield,0.0,0.0,0.0,1.0,0.0,0.0,0,0,0,0,0,0
2026-07-18 03:13:00,HO-Chennai,0.0,0.0,0.0,1.0,0.0,0.0,0,0,0,0,0,0
2026-07-18 03:13:00,ZO-Bengaluru,0.0,0.0,0.0,1.0,0.0,0.0,0,0,0,0,0,0
2026-07-18 03:13:00,BR-Koramangala,0.0,0.0,0.0,1.0,0.0,0.0,0,0,0,0,0,0
2026-07-18 03:13:00,BR-Whitefield,0.0,0.0,0.0,1.0,0.0,0.0,0,0,0,0,0,0
2026-07-18 03:14:00,HO-Chennai,0.0,0.0,0.0,1.0,0.0,0.0,0,0,0,0,0,0
2026-07-18 03:14:00,ZO-Bengaluru,0.0,0.0,0.0,1.0,0.0,0.0,0,0,0,0,0,0
2026-07-18 03:14:00,BR-Koramangala,0.0,0.0,0.0,1.0,0.0,0.0,0,0,0,0,0,0
2026-07-18 03:14:00,BR-Whitefield,0.0,0.0,0.0,1.0,0.0,0.0,0,0,0,0,0,0
2026-07-18 03:15:00,HO-Chennai,0.0,0.0,0.0,1.0,0.0,0.0,0,0,0,0,0,0
2026-07-18 03:15:00,ZO-Bengaluru,0.0,0.0,0.0,1.0,0.0,0.0,0,0,0,0,0,0
2026-07-18 03:15:00,BR-Koramangala,0.0,0.0,0.0,1.0,0.0,0.0,0,0,0,0,0,0
2026-07-18 03:15:00,BR-Whitefield,0.0,0.0,0.0,1.0,0.0,0.0,0,0,0,0,0,0
2026-07-18 03:16:00,HO-Chennai,0.0,0.0,0.0,1.0,0.0,0.0,0,0,0,0,0,0
2026-07-18 03:16:00,ZO-Bengaluru,0.0,0.0,0.0,1.0,0.0,0.0,0,0,0,0,0,0
2026-07-18 03:16:00,BR-Koramangala,0.0,0.0,0.0,1.0,0.0,0.0,0,0,0,0,0,0
2026-07-18 03:16:00,BR-Whitefield,0.0,0.0,0.0,1.0,0.0,0.0,0,0,0,0,0,0
2026-07-18 03:17:00,HO-Chennai,0.0,0.0,0.0,1.0,0.0,0.0,0,0,0,0,0,0
2026-07-18 03:17:00,ZO-Bengaluru,0.0,0.0,0.0,1.0,0.0,0.0,0,0,0,0,0,0
2026-07-18 03:17:00,BR-Koramangala,0.0,0.0,0.0,1.0,0.0,0.0,0,0,0,0,0,0
2026-07-18 03:17:00,BR-Whitefield,0.0,0.0,0.0,1.0,0.0,0.0,0,0,0,0,0,0
2026-07-18 03:18:00,HO-Chennai,0.0,0.0,0.0,1.0,0.0,0.0,0,0,0,0,0,0
2026-07-18 03:18:00,ZO-Bengaluru,0.0,0.0,0.0,1.0,0.0,0.0,0,0,0,0,0,0
2026-07-18 03:18:00,BR-Koramangala,0.0,0.0,0.0,1.0,0.0,0.0,0,0,0,0,0,0
2026-07-18 03:18:00,BR-Whitefield,0.0,0.0,0.0,1.0,0.0,0.0,0,0,0,0,0,0
2026-07-18 03:19:00,HO-Chennai,0.0,0.0,0.0,1.0,0.0,0.0,0,0,0,0,0,0
2026-07-18 03:19:00,ZO-Bengaluru,0.0,0.0,0.0,1.0,0.0,0.0,0,0,0,0,0,0
2026-07-18 03:19:00,BR-Koramangala,0.0,0.0,0.0,1.0,0.0,0.0,0,0,0,0,0,0
2026-07-18 03:19:00,BR-Whitefield,0.0,0.0,0.0,1.0,0.0,0.0,0,0,0,0,0,0
2026-07-18 03:20:00,HO-Chennai,0.0,0.0,0.0,1.0,0.0,0.0,0,0,0,0,0,0
2026-07-18 03:20:00,ZO-Bengaluru,0.0,0.0,0.0,1.0,0.0,0.0,0,0,0,0,0,0
2026-07-18 03:20:00,BR-Koramangala,0.0,0.0,0.0,1.0,0.0,0.0,0,0,0,0,0,0
2026-07-18 03:20:00,BR-Whitefield,0.0,0.0,0.0,1.0,0.0,0.0,0,0,0,0,0,0
2026-07-18 03:21:00,HO-Chennai,0.0,0.0,0.0,1.0,0.0,0.0,0,0,0,0,0,0
2026-07-18 03:21:00,ZO-Bengaluru,0.0,0.0,0.0,1.0,0.0,0.0,0,0,0,0,0,0
2026-07-18 03:21:00,BR-Koramangala,0.0,0.0,0.0,1.0,0.0,0.0,0,0,0,0,0,0
2026-07-18 03:21:00,BR-Whitefield,0.0,0.0,0.0,1.0,0.0,0.0,0,0,0,0,0,0
2026-07-18 03:22:00,HO-Chennai,0.0,0.0,0.0,1.0,0.0,0.0,0,0,0,0,0,0
2026-07-18 03:22:00,ZO-Bengaluru,0.0,0.0,0.0,1.0,0.0,0.0,0,0,0,0,0,0
2026-07-18 03:22:00,BR-Koramangala,0.0,0.0,0.0,1.0,0.0,0.0,0,0,0,0,0,0
2026-07-18 03:22:00,BR-Whitefield,0.0,0.0,0.0,1.0,0.0,0.0,0,0,0,0,0,0
2026-07-18 03:23:00,HO-Chennai,0.0,0.0,0.0,1.0,0.0,0.0,0,0,0,0,0,0
2026-07-18 03:23:00,ZO-Bengaluru,0.0,0.0,0.0,1.0,0.0,0.0,0,0,0,0,0,0
2026-07-18 03:23:00,BR-Koramangala,0.0,0.0,0.0,1.0,0.0,0.0,0,0,0,0,0,0
2026-07-18 03:23:00,BR-Whitefield,0.0,0.0,0.0,1.0,0.0,0.0,0,0,0,0,0,0
2026-07-18 03:24:00,HO-Chennai,0.0,0.0,0.0,1.0,0.0,0.0,0,0,0,0,0,0
2026-07-18 03:24:00,ZO-Bengaluru,0.0,0.0,0.0,1.0,0.0,0.0,0,0,0,0,0,0
2026-07-18 03:24:00,BR-Koramangala,0.0,0.0,0.0,1.0,0.0,0.0,0,0,0,0,0,0
2026-07-18 03:24:00,BR-Whitefield,0.0,0.0,0.0,1.0,0.0,0.0,0,0,0,0,0,0
2026-07-18 03:25:00,HO-Chennai,0.0,0.0,0.0,1.0,0.0,0.0,0,0,0,0,0,0
2026-07-18 03:25:00,ZO-Bengaluru,0.0,0.0,0.0,1.0,0.0,0.0,0,0,0,0,0,0
2026-07-18 03:25:00,BR-Koramangala,0.0,0.0,0.0,1.0,0.0,0.0,0,0,0,0,0,0
2026-07-18 03:25:00,BR-Whitefield,0.0,0.0,0.0,1.0,0.0,0.0,0,0,0,0,0,0
2026-07-18 03:26:00,HO-Chennai,0.0,0.0,0.0,1.0,0.0,0.0,0,0,0,0,0,0
2026-07-18 03:26:00,ZO-Bengaluru,0.0,0.0,0.0,1.0,0.0,0.0,0,0,0,0,0,0
2026-07-18 03:26:00,BR-Koramangala,0.0,0.0,0.0,1.0,0.0,0.0,0,0,0,0,0,0
2026-07-18 03:26:00,BR-Whitefield,0.0,0.0,0.0,1.0,0.0,0.0,0,0,0,0,0,0
2026-07-18 03:27:00,HO-Chennai,0.0,0.0,0.0,1.0,0.0,0.0,0,0,0,0,0,0
2026-07-18 03:27:00,ZO-Bengaluru,0.0,0.0,0.0,1.0,0.0,0.0,0,0,0,0,0,0
2026-07-18 03:27:00,BR-Koramangala,0.0,0.0,0.0,1.0,0.0,0.0,0,0,0,0,0,0
2026-07-18 03:27:00,BR-Whitefield,0.0,0.0,0.0,1.0,0.0,0.0,0,0,0,0,0,0
2026-07-18 03:28:00,HO-Chennai,0.0,0.0,0.0,1.0,0.0,0.0,0,0,0,0,0,0
2026-07-18 03:28:00,ZO-Bengaluru,0.0,0.0,0.0,1.0,0.0,0.0,0,0,0,0,0,0
2026-07-18 03:28:00,BR-Koramangala,0.0,0.0,0.0,1.0,0.0,0.0,0,0,0,0,0,0
2026-07-18 03:28:00,BR-Whitefield,0.0,0.0,0.0,1.0,0.0,0.0,0,0,0,0,0,0
2026-07-18 03:29:00,HO-Chennai,0.0,0.0,0.0,1.0,0.0,0.0,0,0,0,0,0,0
2026-07-18 03:29:00,ZO-Bengaluru,0.0,0.0,0.0,1.0,0.0,0.0,0,0,0,0,0,0
2026-07-18 03:29:00,BR-Koramangala,0.0,0.0,0.0,1.0,0.0,0.0,0,0,0,0,0,0
2026-07-18 03:29:00,BR-Whitefield,0.0,0.0,0.0,1.0,0.0,0.0,0,0,0,0,0,0
2026-07-18 03:30:00,HO-Chennai,0.0,0.0,0.0,1.0,0.0,0.0,0,0,0,0,0,0
2026-07-18 03:30:00,ZO-Bengaluru,0.0,0.0,0.0,1.0,0.0,0.0,0,0,0,0,0,0
2026-07-18 03:30:00,BR-Koramangala,0.0,0.0,0.0,1.0,0.0,0.0,0,0,0,0,0,0
2026-07-18 03:30:00,BR-Whitefield,0.0,0.0,0.0,1.0,0.0,0.0,0,0,0,0,0,0
2026-07-18 03:31:00,HO-Chennai,0.0,0.0,0.0,1.0,0.0,0.0,0,0,0,0,0,0
2026-07-18 03:31:00,ZO-Bengaluru,0.0,0.0,0.0,1.0,0.0,0.0,0,0,0,0,0,0
2026-07-18 03:31:00,BR-Koramangala,0.0,0.0,0.0,1.0,0.0,0.0,0,0,0,0,0,0
2026-07-18 03:31:00,BR-Whitefield,0.0,0.0,0.0,1.0,0.0,0.0,0,0,0,0,0,0
2026-07-18 03:32:00,HO-Chennai,0.0,0.0,0.0,1.0,0.0,0.0,0,0,0,0,0,0
2026-07-18 03:32:00,ZO-Bengaluru,0.0,0.0,0.0,1.0,0.0,0.0,0,0,0,0,0,0
2026-07-18 03:32:00,BR-Koramangala,0.0,0.0,0.0,1.0,0.0,0.0,0,0,0,0,0,0
2026-07-18 03:32:00,BR-Whitefield,0.0,0.0,0.0,1.0,0.0,0.0,0,0,0,0,0,0
2026-07-18 03:33:00,HO-Chennai,0.0,0.0,0.0,1.0,0.0,0.0,0,0,0,0,0,0
2026-07-18 03:33:00,ZO-Bengaluru,0.0,0.0,0.0,1.0,0.0,0.0,0,0,0,0,0,0
2026-07-18 03:33:00,BR-Koramangala,0.0,0.0,0.0,1.0,0.0,0.0,0,0,0,0,0,0
2026-07-18 03:33:00,BR-Whitefield,0.0,0.0,0.0,1.0,0.0,0.0,0,0,0,0,0,0
2026-07-18 03:34:00,HO-Chennai,0.0,0.0,0.0,1.0,0.0,0.0,0,0,0,0,0,0
2026-07-18 03:34:00,ZO-Bengaluru,0.0,0.0,0.0,1.0,0.0,0.0,0,0,0,0,0,0
2026-07-18 03:34:00,BR-Koramangala,0.0,0.0,0.0,1.0,0.0,0.0,0,0,0,0,0,0
2026-07-18 03:34:00,BR-Whitefield,0.0,0.0,0.0,1.0,0.0,0.0,0,0,0,0,0,0
2026-07-18 03:35:00,HO-Chennai,0.0,0.0,0.0,1.0,0.0,0.0,0,0,0,0,0,0
2026-07-18 03:35:00,ZO-Bengaluru,0.0,0.0,0.0,1.0,0.0,0.0,0,0,0,0,0,0
2026-07-18 03:35:00,BR-Koramangala,0.0,0.0,0.0,1.0,0.0,0.0,0,0,0,0,0,0
2026-07-18 03:35:00,BR-Whitefield,0.0,0.0,0.0,1.0,0.0,0.0,0,0,0,0,0,0
2026-07-18 03:36:00,HO-Chennai,0.0,0.0,0.0,1.0,0.0,0.0,0,0,0,0,0,0
2026-07-18 03:36:00,ZO-Bengaluru,0.0,0.0,0.0,1.0,0.0,0.0,0,0,0,0,0,0
2026-07-18 03:36:00,BR-Koramangala,0.0,0.0,0.0,1.0,0.0,0.0,0,0,0,0,0,0
2026-07-18 03:36:00,BR-Whitefield,0.0,0.0,0.0,1.0,0.0,0.0,0,0,0,0,0,0
2026-07-18 03:37:00,HO-Chennai,0.0,0.0,0.0,1.0,0.0,0.0,0,0,0,0,0,0
2026-07-18 03:37:00,ZO-Bengaluru,0.0,0.0,0.0,1.0,0.0,0.0,0,0,0,0,0,0
2026-07-18 03:37:00,BR-Koramangala,0.0,0.0,0.0,1.0,0.0,0.0,0,0,0,0,0,0
2026-07-18 03:37:00,BR-Whitefield,0.0,0.0,0.0,1.0,0.0,0.0,0,0,0,0,0,0
2026-07-18 03:38:00,HO-Chennai,0.0,0.0,0.0,1.0,0.0,0.0,0,0,0,0,0,0
2026-07-18 03:38:00,ZO-Bengaluru,0.0,0.0,0.0,1.0,0.0,0.0,0,0,0,0,0,0
2026-07-18 03:38:00,BR-Koramangala,0.0,0.0,0.0,1.0,0.0,0.0,0,0,0,0,0,0
2026-07-18 03:38:00,BR-Whitefield,0.0,0.0,0.0,1.0,0.0,0.0,0,0,0,0,0,0
2026-07-18 03:39:00,HO-Chennai,0.0,0.0,0.0,1.0,0.0,0.0,0,0,0,0,0,0
2026-07-18 03:39:00,ZO-Bengaluru,0.0,0.0,0.0,1.0,0.0,0.0,0,0,0,0,0,0
2026-07-18 03:39:00,BR-Koramangala,0.0,0.0,0.0,1.0,0.0,0.0,0,0,0,0,0,0
2026-07-18 03:39:00,BR-Whitefield,0.0,0.0,0.0,1.0,0.0,0.0,0,0,0,0,0,0
2026-07-18 03:40:00,HO-Chennai,0.0,0.0,0.0,1.0,0.0,0.0,0,0,0,0,0,0
2026-07-18 03:40:00,ZO-Bengaluru,0.0,0.0,0.0,1.0,0.0,0.0,0,0,0,0,0,0
2026-07-18 03:40:00,BR-Koramangala,0.0,0.0,0.0,1.0,0.0,0.0,0,0,0,0,0,0
2026-07-18 03:40:00,BR-Whitefield,0.0,0.0,0.0,1.0,0.0,0.0,0,0,0,0,0,0
2026-07-18 03:41:00,HO-Chennai,0.0,0.0,0.0,1.0,0.0,0.0,0,0,0,0,0,0
2026-07-18 03:41:00,ZO-Bengaluru,0.0,0.0,0.0,1.0,0.0,0.0,0,0,0,0,0,0
2026-07-18 03:41:00,BR-Koramangala,0.0,0.0,0.0,1.0,0.0,0.0,0,0,0,0,0,0
2026-07-18 03:41:00,BR-Whitefield,0.0,0.0,0.0,1.0,0.0,0.0,0,0,0,0,0,0
2026-07-18 03:42:00,HO-Chennai,0.0,0.0,0.0,1.0,0.0,0.0,0,0,0,0,0,0
2026-07-18 03:42:00,ZO-Bengaluru,0.0,0.0,0.0,1.0,0.0,0.0,0,0,0,0,0,0
2026-07-18 03:42:00,BR-Koramangala,0.0,0.0,0.0,1.0,0.0,0.0,0,0,0,0,0,0
2026-07-18 03:42:00,BR-Whitefield,0.0,0.0,0.0,1.0,0.0,0.0,0,0,0,0,0,0
2026-07-18 03:43:00,HO-Chennai,0.0,0.0,0.0,1.0,0.0,0.0,0,0,0,0,0,0
2026-07-18 03:43:00,ZO-Bengaluru,0.0,0.0,0.0,1.0,0.0,0.0,0,0,0,0,0,0
2026-07-18 03:43:00,BR-Koramangala,0.0,0.0,0.0,1.0,0.0,0.0,0,0,0,0,0,0
2026-07-18 03:43:00,BR-Whitefield,0.0,0.0,0.0,1.0,0.0,0.0,0,0,0,0,0,0
2026-07-18 03:44:00,HO-Chennai,0.0,0.0,0.0,1.0,0.0,0.0,0,0,0,0,0,0
2026-07-18 03:44:00,ZO-Bengaluru,0.0,0.0,0.0,1.0,0.0,0.0,0,0,0,0,0,0
2026-07-18 03:44:00,BR-Koramangala,0.0,0.0,0.0,1.0,0.0,0.0,0,0,0,0,0,0
2026-07-18 03:44:00,BR-Whitefield,0.0,0.0,0.0,1.0,0.0,0.0,0,0,0,0,0,0
2026-07-18 03:45:00,HO-Chennai,0.0,0.0,0.0,1.0,0.0,0.0,0,0,0,0,0,0
2026-07-18 03:45:00,ZO-Bengaluru,0.0,0.0,0.0,1.0,0.0,0.0,0,0,0,0,0,0
2026-07-18 03:45:00,BR-Koramangala,0.0,0.0,0.0,1.0,0.0,0.0,0,0,0,0,0,0
2026-07-18 03:45:00,BR-Whitefield,0.0,0.0,0.0,1.0,0.0,0.0,0,0,0,0,0,0
2026-07-18 03:46:00,HO-Chennai,0.0,0.0,0.0,1.0,0.0,0.0,0,0,0,0,0,0
2026-07-18 03:46:00,ZO-Bengaluru,0.0,0.0,0.0,1.0,0.0,0.0,0,0,0,0,0,0
2026-07-18 03:46:00,BR-Koramangala,0.0,0.0,0.0,1.0,0.0,0.0,0,0,0,0,0,0
2026-07-18 03:46:00,BR-Whitefield,0.0,0.0,0.0,1.0,0.0,0.0,0,0,0,0,0,0
2026-07-18 03:47:00,HO-Chennai,0.0,0.0,0.0,1.0,0.0,0.0,0,0,0,0,0,0
2026-07-18 03:47:00,ZO-Bengaluru,0.0,0.0,0.0,1.0,0.0,0.0,0,0,0,0,0,0
2026-07-18 03:47:00,BR-Koramangala,0.0,0.0,0.0,1.0,0.0,0.0,0,0,0,0,0,0
2026-07-18 03:47:00,BR-Whitefield,0.0,0.0,0.0,1.0,0.0,0.0,0,0,0,0,0,0
2026-07-18 03:48:00,HO-Chennai,0.0,0.0,0.0,1.0,0.0,0.0,0,0,0,0,0,0
2026-07-18 03:48:00,ZO-Bengaluru,0.0,0.0,0.0,1.0,0.0,0.0,0,0,0,0,0,0
2026-07-18 03:48:00,BR-Koramangala,0.0,0.0,0.0,1.0,0.0,0.0,0,0,0,0,0,0
2026-07-18 03:48:00,BR-Whitefield,0.0,0.0,0.0,1.0,0.0,0.0,0,0,0,0,0,0
2026-07-18 03:49:00,HO-Chennai,0.0,0.0,0.0,1.0,0.0,0.0,0,0,0,0,0,0
2026-07-18 03:49:00,ZO-Bengaluru,0.0,0.0,0.0,1.0,0.0,0.0,0,0,0,0,0,0
2026-07-18 03:49:00,BR-Koramangala,0.0,0.0,0.0,1.0,0.0,0.0,0,0,0,0,0,0
2026-07-18 03:49:00,BR-Whitefield,0.0,0.0,0.0,1.0,0.0,0.0,0,0,0,0,0,0
2026-07-18 03:50:00,HO-Chennai,0.0,0.0,0.0,1.0,0.0,0.0,0,0,0,0,0,0
2026-07-18 03:50:00,ZO-Bengaluru,0.0,0.0,0.0,1.0,0.0,0.0,0,0,0,0,0,0
2026-07-18 03:50:00,BR-Koramangala,0.0,0.0,0.0,1.0,0.0,0.0,0,0,0,0,0,0
2026-07-18 03:50:00,BR-Whitefield,0.0,0.0,0.0,1.0,0.0,0.0,0,0,0,0,0,0
2026-07-18 03:51:00,HO-Chennai,0.0,0.0,0.0,1.0,0.0,0.0,0,0,0,0,0,0
2026-07-18 03:51:00,ZO-Bengaluru,0.0,0.0,0.0,1.0,0.0,0.0,0,0,0,0,0,0
2026-07-18 03:51:00,BR-Koramangala,0.0,0.0,0.0,1.0,0.0,0.0,0,0,0,0,0,0
2026-07-18 03:51:00,BR-Whitefield,0.0,0.0,0.0,1.0,0.0,0.0,0,0,0,0,0,0
2026-07-18 03:52:00,HO-Chennai,0.0,0.0,0.0,1.0,0.0,0.0,0,0,0,0,0,0
2026-07-18 03:52:00,ZO-Bengaluru,0.0,0.0,0.0,1.0,0.0,0.0,0,0,0,0,0,0
2026-07-18 03:52:00,BR-Koramangala,0.0,0.0,0.0,1.0,0.0,0.0,0,0,0,0,0,0
2026-07-18 03:52:00,BR-Whitefield,0.0,0.0,0.0,1.0,0.0,0.0,0,0,0,0,0,0
2026-07-18 03:53:00,HO-Chennai,0.0,0.0,0.0,1.0,0.0,0.0,0,0,0,0,0,0
2026-07-18 03:53:00,ZO-Bengaluru,0.0,0.0,0.0,1.0,0.0,0.0,0,0,0,0,0,0
2026-07-18 03:53:00,BR-Koramangala,0.0,0.0,0.0,1.0,0.0,0.0,0,0,0,0,0,0
2026-07-18 03:53:00,BR-Whitefield,0.0,0.0,0.0,1.0,0.0,0.0,0,0,0,0,0,0
2026-07-18 03:54:00,HO-Chennai,0.0,0.0,0.0,1.0,0.0,0.0,0,0,0,0,0,0
2026-07-18 03:54:00,ZO-Bengaluru,0.0,0.0,0.0,1.0,0.0,0.0,0,0,0,0,0,0
2026-07-18 03:54:00,BR-Koramangala,0.0,0.0,0.0,1.0,0.0,0.0,0,0,0,0,0,0
2026-07-18 03:54:00,BR-Whitefield,0.0,0.0,0.0,1.0,0.0,0.0,0,0,0,0,0,0
2026-07-18 03:55:00,HO-Chennai,0.0,0.0,0.0,1.0,0.0,0.0,0,0,0,0,0,0
2026-07-18 03:55:00,ZO-Bengaluru,0.0,0.0,0.0,1.0,0.0,0.0,0,0,0,0,0,0
2026-07-18 03:55:00,BR-Koramangala,0.0,0.0,0.0,1.0,0.0,0.0,0,0,0,0,0,0
2026-07-18 03:55:00,BR-Whitefield,0.0,0.0,0.0,1.0,0.0,0.0,0,0,0,0,0,0
2026-07-18 03:56:00,HO-Chennai,0.0,0.0,0.0,1.0,0.0,0.0,0,0,0,0,0,0
2026-07-18 03:56:00,ZO-Bengaluru,0.0,0.0,0.0,1.0,0.0,0.0,0,0,0,0,0,0
2026-07-18 03:56:00,BR-Koramangala,0.0,0.0,0.0,1.0,0.0,0.0,0,0,0,0,0,0
2026-07-18 03:56:00,BR-Whitefield,0.0,0.0,0.0,1.0,0.0,0.0,0,0,0,0,0,0
2026-07-18 03:57:00,HO-Chennai,0.0,0.0,0.0,1.0,0.0,0.0,0,0,0,0,0,0
2026-07-18 03:57:00,ZO-Bengaluru,0.0,0.0,0.0,1.0,0.0,0.0,0,0,0,0,0,0
2026-07-18 03:57:00,BR-Koramangala,0.0,0.0,0.0,1.0,0.0,0.0,0,0,0,0,0,0
2026-07-18 03:57:00,BR-Whitefield,0.0,0.0,0.0,1.0,0.0,0.0,0,0,0,0,0,0
2026-07-18 03:58:00,HO-Chennai,0.0,0.0,0.0,1.0,0.0,0.0,0,0,0,0,0,0
2026-07-18 03:58:00,ZO-Bengaluru,0.0,0.0,0.0,1.0,0.0,0.0,0,0,0,0,0,0
2026-07-18 03:58:00,BR-Koramangala,0.0,0.0,0.0,1.0,0.0,0.0,0,0,0,0,0,0
2026-07-18 03:58:00,BR-Whitefield,0.0,0.0,0.0,1.0,0.0,0.0,0,0,0,0,0,0
2026-07-18 03:59:00,HO-Chennai,0.0,0.0,0.0,1.0,0.0,0.0,0,0,0,0,0,0
2026-07-18 03:59:00,ZO-Bengaluru,0.0,0.0,0.0,1.0,0.0,0.0,0,0,0,0,0,0
2026-07-18 03:59:00,BR-Koramangala,0.0,0.0,0.0,1.0,0.0,0.0,0,0,0,0,0,0
2026-07-18 03:59:00,BR-Whitefield,0.0,0.0,0.0,1.0,0.0,0.0,0,0,0,0,0,0
2026-07-18 04:00:00,HO-Chennai,0.0,0.0,0.0,1.0,0.0,0.0,0,0,0,0,0,0
2026-07-18 04:00:00,ZO-Bengaluru,0.0,0.0,0.0,1.0,0.0,0.0,0,0,0,0,0,0
2026-07-18 04:00:00,BR-Koramangala,0.0,0.0,0.0,1.0,0.0,0.0,0,0,0,0,0,0
2026-07-18 04:00:00,BR-Whitefield,0.0,0.0,0.0,1.0,0.0,0.0,0,0,0,0,0,0
2026-07-18 04:01:00,HO-Chennai,0.0,0.0,0.0,1.0,0.0,0.0,0,0,0,0,0,0
2026-07-18 04:01:00,ZO-Bengaluru,0.0,0.0,0.0,1.0,0.0,0.0,0,0,0,0,0,0
2026-07-18 04:01:00,BR-Koramangala,0.0,0.0,0.0,1.0,0.0,0.0,0,0,0,0,0,0
2026-07-18 04:01:00,BR-Whitefield,0.0,0.0,0.0,1.0,0.0,0.0,0,0,0,0,0,0
2026-07-18 04:02:00,HO-Chennai,0.0,0.0,0.0,1.0,0.0,0.0,0,0,0,0,0,0
2026-07-18 04:02:00,ZO-Bengaluru,0.0,0.0,0.0,1.0,0.0,0.0,0,0,0,0,0,0
2026-07-18 04:02:00,BR-Koramangala,0.0,0.0,0.0,1.0,0.0,0.0,0,0,0,0,0,0
2026-07-18 04:02:00,BR-Whitefield,0.0,0.0,0.0,1.0,0.0,0.0,0,0,0,0,0,0
2026-07-18 04:03:00,HO-Chennai,0.0,0.0,0.0,1.0,0.0,0.0,0,0,0,0,0,0
2026-07-18 04:03:00,ZO-Bengaluru,0.0,0.0,0.0,1.0,0.0,0.0,0,0,0,0,0,0
2026-07-18 04:03:00,BR-Koramangala,0.0,0.0,0.0,1.0,0.0,0.0,0,0,0,0,0,0
2026-07-18 04:03:00,BR-Whitefield,0.0,0.0,0.0,1.0,0.0,0.0,0,0,0,0,0,0
2026-07-18 04:04:00,HO-Chennai,0.0,0.0,0.0,1.0,0.0,0.0,0,0,0,0,0,0
2026-07-18 04:04:00,ZO-Bengaluru,0.0,0.0,0.0,1.0,0.0,0.0,0,0,0,0,0,0
2026-07-18 04:04:00,BR-Koramangala,0.0,0.0,0.0,1.0,0.0,0.0,0,0,0,0,0,0
2026-07-18 04:04:00,BR-Whitefield,0.0,0.0,0.0,1.0,0.0,0.0,0,0,0,0,0,0
2026-07-18 04:05:00,HO-Chennai,0.0,0.0,0.0,1.0,0.0,0.0,0,0,0,0,0,0
2026-07-18 04:05:00,ZO-Bengaluru,0.0,0.0,0.0,1.0,0.0,0.0,0,0,0,0,0,0
2026-07-18 04:05:00,BR-Koramangala,0.0,0.0,0.0,1.0,0.0,0.0,0,0,0,0,0,0
2026-07-18 04:05:00,BR-Whitefield,0.0,0.0,0.0,1.0,0.0,0.0,0,0,0,0,0,0
2026-07-18 04:06:00,HO-Chennai,0.0,0.0,0.0,1.0,0.0,0.0,0,0,0,0,0,0
2026-07-18 04:06:00,ZO-Bengaluru,0.0,0.0,0.0,1.0,0.0,0.0,0,0,0,0,0,0
2026-07-18 04:06:00,BR-Koramangala,0.0,0.0,0.0,1.0,0.0,0.0,0,0,0,0,0,0
2026-07-18 04:06:00,BR-Whitefield,0.0,0.0,0.0,1.0,0.0,0.0,0,0,0,0,0,0
2026-07-18 04:07:00,HO-Chennai,0.0,0.0,0.0,1.0,0.0,0.0,0,0,0,0,0,0
2026-07-18 04:07:00,ZO-Bengaluru,0.0,0.0,0.0,1.0,0.0,0.0,0,0,0,0,0,0
2026-07-18 04:07:00,BR-Koramangala,0.0,0.0,0.0,1.0,0.0,0.0,0,0,0,0,0,0
2026-07-18 04:07:00,BR-Whitefield,0.0,0.0,0.0,1.0,0.0,0.0,0,0,0,0,0,0
2026-07-18 04:08:00,HO-Chennai,0.0,0.0,0.0,1.0,0.0,0.0,0,0,0,0,0,0
2026-07-18 04:08:00,ZO-Bengaluru,0.0,0.0,0.0,1.0,0.0,0.0,0,0,0,0,0,0
2026-07-18 04:08:00,BR-Koramangala,0.0,0.0,0.0,1.0,0.0,0.0,0,0,0,0,0,0
2026-07-18 04:08:00,BR-Whitefield,0.0,0.0,0.0,1.0,0.0,0.0,0,0,0,0,0,0
2026-07-18 04:09:00,HO-Chennai,0.0,0.0,0.0,1.0,0.0,0.0,0,0,0,0,0,0
2026-07-18 04:09:00,ZO-Bengaluru,0.0,0.0,0.0,1.0,0.0,0.0,0,0,0,0,0,0
2026-07-18 04:09:00,BR-Koramangala,0.0,0.0,0.0,1.0,0.0,0.0,0,0,0,0,0,0
2026-07-18 04:09:00,BR-Whitefield,0.0,0.0,0.0,1.0,0.0,0.0,0,0,0,0,0,0
2026-07-18 04:10:00,HO-Chennai,0.0,0.0,0.0,1.0,0.0,0.0,0,0,0,0,0,0
2026-07-18 04:10:00,ZO-Bengaluru,0.0,0.0,0.0,1.0,0.0,0.0,0,0,0,0,0,0
2026-07-18 04:10:00,BR-Koramangala,0.0,0.0,0.0,1.0,0.0,0.0,0,0,0,0,0,0
2026-07-18 04:10:00,BR-Whitefield,0.0,0.0,0.0,1.0,0.0,0.0,0,0,0,0,0,0
2026-07-18 04:11:00,HO-Chennai,0.0,0.0,0.0,1.0,0.0,0.0,0,0,0,0,0,0
2026-07-18 04:11:00,ZO-Bengaluru,0.0,0.0,0.0,1.0,0.0,0.0,0,0,0,0,0,0
2026-07-18 04:11:00,BR-Koramangala,0.0,0.0,0.0,1.0,0.0,0.0,0,0,0,0,0,0
2026-07-18 04:11:00,BR-Whitefield,0.0,0.0,0.0,1.0,0.0,0.0,0,0,0,0,0,0
2026-07-18 04:12:00,HO-Chennai,0.0,0.0,0.0,1.0,0.0,0.0,0,0,0,0,0,0
2026-07-18 04:12:00,ZO-Bengaluru,0.0,0.0,0.0,1.0,0.0,0.0,0,0,0,0,0,0
2026-07-18 04:12:00,BR-Koramangala,0.0,0.0,0.0,1.0,0.0,0.0,0,0,0,0,0,0
2026-07-18 04:12:00,BR-Whitefield,0.0,0.0,0.0,1.0,0.0,0.0,0,0,0,0,0,0
2026-07-18 04:13:00,HO-Chennai,0.0,0.0,0.0,1.0,0.0,0.0,0,0,0,0,0,0
2026-07-18 04:13:00,ZO-Bengaluru,0.0,0.0,0.0,1.0,0.0,0.0,0,0,0,0,0,0
2026-07-18 04:13:00,BR-Koramangala,0.0,0.0,0.0,1.0,0.0,0.0,0,0,0,0,0,0
2026-07-18 04:13:00,BR-Whitefield,0.0,0.0,0.0,1.0,0.0,0.0,0,0,0,0,0,0
2026-07-18 04:14:00,HO-Chennai,0.0,0.0,0.0,1.0,0.0,0.0,0,0,0,0,0,0
2026-07-18 04:14:00,ZO-Bengaluru,0.0,0.0,0.0,1.0,0.0,0.0,0,0,0,0,0,0
2026-07-18 04:14:00,BR-Koramangala,0.0,0.0,0.0,1.0,0.0,0.0,0,0,0,0,0,0
2026-07-18 04:14:00,BR-Whitefield,0.0,0.0,0.0,1.0,0.0,0.0,0,0,0,0,0,0
2026-07-18 04:15:00,HO-Chennai,0.0,0.0,0.0,1.0,0.0,0.0,0,0,0,0,0,0
2026-07-18 04:15:00,ZO-Bengaluru,0.0,0.0,0.0,1.0,0.0,0.0,0,0,0,0,0,0
2026-07-18 04:15:00,BR-Koramangala,0.0,0.0,0.0,1.0,0.0,0.0,0,0,0,0,0,0
2026-07-18 04:15:00,BR-Whitefield,0.0,0.0,0.0,1.0,0.0,0.0,0,0,0,0,0,0
2026-07-18 04:16:00,HO-Chennai,0.0,0.0,0.0,1.0,0.0,0.0,0,0,0,0,0,0
2026-07-18 04:16:00,ZO-Bengaluru,0.0,0.0,0.0,1.0,0.0,0.0,0,0,0,0,0,0
2026-07-18 04:16:00,BR-Koramangala,0.0,0.0,0.0,1.0,0.0,0.0,0,0,0,0,0,0
2026-07-18 04:16:00,BR-Whitefield,0.0,0.0,0.0,1.0,0.0,0.0,0,0,0,0,0,0
2026-07-18 04:17:00,HO-Chennai,0.0,0.0,0.0,1.0,0.0,0.0,0,0,0,0,0,0
2026-07-18 04:17:00,ZO-Bengaluru,0.0,0.0,0.0,1.0,0.0,0.0,0,0,0,0,0,0
2026-07-18 04:17:00,BR-Koramangala,0.0,0.0,0.0,1.0,0.0,0.0,0,0,0,0,0,0
2026-07-18 04:17:00,BR-Whitefield,0.0,0.0,0.0,1.0,0.0,0.0,0,0,0,0,0,0
2026-07-18 04:18:00,HO-Chennai,0.0,0.0,0.0,1.0,0.0,0.0,0,0,0,0,0,0
2026-07-18 04:18:00,ZO-Bengaluru,0.0,0.0,0.0,1.0,0.0,0.0,0,0,0,0,0,0
2026-07-18 04:18:00,BR-Koramangala,0.0,0.0,0.0,1.0,0.0,0.0,0,0,0,0,0,0
2026-07-18 04:18:00,BR-Whitefield,0.0,0.0,0.0,1.0,0.0,0.0,0,0,0,0,0,0
2026-07-18 04:19:00,HO-Chennai,0.0,0.0,0.0,1.0,0.0,0.0,0,0,0,0,0,0
2026-07-18 04:19:00,ZO-Bengaluru,0.0,0.0,0.0,1.0,0.0,0.0,0,0,0,0,0,0
2026-07-18 04:19:00,BR-Koramangala,0.0,0.0,0.0,1.0,0.0,0.0,0,0,0,0,0,0
2026-07-18 04:19:00,BR-Whitefield,0.0,0.0,0.0,1.0,0.0,0.0,0,0,0,0,0,0
2026-07-18 04:20:00,HO-Chennai,0.0,0.0,0.0,1.0,0.0,0.0,0,0,0,0,0,0
2026-07-18 04:20:00,ZO-Bengaluru,0.0,0.0,0.0,1.0,0.0,0.0,0,0,0,0,0,0
2026-07-18 04:20:00,BR-Koramangala,0.0,0.0,0.0,1.0,0.0,0.0,0,0,0,0,0,0
2026-07-18 04:20:00,BR-Whitefield,0.0,0.0,0.0,1.0,0.0,0.0,0,0,0,0,0,0
2026-07-18 04:21:00,HO-Chennai,0.0,0.0,0.0,1.0,0.0,0.0,0,0,0,0,0,0
2026-07-18 04:21:00,ZO-Bengaluru,0.0,0.0,0.0,1.0,0.0,0.0,0,0,0,0,0,0
2026-07-18 04:21:00,BR-Koramangala,0.0,0.0,0.0,1.0,0.0,0.0,0,0,0,0,0,0
2026-07-18 04:21:00,BR-Whitefield,0.0,0.0,0.0,1.0,0.0,0.0,0,0,0,0,0,0
2026-07-18 04:22:00,HO-Chennai,0.0,0.0,0.0,1.0,0.0,0.0,0,0,0,0,0,0
2026-07-18 04:22:00,ZO-Bengaluru,0.0,0.0,0.0,1.0,0.0,0.0,0,0,0,0,0,0
2026-07-18 04:22:00,BR-Koramangala,0.0,0.0,0.0,1.0,0.0,0.0,0,0,0,0,0,0
2026-07-18 04:22:00,BR-Whitefield,0.0,0.0,0.0,1.0,0.0,0.0,0,0,0,0,0,0
2026-07-18 04:23:00,HO-Chennai,0.0,0.0,0.0,1.0,0.0,0.0,0,0,0,0,0,0
2026-07-18 04:23:00,ZO-Bengaluru,0.0,0.0,0.0,1.0,0.0,0.0,0,0,0,0,0,0
2026-07-18 04:23:00,BR-Koramangala,0.0,0.0,0.0,1.0,0.0,0.0,0,0,0,0,0,0
2026-07-18 04:23:00,BR-Whitefield,0.0,0.0,0.0,1.0,0.0,0.0,0,0,0,0,0,0
2026-07-18 04:24:00,HO-Chennai,0.0,0.0,0.0,1.0,0.0,0.0,0,0,0,0,0,0
2026-07-18 04:24:00,ZO-Bengaluru,0.0,0.0,0.0,1.0,0.0,0.0,0,0,0,0,0,0
2026-07-18 04:24:00,BR-Koramangala,0.0,0.0,0.0,1.0,0.0,0.0,0,0,0,0,0,0
2026-07-18 04:24:00,BR-Whitefield,0.0,0.0,0.0,1.0,0.0,0.0,0,0,0,0,0,0
2026-07-18 04:25:00,HO-Chennai,0.0,0.0,0.0,1.0,0.0,0.0,0,0,0,0,0,0
2026-07-18 04:25:00,ZO-Bengaluru,0.0,0.0,0.0,1.0,0.0,0.0,0,0,0,0,0,0
2026-07-18 04:25:00,BR-Koramangala,0.0,0.0,0.0,1.0,0.0,0.0,0,0,0,0,0,0
2026-07-18 04:25:00,BR-Whitefield,0.0,0.0,0.0,1.0,0.0,0.0,0,0,0,0,0,0
2026-07-18 04:26:00,HO-Chennai,0.0,0.0,0.0,1.0,0.0,0.0,0,0,0,0,0,0
2026-07-18 04:26:00,ZO-Bengaluru,0.0,0.0,0.0,1.0,0.0,0.0,0,0,0,0,0,0
2026-07-18 04:26:00,BR-Koramangala,0.0,0.0,0.0,1.0,0.0,0.0,0,0,0,0,0,0
2026-07-18 04:26:00,BR-Whitefield,0.0,0.0,0.0,1.0,0.0,0.0,0,0,0,0,0,0
2026-07-18 04:27:00,HO-Chennai,0.0,0.0,0.0,1.0,0.0,0.0,0,0,0,0,0,0
2026-07-18 04:27:00,ZO-Bengaluru,0.0,0.0,0.0,1.0,0.0,0.0,0,0,0,0,0,0
2026-07-18 04:27:00,BR-Koramangala,0.0,0.0,0.0,1.0,0.0,0.0,0,0,0,0,0,0
2026-07-18 04:27:00,BR-Whitefield,0.0,0.0,0.0,1.0,0.0,0.0,0,0,0,0,0,0
2026-07-18 04:28:00,HO-Chennai,0.0,0.0,0.0,1.0,0.0,0.0,0,0,0,0,0,0
2026-07-18 04:28:00,ZO-Bengaluru,0.0,0.0,0.0,1.0,0.0,0.0,0,0,0,0,0,0
2026-07-18 04:28:00,BR-Koramangala,0.0,0.0,0.0,1.0,0.0,0.0,0,0,0,0,0,0
2026-07-18 04:28:00,BR-Whitefield,0.0,0.0,0.0,1.0,0.0,0.0,0,0,0,0,0,0
2026-07-18 04:29:00,HO-Chennai,0.0,0.0,0.0,1.0,0.0,0.0,0,0,0,0,0,0
2026-07-18 04:29:00,ZO-Bengaluru,0.0,0.0,0.0,1.0,0.0,0.0,0,0,0,0,0,0
2026-07-18 04:29:00,BR-Koramangala,0.0,0.0,0.0,1.0,0.0,0.0,0,0,0,0,0,0
2026-07-18 04:29:00,BR-Whitefield,0.0,0.0,0.0,1.0,0.0,0.0,0,0,0,0,0,0
2026-07-18 04:30:00,HO-Chennai,0.0,0.0,0.0,1.0,0.0,0.0,0,0,0,0,0,0
2026-07-18 04:30:00,ZO-Bengaluru,0.0,0.0,0.0,1.0,0.0,0.0,0,0,0,0,0,0
2026-07-18 04:30:00,BR-Koramangala,0.0,0.0,0.0,1.0,0.0,0.0,0,0,0,0,0,0
2026-07-18 04:30:00,BR-Whitefield,0.0,0.0,0.0,1.0,0.0,0.0,0,0,0,0,0,0
2026-07-18 04:31:00,HO-Chennai,0.0,0.0,0.0,1.0,0.0,0.0,0,0,0,0,0,0
2026-07-18 04:31:00,ZO-Bengaluru,0.0,0.0,0.0,1.0,0.0,0.0,0,0,0,0,0,0
2026-07-18 04:31:00,BR-Koramangala,0.0,0.0,0.0,1.0,0.0,0.0,0,0,0,0,0,0
2026-07-18 04:31:00,BR-Whitefield,0.0,0.0,0.0,1.0,0.0,0.0,0,0,0,0,0,0
2026-07-18 04:32:00,HO-Chennai,0.0,0.0,0.0,1.0,0.0,0.0,0,0,0,0,0,0
2026-07-18 04:32:00,ZO-Bengaluru,0.0,0.0,0.0,1.0,0.0,0.0,0,0,0,0,0,0
2026-07-18 04:32:00,BR-Koramangala,0.0,0.0,0.0,1.0,0.0,0.0,0,0,0,0,0,0
2026-07-18 04:32:00,BR-Whitefield,0.0,0.0,0.0,1.0,0.0,0.0,0,0,0,0,0,0
2026-07-18 04:33:00,HO-Chennai,0.0,0.0,0.0,1.0,0.0,0.0,0,0,0,0,0,0
2026-07-18 04:33:00,ZO-Bengaluru,0.0,0.0,0.0,1.0,0.0,0.0,0,0,0,0,0,0
2026-07-18 04:33:00,BR-Koramangala,0.0,0.0,0.0,1.0,0.0,0.0,0,0,0,0,0,0
2026-07-18 04:33:00,BR-Whitefield,0.0,0.0,0.0,1.0,0.0,0.0,0,0,0,0,0,0
2026-07-18 04:34:00,HO-Chennai,0.0,0.0,0.0,1.0,0.0,0.0,0,0,0,0,0,0
2026-07-18 04:34:00,ZO-Bengaluru,0.0,0.0,0.0,1.0,0.0,0.0,0,0,0,0,0,0
2026-07-18 04:34:00,BR-Koramangala,0.0,0.0,0.0,1.0,0.0,0.0,0,0,0,0,0,0
2026-07-18 04:34:00,BR-Whitefield,0.0,0.0,0.0,1.0,0.0,0.0,0,0,0,0,0,0
2026-07-18 04:35:00,HO-Chennai,0.0,0.0,0.0,1.0,0.0,0.0,0,0,0,0,0,0
2026-07-18 04:35:00,ZO-Bengaluru,0.0,0.0,0.0,1.0,0.0,0.0,0,0,0,0,0,0
2026-07-18 04:35:00,BR-Koramangala,0.0,0.0,0.0,1.0,0.0,0.0,0,0,0,0,0,0
2026-07-18 04:35:00,BR-Whitefield,0.0,0.0,0.0,1.0,0.0,0.0,0,0,0,0,0,0
2026-07-18 04:36:00,HO-Chennai,0.0,0.0,0.0,1.0,0.0,0.0,0,0,0,0,0,0
2026-07-18 04:36:00,ZO-Bengaluru,0.0,0.0,0.0,1.0,0.0,0.0,0,0,0,0,0,0
2026-07-18 04:36:00,BR-Koramangala,0.0,0.0,0.0,1.0,0.0,0.0,0,0,0,0,0,0
2026-07-18 04:36:00,BR-Whitefield,0.0,0.0,0.0,1.0,0.0,0.0,0,0,0,0,0,0
2026-07-18 04:37:00,HO-Chennai,0.0,0.0,0.0,1.0,0.0,0.0,0,0,0,0,0,0
2026-07-18 04:37:00,ZO-Bengaluru,0.0,0.0,0.0,1.0,0.0,0.0,0,0,0,0,0,0
2026-07-18 04:37:00,BR-Koramangala,0.0,0.0,0.0,1.0,0.0,0.0,0,0,0,0,0,0
2026-07-18 04:37:00,BR-Whitefield,0.0,0.0,0.0,1.0,0.0,0.0,0,0,0,0,0,0
2026-07-18 04:38:00,HO-Chennai,0.0,0.0,0.0,1.0,0.0,0.0,0,0,0,0,0,0
2026-07-18 04:38:00,ZO-Bengaluru,0.0,0.0,0.0,1.0,0.0,0.0,0,0,0,0,0,0
2026-07-18 04:38:00,BR-Koramangala,0.0,0.0,0.0,1.0,0.0,0.0,0,0,0,0,0,0
2026-07-18 04:38:00,BR-Whitefield,0.0,0.0,0.0,1.0,0.0,0.0,0,0,0,0,0,0
2026-07-18 04:39:00,HO-Chennai,0.0,0.0,0.0,1.0,0.0,0.0,0,0,0,0,0,0
2026-07-18 04:39:00,ZO-Bengaluru,0.0,0.0,0.0,1.0,0.0,0.0,0,0,0,0,0,0
2026-07-18 04:39:00,BR-Koramangala,0.0,0.0,0.0,1.0,0.0,0.0,0,0,0,0,0,0
2026-07-18 04:39:00,BR-Whitefield,0.0,0.0,0.0,1.0,0.0,0.0,0,0,0,0,0,0
2026-07-18 04:40:00,HO-Chennai,0.0,0.0,0.0,1.0,0.0,0.0,0,0,0,0,0,0
2026-07-18 04:40:00,ZO-Bengaluru,0.0,0.0,0.0,1.0,0.0,0.0,0,0,0,0,0,0
2026-07-18 04:40:00,BR-Koramangala,0.0,0.0,0.0,1.0,0.0,0.0,0,0,0,0,0,0
2026-07-18 04:40:00,BR-Whitefield,0.0,0.0,0.0,1.0,0.0,0.0,0,0,0,0,0,0
2026-07-18 04:41:00,HO-Chennai,0.0,0.0,0.0,1.0,0.0,0.0,0,0,0,0,0,0
2026-07-18 04:41:00,ZO-Bengaluru,0.0,0.0,0.0,1.0,0.0,0.0,0,0,0,0,0,0
2026-07-18 04:41:00,BR-Koramangala,0.0,0.0,0.0,1.0,0.0,0.0,0,0,0,0,0,0
2026-07-18 04:41:00,BR-Whitefield,0.0,0.0,0.0,1.0,0.0,0.0,0,0,0,0,0,0
2026-07-18 04:42:00,HO-Chennai,0.0,0.0,0.0,1.0,0.0,0.0,0,0,0,0,0,0
2026-07-18 04:42:00,ZO-Bengaluru,0.0,0.0,0.0,1.0,0.0,0.0,0,0,0,0,0,0
2026-07-18 04:42:00,BR-Koramangala,0.0,0.0,0.0,1.0,0.0,0.0,0,0,0,0,0,0
2026-07-18 04:42:00,BR-Whitefield,0.0,0.0,0.0,1.0,0.0,0.0,0,0,0,0,0,0
2026-07-18 04:43:00,HO-Chennai,0.0,0.0,0.0,1.0,0.0,0.0,0,0,0,0,0,0
2026-07-18 04:43:00,ZO-Bengaluru,0.0,0.0,0.0,1.0,0.0,0.0,0,0,0,0,0,0
2026-07-18 04:43:00,BR-Koramangala,0.0,0.0,0.0,1.0,0.0,0.0,0,0,0,0,0,0
2026-07-18 04:43:00,BR-Whitefield,0.0,0.0,0.0,1.0,0.0,0.0,0,0,0,0,0,0
2026-07-18 04:44:00,HO-Chennai,0.0,0.0,0.0,1.0,0.0,0.0,0,0,0,0,0,0
2026-07-18 04:44:00,ZO-Bengaluru,0.0,0.0,0.0,1.0,0.0,0.0,0,0,0,0,0,0
2026-07-18 04:44:00,BR-Koramangala,0.0,0.0,0.0,1.0,0.0,0.0,0,0,0,0,0,0
2026-07-18 04:44:00,BR-Whitefield,0.0,0.0,0.0,1.0,0.0,0.0,0,0,0,0,0,0
2026-07-18 04:45:00,HO-Chennai,0.0,0.0,0.0,1.0,0.0,0.0,0,0,0,0,0,0
2026-07-18 04:45:00,ZO-Bengaluru,0.0,0.0,0.0,1.0,0.0,0.0,0,0,0,0,0,0
2026-07-18 04:45:00,BR-Koramangala,0.0,0.0,0.0,1.0,0.0,0.0,0,0,0,0,0,0
2026-07-18 04:45:00,BR-Whitefield,0.0,0.0,0.0,1.0,0.0,0.0,0,0,0,0,0,0
2026-07-18 04:46:00,HO-Chennai,0.0,0.0,0.0,1.0,0.0,0.0,0,0,0,0,0,0
2026-07-18 04:46:00,ZO-Bengaluru,0.0,0.0,0.0,1.0,0.0,0.0,0,0,0,0,0,0
2026-07-18 04:46:00,BR-Koramangala,0.0,0.0,0.0,1.0,0.0,0.0,0,0,0,0,0,0
2026-07-18 04:46:00,BR-Whitefield,0.0,0.0,0.0,1.0,0.0,0.0,0,0,0,0,0,0
2026-07-18 04:47:00,HO-Chennai,0.0,0.0,0.0,1.0,0.0,0.0,0,0,0,0,0,0
2026-07-18 04:47:00,ZO-Bengaluru,0.0,0.0,0.0,1.0,0.0,0.0,0,0,0,0,0,0
2026-07-18 04:47:00,BR-Koramangala,0.0,0.0,0.0,1.0,0.0,0.0,0,0,0,0,0,0
2026-07-18 04:47:00,BR-Whitefield,0.0,0.0,0.0,1.0,0.0,0.0,0,0,0,0,0,0
2026-07-18 04:48:00,HO-Chennai,0.0,0.0,0.0,1.0,0.0,0.0,0,0,0,0,0,0
2026-07-18 04:48:00,ZO-Bengaluru,0.0,0.0,0.0,1.0,0.0,0.0,0,0,0,0,0,0
2026-07-18 04:48:00,BR-Koramangala,0.0,0.0,0.0,1.0,0.0,0.0,0,0,0,0,0,0
2026-07-18 04:48:00,BR-Whitefield,0.0,0.0,0.0,1.0,0.0,0.0,0,0,0,0,0,0
2026-07-18 04:49:00,HO-Chennai,0.0,0.0,0.0,1.0,0.0,0.0,0,0,0,0,0,0
2026-07-18 04:49:00,ZO-Bengaluru,0.0,0.0,0.0,1.0,0.0,0.0,0,0,0,0,0,0
2026-07-18 04:49:00,BR-Koramangala,0.0,0.0,0.0,1.0,0.0,0.0,0,0,0,0,0,0
2026-07-18 04:49:00,BR-Whitefield,0.0,0.0,0.0,1.0,0.0,0.0,0,0,0,0,0,0
2026-07-18 04:50:00,HO-Chennai,0.0,0.0,0.0,1.0,0.0,0.0,0,0,0,0,0,0
2026-07-18 04:50:00,ZO-Bengaluru,0.0,0.0,0.0,1.0,0.0,0.0,0,0,0,0,0,0
2026-07-18 04:50:00,BR-Koramangala,0.0,0.0,0.0,1.0,0.0,0.0,0,0,0,0,0,0
2026-07-18 04:50:00,BR-Whitefield,0.0,0.0,0.0,1.0,0.0,0.0,0,0,0,0,0,0
2026-07-18 04:51:00,HO-Chennai,0.0,0.0,0.0,1.0,0.0,0.0,0,0,0,0,0,0
2026-07-18 04:51:00,ZO-Bengaluru,0.0,0.0,0.0,1.0,0.0,0.0,0,0,0,0,0,0
2026-07-18 04:51:00,BR-Koramangala,0.0,0.0,0.0,1.0,0.0,0.0,0,0,0,0,0,0
2026-07-18 04:51:00,BR-Whitefield,0.0,0.0,0.0,1.0,0.0,0.0,0,0,0,0,0,0
2026-07-18 04:52:00,HO-Chennai,0.0,0.0,0.0,1.0,0.0,0.0,0,0,0,0,0,0
2026-07-18 04:52:00,ZO-Bengaluru,0.0,0.0,0.0,1.0,0.0,0.0,0,0,0,0,0,0
2026-07-18 04:52:00,BR-Koramangala,0.0,0.0,0.0,1.0,0.0,0.0,0,0,0,0,0,0
2026-07-18 04:52:00,BR-Whitefield,0.0,0.0,0.0,1.0,0.0,0.0,0,0,0,0,0,0
2026-07-18 04:53:00,HO-Chennai,0.0,0.0,0.0,1.0,0.0,0.0,0,0,0,0,0,0
2026-07-18 04:53:00,ZO-Bengaluru,0.0,0.0,0.0,1.0,0.0,0.0,0,0,0,0,0,0
2026-07-18 04:53:00,BR-Koramangala,0.0,0.0,0.0,1.0,0.0,0.0,0,0,0,0,0,0
2026-07-18 04:53:00,BR-Whitefield,0.0,0.0,0.0,1.0,0.0,0.0,0,0,0,0,0,0
2026-07-18 04:54:00,HO-Chennai,0.0,0.0,0.0,1.0,0.0,0.0,0,0,0,0,0,0
2026-07-18 04:54:00,ZO-Bengaluru,0.0,0.0,0.0,1.0,0.0,0.0,0,0,0,0,0,0
2026-07-18 04:54:00,BR-Koramangala,0.0,0.0,0.0,1.0,0.0,0.0,0,0,0,0,0,0
2026-07-18 04:54:00,BR-Whitefield,0.0,0.0,0.0,1.0,0.0,0.0,0,0,0,0,0,0
2026-07-18 04:55:00,HO-Chennai,0.0,0.0,0.0,1.0,0.0,0.0,0,0,0,0,0,0
2026-07-18 04:55:00,ZO-Bengaluru,0.0,0.0,0.0,1.0,0.0,0.0,0,0,0,0,0,0
2026-07-18 04:55:00,BR-Koramangala,0.0,0.0,0.0,1.0,0.0,0.0,0,0,0,0,0,0
2026-07-18 04:55:00,BR-Whitefield,0.0,0.0,0.0,1.0,0.0,0.0,0,0,0,0,0,0
2026-07-18 04:56:00,HO-Chennai,0.0,0.0,0.0,1.0,0.0,0.0,0,0,0,0,0,0
2026-07-18 04:56:00,ZO-Bengaluru,0.0,0.0,0.0,1.0,0.0,0.0,0,0,0,0,0,0
2026-07-18 04:56:00,BR-Koramangala,0.0,0.0,0.0,1.0,0.0,0.0,0,0,0,0,0,0
2026-07-18 04:56:00,BR-Whitefield,0.0,0.0,0.0,1.0,0.0,0.0,0,0,0,0,0,0
2026-07-18 04:57:00,HO-Chennai,0.0,0.0,0.0,1.0,0.0,0.0,0,0,0,0,0,0
2026-07-18 04:57:00,ZO-Bengaluru,0.0,0.0,0.0,1.0,0.0,0.0,0,0,0,0,0,0
2026-07-18 04:57:00,BR-Koramangala,0.0,0.0,0.0,1.0,0.0,0.0,0,0,0,0,0,0
2026-07-18 04:57:00,BR-Whitefield,0.0,0.0,0.0,1.0,0.0,0.0,0,0,0,0,0,0
2026-07-18 04:58:00,HO-Chennai,0.0,0.0,0.0,1.0,0.0,0.0,0,0,0,0,0,0
2026-07-18 04:58:00,ZO-Bengaluru,0.0,0.0,0.0,1.0,0.0,0.0,0,0,0,0,0,0
2026-07-18 04:58:00,BR-Koramangala,0.0,0.0,0.0,1.0,0.0,0.0,0,0,0,0,0,0
2026-07-18 04:58:00,BR-Whitefield,0.0,0.0,0.0,1.0,0.0,0.0,0,0,0,0,0,0
2026-07-18 04:59:00,HO-Chennai,0.0,0.0,0.0,1.0,0.0,0.0,0,0,0,0,0,0
2026-07-18 04:59:00,ZO-Bengaluru,0.0,0.0,0.0,1.0,0.0,0.0,0,0,0,0,0,0
2026-07-18 04:59:00,BR-Koramangala,0.0,0.0,0.0,1.0,0.0,0.0,0,0,0,0,0,0
2026-07-18 04:59:00,BR-Whitefield,0.0,0.0,0.0,1.0,0.0,0.0,0,0,0,0,0,0
2026-07-18 05:00:00,HO-Chennai,0.0,0.0,0.0,1.0,0.0,0.0,0,0,0,0,0,0
2026-07-18 05:00:00,ZO-Bengaluru,0.0,0.0,0.0,1.0,0.0,0.0,0,0,0,0,0,0
2026-07-18 05:00:00,BR-Koramangala,0.0,0.0,0.0,1.0,0.0,0.0,0,0,0,0,0,0
2026-07-18 05:00:00,BR-Whitefield,0.0,0.0,0.0,1.0,0.0,0.0,0,0,0,0,0,0
2026-07-18 05:01:00,HO-Chennai,0.0,0.0,0.0,1.0,0.0,0.0,0,0,0,0,0,0
2026-07-18 05:01:00,ZO-Bengaluru,0.0,0.0,0.0,1.0,0.0,0.0,0,0,0,0,0,0
2026-07-18 05:01:00,BR-Koramangala,0.0,0.0,0.0,1.0,0.0,0.0,0,0,0,0,0,0
2026-07-18 05:01:00,BR-Whitefield,0.0,0.0,0.0,1.0,0.0,0.0,0,0,0,0,0,0
2026-07-18 05:02:00,HO-Chennai,0.0,0.0,0.0,1.0,0.0,0.0,0,0,0,0,0,0
2026-07-18 05:02:00,ZO-Bengaluru,0.0,0.0,0.0,1.0,0.0,0.0,0,0,0,0,0,0
2026-07-18 05:02:00,BR-Koramangala,0.0,0.0,0.0,1.0,0.0,0.0,0,0,0,0,0,0
2026-07-18 05:02:00,BR-Whitefield,0.0,0.0,0.0,1.0,0.0,0.0,0,0,0,0,0,0
2026-07-18 05:03:00,HO-Chennai,0.0,0.0,0.0,1.0,0.0,0.0,0,0,0,0,0,0
2026-07-18 05:03:00,ZO-Bengaluru,0.0,0.0,0.0,1.0,0.0,0.0,0,0,0,0,0,0
2026-07-18 05:03:00,BR-Koramangala,0.0,0.0,0.0,1.0,0.0,0.0,0,0,0,0,0,0
2026-07-18 05:03:00,BR-Whitefield,0.0,0.0,0.0,1.0,0.0,0.0,0,0,0,0,0,0
2026-07-18 05:04:00,HO-Chennai,0.0,0.0,0.0,1.0,0.0,0.0,0,0,0,0,0,0
2026-07-18 05:04:00,ZO-Bengaluru,0.0,0.0,0.0,1.0,0.0,0.0,0,0,0,0,0,0
2026-07-18 05:04:00,BR-Koramangala,0.0,0.0,0.0,1.0,0.0,0.0,0,0,0,0,0,0
2026-07-18 05:04:00,BR-Whitefield,0.0,0.0,0.0,1.0,0.0,0.0,0,0,0,0,0,0
2026-07-18 05:05:00,HO-Chennai,0.0,0.0,0.0,1.0,0.0,0.0,0,0,0,0,0,0
2026-07-18 05:05:00,ZO-Bengaluru,0.0,0.0,0.0,1.0,0.0,0.0,0,0,0,0,0,0
2026-07-18 05:05:00,BR-Koramangala,0.0,0.0,0.0,1.0,0.0,0.0,0,0,0,0,0,0
2026-07-18 05:05:00,BR-Whitefield,0.0,0.0,0.0,1.0,0.0,0.0,0,0,0,0,0,0
2026-07-18 05:06:00,HO-Chennai,0.0,0.0,0.0,1.0,0.0,0.0,0,0,0,0,0,0
2026-07-18 05:06:00,ZO-Bengaluru,0.0,0.0,0.0,1.0,0.0,0.0,0,0,0,0,0,0
2026-07-18 05:06:00,BR-Koramangala,0.0,0.0,0.0,1.0,0.0,0.0,0,0,0,0,0,0
2026-07-18 05:06:00,BR-Whitefield,0.0,0.0,0.0,1.0,0.0,0.0,0,0,0,0,0,0
2026-07-18 05:07:00,HO-Chennai,0.0,0.0,0.0,1.0,0.0,0.0,0,0,0,0,0,0
2026-07-18 05:07:00,ZO-Bengaluru,0.0,0.0,0.0,1.0,0.0,0.0,0,0,0,0,0,0
2026-07-18 05:07:00,BR-Koramangala,0.0,0.0,0.0,1.0,0.0,0.0,0,0,0,0,0,0
2026-07-18 05:07:00,BR-Whitefield,0.0,0.0,0.0,1.0,0.0,0.0,0,0,0,0,0,0
2026-07-18 05:08:00,HO-Chennai,0.0,0.0,0.0,1.0,0.0,0.0,0,0,0,0,0,0
2026-07-18 05:08:00,ZO-Bengaluru,0.0,0.0,0.0,1.0,0.0,0.0,0,0,0,0,0,0
2026-07-18 05:08:00,BR-Koramangala,0.0,0.0,0.0,1.0,0.0,0.0,0,0,0,0,0,0
2026-07-18 05:08:00,BR-Whitefield,0.0,0.0,0.0,1.0,0.0,0.0,0,0,0,0,0,0
2026-07-18 05:09:00,HO-Chennai,0.0,0.0,0.0,1.0,0.0,0.0,0,0,0,0,0,0
2026-07-18 05:09:00,ZO-Bengaluru,0.0,0.0,0.0,1.0,0.0,0.0,0,0,0,0,0,0
2026-07-18 05:09:00,BR-Koramangala,0.0,0.0,0.0,1.0,0.0,0.0,0,0,0,0,0,0
2026-07-18 05:09:00,BR-Whitefield,0.0,0.0,0.0,1.0,0.0,0.0,0,0,0,0,0,0
2026-07-18 05:10:00,HO-Chennai,0.0,0.0,0.0,1.0,0.0,0.0,0,0,0,0,0,0
2026-07-18 05:10:00,ZO-Bengaluru,0.0,0.0,0.0,1.0,0.0,0.0,0,0,0,0,0,0
2026-07-18 05:10:00,BR-Koramangala,0.0,0.0,0.0,1.0,0.0,0.0,0,0,0,0,0,0
2026-07-18 05:10:00,BR-Whitefield,0.0,0.0,0.0,1.0,0.0,0.0,0,0,0,0,0,0
2026-07-18 05:11:00,HO-Chennai,0.0,0.0,0.0,1.0,0.0,0.0,0,0,0,0,0,0
2026-07-18 05:11:00,ZO-Bengaluru,0.0,0.0,0.0,1.0,0.0,0.0,0,0,0,0,0,0
2026-07-18 05:11:00,BR-Koramangala,0.0,0.0,0.0,1.0,0.0,0.0,0,0,0,0,0,0
2026-07-18 05:11:00,BR-Whitefield,0.0,0.0,0.0,1.0,0.0,0.0,0,0,0,0,0,0
2026-07-18 05:12:00,HO-Chennai,0.0,0.0,0.0,1.0,0.0,0.0,0,0,0,0,0,0
2026-07-18 05:12:00,ZO-Bengaluru,0.0,0.0,0.0,1.0,0.0,0.0,0,0,0,0,0,0
2026-07-18 05:12:00,BR-Koramangala,0.0,0.0,0.0,1.0,0.0,0.0,0,0,0,0,0,0
2026-07-18 05:12:00,BR-Whitefield,0.0,0.0,0.0,1.0,0.0,0.0,0,0,0,0,0,0
2026-07-18 05:13:00,HO-Chennai,0.0,0.0,0.0,1.0,0.0,0.0,0,0,0,0,0,0
2026-07-18 05:13:00,ZO-Bengaluru,0.0,0.0,0.0,1.0,0.0,0.0,0,0,0,0,0,0
2026-07-18 05:13:00,BR-Koramangala,0.0,0.0,0.0,1.0,0.0,0.0,0,0,0,0,0,0
2026-07-18 05:13:00,BR-Whitefield,0.0,0.0,0.0,1.0,0.0,0.0,0,0,0,0,0,0
2026-07-18 05:14:00,HO-Chennai,0.0,0.0,0.0,1.0,0.0,0.0,0,0,0,0,0,0
2026-07-18 05:14:00,ZO-Bengaluru,0.0,0.0,0.0,1.0,0.0,0.0,0,0,0,0,0,0
2026-07-18 05:14:00,BR-Koramangala,0.0,0.0,0.0,1.0,0.0,0.0,0,0,0,0,0,0
2026-07-18 05:14:00,BR-Whitefield,0.0,0.0,0.0,1.0,0.0,0.0,0,0,0,0,0,0
2026-07-18 05:15:00,HO-Chennai,0.0,0.0,0.0,1.0,0.0,0.0,0,0,0,0,0,0
2026-07-18 05:15:00,ZO-Bengaluru,0.0,0.0,0.0,1.0,0.0,0.0,0,0,0,0,0,0
2026-07-18 05:15:00,BR-Koramangala,0.0,0.0,0.0,1.0,0.0,0.0,0,0,0,0,0,0
2026-07-18 05:15:00,BR-Whitefield,0.0,0.0,0.0,1.0,0.0,0.0,0,0,0,0,0,0
2026-07-18 05:16:00,HO-Chennai,0.0,0.0,0.0,1.0,0.0,0.0,0,0,0,0,0,0
2026-07-18 05:16:00,ZO-Bengaluru,0.0,0.0,0.0,1.0,0.0,0.0,0,0,0,0,0,0
2026-07-18 05:16:00,BR-Koramangala,0.0,0.0,0.0,1.0,0.0,0.0,0,0,0,0,0,0
2026-07-18 05:16:00,BR-Whitefield,0.0,0.0,0.0,1.0,0.0,0.0,0,0,0,0,0,0
2026-07-18 05:17:00,HO-Chennai,0.0,0.0,0.0,1.0,0.0,0.0,0,0,0,0,0,0
2026-07-18 05:17:00,ZO-Bengaluru,0.0,0.0,0.0,1.0,0.0,0.0,0,0,0,0,0,0
2026-07-18 05:17:00,BR-Koramangala,0.0,0.0,0.0,1.0,0.0,0.0,0,0,0,0,0,0
2026-07-18 05:17:00,BR-Whitefield,0.0,0.0,0.0,1.0,0.0,0.0,0,0,0,0,0,0
2026-07-18 05:18:00,HO-Chennai,0.0,0.0,0.0,1.0,0.0,0.0,0,0,0,0,0,0
2026-07-18 05:18:00,ZO-Bengaluru,0.0,0.0,0.0,1.0,0.0,0.0,0,0,0,0,0,0
2026-07-18 05:18:00,BR-Koramangala,0.0,0.0,0.0,1.0,0.0,0.0,0,0,0,0,0,0
2026-07-18 05:18:00,BR-Whitefield,0.0,0.0,0.0,1.0,0.0,0.0,0,0,0,0,0,0
2026-07-18 05:19:00,HO-Chennai,0.0,0.0,0.0,1.0,0.0,0.0,0,0,0,0,0,0
2026-07-18 05:19:00,ZO-Bengaluru,0.0,0.0,0.0,1.0,0.0,0.0,0,0,0,0,0,0
2026-07-18 05:19:00,BR-Koramangala,0.0,0.0,0.0,1.0,0.0,0.0,0,0,0,0,0,0
2026-07-18 05:19:00,BR-Whitefield,0.0,0.0,0.0,1.0,0.0,0.0,0,0,0,0,0,0
2026-07-18 05:20:00,HO-Chennai,0.0,0.0,0.0,1.0,0.0,0.0,0,0,0,0,0,0
2026-07-18 05:20:00,ZO-Bengaluru,0.0,0.0,0.0,1.0,0.0,0.0,0,0,0,0,0,0
2026-07-18 05:20:00,BR-Koramangala,0.0,0.0,0.0,1.0,0.0,0.0,0,0,0,0,0,0
2026-07-18 05:20:00,BR-Whitefield,0.0,0.0,0.0,1.0,0.0,0.0,0,0,0,0,0,0
2026-07-18 05:21:00,HO-Chennai,0.0,0.0,0.0,1.0,0.0,0.0,0,0,0,0,0,0
2026-07-18 05:21:00,ZO-Bengaluru,0.0,0.0,0.0,1.0,0.0,0.0,0,0,0,0,0,0
2026-07-18 05:21:00,BR-Koramangala,0.0,0.0,0.0,1.0,0.0,0.0,0,0,0,0,0,0
2026-07-18 05:21:00,BR-Whitefield,0.0,0.0,0.0,1.0,0.0,0.0,0,0,0,0,0,0
2026-07-18 05:22:00,HO-Chennai,0.0,0.0,0.0,1.0,0.0,0.0,0,0,0,0,0,0
2026-07-18 05:22:00,ZO-Bengaluru,0.0,0.0,0.0,1.0,0.0,0.0,0,0,0,0,0,0
2026-07-18 05:22:00,BR-Koramangala,0.0,0.0,0.0,1.0,0.0,0.0,0,0,0,0,0,0
2026-07-18 05:22:00,BR-Whitefield,0.0,0.0,0.0,1.0,0.0,0.0,0,0,0,0,0,0
2026-07-18 05:23:00,HO-Chennai,0.0,0.0,0.0,1.0,0.0,0.0,0,0,0,0,0,0
2026-07-18 05:23:00,ZO-Bengaluru,0.0,0.0,0.0,1.0,0.0,0.0,0,0,0,0,0,0
2026-07-18 05:23:00,BR-Koramangala,0.0,0.0,0.0,1.0,0.0,0.0,0,0,0,0,0,0
2026-07-18 05:23:00,BR-Whitefield,0.0,0.0,0.0,1.0,0.0,0.0,0,0,0,0,0,0
2026-07-18 05:24:00,HO-Chennai,0.0,0.0,0.0,1.0,0.0,0.0,0,0,0,0,0,0
2026-07-18 05:24:00,ZO-Bengaluru,0.0,0.0,0.0,1.0,0.0,0.0,0,0,0,0,0,0
2026-07-18 05:24:00,BR-Koramangala,0.0,0.0,0.0,1.0,0.0,0.0,0,0,0,0,0,0
2026-07-18 05:24:00,BR-Whitefield,0.0,0.0,0.0,1.0,0.0,0.0,0,0,0,0,0,0
2026-07-18 05:25:00,HO-Chennai,0.0,0.0,0.0,1.0,0.0,0.0,0,0,0,0,0,0
2026-07-18 05:25:00,ZO-Bengaluru,0.0,0.0,0.0,1.0,0.0,0.0,0,0,0,0,0,0
2026-07-18 05:25:00,BR-Koramangala,0.0,0.0,0.0,1.0,0.0,0.0,0,0,0,0,0,0
2026-07-18 05:25:00,BR-Whitefield,0.0,0.0,0.0,1.0,0.0,0.0,0,0,0,0,0,0
2026-07-18 05:26:00,HO-Chennai,0.0,0.0,0.0,1.0,0.0,0.0,0,0,0,0,0,0
2026-07-18 05:26:00,ZO-Bengaluru,0.0,0.0,0.0,1.0,0.0,0.0,0,0,0,0,0,0
2026-07-18 05:26:00,BR-Koramangala,0.0,0.0,0.0,1.0,0.0,0.0,0,0,0,0,0,0
2026-07-18 05:26:00,BR-Whitefield,0.0,0.0,0.0,1.0,0.0,0.0,0,0,0,0,0,0
2026-07-18 05:27:00,HO-Chennai,0.0,0.0,0.0,1.0,0.0,0.0,0,0,0,0,0,0
2026-07-18 05:27:00,ZO-Bengaluru,0.0,0.0,0.0,1.0,0.0,0.0,0,0,0,0,0,0
2026-07-18 05:27:00,BR-Koramangala,0.0,0.0,0.0,1.0,0.0,0.0,0,0,0,0,0,0
2026-07-18 05:27:00,BR-Whitefield,0.0,0.0,0.0,1.0,0.0,0.0,0,0,0,0,0,0
2026-07-18 05:28:00,HO-Chennai,0.0,100.0,0.0,1.0,0.0,0.0,1,0,0,0,0,1
2026-07-18 05:28:00,ZO-Bengaluru,0.0,100.0,0.0,1.0,0.0,0.0,1,0,0,0,0,1
2026-07-18 05:28:00,BR-Koramangala,0.0,100.0,0.0,1.0,0.0,0.0,1,0,0,0,0,1
2026-07-18 05:28:00,BR-Whitefield,0.0,100.0,0.0,1.0,0.0,0.0,1,0,0,0,0,1
2026-07-18 05:29:00,HO-Chennai,0.0,100.0,0.0,1.0,0.0,0.0,1,0,0,0,0,1
2026-07-18 05:29:00,ZO-Bengaluru,0.0,100.0,0.0,1.0,0.0,0.0,1,0,0,0,0,1
2026-07-18 05:29:00,BR-Koramangala,0.0,100.0,0.0,1.0,0.0,0.0,1,0,0,0,0,1
2026-07-18 05:29:00,BR-Whitefield,0.0,100.0,0.0,1.0,0.0,0.0,1,0,0,0,0,1
2026-07-18 05:30:00,HO-Chennai,0.0,100.0,0.0,1.0,0.0,0.0,1,0,0,0,0,1
2026-07-18 05:30:00,ZO-Bengaluru,0.0,100.0,0.0,1.0,0.0,0.0,1,0,0,0,0,1
2026-07-18 05:30:00,BR-Koramangala,0.0,100.0,0.0,1.0,0.0,0.0,1,0,0,0,0,1
2026-07-18 05:30:00,BR-Whitefield,0.0,100.0,0.0,1.0,0.0,0.0,1,0,0,0,0,1
2026-07-18 05:31:00,HO-Chennai,0.0,100.0,0.0,1.0,0.0,0.0,1,0,0,0,0,1
2026-07-18 05:31:00,ZO-Bengaluru,0.0,100.0,0.0,1.0,0.0,0.0,1,0,0,0,0,1
2026-07-18 05:31:00,BR-Koramangala,0.0,100.0,0.0,1.0,0.0,0.0,1,0,0,0,0,1
2026-07-18 05:31:00,BR-Whitefield,0.0,100.0,0.0,1.0,0.0,0.0,1,0,0,0,0,1
2026-07-18 05:32:00,HO-Chennai,0.0,100.0,0.0,1.0,0.0,0.0,1,0,0,0,0,1
2026-07-18 05:32:00,ZO-Bengaluru,0.0,100.0,0.0,1.0,0.0,0.0,1,0,0,0,0,1
2026-07-18 05:32:00,BR-Koramangala,0.0,100.0,0.0,1.0,0.0,0.0,1,0,0,0,0,1
2026-07-18 05:32:00,BR-Whitefield,0.0,100.0,0.0,1.0,0.0,0.0,1,0,0,0,0,1
2026-07-18 05:33:00,HO-Chennai,0.0,100.0,0.0,1.0,0.0,0.0,1,0,0,0,0,1
2026-07-18 05:33:00,ZO-Bengaluru,0.0,100.0,0.0,1.0,0.0,0.0,1,0,0,0,0,1
2026-07-18 05:33:00,BR-Koramangala,0.0,100.0,0.0,1.0,0.0,0.0,1,0,0,0,0,1
2026-07-18 05:33:00,BR-Whitefield,0.0,100.0,0.0,1.0,0.0,0.0,1,0,0,0,0,1
2026-07-18 05:34:00,HO-Chennai,0.0,100.0,0.0,1.0,0.0,0.0,1,0,0,0,0,1
2026-07-18 05:34:00,ZO-Bengaluru,0.0,100.0,0.0,1.0,0.0,0.0,1,0,0,0,0,1
2026-07-18 05:34:00,BR-Koramangala,0.0,100.0,0.0,1.0,0.0,0.0,1,0,0,0,0,1
2026-07-18 05:34:00,BR-Whitefield,0.0,100.0,0.0,1.0,0.0,0.0,1,0,0,0,0,1
2026-07-18 05:35:00,HO-Chennai,0.0,100.0,0.0,1.0,0.0,0.0,1,0,0,0,0,1
2026-07-18 05:35:00,ZO-Bengaluru,0.0,100.0,0.0,1.0,0.0,0.0,1,0,0,0,0,1
2026-07-18 05:35:00,BR-Koramangala,0.0,100.0,0.0,1.0,0.0,0.0,1,0,0,0,0,1
2026-07-18 05:35:00,BR-Whitefield,0.0,100.0,0.0,1.0,0.0,0.0,1,0,0,0,0,1
2026-07-18 05:36:00,HO-Chennai,0.0,100.0,0.0,1.0,0.0,0.0,1,0,0,0,0,1
2026-07-18 05:36:00,ZO-Bengaluru,0.0,100.0,0.0,1.0,0.0,0.0,1,0,0,0,0,1
2026-07-18 05:36:00,BR-Koramangala,0.0,100.0,0.0,1.0,0.0,0.0,1,0,0,0,0,1
2026-07-18 05:36:00,BR-Whitefield,0.0,100.0,0.0,1.0,0.0,0.0,1,0,0,0,0,1
2026-07-18 05:37:00,HO-Chennai,0.0,100.0,0.0,1.0,0.0,0.0,1,0,0,0,0,1
2026-07-18 05:37:00,ZO-Bengaluru,0.0,100.0,0.0,1.0,0.0,0.0,1,0,0,0,0,1
2026-07-18 05:37:00,BR-Koramangala,0.0,100.0,0.0,1.0,0.0,0.0,1,0,0,0,0,1
2026-07-18 05:37:00,BR-Whitefield,0.0,100.0,0.0,1.0,0.0,0.0,1,0,0,0,0,1
2026-07-18 05:38:00,HO-Chennai,0.0,100.0,0.0,1.0,0.0,0.0,1,0,0,0,0,1
2026-07-18 05:38:00,ZO-Bengaluru,0.0,100.0,0.0,1.0,0.0,0.0,1,0,0,0,0,1
2026-07-18 05:38:00,BR-Koramangala,0.0,100.0,0.0,1.0,0.0,0.0,1,0,0,0,0,1
2026-07-18 05:38:00,BR-Whitefield,0.0,100.0,0.0,1.0,0.0,0.0,1,0,0,0,0,1
2026-07-18 05:39:00,HO-Chennai,0.0,100.0,0.0,1.0,0.0,0.0,1,0,0,0,0,1
2026-07-18 05:39:00,ZO-Bengaluru,0.0,100.0,0.0,1.0,0.0,0.0,1,0,0,0,0,1
2026-07-18 05:39:00,BR-Koramangala,0.0,100.0,0.0,1.0,0.0,0.0,1,0,0,0,0,1
2026-07-18 05:39:00,BR-Whitefield,0.0,100.0,0.0,1.0,0.0,0.0,1,0,0,0,0,1
2026-07-18 05:40:00,HO-Chennai,0.0,100.0,0.0,1.0,0.0,0.0,1,0,0,0,0,1
2026-07-18 05:40:00,ZO-Bengaluru,0.0,100.0,0.0,1.0,0.0,0.0,1,0,0,0,0,1
2026-07-18 05:40:00,BR-Koramangala,0.0,100.0,0.0,1.0,0.0,0.0,1,0,0,0,0,1
2026-07-18 05:40:00,BR-Whitefield,0.0,100.0,0.0,1.0,0.0,0.0,1,0,0,0,0,1
2026-07-18 05:41:00,HO-Chennai,0.0,100.0,0.0,1.0,0.0,0.0,1,0,0,0,0,1
2026-07-18 05:41:00,ZO-Bengaluru,0.0,100.0,0.0,1.0,0.0,0.0,1,0,0,0,0,1
2026-07-18 05:41:00,BR-Koramangala,0.0,100.0,0.0,1.0,0.0,0.0,1,0,0,0,0,1
2026-07-18 05:41:00,BR-Whitefield,0.0,100.0,0.0,1.0,0.0,0.0,1,0,0,0,0,1
2026-07-18 05:42:00,HO-Chennai,0.0,100.0,0.0,1.0,0.0,0.0,1,0,0,0,0,1
2026-07-18 05:42:00,ZO-Bengaluru,0.0,100.0,0.0,1.0,0.0,0.0,1,0,0,0,0,1
2026-07-18 05:42:00,BR-Koramangala,0.0,100.0,0.0,1.0,0.0,0.0,1,0,0,0,0,1
2026-07-18 05:42:00,BR-Whitefield,0.0,100.0,0.0,1.0,0.0,0.0,1,0,0,0,0,1
2026-07-18 05:43:00,HO-Chennai,0.0,100.0,0.0,1.0,0.0,0.0,1,0,0,0,0,1
2026-07-18 05:43:00,ZO-Bengaluru,0.0,100.0,0.0,1.0,0.0,0.0,1,0,0,0,0,1
2026-07-18 05:43:00,BR-Koramangala,0.0,100.0,0.0,1.0,0.0,0.0,1,0,0,0,0,1
2026-07-18 05:43:00,BR-Whitefield,0.0,100.0,0.0,1.0,0.0,0.0,1,0,0,0,0,1
2026-07-18 05:44:00,HO-Chennai,0.0,100.0,0.0,1.0,0.0,0.0,1,0,0,0,0,1
2026-07-18 05:44:00,ZO-Bengaluru,0.0,100.0,0.0,1.0,0.0,0.0,1,0,0,0,0,1
2026-07-18 05:44:00,BR-Koramangala,0.0,100.0,0.0,1.0,0.0,0.0,1,0,0,0,0,1
2026-07-18 05:44:00,BR-Whitefield,0.0,100.0,0.0,1.0,0.0,0.0,1,0,0,0,0,1
2026-07-18 05:45:00,HO-Chennai,0.0,100.0,0.0,1.0,0.0,0.0,1,0,0,0,0,1
2026-07-18 05:45:00,ZO-Bengaluru,0.0,100.0,0.0,1.0,0.0,0.0,1,0,0,0,0,1
2026-07-18 05:45:00,BR-Koramangala,0.0,100.0,0.0,1.0,0.0,0.0,1,0,0,0,0,1
2026-07-18 05:45:00,BR-Whitefield,0.0,100.0,0.0,1.0,0.0,0.0,1,0,0,0,0,1
2026-07-18 05:46:00,HO-Chennai,0.0,100.0,0.0,1.0,0.0,0.0,1,0,0,0,0,1
2026-07-18 05:46:00,ZO-Bengaluru,0.0,100.0,0.0,1.0,0.0,0.0,1,0,0,0,0,1
2026-07-18 05:46:00,BR-Koramangala,0.0,100.0,0.0,1.0,0.0,0.0,1,0,0,0,0,1
2026-07-18 05:46:00,BR-Whitefield,0.0,100.0,0.0,1.0,0.0,0.0,1,0,0,0,0,1
2026-07-18 05:47:00,HO-Chennai,0.0,100.0,0.0,1.0,0.0,0.0,1,0,0,0,0,1
2026-07-18 05:47:00,ZO-Bengaluru,0.0,100.0,0.0,1.0,0.0,0.0,1,0,0,0,0,1
2026-07-18 05:47:00,BR-Koramangala,0.0,100.0,0.0,1.0,0.0,0.0,1,0,0,0,0,1
2026-07-18 05:47:00,BR-Whitefield,0.0,100.0,0.0,1.0,0.0,0.0,1,0,0,0,0,1
2026-07-18 05:48:00,HO-Chennai,0.0,100.0,0.0,1.0,0.0,0.0,1,0,0,0,0,1
2026-07-18 05:48:00,ZO-Bengaluru,0.0,100.0,0.0,1.0,0.0,0.0,1,0,0,0,0,1
2026-07-18 05:48:00,BR-Koramangala,0.0,100.0,0.0,1.0,0.0,0.0,1,0,0,0,0,1
2026-07-18 05:48:00,BR-Whitefield,0.0,100.0,0.0,1.0,0.0,0.0,1,0,0,0,0,1
2026-07-18 05:49:00,HO-Chennai,0.0,100.0,0.0,1.0,0.0,0.0,1,0,0,0,0,1
2026-07-18 05:49:00,ZO-Bengaluru,0.0,100.0,0.0,1.0,0.0,0.0,1,0,0,0,0,1
2026-07-18 05:49:00,BR-Koramangala,0.0,100.0,0.0,1.0,0.0,0.0,1,0,0,0,0,1
2026-07-18 05:49:00,BR-Whitefield,0.0,100.0,0.0,1.0,0.0,0.0,1,0,0,0,0,1
2026-07-18 05:50:00,HO-Chennai,0.0,100.0,0.0,1.0,0.0,0.0,1,0,0,0,0,1
2026-07-18 05:50:00,ZO-Bengaluru,0.0,100.0,0.0,1.0,0.0,0.0,1,0,0,0,0,1
2026-07-18 05:50:00,BR-Koramangala,0.0,100.0,0.0,1.0,0.0,0.0,1,0,0,0,0,1
2026-07-18 05:50:00,BR-Whitefield,0.0,100.0,0.0,1.0,0.0,0.0,1,0,0,0,0,1
2026-07-18 05:51:00,HO-Chennai,0.0,100.0,0.0,1.0,0.0,0.0,1,0,0,0,0,1
2026-07-18 05:51:00,ZO-Bengaluru,0.0,100.0,0.0,1.0,0.0,0.0,1,0,0,0,0,1
2026-07-18 05:51:00,BR-Koramangala,0.0,100.0,0.0,1.0,0.0,0.0,1,0,0,0,0,1
2026-07-18 05:51:00,BR-Whitefield,0.0,100.0,0.0,1.0,0.0,0.0,1,0,0,0,0,1
2026-07-18 05:52:00,HO-Chennai,0.0,100.0,0.0,1.0,0.0,0.0,1,0,0,0,0,1
2026-07-18 05:52:00,ZO-Bengaluru,0.0,100.0,0.0,1.0,0.0,0.0,1,0,0,0,0,1
2026-07-18 05:52:00,BR-Koramangala,0.0,100.0,0.0,1.0,0.0,0.0,1,0,0,0,0,1
2026-07-18 05:52:00,BR-Whitefield,0.0,100.0,0.0,1.0,0.0,0.0,1,0,0,0,0,1
2026-07-18 05:53:00,HO-Chennai,0.0,100.0,0.0,1.0,0.0,0.0,1,0,0,0,0,1
2026-07-18 05:53:00,ZO-Bengaluru,0.0,100.0,0.0,1.0,0.0,0.0,1,0,0,0,0,1
2026-07-18 05:53:00,BR-Koramangala,0.0,100.0,0.0,1.0,0.0,0.0,1,0,0,0,0,1
2026-07-18 05:53:00,BR-Whitefield,0.0,100.0,0.0,1.0,0.0,0.0,1,0,0,0,0,1
2026-07-18 05:54:00,HO-Chennai,0.0,100.0,0.0,1.0,0.0,0.0,1,0,0,0,0,1
2026-07-18 05:54:00,ZO-Bengaluru,0.0,100.0,0.0,1.0,0.0,0.0,1,0,0,0,0,1
2026-07-18 05:54:00,BR-Koramangala,0.0,100.0,0.0,1.0,0.0,0.0,1,0,0,0,0,1
2026-07-18 05:54:00,BR-Whitefield,0.0,100.0,0.0,1.0,0.0,0.0,1,0,0,0,0,1
2026-07-18 05:55:00,HO-Chennai,0.0,100.0,0.0,1.0,0.0,0.0,1,0,0,0,0,1
2026-07-18 05:55:00,ZO-Bengaluru,0.0,100.0,0.0,1.0,0.0,0.0,1,0,0,0,0,1
2026-07-18 05:55:00,BR-Koramangala,0.0,100.0,0.0,1.0,0.0,0.0,1,0,0,0,0,1
2026-07-18 05:55:00,BR-Whitefield,0.0,100.0,0.0,1.0,0.0,0.0,1,0,0,0,0,1
2026-07-18 05:56:00,HO-Chennai,0.0,100.0,0.0,1.0,0.0,0.0,1,0,0,0,0,1
2026-07-18 05:56:00,ZO-Bengaluru,0.0,100.0,0.0,1.0,0.0,0.0,1,0,0,0,0,1
2026-07-18 05:56:00,BR-Koramangala,0.0,100.0,0.0,1.0,0.0,0.0,1,0,0,0,0,1
2026-07-18 05:56:00,BR-Whitefield,0.0,100.0,0.0,1.0,0.0,0.0,1,0,0,0,0,1
2026-07-18 05:57:00,HO-Chennai,0.0,100.0,0.0,1.0,0.0,0.0,1,0,0,0,0,1
2026-07-18 05:57:00,ZO-Bengaluru,0.0,100.0,0.0,1.0,0.0,0.0,1,0,0,0,0,1
2026-07-18 05:57:00,BR-Koramangala,0.0,100.0,0.0,1.0,0.0,0.0,1,0,0,0,0,1
2026-07-18 05:57:00,BR-Whitefield,0.0,100.0,0.0,1.0,0.0,0.0,1,0,0,0,0,1
2026-07-18 05:58:00,HO-Chennai,0.0,100.0,0.0,1.0,0.0,0.0,1,0,0,0,0,1
2026-07-18 05:58:00,ZO-Bengaluru,0.0,100.0,0.0,1.0,0.0,0.0,1,0,0,0,0,1
2026-07-18 05:58:00,BR-Koramangala,0.0,100.0,0.0,1.0,0.0,0.0,1,0,0,0,0,1
2026-07-18 05:58:00,BR-Whitefield,0.0,100.0,0.0,1.0,0.0,0.0,1,0,0,0,0,1
2026-07-18 05:59:00,HO-Chennai,0.0,100.0,0.0,1.0,0.0,0.0,1,0,0,0,0,1
2026-07-18 05:59:00,ZO-Bengaluru,0.0,100.0,0.0,1.0,0.0,0.0,1,0,0,0,0,1
2026-07-18 05:59:00,BR-Koramangala,0.0,100.0,0.0,1.0,0.0,0.0,1,0,0,0,0,1
2026-07-18 05:59:00,BR-Whitefield,0.0,100.0,0.0,1.0,0.0,0.0,1,0,0,0,0,1
2026-07-18 06:00:00,HO-Chennai,0.0,100.0,0.0,1.0,0.0,0.0,1,0,0,0,0,1
2026-07-18 06:00:00,ZO-Bengaluru,0.0,100.0,0.0,1.0,0.0,0.0,1,0,0,0,0,1
2026-07-18 06:00:00,BR-Koramangala,0.0,100.0,0.0,1.0,0.0,0.0,1,0,0,0,0,1
2026-07-18 06:00:00,BR-Whitefield,0.0,100.0,0.0,1.0,0.0,0.0,1,0,0,0,0,1
2026-07-18 06:01:00,HO-Chennai,0.0,100.0,0.0,1.0,0.0,0.0,1,0,0,0,0,1
2026-07-18 06:01:00,ZO-Bengaluru,0.0,100.0,0.0,1.0,0.0,0.0,1,0,0,0,0,1
2026-07-18 06:01:00,BR-Koramangala,0.0,100.0,0.0,1.0,0.0,0.0,1,0,0,0,0,1
2026-07-18 06:01:00,BR-Whitefield,0.0,100.0,0.0,1.0,0.0,0.0,1,0,0,0,0,1
2026-07-18 06:02:00,HO-Chennai,0.0,100.0,0.0,1.0,0.0,0.0,1,0,0,0,0,1
2026-07-18 06:02:00,ZO-Bengaluru,0.0,100.0,0.0,1.0,0.0,0.0,1,0,0,0,0,1
2026-07-18 06:02:00,BR-Koramangala,0.0,100.0,0.0,1.0,0.0,0.0,1,0,0,0,0,1
2026-07-18 06:02:00,BR-Whitefield,0.0,100.0,0.0,1.0,0.0,0.0,1,0,0,0,0,1
2026-07-18 06:03:00,HO-Chennai,0.0,100.0,0.0,1.0,0.0,0.0,1,0,0,0,0,1
2026-07-18 06:03:00,ZO-Bengaluru,0.0,100.0,0.0,1.0,0.0,0.0,1,0,0,0,0,1
2026-07-18 06:03:00,BR-Koramangala,0.0,100.0,0.0,1.0,0.0,0.0,1,0,0,0,0,1
2026-07-18 06:03:00,BR-Whitefield,0.0,100.0,0.0,1.0,0.0,0.0,1,0,0,0,0,1
2026-07-18 06:04:00,HO-Chennai,0.0,100.0,0.0,1.0,0.0,0.0,1,0,0,0,0,1
2026-07-18 06:04:00,ZO-Bengaluru,0.0,100.0,0.0,1.0,0.0,0.0,1,0,0,0,0,1
2026-07-18 06:04:00,BR-Koramangala,0.0,100.0,0.0,1.0,0.0,0.0,1,0,0,0,0,1
2026-07-18 06:04:00,BR-Whitefield,0.0,100.0,0.0,1.0,0.0,0.0,1,0,0,0,0,1
2026-07-18 06:05:00,HO-Chennai,0.0,100.0,0.0,1.0,0.0,0.0,1,0,0,0,0,1
2026-07-18 06:05:00,ZO-Bengaluru,0.0,100.0,0.0,1.0,0.0,0.0,1,0,0,0,0,1
2026-07-18 06:05:00,BR-Koramangala,0.0,100.0,0.0,1.0,0.0,0.0,1,0,0,0,0,1
2026-07-18 06:05:00,BR-Whitefield,0.0,100.0,0.0,1.0,0.0,0.0,1,0,0,0,0,1
2026-07-18 06:06:00,HO-Chennai,0.0,100.0,0.0,1.0,0.0,0.0,1,0,0,0,0,1
2026-07-18 06:06:00,ZO-Bengaluru,0.0,100.0,0.0,1.0,0.0,0.0,1,0,0,0,0,1
2026-07-18 06:06:00,BR-Koramangala,0.0,100.0,0.0,1.0,0.0,0.0,1,0,0,0,0,1
2026-07-18 06:06:00,BR-Whitefield,0.0,100.0,0.0,1.0,0.0,0.0,1,0,0,0,0,1
2026-07-18 06:07:00,HO-Chennai,0.0,100.0,0.0,1.0,0.0,0.0,1,0,0,0,0,1
2026-07-18 06:07:00,ZO-Bengaluru,0.0,100.0,0.0,1.0,0.0,0.0,1,0,0,0,0,1
2026-07-18 06:07:00,BR-Koramangala,0.0,100.0,0.0,1.0,0.0,0.0,1,0,0,0,0,1
2026-07-18 06:07:00,BR-Whitefield,0.0,100.0,0.0,1.0,0.0,0.0,1,0,0,0,0,1
2026-07-18 06:08:00,HO-Chennai,0.0,100.0,0.0,1.0,0.0,0.0,1,0,0,0,0,1
2026-07-18 06:08:00,ZO-Bengaluru,0.0,100.0,0.0,1.0,0.0,0.0,1,0,0,0,0,1
2026-07-18 06:08:00,BR-Koramangala,0.0,100.0,0.0,1.0,0.0,0.0,1,0,0,0,0,1
2026-07-18 06:08:00,BR-Whitefield,0.0,100.0,0.0,1.0,0.0,0.0,1,0,0,0,0,1
2026-07-18 06:09:00,HO-Chennai,0.0,100.0,0.0,1.0,0.0,0.0,1,0,0,0,0,1
2026-07-18 06:09:00,ZO-Bengaluru,0.0,100.0,0.0,1.0,0.0,0.0,1,0,0,0,0,1
2026-07-18 06:09:00,BR-Koramangala,0.0,100.0,0.0,1.0,0.0,0.0,1,0,0,0,0,1
2026-07-18 06:09:00,BR-Whitefield,0.0,100.0,0.0,1.0,0.0,0.0,1,0,0,0,0,1
2026-07-18 06:10:00,HO-Chennai,0.0,100.0,0.0,1.0,0.0,0.0,1,0,0,0,0,1
2026-07-18 06:10:00,ZO-Bengaluru,0.0,100.0,0.0,1.0,0.0,0.0,1,0,0,0,0,1
2026-07-18 06:10:00,BR-Koramangala,0.0,100.0,0.0,1.0,0.0,0.0,1,0,0,0,0,1
2026-07-18 06:10:00,BR-Whitefield,0.0,100.0,0.0,1.0,0.0,0.0,1,0,0,0,0,1
2026-07-18 06:11:00,HO-Chennai,0.0,100.0,0.0,1.0,0.0,0.0,1,0,0,0,0,1
2026-07-18 06:11:00,ZO-Bengaluru,0.0,100.0,0.0,1.0,0.0,0.0,1,0,0,0,0,1
2026-07-18 06:11:00,BR-Koramangala,0.0,100.0,0.0,1.0,0.0,0.0,1,0,0,0,0,1
2026-07-18 06:11:00,BR-Whitefield,0.0,100.0,0.0,1.0,0.0,0.0,1,0,0,0,0,1
2026-07-18 06:12:00,HO-Chennai,0.0,100.0,0.0,1.0,0.0,0.0,1,0,0,0,0,1
2026-07-18 06:12:00,ZO-Bengaluru,0.0,100.0,0.0,1.0,0.0,0.0,1,0,0,0,0,1
2026-07-18 06:12:00,BR-Koramangala,0.0,100.0,0.0,1.0,0.0,0.0,1,0,0,0,0,1
2026-07-18 06:12:00,BR-Whitefield,0.0,100.0,0.0,1.0,0.0,0.0,1,0,0,0,0,1
2026-07-18 06:13:00,HO-Chennai,0.0,100.0,0.0,1.0,0.0,0.0,1,0,0,0,0,1
2026-07-18 06:13:00,ZO-Bengaluru,0.0,100.0,0.0,1.0,0.0,0.0,1,0,0,0,0,1
2026-07-18 06:13:00,BR-Koramangala,0.0,100.0,0.0,1.0,0.0,0.0,1,0,0,0,0,1
2026-07-18 06:13:00,BR-Whitefield,0.0,100.0,0.0,1.0,0.0,0.0,1,0,0,0,0,1
2026-07-18 06:14:00,HO-Chennai,0.0,100.0,0.0,1.0,0.0,0.0,1,0,0,0,0,1
2026-07-18 06:14:00,ZO-Bengaluru,0.0,100.0,0.0,1.0,0.0,0.0,1,0,0,0,0,1
2026-07-18 06:14:00,BR-Koramangala,0.0,100.0,0.0,1.0,0.0,0.0,1,0,0,0,0,1
2026-07-18 06:14:00,BR-Whitefield,0.0,100.0,0.0,1.0,0.0,0.0,1,0,0,0,0,1
2026-07-18 06:15:00,HO-Chennai,0.0,100.0,0.0,1.0,0.0,0.0,1,0,0,0,0,1
2026-07-18 06:15:00,ZO-Bengaluru,0.0,100.0,0.0,1.0,0.0,0.0,1,0,0,0,0,1
2026-07-18 06:15:00,BR-Koramangala,0.0,100.0,0.0,1.0,0.0,0.0,1,0,0,0,0,1
2026-07-18 06:15:00,BR-Whitefield,0.0,100.0,0.0,1.0,0.0,0.0,1,0,0,0,0,1
2026-07-18 06:16:00,HO-Chennai,0.0,100.0,0.0,1.0,0.0,0.0,1,0,0,0,0,1
2026-07-18 06:16:00,ZO-Bengaluru,0.0,100.0,0.0,1.0,0.0,0.0,1,0,0,0,0,1
2026-07-18 06:16:00,BR-Koramangala,0.0,100.0,0.0,1.0,0.0,0.0,1,0,0,0,0,1
2026-07-18 06:16:00,BR-Whitefield,0.0,100.0,0.0,1.0,0.0,0.0,1,0,0,0,0,1
2026-07-18 06:17:00,HO-Chennai,0.0,100.0,0.0,1.0,0.0,0.0,1,0,0,0,0,1
2026-07-18 06:17:00,ZO-Bengaluru,0.0,100.0,0.0,1.0,0.0,0.0,1,0,0,0,0,1
2026-07-18 06:17:00,BR-Koramangala,0.0,100.0,0.0,1.0,0.0,0.0,1,0,0,0,0,1
2026-07-18 06:17:00,BR-Whitefield,0.0,100.0,0.0,1.0,0.0,0.0,1,0,0,0,0,1
2026-07-18 06:18:00,HO-Chennai,0.0,100.0,0.0,1.0,0.0,0.0,1,0,0,0,0,1
2026-07-18 06:18:00,ZO-Bengaluru,0.0,100.0,0.0,1.0,0.0,0.0,1,0,0,0,0,1
2026-07-18 06:18:00,BR-Koramangala,0.0,100.0,0.0,1.0,0.0,0.0,1,0,0,0,0,1
2026-07-18 06:18:00,BR-Whitefield,0.0,100.0,0.0,1.0,0.0,0.0,1,0,0,0,0,1
2026-07-18 06:19:00,HO-Chennai,0.0,100.0,0.0,1.0,0.0,0.0,1,0,0,0,0,1
2026-07-18 06:19:00,ZO-Bengaluru,0.0,100.0,0.0,1.0,0.0,0.0,1,0,0,0,0,1
2026-07-18 06:19:00,BR-Koramangala,0.0,100.0,0.0,1.0,0.0,0.0,1,0,0,0,0,1
2026-07-18 06:19:00,BR-Whitefield,0.0,100.0,0.0,1.0,0.0,0.0,1,0,0,0,0,1
2026-07-18 06:20:00,HO-Chennai,0.0,100.0,0.0,1.0,0.0,0.0,1,0,0,0,0,1
2026-07-18 06:20:00,ZO-Bengaluru,0.0,100.0,0.0,1.0,0.0,0.0,1,0,0,0,0,1
2026-07-18 06:20:00,BR-Koramangala,0.0,100.0,0.0,1.0,0.0,0.0,1,0,0,0,0,1
2026-07-18 06:20:00,BR-Whitefield,0.0,100.0,0.0,1.0,0.0,0.0,1,0,0,0,0,1
2026-07-18 06:21:00,HO-Chennai,0.0,100.0,0.0,1.0,0.0,0.0,1,0,0,0,0,1
2026-07-18 06:21:00,ZO-Bengaluru,0.0,100.0,0.0,1.0,0.0,0.0,1,0,0,0,0,1
2026-07-18 06:21:00,BR-Koramangala,0.0,100.0,0.0,1.0,0.0,0.0,1,0,0,0,0,1
2026-07-18 06:21:00,BR-Whitefield,0.0,100.0,0.0,1.0,0.0,0.0,1,0,0,0,0,1
2026-07-18 06:22:00,HO-Chennai,0.0,100.0,0.0,1.0,0.0,0.0,1,0,0,0,0,1
2026-07-18 06:22:00,ZO-Bengaluru,0.0,100.0,0.0,1.0,0.0,0.0,1,0,0,0,0,1
2026-07-18 06:22:00,BR-Koramangala,0.0,100.0,0.0,1.0,0.0,0.0,1,0,0,0,0,1
2026-07-18 06:22:00,BR-Whitefield,0.0,100.0,0.0,1.0,0.0,0.0,1,0,0,0,0,1
2026-07-18 06:23:00,HO-Chennai,0.0,100.0,0.0,1.0,0.0,0.0,1,0,0,0,0,1
2026-07-18 06:23:00,ZO-Bengaluru,0.0,100.0,0.0,1.0,0.0,0.0,1,0,0,0,0,1
2026-07-18 06:23:00,BR-Koramangala,0.0,100.0,0.0,1.0,0.0,0.0,1,0,0,0,0,1
2026-07-18 06:23:00,BR-Whitefield,0.0,100.0,0.0,1.0,0.0,0.0,1,0,0,0,0,1
2026-07-18 06:24:00,HO-Chennai,0.0,100.0,0.0,1.0,0.0,0.0,1,0,0,0,0,1
2026-07-18 06:24:00,ZO-Bengaluru,0.0,100.0,0.0,1.0,0.0,0.0,1,0,0,0,0,1
2026-07-18 06:24:00,BR-Koramangala,0.0,100.0,0.0,1.0,0.0,0.0,1,0,0,0,0,1
2026-07-18 06:24:00,BR-Whitefield,0.0,100.0,0.0,1.0,0.0,0.0,1,0,0,0,0,1
2026-07-18 06:25:00,HO-Chennai,0.0,100.0,0.0,1.0,0.0,0.0,1,0,0,0,0,1
2026-07-18 06:25:00,ZO-Bengaluru,0.0,100.0,0.0,1.0,0.0,0.0,1,0,0,0,0,1
2026-07-18 06:25:00,BR-Koramangala,0.0,100.0,0.0,1.0,0.0,0.0,1,0,0,0,0,1
2026-07-18 06:25:00,BR-Whitefield,0.0,100.0,0.0,1.0,0.0,0.0,1,0,0,0,0,1
2026-07-18 06:26:00,HO-Chennai,0.0,100.0,0.0,1.0,0.0,0.0,1,0,0,0,0,1
2026-07-18 06:26:00,ZO-Bengaluru,0.0,100.0,0.0,1.0,0.0,0.0,1,0,0,0,0,1
2026-07-18 06:26:00,BR-Koramangala,0.0,100.0,0.0,1.0,0.0,0.0,1,0,0,0,0,1
2026-07-18 06:26:00,BR-Whitefield,0.0,100.0,0.0,1.0,0.0,0.0,1,0,0,0,0,1
2026-07-18 06:27:00,HO-Chennai,0.0,100.0,0.0,1.0,0.0,0.0,1,0,0,0,0,1
2026-07-18 06:27:00,ZO-Bengaluru,0.0,100.0,0.0,1.0,0.0,0.0,1,0,0,0,0,1
2026-07-18 06:27:00,BR-Koramangala,0.0,100.0,0.0,1.0,0.0,0.0,1,0,0,0,0,1
2026-07-18 06:27:00,BR-Whitefield,0.0,100.0,0.0,1.0,0.0,0.0,1,0,0,0,0,1
2026-07-18 06:28:00,HO-Chennai,0.0,100.0,0.0,1.0,0.0,0.0,1,0,0,0,0,1
2026-07-18 06:28:00,ZO-Bengaluru,0.0,100.0,0.0,1.0,0.0,0.0,1,0,0,0,0,1
2026-07-18 06:28:00,BR-Koramangala,0.0,100.0,0.0,1.0,0.0,0.0,1,0,0,0,0,1
2026-07-18 06:28:00,BR-Whitefield,0.0,100.0,0.0,1.0,0.0,0.0,1,0,0,0,0,1
2026-07-18 06:29:00,HO-Chennai,0.0,100.0,0.0,1.0,0.0,0.0,1,0,0,0,0,1
2026-07-18 06:29:00,ZO-Bengaluru,0.0,100.0,0.0,1.0,0.0,0.0,1,0,0,0,0,1
2026-07-18 06:29:00,BR-Koramangala,0.0,100.0,0.0,1.0,0.0,0.0,1,0,0,0,0,1
2026-07-18 06:29:00,BR-Whitefield,0.0,100.0,0.0,1.0,0.0,0.0,1,0,0,0,0,1
2026-07-18 06:30:00,HO-Chennai,0.0,100.0,0.0,1.0,0.0,0.0,1,0,0,0,0,1
2026-07-18 06:30:00,ZO-Bengaluru,0.0,100.0,0.0,1.0,0.0,0.0,1,0,0,0,0,1
2026-07-18 06:30:00,BR-Koramangala,0.0,100.0,0.0,1.0,0.0,0.0,1,0,0,0,0,1
2026-07-18 06:30:00,BR-Whitefield,0.0,100.0,0.0,1.0,0.0,0.0,1,0,0,0,0,1
2026-07-18 06:31:00,HO-Chennai,0.0,100.0,0.0,1.0,0.0,0.0,1,0,0,0,0,1
2026-07-18 06:31:00,ZO-Bengaluru,0.0,100.0,0.0,1.0,0.0,0.0,1,0,0,0,0,1
2026-07-18 06:31:00,BR-Koramangala,0.0,100.0,0.0,1.0,0.0,0.0,1,0,0,0,0,1
2026-07-18 06:31:00,BR-Whitefield,0.0,100.0,0.0,1.0,0.0,0.0,1,0,0,0,0,1
2026-07-18 06:32:00,HO-Chennai,0.0,100.0,0.0,1.0,0.0,0.0,1,0,0,0,0,1
2026-07-18 06:32:00,ZO-Bengaluru,0.0,100.0,0.0,1.0,0.0,0.0,1,0,0,0,0,1
2026-07-18 06:32:00,BR-Koramangala,0.0,100.0,0.0,1.0,0.0,0.0,1,0,0,0,0,1
2026-07-18 06:32:00,BR-Whitefield,0.0,100.0,0.0,1.0,0.0,0.0,1,0,0,0,0,1
2026-07-18 06:33:00,HO-Chennai,0.0,100.0,0.0,1.0,0.0,0.0,1,0,0,0,0,1
2026-07-18 06:33:00,ZO-Bengaluru,0.0,100.0,0.0,1.0,0.0,0.0,1,0,0,0,0,1
2026-07-18 06:33:00,BR-Koramangala,0.0,100.0,0.0,1.0,0.0,0.0,1,0,0,0,0,1
2026-07-18 06:33:00,BR-Whitefield,0.0,100.0,0.0,1.0,0.0,0.0,1,0,0,0,0,1
2026-07-18 06:34:00,HO-Chennai,0.0,100.0,0.0,1.0,0.0,0.0,1,0,0,0,0,1
2026-07-18 06:34:00,ZO-Bengaluru,0.0,100.0,0.0,1.0,0.0,0.0,1,0,0,0,0,1
2026-07-18 06:34:00,BR-Koramangala,0.0,100.0,0.0,1.0,0.0,0.0,1,0,0,0,0,1
2026-07-18 06:34:00,BR-Whitefield,0.0,100.0,0.0,1.0,0.0,0.0,1,0,0,0,0,1
2026-07-18 06:35:00,HO-Chennai,0.0,100.0,0.0,1.0,0.0,0.0,1,0,0,0,0,1
2026-07-18 06:35:00,ZO-Bengaluru,0.0,100.0,0.0,1.0,0.0,0.0,1,0,0,0,0,1
2026-07-18 06:35:00,BR-Koramangala,0.0,100.0,0.0,1.0,0.0,0.0,1,0,0,0,0,1
2026-07-18 06:35:00,BR-Whitefield,0.0,100.0,0.0,1.0,0.0,0.0,1,0,0,0,0,1
2026-07-18 06:36:00,HO-Chennai,0.0,100.0,0.0,1.0,0.0,0.0,1,0,0,0,0,1
2026-07-18 06:36:00,ZO-Bengaluru,0.0,100.0,0.0,1.0,0.0,0.0,1,0,0,0,0,1
2026-07-18 06:36:00,BR-Koramangala,0.0,100.0,0.0,1.0,0.0,0.0,1,0,0,0,0,1
2026-07-18 06:36:00,BR-Whitefield,0.0,100.0,0.0,1.0,0.0,0.0,1,0,0,0,0,1
2026-07-18 06:37:00,HO-Chennai,0.0,100.0,0.0,1.0,0.0,0.0,1,0,0,0,0,1
2026-07-18 06:37:00,ZO-Bengaluru,0.0,100.0,0.0,1.0,0.0,0.0,1,0,0,0,0,1
2026-07-18 06:37:00,BR-Koramangala,0.0,100.0,0.0,1.0,0.0,0.0,1,0,0,0,0,1
2026-07-18 06:37:00,BR-Whitefield,0.0,100.0,0.0,1.0,0.0,0.0,1,0,0,0,0,1
2026-07-18 06:38:00,HO-Chennai,0.0,100.0,0.0,1.0,0.0,0.0,1,0,0,0,0,1
2026-07-18 06:38:00,ZO-Bengaluru,0.0,100.0,0.0,1.0,0.0,0.0,1,0,0,0,0,1
2026-07-18 06:38:00,BR-Koramangala,0.0,100.0,0.0,1.0,0.0,0.0,1,0,0,0,0,1
2026-07-18 06:38:00,BR-Whitefield,0.0,100.0,0.0,1.0,0.0,0.0,1,0,0,0,0,1
2026-07-18 06:39:00,HO-Chennai,0.0,100.0,0.0,1.0,0.0,0.0,1,0,0,0,0,1
2026-07-18 06:39:00,ZO-Bengaluru,0.0,100.0,0.0,1.0,0.0,0.0,1,0,0,0,0,1
2026-07-18 06:39:00,BR-Koramangala,0.0,100.0,0.0,1.0,0.0,0.0,1,0,0,0,0,1
2026-07-18 06:39:00,BR-Whitefield,0.0,100.0,0.0,1.0,0.0,0.0,1,0,0,0,0,1
2026-07-18 06:40:00,HO-Chennai,0.0,100.0,0.0,1.0,0.0,0.0,1,0,0,0,0,1
2026-07-18 06:40:00,ZO-Bengaluru,0.0,100.0,0.0,1.0,0.0,0.0,1,0,0,0,0,1
2026-07-18 06:40:00,BR-Koramangala,0.0,100.0,0.0,1.0,0.0,0.0,1,0,0,0,0,1
2026-07-18 06:40:00,BR-Whitefield,0.0,100.0,0.0,1.0,0.0,0.0,1,0,0,0,0,1
2026-07-18 06:41:00,HO-Chennai,0.0,100.0,0.0,1.0,0.0,0.0,1,0,0,0,0,1
2026-07-18 06:41:00,ZO-Bengaluru,0.0,100.0,0.0,1.0,0.0,0.0,1,0,0,0,0,1
2026-07-18 06:41:00,BR-Koramangala,0.0,100.0,0.0,1.0,0.0,0.0,1,0,0,0,0,1
2026-07-18 06:41:00,BR-Whitefield,0.0,100.0,0.0,1.0,0.0,0.0,1,0,0,0,0,1
2026-07-18 06:42:00,HO-Chennai,0.0,100.0,0.0,1.0,0.0,0.0,1,0,0,0,0,1
2026-07-18 06:42:00,ZO-Bengaluru,0.0,100.0,0.0,1.0,0.0,0.0,1,0,0,0,0,1
2026-07-18 06:42:00,BR-Koramangala,0.0,100.0,0.0,1.0,0.0,0.0,1,0,0,0,0,1
2026-07-18 06:42:00,BR-Whitefield,0.0,100.0,0.0,1.0,0.0,0.0,1,0,0,0,0,1
2026-07-18 06:43:00,HO-Chennai,0.0,100.0,0.0,1.0,0.0,0.0,1,0,0,0,0,1
2026-07-18 06:43:00,ZO-Bengaluru,0.0,100.0,0.0,1.0,0.0,0.0,1,0,0,0,0,1
2026-07-18 06:43:00,BR-Koramangala,0.0,100.0,0.0,1.0,0.0,0.0,1,0,0,0,0,1
2026-07-18 06:43:00,BR-Whitefield,0.0,100.0,0.0,1.0,0.0,0.0,1,0,0,0,0,1
2026-07-18 06:44:00,HO-Chennai,0.0,100.0,0.0,1.0,0.0,0.0,1,0,0,0,0,1
2026-07-18 06:44:00,ZO-Bengaluru,0.0,100.0,0.0,1.0,0.0,0.0,1,0,0,0,0,1
2026-07-18 06:44:00,BR-Koramangala,0.0,100.0,0.0,1.0,0.0,0.0,1,0,0,0,0,1
2026-07-18 06:44:00,BR-Whitefield,0.0,100.0,0.0,1.0,0.0,0.0,1,0,0,0,0,1
2026-07-18 06:45:00,HO-Chennai,0.0,100.0,0.0,1.0,0.0,0.0,1,0,0,0,0,1
2026-07-18 06:45:00,ZO-Bengaluru,0.0,100.0,0.0,1.0,0.0,0.0,1,0,0,0,0,1
2026-07-18 06:45:00,BR-Koramangala,0.0,100.0,0.0,1.0,0.0,0.0,1,0,0,0,0,1
2026-07-18 06:45:00,BR-Whitefield,0.0,100.0,0.0,1.0,0.0,0.0,1,0,0,0,0,1
2026-07-18 06:46:00,HO-Chennai,0.0,100.0,0.0,1.0,0.0,0.0,1,0,0,0,0,1
2026-07-18 06:46:00,ZO-Bengaluru,0.0,100.0,0.0,1.0,0.0,0.0,1,0,0,0,0,1
2026-07-18 06:46:00,BR-Koramangala,0.0,100.0,0.0,1.0,0.0,0.0,1,0,0,0,0,1
2026-07-18 06:46:00,BR-Whitefield,0.0,100.0,0.0,1.0,0.0,0.0,1,0,0,0,0,1
2026-07-18 06:47:00,HO-Chennai,0.0,100.0,0.0,1.0,0.0,0.0,1,0,0,0,0,1
2026-07-18 06:47:00,ZO-Bengaluru,0.0,100.0,0.0,1.0,0.0,0.0,1,0,0,0,0,1
2026-07-18 06:47:00,BR-Koramangala,0.0,100.0,0.0,1.0,0.0,0.0,1,0,0,0,0,1
2026-07-18 06:47:00,BR-Whitefield,0.0,100.0,0.0,1.0,0.0,0.0,1,0,0,0,0,1
2026-07-18 06:48:00,HO-Chennai,0.0,100.0,0.0,1.0,0.0,0.0,1,0,0,0,0,1
2026-07-18 06:48:00,ZO-Bengaluru,0.0,100.0,0.0,1.0,0.0,0.0,1,0,0,0,0,1
2026-07-18 06:48:00,BR-Koramangala,0.0,100.0,0.0,1.0,0.0,0.0,1,0,0,0,0,1
2026-07-18 06:48:00,BR-Whitefield,0.0,100.0,0.0,1.0,0.0,0.0,1,0,0,0,0,1
2026-07-18 06:49:00,HO-Chennai,0.0,100.0,0.0,1.0,0.0,0.0,1,0,0,0,0,1
2026-07-18 06:49:00,ZO-Bengaluru,0.0,100.0,0.0,1.0,0.0,0.0,1,0,0,0,0,1
2026-07-18 06:49:00,BR-Koramangala,0.0,100.0,0.0,1.0,0.0,0.0,1,0,0,0,0,1
2026-07-18 06:49:00,BR-Whitefield,0.0,100.0,0.0,1.0,0.0,0.0,1,0,0,0,0,1
2026-07-18 06:50:00,HO-Chennai,0.0,100.0,0.0,1.0,0.0,0.0,1,0,0,0,0,1
2026-07-18 06:50:00,ZO-Bengaluru,0.0,100.0,0.0,1.0,0.0,0.0,1,0,0,0,0,1
2026-07-18 06:50:00,BR-Koramangala,0.0,100.0,0.0,1.0,0.0,0.0,1,0,0,0,0,1
2026-07-18 06:50:00,BR-Whitefield,0.0,100.0,0.0,1.0,0.0,0.0,1,0,0,0,0,1
2026-07-18 06:51:00,HO-Chennai,0.0,100.0,0.0,1.0,0.0,0.0,1,0,0,0,0,1
2026-07-18 06:51:00,ZO-Bengaluru,0.0,100.0,0.0,1.0,0.0,0.0,1,0,0,0,0,1
2026-07-18 06:51:00,BR-Koramangala,0.0,100.0,0.0,1.0,0.0,0.0,1,0,0,0,0,1
2026-07-18 06:51:00,BR-Whitefield,0.0,100.0,0.0,1.0,0.0,0.0,1,0,0,0,0,1
2026-07-18 06:52:00,HO-Chennai,0.0,100.0,0.0,1.0,0.0,0.0,1,0,0,0,0,1
2026-07-18 06:52:00,ZO-Bengaluru,0.0,100.0,0.0,1.0,0.0,0.0,1,0,0,0,0,1
2026-07-18 06:52:00,BR-Koramangala,0.0,100.0,0.0,1.0,0.0,0.0,1,0,0,0,0,1
2026-07-18 06:52:00,BR-Whitefield,0.0,100.0,0.0,1.0,0.0,0.0,1,0,0,0,0,1
2026-07-18 06:53:00,HO-Chennai,0.0,100.0,0.0,1.0,0.0,0.0,1,0,0,0,0,1
2026-07-18 06:53:00,ZO-Bengaluru,0.0,100.0,0.0,1.0,0.0,0.0,1,0,0,0,0,1
2026-07-18 06:53:00,BR-Koramangala,0.0,100.0,0.0,1.0,0.0,0.0,1,0,0,0,0,1
2026-07-18 06:53:00,BR-Whitefield,0.0,100.0,0.0,1.0,0.0,0.0,1,0,0,0,0,1
2026-07-18 06:54:00,HO-Chennai,0.0,100.0,0.0,1.0,0.0,0.0,1,0,0,0,0,1
2026-07-18 06:54:00,ZO-Bengaluru,0.0,100.0,0.0,1.0,0.0,0.0,1,0,0,0,0,1
2026-07-18 06:54:00,BR-Koramangala,0.0,100.0,0.0,1.0,0.0,0.0,1,0,0,0,0,1
2026-07-18 06:54:00,BR-Whitefield,0.0,100.0,0.0,1.0,0.0,0.0,1,0,0,0,0,1
2026-07-18 06:55:00,HO-Chennai,0.0,100.0,0.0,1.0,0.0,0.0,1,0,0,0,0,1
2026-07-18 06:55:00,ZO-Bengaluru,0.0,100.0,0.0,1.0,0.0,0.0,1,0,0,0,0,1
2026-07-18 06:55:00,BR-Koramangala,0.0,100.0,0.0,1.0,0.0,0.0,1,0,0,0,0,1
2026-07-18 06:55:00,BR-Whitefield,0.0,100.0,0.0,1.0,0.0,0.0,1,0,0,0,0,1
2026-07-18 06:56:00,HO-Chennai,0.0,100.0,0.0,1.0,0.0,0.0,1,0,0,0,0,1
2026-07-18 06:56:00,ZO-Bengaluru,0.0,100.0,0.0,1.0,0.0,0.0,1,0,0,0,0,1
2026-07-18 06:56:00,BR-Koramangala,0.0,100.0,0.0,1.0,0.0,0.0,1,0,0,0,0,1
2026-07-18 06:56:00,BR-Whitefield,0.0,100.0,0.0,1.0,0.0,0.0,1,0,0,0,0,1
2026-07-18 06:57:00,HO-Chennai,0.0,100.0,0.0,1.0,0.0,0.0,1,0,0,0,0,1
2026-07-18 06:57:00,ZO-Bengaluru,0.0,100.0,0.0,1.0,0.0,0.0,1,0,0,0,0,1
2026-07-18 06:57:00,BR-Koramangala,0.0,100.0,0.0,1.0,0.0,0.0,1,0,0,0,0,1
2026-07-18 06:57:00,BR-Whitefield,0.0,100.0,0.0,1.0,0.0,0.0,1,0,0,0,0,1
2026-07-18 06:58:00,HO-Chennai,0.0,100.0,0.0,1.0,0.0,0.0,1,0,0,0,0,1
2026-07-18 06:58:00,ZO-Bengaluru,0.0,100.0,0.0,1.0,0.0,0.0,1,0,0,0,0,1
2026-07-18 06:58:00,BR-Koramangala,0.0,100.0,0.0,1.0,0.0,0.0,1,0,0,0,0,1
2026-07-18 06:58:00,BR-Whitefield,0.0,100.0,0.0,1.0,0.0,0.0,1,0,0,0,0,1
2026-07-18 06:59:00,HO-Chennai,0.0,100.0,0.0,1.0,0.0,0.0,1,0,0,0,0,1
2026-07-18 06:59:00,ZO-Bengaluru,0.0,100.0,0.0,1.0,0.0,0.0,1,0,0,0,0,1
2026-07-18 06:59:00,BR-Koramangala,0.0,100.0,0.0,1.0,0.0,0.0,1,0,0,0,0,1
2026-07-18 06:59:00,BR-Whitefield,0.0,100.0,0.0,1.0,0.0,0.0,1,0,0,0,0,1
2026-07-18 07:00:00,HO-Chennai,0.0,100.0,0.0,1.0,0.0,0.0,1,0,0,0,0,1
2026-07-18 07:00:00,ZO-Bengaluru,0.0,100.0,0.0,1.0,0.0,0.0,1,0,0,0,0,1
2026-07-18 07:00:00,BR-Koramangala,0.0,100.0,0.0,1.0,0.0,0.0,1,0,0,0,0,1
2026-07-18 07:00:00,BR-Whitefield,0.0,100.0,0.0,1.0,0.0,0.0,1,0,0,0,0,1
2026-07-18 07:01:00,HO-Chennai,0.0,100.0,0.0,1.0,0.0,0.0,1,0,0,0,0,1
2026-07-18 07:01:00,ZO-Bengaluru,0.0,100.0,0.0,1.0,0.0,0.0,1,0,0,0,0,1
2026-07-18 07:01:00,BR-Koramangala,0.0,100.0,0.0,1.0,0.0,0.0,1,0,0,0,0,1
2026-07-18 07:01:00,BR-Whitefield,0.0,100.0,0.0,1.0,0.0,0.0,1,0,0,0,0,1
2026-07-18 07:02:00,HO-Chennai,0.0,100.0,0.0,1.0,0.0,0.0,1,0,0,0,0,1
2026-07-18 07:02:00,ZO-Bengaluru,0.0,100.0,0.0,1.0,0.0,0.0,1,0,0,0,0,1
2026-07-18 07:02:00,BR-Koramangala,0.0,100.0,0.0,1.0,0.0,0.0,1,0,0,0,0,1
2026-07-18 07:02:00,BR-Whitefield,0.0,100.0,0.0,1.0,0.0,0.0,1,0,0,0,0,1
2026-07-18 07:03:00,HO-Chennai,0.0,100.0,0.0,1.0,0.0,0.0,1,0,0,0,0,1
2026-07-18 07:03:00,ZO-Bengaluru,0.0,100.0,0.0,1.0,0.0,0.0,1,0,0,0,0,1
2026-07-18 07:03:00,BR-Koramangala,0.0,100.0,0.0,1.0,0.0,0.0,1,0,0,0,0,1
2026-07-18 07:03:00,BR-Whitefield,0.0,100.0,0.0,1.0,0.0,0.0,1,0,0,0,0,1
2026-07-18 07:04:00,HO-Chennai,0.0,100.0,0.0,1.0,0.0,0.0,1,0,0,0,0,1
2026-07-18 07:04:00,ZO-Bengaluru,0.0,100.0,0.0,1.0,0.0,0.0,1,0,0,0,0,1
2026-07-18 07:04:00,BR-Koramangala,0.0,100.0,0.0,1.0,0.0,0.0,1,0,0,0,0,1
2026-07-18 07:04:00,BR-Whitefield,0.0,100.0,0.0,1.0,0.0,0.0,1,0,0,0,0,1
2026-07-18 07:05:00,HO-Chennai,0.0,100.0,0.0,1.0,0.0,0.0,1,0,0,0,0,1
2026-07-18 07:05:00,ZO-Bengaluru,0.0,100.0,0.0,1.0,0.0,0.0,1,0,0,0,0,1
2026-07-18 07:05:00,BR-Koramangala,0.0,100.0,0.0,1.0,0.0,0.0,1,0,0,0,0,1
2026-07-18 07:05:00,BR-Whitefield,0.0,100.0,0.0,1.0,0.0,0.0,1,0,0,0,0,1
2026-07-18 07:06:00,HO-Chennai,0.0,100.0,0.0,1.0,0.0,0.0,1,0,0,0,0,1
2026-07-18 07:06:00,ZO-Bengaluru,0.0,100.0,0.0,1.0,0.0,0.0,1,0,0,0,0,1
2026-07-18 07:06:00,BR-Koramangala,0.0,100.0,0.0,1.0,0.0,0.0,1,0,0,0,0,1
2026-07-18 07:06:00,BR-Whitefield,0.0,100.0,0.0,1.0,0.0,0.0,1,0,0,0,0,1
2026-07-18 07:07:00,HO-Chennai,0.0,100.0,0.0,1.0,0.0,0.0,1,0,0,0,0,1
2026-07-18 07:07:00,ZO-Bengaluru,0.0,100.0,0.0,1.0,0.0,0.0,1,0,0,0,0,1
2026-07-18 07:07:00,BR-Koramangala,0.0,100.0,0.0,1.0,0.0,0.0,1,0,0,0,0,1
2026-07-18 07:07:00,BR-Whitefield,0.0,100.0,0.0,1.0,0.0,0.0,1,0,0,0,0,1
2026-07-18 07:08:00,HO-Chennai,0.0,100.0,0.0,1.0,0.0,0.0,1,0,0,0,0,1
2026-07-18 07:08:00,ZO-Bengaluru,0.0,100.0,0.0,1.0,0.0,0.0,1,0,0,0,0,1
2026-07-18 07:08:00,BR-Koramangala,0.0,100.0,0.0,1.0,0.0,0.0,1,0,0,0,0,1
2026-07-18 07:08:00,BR-Whitefield,0.0,100.0,0.0,1.0,0.0,0.0,1,0,0,0,0,1
2026-07-18 07:09:00,HO-Chennai,0.0,100.0,0.0,1.0,0.0,0.0,1,0,0,0,0,1
2026-07-18 07:09:00,ZO-Bengaluru,0.0,100.0,0.0,1.0,0.0,0.0,1,0,0,0,0,1
2026-07-18 07:09:00,BR-Koramangala,0.0,100.0,0.0,1.0,0.0,0.0,1,0,0,0,0,1
2026-07-18 07:09:00,BR-Whitefield,0.0,100.0,0.0,1.0,0.0,0.0,1,0,0,0,0,1
2026-07-18 07:10:00,HO-Chennai,0.0,100.0,0.0,1.0,0.0,0.0,1,0,0,0,0,1
2026-07-18 07:10:00,ZO-Bengaluru,0.0,100.0,0.0,1.0,0.0,0.0,1,0,0,0,0,1
2026-07-18 07:10:00,BR-Koramangala,0.0,100.0,0.0,1.0,0.0,0.0,1,0,0,0,0,1
2026-07-18 07:10:00,BR-Whitefield,0.0,100.0,0.0,1.0,0.0,0.0,1,0,0,0,0,1
2026-07-18 07:11:00,HO-Chennai,0.0,100.0,0.0,1.0,0.0,0.0,1,0,0,0,0,1
2026-07-18 07:11:00,ZO-Bengaluru,0.0,100.0,0.0,1.0,0.0,0.0,1,0,0,0,0,1
2026-07-18 07:11:00,BR-Koramangala,0.0,100.0,0.0,1.0,0.0,0.0,1,0,0,0,0,1
2026-07-18 07:11:00,BR-Whitefield,0.0,100.0,0.0,1.0,0.0,0.0,1,0,0,0,0,1
2026-07-18 07:12:00,HO-Chennai,0.0,100.0,0.0,1.0,0.0,0.0,1,0,0,0,0,1
2026-07-18 07:12:00,ZO-Bengaluru,0.0,100.0,0.0,1.0,0.0,0.0,1,0,0,0,0,1
2026-07-18 07:12:00,BR-Koramangala,0.0,100.0,0.0,1.0,0.0,0.0,1,0,0,0,0,1
2026-07-18 07:12:00,BR-Whitefield,0.0,100.0,0.0,1.0,0.0,0.0,1,0,0,0,0,1
2026-07-18 07:13:00,HO-Chennai,0.0,100.0,0.0,1.0,0.0,0.0,1,0,0,0,0,1
2026-07-18 07:13:00,ZO-Bengaluru,0.0,100.0,0.0,1.0,0.0,0.0,1,0,0,0,0,1
2026-07-18 07:13:00,BR-Koramangala,0.0,100.0,0.0,1.0,0.0,0.0,1,0,0,0,0,1
2026-07-18 07:13:00,BR-Whitefield,0.0,100.0,0.0,1.0,0.0,0.0,1,0,0,0,0,1
2026-07-18 07:14:00,HO-Chennai,0.0,100.0,0.0,1.0,0.0,0.0,1,0,0,0,0,1
2026-07-18 07:14:00,ZO-Bengaluru,0.0,100.0,0.0,1.0,0.0,0.0,1,0,0,0,0,1
2026-07-18 07:14:00,BR-Koramangala,0.0,100.0,0.0,1.0,0.0,0.0,1,0,0,0,0,1
2026-07-18 07:14:00,BR-Whitefield,0.0,100.0,0.0,1.0,0.0,0.0,1,0,0,0,0,1
2026-07-18 07:15:00,HO-Chennai,0.0,100.0,0.0,1.0,0.0,0.0,1,0,0,0,0,1
2026-07-18 07:15:00,ZO-Bengaluru,0.0,100.0,0.0,1.0,0.0,0.0,1,0,0,0,0,1
2026-07-18 07:15:00,BR-Koramangala,0.0,100.0,0.0,1.0,0.0,0.0,1,0,0,0,0,1
2026-07-18 07:15:00,BR-Whitefield,0.0,100.0,0.0,1.0,0.0,0.0,1,0,0,0,0,1
2026-07-18 07:16:00,HO-Chennai,0.0,100.0,0.0,1.0,0.0,0.0,1,0,0,0,0,1
2026-07-18 07:16:00,ZO-Bengaluru,0.0,100.0,0.0,1.0,0.0,0.0,1,0,0,0,0,1
2026-07-18 07:16:00,BR-Koramangala,0.0,100.0,0.0,1.0,0.0,0.0,1,0,0,0,0,1
2026-07-18 07:16:00,BR-Whitefield,0.0,100.0,0.0,1.0,0.0,0.0,1,0,0,0,0,1
2026-07-18 07:17:00,HO-Chennai,0.0,100.0,0.0,1.0,0.0,0.0,1,0,0,0,0,1
2026-07-18 07:17:00,ZO-Bengaluru,0.0,100.0,0.0,1.0,0.0,0.0,1,0,0,0,0,1
2026-07-18 07:17:00,BR-Koramangala,0.0,100.0,0.0,1.0,0.0,0.0,1,0,0,0,0,1
2026-07-18 07:17:00,BR-Whitefield,0.0,100.0,0.0,1.0,0.0,0.0,1,0,0,0,0,1
2026-07-18 07:18:00,HO-Chennai,0.0,100.0,0.0,1.0,0.0,0.0,1,0,0,0,0,1
2026-07-18 07:18:00,ZO-Bengaluru,0.0,100.0,0.0,1.0,0.0,0.0,1,0,0,0,0,1
2026-07-18 07:18:00,BR-Koramangala,0.0,100.0,0.0,1.0,0.0,0.0,1,0,0,0,0,1
2026-07-18 07:18:00,BR-Whitefield,0.0,100.0,0.0,1.0,0.0,0.0,1,0,0,0,0,1
2026-07-18 07:19:00,HO-Chennai,0.0,100.0,0.0,1.0,0.0,0.0,1,0,0,0,0,1
2026-07-18 07:19:00,ZO-Bengaluru,0.0,100.0,0.0,1.0,0.0,0.0,1,0,0,0,0,1
2026-07-18 07:19:00,BR-Koramangala,0.0,100.0,0.0,1.0,0.0,0.0,1,0,0,0,0,1
2026-07-18 07:19:00,BR-Whitefield,0.0,100.0,0.0,1.0,0.0,0.0,1,0,0,0,0,1
2026-07-18 07:20:00,HO-Chennai,0.0,100.0,0.0,1.0,0.0,0.0,1,0,0,0,0,1
2026-07-18 07:20:00,ZO-Bengaluru,0.0,100.0,0.0,1.0,0.0,0.0,1,0,0,0,0,1
2026-07-18 07:20:00,BR-Koramangala,0.0,100.0,0.0,1.0,0.0,0.0,1,0,0,0,0,1
2026-07-18 07:20:00,BR-Whitefield,0.0,100.0,0.0,1.0,0.0,0.0,1,0,0,0,0,1
2026-07-18 07:21:00,HO-Chennai,0.0,100.0,0.0,1.0,0.0,0.0,1,0,0,0,0,1
2026-07-18 07:21:00,ZO-Bengaluru,0.0,100.0,0.0,1.0,0.0,0.0,1,0,0,0,0,1
2026-07-18 07:21:00,BR-Koramangala,0.0,100.0,0.0,1.0,0.0,0.0,1,0,0,0,0,1
2026-07-18 07:21:00,BR-Whitefield,0.0,100.0,0.0,1.0,0.0,0.0,1,0,0,0,0,1
2026-07-18 07:22:00,HO-Chennai,0.0,100.0,0.0,1.0,0.0,0.0,1,0,0,0,0,1
2026-07-18 07:22:00,ZO-Bengaluru,0.0,100.0,0.0,1.0,0.0,0.0,1,0,0,0,0,1
2026-07-18 07:22:00,BR-Koramangala,0.0,100.0,0.0,1.0,0.0,0.0,1,0,0,0,0,1
2026-07-18 07:22:00,BR-Whitefield,0.0,100.0,0.0,1.0,0.0,0.0,1,0,0,0,0,1
2026-07-18 07:23:00,HO-Chennai,0.0,100.0,0.0,1.0,0.0,0.0,1,0,0,0,0,1
2026-07-18 07:23:00,ZO-Bengaluru,0.0,100.0,0.0,1.0,0.0,0.0,1,0,0,0,0,1
2026-07-18 07:23:00,BR-Koramangala,0.0,100.0,0.0,1.0,0.0,0.0,1,0,0,0,0,1
2026-07-18 07:23:00,BR-Whitefield,0.0,100.0,0.0,1.0,0.0,0.0,1,0,0,0,0,1
2026-07-18 07:24:00,HO-Chennai,0.0,100.0,0.0,1.0,0.0,0.0,1,0,0,0,0,1
2026-07-18 07:24:00,ZO-Bengaluru,0.0,100.0,0.0,1.0,0.0,0.0,1,0,0,0,0,1
2026-07-18 07:24:00,BR-Koramangala,0.0,100.0,0.0,1.0,0.0,0.0,1,0,0,0,0,1
2026-07-18 07:24:00,BR-Whitefield,0.0,100.0,0.0,1.0,0.0,0.0,1,0,0,0,0,1
2026-07-18 07:25:00,HO-Chennai,0.0,100.0,0.0,1.0,0.0,0.0,1,0,0,0,0,1
2026-07-18 07:25:00,ZO-Bengaluru,0.0,100.0,0.0,1.0,0.0,0.0,1,0,0,0,0,1
2026-07-18 07:25:00,BR-Koramangala,0.0,100.0,0.0,1.0,0.0,0.0,1,0,0,0,0,1
2026-07-18 07:25:00,BR-Whitefield,0.0,100.0,0.0,1.0,0.0,0.0,1,0,0,0,0,1
2026-07-18 07:26:00,HO-Chennai,0.0,100.0,0.0,1.0,0.0,0.0,1,0,0,0,0,1
2026-07-18 07:26:00,ZO-Bengaluru,0.0,100.0,0.0,1.0,0.0,0.0,1,0,0,0,0,1
2026-07-18 07:26:00,BR-Koramangala,0.0,100.0,0.0,1.0,0.0,0.0,1,0,0,0,0,1
2026-07-18 07:26:00,BR-Whitefield,0.0,100.0,0.0,1.0,0.0,0.0,1,0,0,0,0,1
2026-07-18 07:27:00,HO-Chennai,0.0,100.0,0.0,1.0,0.0,0.0,1,0,0,0,0,1
2026-07-18 07:27:00,ZO-Bengaluru,0.0,100.0,0.0,1.0,0.0,0.0,1,0,0,0,0,1
2026-07-18 07:27:00,BR-Koramangala,0.0,100.0,0.0,1.0,0.0,0.0,1,0,0,0,0,1
2026-07-18 07:27:00,BR-Whitefield,0.0,100.0,0.0,1.0,0.0,0.0,1,0,0,0,0,1
2026-07-18 07:28:00,HO-Chennai,0.0,100.0,0.0,1.0,0.0,0.0,1,0,0,0,0,1
2026-07-18 07:28:00,ZO-Bengaluru,0.0,100.0,0.0,1.0,0.0,0.0,1,0,0,0,0,1
2026-07-18 07:28:00,BR-Koramangala,0.0,100.0,0.0,1.0,0.0,0.0,1,0,0,0,0,1
2026-07-18 07:28:00,BR-Whitefield,0.0,100.0,0.0,1.0,0.0,0.0,1,0,0,0,0,1
2026-07-18 07:29:00,HO-Chennai,0.0,100.0,0.0,1.0,0.0,0.0,1,0,0,0,0,1
2026-07-18 07:29:00,ZO-Bengaluru,0.0,100.0,0.0,1.0,0.0,0.0,1,0,0,0,0,1
2026-07-18 07:29:00,BR-Koramangala,0.0,100.0,0.0,1.0,0.0,0.0,1,0,0,0,0,1
2026-07-18 07:29:00,BR-Whitefield,0.0,100.0,0.0,1.0,0.0,0.0,1,0,0,0,0,1
2026-07-18 07:30:00,HO-Chennai,0.0,100.0,0.0,1.0,0.0,0.0,1,0,0,0,0,1
2026-07-18 07:30:00,ZO-Bengaluru,0.0,100.0,0.0,1.0,0.0,0.0,1,0,0,0,0,1
2026-07-18 07:30:00,BR-Koramangala,0.0,100.0,0.0,1.0,0.0,0.0,1,0,0,0,0,1
2026-07-18 07:30:00,BR-Whitefield,0.0,100.0,0.0,1.0,0.0,0.0,1,0,0,0,0,1
2026-07-18 07:31:00,HO-Chennai,0.0,100.0,0.0,1.0,0.0,0.0,1,0,0,0,0,1
2026-07-18 07:31:00,ZO-Bengaluru,0.0,100.0,0.0,1.0,0.0,0.0,1,0,0,0,0,1
2026-07-18 07:31:00,BR-Koramangala,0.0,100.0,0.0,1.0,0.0,0.0,1,0,0,0,0,1
2026-07-18 07:31:00,BR-Whitefield,0.0,100.0,0.0,1.0,0.0,0.0,1,0,0,0,0,1
2026-07-18 07:32:00,HO-Chennai,0.0,100.0,0.0,1.0,0.0,0.0,1,0,0,0,0,1
2026-07-18 07:32:00,ZO-Bengaluru,0.0,100.0,0.0,1.0,0.0,0.0,1,0,0,0,0,1
2026-07-18 07:32:00,BR-Koramangala,0.0,100.0,0.0,1.0,0.0,0.0,1,0,0,0,0,1
2026-07-18 07:32:00,BR-Whitefield,0.0,100.0,0.0,1.0,0.0,0.0,1,0,0,0,0,1
2026-07-18 07:33:00,HO-Chennai,0.0,100.0,0.0,1.0,0.0,0.0,1,0,0,0,0,1
2026-07-18 07:33:00,ZO-Bengaluru,0.0,100.0,0.0,1.0,0.0,0.0,1,0,0,0,0,1
2026-07-18 07:33:00,BR-Koramangala,0.0,100.0,0.0,1.0,0.0,0.0,1,0,0,0,0,1
2026-07-18 07:33:00,BR-Whitefield,0.0,100.0,0.0,1.0,0.0,0.0,1,0,0,0,0,1
2026-07-18 07:34:00,HO-Chennai,0.0,100.0,0.0,1.0,0.0,0.0,1,0,0,0,0,1
2026-07-18 07:34:00,ZO-Bengaluru,0.0,100.0,0.0,1.0,0.0,0.0,1,0,0,0,0,1
2026-07-18 07:34:00,BR-Koramangala,0.0,100.0,0.0,1.0,0.0,0.0,1,0,0,0,0,1
2026-07-18 07:34:00,BR-Whitefield,0.0,100.0,0.0,1.0,0.0,0.0,1,0,0,0,0,1
2026-07-18 07:35:00,HO-Chennai,0.0,100.0,0.0,1.0,0.0,0.0,1,0,0,0,0,1
2026-07-18 07:35:00,ZO-Bengaluru,0.0,100.0,0.0,1.0,0.0,0.0,1,0,0,0,0,1
2026-07-18 07:35:00,BR-Koramangala,0.0,100.0,0.0,1.0,0.0,0.0,1,0,0,0,0,1
2026-07-18 07:35:00,BR-Whitefield,0.0,100.0,0.0,1.0,0.0,0.0,1,0,0,0,0,1
2026-07-18 07:36:00,HO-Chennai,0.0,100.0,0.0,1.0,0.0,0.0,1,0,0,0,0,1
2026-07-18 07:36:00,ZO-Bengaluru,0.0,100.0,0.0,1.0,0.0,0.0,1,0,0,0,0,1
2026-07-18 07:36:00,BR-Koramangala,0.0,100.0,0.0,1.0,0.0,0.0,1,0,0,0,0,1
2026-07-18 07:36:00,BR-Whitefield,0.0,100.0,0.0,1.0,0.0,0.0,1,0,0,0,0,1
2026-07-18 07:37:00,HO-Chennai,0.0,100.0,0.0,1.0,0.0,0.0,1,0,0,0,0,1
2026-07-18 07:37:00,ZO-Bengaluru,0.0,100.0,0.0,1.0,0.0,0.0,1,0,0,0,0,1
2026-07-18 07:37:00,BR-Koramangala,0.0,100.0,0.0,1.0,0.0,0.0,1,0,0,0,0,1
2026-07-18 07:37:00,BR-Whitefield,0.0,100.0,0.0,1.0,0.0,0.0,1,0,0,0,0,1
2026-07-18 07:38:00,HO-Chennai,0.0,100.0,0.0,1.0,0.0,0.0,1,0,0,0,0,1
2026-07-18 07:38:00,ZO-Bengaluru,0.0,100.0,0.0,1.0,0.0,0.0,1,0,0,0,0,1
2026-07-18 07:38:00,BR-Koramangala,0.0,100.0,0.0,1.0,0.0,0.0,1,0,0,0,0,1
2026-07-18 07:38:00,BR-Whitefield,0.0,100.0,0.0,1.0,0.0,0.0,1,0,0,0,0,1
2026-07-18 07:39:00,HO-Chennai,0.0,100.0,0.0,1.0,0.0,0.0,1,0,0,0,0,1
2026-07-18 07:39:00,ZO-Bengaluru,0.0,100.0,0.0,1.0,0.0,0.0,1,0,0,0,0,1
2026-07-18 07:39:00,BR-Koramangala,0.0,100.0,0.0,1.0,0.0,0.0,1,0,0,0,0,1
2026-07-18 07:39:00,BR-Whitefield,0.0,100.0,0.0,1.0,0.0,0.0,1,0,0,0,0,1
2026-07-18 07:40:00,HO-Chennai,0.0,100.0,0.0,1.0,0.0,0.0,1,0,0,0,0,1
2026-07-18 07:40:00,ZO-Bengaluru,0.0,100.0,0.0,1.0,0.0,0.0,1,0,0,0,0,1
2026-07-18 07:40:00,BR-Koramangala,0.0,100.0,0.0,1.0,0.0,0.0,1,0,0,0,0,1
2026-07-18 07:40:00,BR-Whitefield,0.0,100.0,0.0,1.0,0.0,0.0,1,0,0,0,0,1
2026-07-18 07:41:00,HO-Chennai,0.0,100.0,0.0,1.0,0.0,0.0,1,0,0,0,0,1
2026-07-18 07:41:00,ZO-Bengaluru,0.0,100.0,0.0,1.0,0.0,0.0,1,0,0,0,0,1
2026-07-18 07:41:00,BR-Koramangala,0.0,100.0,0.0,1.0,0.0,0.0,1,0,0,0,0,1
2026-07-18 07:41:00,BR-Whitefield,0.0,100.0,0.0,1.0,0.0,0.0,1,0,0,0,0,1
2026-07-18 07:42:00,HO-Chennai,0.0,100.0,0.0,1.0,0.0,0.0,1,0,0,0,0,1
2026-07-18 07:42:00,ZO-Bengaluru,0.0,100.0,0.0,1.0,0.0,0.0,1,0,0,0,0,1
2026-07-18 07:42:00,BR-Koramangala,0.0,100.0,0.0,1.0,0.0,0.0,1,0,0,0,0,1
2026-07-18 07:42:00,BR-Whitefield,0.0,100.0,0.0,1.0,0.0,0.0,1,0,0,0,0,1
2026-07-18 07:43:00,HO-Chennai,0.0,100.0,0.0,1.0,0.0,0.0,1,0,0,0,0,1
2026-07-18 07:43:00,ZO-Bengaluru,0.0,100.0,0.0,1.0,0.0,0.0,1,0,0,0,0,1
2026-07-18 07:43:00,BR-Koramangala,0.0,100.0,0.0,1.0,0.0,0.0,1,0,0,0,0,1
2026-07-18 07:43:00,BR-Whitefield,0.0,100.0,0.0,1.0,0.0,0.0,1,0,0,0,0,1
2026-07-18 07:44:00,HO-Chennai,0.0,100.0,0.0,1.0,0.0,0.0,1,0,0,0,0,1
2026-07-18 07:44:00,ZO-Bengaluru,0.0,100.0,0.0,1.0,0.0,0.0,1,0,0,0,0,1
2026-07-18 07:44:00,BR-Koramangala,0.0,100.0,0.0,1.0,0.0,0.0,1,0,0,0,0,1
2026-07-18 07:44:00,BR-Whitefield,0.0,100.0,0.0,1.0,0.0,0.0,1,0,0,0,0,1
2026-07-18 07:45:00,HO-Chennai,0.0,100.0,0.0,1.0,0.0,0.0,1,0,0,0,0,1
2026-07-18 07:45:00,ZO-Bengaluru,0.0,100.0,0.0,1.0,0.0,0.0,1,0,0,0,0,1
2026-07-18 07:45:00,BR-Koramangala,0.0,100.0,0.0,1.0,0.0,0.0,1,0,0,0,0,1
2026-07-18 07:45:00,BR-Whitefield,0.0,100.0,0.0,1.0,0.0,0.0,1,0,0,0,0,1
2026-07-18 07:46:00,HO-Chennai,0.0,100.0,0.0,1.0,0.0,0.0,1,0,0,0,0,1
2026-07-18 07:46:00,ZO-Bengaluru,0.0,100.0,0.0,1.0,0.0,0.0,1,0,0,0,0,1
2026-07-18 07:46:00,BR-Koramangala,0.0,100.0,0.0,1.0,0.0,0.0,1,0,0,0,0,1
2026-07-18 07:46:00,BR-Whitefield,0.0,100.0,0.0,1.0,0.0,0.0,1,0,0,0,0,1
2026-07-18 07:47:00,HO-Chennai,0.0,100.0,0.0,1.0,0.0,0.0,1,0,0,0,0,1
2026-07-18 07:47:00,ZO-Bengaluru,0.0,100.0,0.0,1.0,0.0,0.0,1,0,0,0,0,1
2026-07-18 07:47:00,BR-Koramangala,0.0,100.0,0.0,1.0,0.0,0.0,1,0,0,0,0,1
2026-07-18 07:47:00,BR-Whitefield,0.0,100.0,0.0,1.0,0.0,0.0,1,0,0,0,0,1
2026-07-18 07:48:00,HO-Chennai,0.0,100.0,0.0,1.0,0.0,0.0,1,0,0,0,0,1
2026-07-18 07:48:00,ZO-Bengaluru,0.0,100.0,0.0,1.0,0.0,0.0,1,0,0,0,0,1
2026-07-18 07:48:00,BR-Koramangala,0.0,100.0,0.0,1.0,0.0,0.0,1,0,0,0,0,1
2026-07-18 07:48:00,BR-Whitefield,0.0,100.0,0.0,1.0,0.0,0.0,1,0,0,0,0,1
2026-07-18 07:49:00,HO-Chennai,0.0,100.0,0.0,1.0,0.0,0.0,1,0,0,0,0,1
2026-07-18 07:49:00,ZO-Bengaluru,0.0,100.0,0.0,1.0,0.0,0.0,1,0,0,0,0,1
2026-07-18 07:49:00,BR-Koramangala,0.0,100.0,0.0,1.0,0.0,0.0,1,0,0,0,0,1
2026-07-18 07:49:00,BR-Whitefield,0.0,100.0,0.0,1.0,0.0,0.0,1,0,0,0,0,1
2026-07-18 07:50:00,HO-Chennai,0.0,100.0,0.0,1.0,0.0,0.0,1,0,0,0,0,1
2026-07-18 07:50:00,ZO-Bengaluru,0.0,100.0,0.0,1.0,0.0,0.0,1,0,0,0,0,1
2026-07-18 07:50:00,BR-Koramangala,0.0,100.0,0.0,1.0,0.0,0.0,1,0,0,0,0,1
2026-07-18 07:50:00,BR-Whitefield,0.0,100.0,0.0,1.0,0.0,0.0,1,0,0,0,0,1
2026-07-18 07:51:00,HO-Chennai,0.0,100.0,0.0,1.0,0.0,0.0,1,0,0,0,0,1
2026-07-18 07:51:00,ZO-Bengaluru,0.0,100.0,0.0,1.0,0.0,0.0,1,0,0,0,0,1
2026-07-18 07:51:00,BR-Koramangala,0.0,100.0,0.0,1.0,0.0,0.0,1,0,0,0,0,1
2026-07-18 07:51:00,BR-Whitefield,0.0,100.0,0.0,1.0,0.0,0.0,1,0,0,0,0,1
2026-07-18 07:52:00,HO-Chennai,0.0,100.0,0.0,1.0,0.0,0.0,1,0,0,0,0,1
2026-07-18 07:52:00,ZO-Bengaluru,0.0,100.0,0.0,1.0,0.0,0.0,1,0,0,0,0,1
2026-07-18 07:52:00,BR-Koramangala,0.0,100.0,0.0,1.0,0.0,0.0,1,0,0,0,0,1
2026-07-18 07:52:00,BR-Whitefield,0.0,100.0,0.0,1.0,0.0,0.0,1,0,0,0,0,1
2026-07-18 07:53:00,HO-Chennai,0.0,100.0,0.0,1.0,0.0,0.0,1,0,0,0,0,1
2026-07-18 07:53:00,ZO-Bengaluru,0.0,100.0,0.0,1.0,0.0,0.0,1,0,0,0,0,1
2026-07-18 07:53:00,BR-Koramangala,0.0,100.0,0.0,1.0,0.0,0.0,1,0,0,0,0,1
2026-07-18 07:53:00,BR-Whitefield,0.0,100.0,0.0,1.0,0.0,0.0,1,0,0,0,0,1
2026-07-18 07:54:00,HO-Chennai,0.0,100.0,0.0,1.0,0.0,0.0,1,0,0,0,0,1
2026-07-18 07:54:00,ZO-Bengaluru,0.0,100.0,0.0,1.0,0.0,0.0,1,0,0,0,0,1
2026-07-18 07:54:00,BR-Koramangala,0.0,100.0,0.0,1.0,0.0,0.0,1,0,0,0,0,1
2026-07-18 07:54:00,BR-Whitefield,0.0,100.0,0.0,1.0,0.0,0.0,1,0,0,0,0,1
2026-07-18 07:55:00,HO-Chennai,0.0,100.0,0.0,1.0,0.0,0.0,1,0,0,0,0,1
2026-07-18 07:55:00,ZO-Bengaluru,0.0,100.0,0.0,1.0,0.0,0.0,1,0,0,0,0,1
2026-07-18 07:55:00,BR-Koramangala,0.0,100.0,0.0,1.0,0.0,0.0,1,0,0,0,0,1
2026-07-18 07:55:00,BR-Whitefield,0.0,100.0,0.0,1.0,0.0,0.0,1,0,0,0,0,1
2026-07-18 07:56:00,HO-Chennai,0.0,100.0,0.0,1.0,0.0,0.0,1,0,0,0,0,1
2026-07-18 07:56:00,ZO-Bengaluru,0.0,100.0,0.0,1.0,0.0,0.0,1,0,0,0,0,1
2026-07-18 07:56:00,BR-Koramangala,0.0,100.0,0.0,1.0,0.0,0.0,1,0,0,0,0,1
2026-07-18 07:56:00,BR-Whitefield,0.0,100.0,0.0,1.0,0.0,0.0,1,0,0,0,0,1
2026-07-18 07:57:00,HO-Chennai,0.0,100.0,0.0,1.0,0.0,0.0,1,0,0,0,0,1
2026-07-18 07:57:00,ZO-Bengaluru,0.0,100.0,0.0,1.0,0.0,0.0,1,0,0,0,0,1
2026-07-18 07:57:00,BR-Koramangala,0.0,100.0,0.0,1.0,0.0,0.0,1,0,0,0,0,1
2026-07-18 07:57:00,BR-Whitefield,0.0,100.0,0.0,1.0,0.0,0.0,1,0,0,0,0,1
2026-07-18 07:58:00,HO-Chennai,0.0,100.0,0.0,1.0,0.0,0.0,1,0,0,0,0,1
2026-07-18 07:58:00,ZO-Bengaluru,0.0,100.0,0.0,1.0,0.0,0.0,1,0,0,0,0,1
2026-07-18 07:58:00,BR-Koramangala,0.0,100.0,0.0,1.0,0.0,0.0,1,0,0,0,0,1
2026-07-18 07:58:00,BR-Whitefield,0.0,100.0,0.0,1.0,0.0,0.0,1,0,0,0,0,1
2026-07-18 07:59:00,HO-Chennai,0.0,100.0,0.0,1.0,0.0,0.0,1,0,0,0,0,1
2026-07-18 07:59:00,ZO-Bengaluru,0.0,100.0,0.0,1.0,0.0,0.0,1,0,0,0,0,1
2026-07-18 07:59:00,BR-Koramangala,0.0,100.0,0.0,1.0,0.0,0.0,1,0,0,0,0,1
2026-07-18 07:59:00,BR-Whitefield,0.0,100.0,0.0,1.0,0.0,0.0,1,0,0,0,0,1
2026-07-18 08:00:00,HO-Chennai,0.0,100.0,0.0,1.0,0.0,0.0,1,0,0,0,0,1
2026-07-18 08:00:00,ZO-Bengaluru,0.0,100.0,0.0,1.0,0.0,0.0,1,0,0,0,0,1
2026-07-18 08:00:00,BR-Koramangala,0.0,100.0,0.0,1.0,0.0,0.0,1,0,0,0,0,1
2026-07-18 08:00:00,BR-Whitefield,0.0,100.0,0.0,1.0,0.0,0.0,1,0,0,0,0,1
2026-07-18 08:01:00,HO-Chennai,0.0,100.0,0.0,1.0,0.0,0.0,1,0,0,0,0,1
2026-07-18 08:01:00,ZO-Bengaluru,0.0,100.0,0.0,1.0,0.0,0.0,1,0,0,0,0,1
2026-07-18 08:01:00,BR-Koramangala,0.0,100.0,0.0,1.0,0.0,0.0,1,0,0,0,0,1
2026-07-18 08:01:00,BR-Whitefield,0.0,100.0,0.0,1.0,0.0,0.0,1,0,0,0,0,1
2026-07-18 08:02:00,HO-Chennai,0.0,100.0,0.0,1.0,0.0,0.0,1,0,0,0,0,1
2026-07-18 08:02:00,ZO-Bengaluru,0.0,100.0,0.0,1.0,0.0,0.0,1,0,0,0,0,1
2026-07-18 08:02:00,BR-Koramangala,0.0,100.0,0.0,1.0,0.0,0.0,1,0,0,0,0,1
2026-07-18 08:02:00,BR-Whitefield,0.0,100.0,0.0,1.0,0.0,0.0,1,0,0,0,0,1
2026-07-18 08:03:00,HO-Chennai,0.0,100.0,0.0,1.0,0.0,0.0,1,0,0,0,0,1
2026-07-18 08:03:00,ZO-Bengaluru,0.0,100.0,0.0,1.0,0.0,0.0,1,0,0,0,0,1
2026-07-18 08:03:00,BR-Koramangala,0.0,100.0,0.0,1.0,0.0,0.0,1,0,0,0,0,1
2026-07-18 08:03:00,BR-Whitefield,0.0,100.0,0.0,1.0,0.0,0.0,1,0,0,0,0,1
2026-07-18 08:04:00,HO-Chennai,0.0,100.0,0.0,1.0,0.0,0.0,1,0,0,0,0,1
2026-07-18 08:04:00,ZO-Bengaluru,0.0,100.0,0.0,1.0,0.0,0.0,1,0,0,0,0,1
2026-07-18 08:04:00,BR-Koramangala,0.0,100.0,0.0,1.0,0.0,0.0,1,0,0,0,0,1
2026-07-18 08:04:00,BR-Whitefield,0.0,100.0,0.0,1.0,0.0,0.0,1,0,0,0,0,1
2026-07-18 08:05:00,HO-Chennai,0.0,100.0,0.0,1.0,0.0,0.0,1,0,0,0,0,1
2026-07-18 08:05:00,ZO-Bengaluru,0.0,100.0,0.0,1.0,0.0,0.0,1,0,0,0,0,1
2026-07-18 08:05:00,BR-Koramangala,0.0,100.0,0.0,1.0,0.0,0.0,1,0,0,0,0,1
2026-07-18 08:05:00,BR-Whitefield,0.0,100.0,0.0,1.0,0.0,0.0,1,0,0,0,0,1
2026-07-18 08:06:00,HO-Chennai,0.0,100.0,0.0,1.0,0.0,0.0,1,0,0,0,0,1
2026-07-18 08:06:00,ZO-Bengaluru,0.0,100.0,0.0,1.0,0.0,0.0,1,0,0,0,0,1
2026-07-18 08:06:00,BR-Koramangala,0.0,100.0,0.0,1.0,0.0,0.0,1,0,0,0,0,1
2026-07-18 08:06:00,BR-Whitefield,0.0,100.0,0.0,1.0,0.0,0.0,1,0,0,0,0,1
2026-07-18 08:07:00,HO-Chennai,0.0,100.0,0.0,1.0,0.0,0.0,1,0,0,0,0,1
2026-07-18 08:07:00,ZO-Bengaluru,0.0,100.0,0.0,1.0,0.0,0.0,1,0,0,0,0,1
2026-07-18 08:07:00,BR-Koramangala,0.0,100.0,0.0,1.0,0.0,0.0,1,0,0,0,0,1
2026-07-18 08:07:00,BR-Whitefield,0.0,100.0,0.0,1.0,0.0,0.0,1,0,0,0,0,1
2026-07-18 08:08:00,HO-Chennai,0.0,100.0,0.0,1.0,0.0,0.0,1,0,0,0,0,1
2026-07-18 08:08:00,ZO-Bengaluru,0.0,100.0,0.0,1.0,0.0,0.0,1,0,0,0,0,1
2026-07-18 08:08:00,BR-Koramangala,0.0,100.0,0.0,1.0,0.0,0.0,1,0,0,0,0,1
2026-07-18 08:08:00,BR-Whitefield,0.0,100.0,0.0,1.0,0.0,0.0,1,0,0,0,0,1
2026-07-18 08:09:00,HO-Chennai,0.0,100.0,0.0,1.0,0.0,0.0,1,0,0,0,0,1
2026-07-18 08:09:00,ZO-Bengaluru,0.0,100.0,0.0,1.0,0.0,0.0,1,0,0,0,0,1
2026-07-18 08:09:00,BR-Koramangala,0.0,100.0,0.0,1.0,0.0,0.0,1,0,0,0,0,1
2026-07-18 08:09:00,BR-Whitefield,0.0,100.0,0.0,1.0,0.0,0.0,1,0,0,0,0,1
2026-07-18 08:10:00,HO-Chennai,0.0,100.0,0.0,1.0,0.0,0.0,1,0,0,0,0,1
2026-07-18 08:10:00,ZO-Bengaluru,0.0,100.0,0.0,1.0,0.0,0.0,1,0,0,0,0,1
2026-07-18 08:10:00,BR-Koramangala,0.0,100.0,0.0,1.0,0.0,0.0,1,0,0,0,0,1
2026-07-18 08:10:00,BR-Whitefield,0.0,100.0,0.0,1.0,0.0,0.0,1,0,0,0,0,1
2026-07-18 08:11:00,HO-Chennai,0.0,100.0,0.0,1.0,0.0,0.0,1,0,0,0,0,1
2026-07-18 08:11:00,ZO-Bengaluru,0.0,100.0,0.0,1.0,0.0,0.0,1,0,0,0,0,1
2026-07-18 08:11:00,BR-Koramangala,0.0,100.0,0.0,1.0,0.0,0.0,1,0,0,0,0,1
2026-07-18 08:11:00,BR-Whitefield,0.0,100.0,0.0,1.0,0.0,0.0,1,0,0,0,0,1
2026-07-18 08:12:00,HO-Chennai,0.0,100.0,0.0,1.0,0.0,0.0,1,0,0,0,0,1
2026-07-18 08:12:00,ZO-Bengaluru,0.0,100.0,0.0,1.0,0.0,0.0,1,0,0,0,0,1
2026-07-18 08:12:00,BR-Koramangala,0.0,100.0,0.0,1.0,0.0,0.0,1,0,0,0,0,1
2026-07-18 08:12:00,BR-Whitefield,0.0,100.0,0.0,1.0,0.0,0.0,1,0,0,0,0,1
2026-07-18 08:13:00,HO-Chennai,0.0,100.0,0.0,1.0,0.0,0.0,1,0,0,0,0,1
2026-07-18 08:13:00,ZO-Bengaluru,0.0,100.0,0.0,1.0,0.0,0.0,1,0,0,0,0,1
2026-07-18 08:13:00,BR-Koramangala,0.0,100.0,0.0,1.0,0.0,0.0,1,0,0,0,0,1
2026-07-18 08:13:00,BR-Whitefield,0.0,100.0,0.0,1.0,0.0,0.0,1,0,0,0,0,1
2026-07-18 08:14:00,HO-Chennai,0.0,100.0,0.0,1.0,0.0,0.0,1,0,0,0,0,1
2026-07-18 08:14:00,ZO-Bengaluru,0.0,100.0,0.0,1.0,0.0,0.0,1,0,0,0,0,1
2026-07-18 08:14:00,BR-Koramangala,0.0,100.0,0.0,1.0,0.0,0.0,1,0,0,0,0,1
2026-07-18 08:14:00,BR-Whitefield,0.0,100.0,0.0,1.0,0.0,0.0,1,0,0,0,0,1
2026-07-18 08:15:00,HO-Chennai,0.0,100.0,0.0,1.0,0.0,0.0,1,0,0,0,0,1
2026-07-18 08:15:00,ZO-Bengaluru,0.0,100.0,0.0,1.0,0.0,0.0,1,0,0,0,0,1
2026-07-18 08:15:00,BR-Koramangala,0.0,100.0,0.0,1.0,0.0,0.0,1,0,0,0,0,1
2026-07-18 08:15:00,BR-Whitefield,0.0,100.0,0.0,1.0,0.0,0.0,1,0,0,0,0,1
2026-07-18 08:16:00,HO-Chennai,0.0,100.0,0.0,1.0,0.0,0.0,1,0,0,0,0,1
2026-07-18 08:16:00,ZO-Bengaluru,0.0,100.0,0.0,1.0,0.0,0.0,1,0,0,0,0,1
2026-07-18 08:16:00,BR-Koramangala,0.0,100.0,0.0,1.0,0.0,0.0,1,0,0,0,0,1
2026-07-18 08:16:00,BR-Whitefield,0.0,100.0,0.0,1.0,0.0,0.0,1,0,0,0,0,1
2026-07-18 08:17:00,HO-Chennai,0.0,100.0,0.0,1.0,0.0,0.0,1,0,0,0,0,1
2026-07-18 08:17:00,ZO-Bengaluru,0.0,100.0,0.0,1.0,0.0,0.0,1,0,0,0,0,1
2026-07-18 08:17:00,BR-Koramangala,0.0,100.0,0.0,1.0,0.0,0.0,1,0,0,0,0,1
2026-07-18 08:17:00,BR-Whitefield,0.0,100.0,0.0,1.0,0.0,0.0,1,0,0,0,0,1
2026-07-18 08:18:00,HO-Chennai,0.0,100.0,0.0,1.0,0.0,0.0,1,0,0,0,0,1
2026-07-18 08:18:00,ZO-Bengaluru,0.0,100.0,0.0,1.0,0.0,0.0,1,0,0,0,0,1
2026-07-18 08:18:00,BR-Koramangala,0.0,100.0,0.0,1.0,0.0,0.0,1,0,0,0,0,1
2026-07-18 08:18:00,BR-Whitefield,0.0,100.0,0.0,1.0,0.0,0.0,1,0,0,0,0,1
2026-07-18 08:19:00,HO-Chennai,0.0,100.0,0.0,1.0,0.0,0.0,1,0,0,0,0,1
2026-07-18 08:19:00,ZO-Bengaluru,0.0,100.0,0.0,1.0,0.0,0.0,1,0,0,0,0,1
2026-07-18 08:19:00,BR-Koramangala,0.0,100.0,0.0,1.0,0.0,0.0,1,0,0,0,0,1
2026-07-18 08:19:00,BR-Whitefield,0.0,100.0,0.0,1.0,0.0,0.0,1,0,0,0,0,1
2026-07-18 08:20:00,HO-Chennai,0.0,100.0,0.0,1.0,0.0,0.0,1,0,0,0,0,1
2026-07-18 08:20:00,ZO-Bengaluru,0.0,100.0,0.0,1.0,0.0,0.0,1,0,0,0,0,1
2026-07-18 08:20:00,BR-Koramangala,0.0,100.0,0.0,1.0,0.0,0.0,1,0,0,0,0,1
2026-07-18 08:20:00,BR-Whitefield,0.0,100.0,0.0,1.0,0.0,0.0,1,0,0,0,0,1
2026-07-18 08:21:00,HO-Chennai,0.0,100.0,0.0,1.0,0.0,0.0,1,0,0,0,0,1
2026-07-18 08:21:00,ZO-Bengaluru,0.0,100.0,0.0,1.0,0.0,0.0,1,0,0,0,0,1
2026-07-18 08:21:00,BR-Koramangala,0.0,100.0,0.0,1.0,0.0,0.0,1,0,0,0,0,1
2026-07-18 08:21:00,BR-Whitefield,0.0,100.0,0.0,1.0,0.0,0.0,1,0,0,0,0,1
2026-07-18 08:22:00,HO-Chennai,0.0,100.0,0.0,1.0,0.0,0.0,1,0,0,0,0,1
2026-07-18 08:22:00,ZO-Bengaluru,0.0,100.0,0.0,1.0,0.0,0.0,1,0,0,0,0,1
2026-07-18 08:22:00,BR-Koramangala,0.0,100.0,0.0,1.0,0.0,0.0,1,0,0,0,0,1
2026-07-18 08:22:00,BR-Whitefield,0.0,100.0,0.0,1.0,0.0,0.0,1,0,0,0,0,1
2026-07-18 08:23:00,HO-Chennai,0.0,100.0,0.0,1.0,0.0,0.0,1,0,0,0,0,1
2026-07-18 08:23:00,ZO-Bengaluru,0.0,100.0,0.0,1.0,0.0,0.0,1,0,0,0,0,1
2026-07-18 08:23:00,BR-Koramangala,0.0,100.0,0.0,1.0,0.0,0.0,1,0,0,0,0,1
2026-07-18 08:23:00,BR-Whitefield,0.0,100.0,0.0,1.0,0.0,0.0,1,0,0,0,0,1
2026-07-18 08:24:00,HO-Chennai,0.0,100.0,0.0,1.0,0.0,0.0,1,0,0,0,0,1
2026-07-18 08:24:00,ZO-Bengaluru,0.0,100.0,0.0,1.0,0.0,0.0,1,0,0,0,0,1
2026-07-18 08:24:00,BR-Koramangala,0.0,100.0,0.0,1.0,0.0,0.0,1,0,0,0,0,1
2026-07-18 08:24:00,BR-Whitefield,0.0,100.0,0.0,1.0,0.0,0.0,1,0,0,0,0,1
2026-07-18 08:25:00,HO-Chennai,0.0,100.0,0.0,1.0,0.0,0.0,1,0,0,0,0,1
2026-07-18 08:25:00,ZO-Bengaluru,0.0,100.0,0.0,1.0,0.0,0.0,1,0,0,0,0,1
2026-07-18 08:25:00,BR-Koramangala,0.0,100.0,0.0,1.0,0.0,0.0,1,0,0,0,0,1
2026-07-18 08:25:00,BR-Whitefield,0.0,100.0,0.0,1.0,0.0,0.0,1,0,0,0,0,1
2026-07-18 08:26:00,HO-Chennai,0.0,100.0,0.0,1.0,0.0,0.0,1,0,0,0,0,1
2026-07-18 08:26:00,ZO-Bengaluru,0.0,100.0,0.0,1.0,0.0,0.0,1,0,0,0,0,1
2026-07-18 08:26:00,BR-Koramangala,0.0,100.0,0.0,1.0,0.0,0.0,1,0,0,0,0,1
2026-07-18 08:26:00,BR-Whitefield,0.0,100.0,0.0,1.0,0.0,0.0,1,0,0,0,0,1
2026-07-18 08:27:00,HO-Chennai,0.0,100.0,0.0,1.0,0.0,0.0,1,0,0,0,0,1
2026-07-18 08:27:00,ZO-Bengaluru,0.0,100.0,0.0,1.0,0.0,0.0,1,0,0,0,0,1
2026-07-18 08:27:00,BR-Koramangala,0.0,100.0,0.0,1.0,0.0,0.0,1,0,0,0,0,1
2026-07-18 08:27:00,BR-Whitefield,0.0,100.0,0.0,1.0,0.0,0.0,1,0,0,0,0,1
2026-07-18 08:28:00,HO-Chennai,0.0,100.0,0.0,1.0,0.0,0.0,1,0,0,0,0,1
2026-07-18 08:28:00,ZO-Bengaluru,0.0,100.0,0.0,1.0,0.0,0.0,1,0,0,0,0,1
2026-07-18 08:28:00,BR-Koramangala,0.0,100.0,0.0,1.0,0.0,0.0,1,0,0,0,0,1
2026-07-18 08:28:00,BR-Whitefield,0.0,100.0,0.0,1.0,0.0,0.0,1,0,0,0,0,1
2026-07-18 08:29:00,HO-Chennai,0.0,100.0,0.0,1.0,0.0,0.0,1,0,0,0,0,1
2026-07-18 08:29:00,ZO-Bengaluru,0.0,100.0,0.0,1.0,0.0,0.0,1,0,0,0,0,1
2026-07-18 08:29:00,BR-Koramangala,0.0,100.0,0.0,1.0,0.0,0.0,1,0,0,0,0,1
2026-07-18 08:29:00,BR-Whitefield,0.0,100.0,0.0,1.0,0.0,0.0,1,0,0,0,0,1
2026-07-18 08:30:00,HO-Chennai,0.0,100.0,0.0,1.0,0.0,0.0,1,0,0,0,0,1
2026-07-18 08:30:00,ZO-Bengaluru,0.0,100.0,0.0,1.0,0.0,0.0,1,0,0,0,0,1
2026-07-18 08:30:00,BR-Koramangala,0.0,100.0,0.0,1.0,0.0,0.0,1,0,0,0,0,1
2026-07-18 08:30:00,BR-Whitefield,0.0,100.0,0.0,1.0,0.0,0.0,1,0,0,0,0,1
2026-07-18 08:31:00,HO-Chennai,0.0,100.0,0.0,1.0,0.0,0.0,1,0,0,0,0,1
2026-07-18 08:31:00,ZO-Bengaluru,0.0,100.0,0.0,1.0,0.0,0.0,1,0,0,0,0,1
2026-07-18 08:31:00,BR-Koramangala,0.0,100.0,0.0,1.0,0.0,0.0,1,0,0,0,0,1
2026-07-18 08:31:00,BR-Whitefield,0.0,100.0,0.0,1.0,0.0,0.0,1,0,0,0,0,1
2026-07-18 08:32:00,HO-Chennai,0.0,100.0,0.0,1.0,0.0,0.0,1,0,0,0,0,1
2026-07-18 08:32:00,ZO-Bengaluru,0.0,100.0,0.0,1.0,0.0,0.0,1,0,0,0,0,1
2026-07-18 08:32:00,BR-Koramangala,0.0,100.0,0.0,1.0,0.0,0.0,1,0,0,0,0,1
2026-07-18 08:32:00,BR-Whitefield,0.0,100.0,0.0,1.0,0.0,0.0,1,0,0,0,0,1
2026-07-18 08:33:00,HO-Chennai,0.0,100.0,0.0,1.0,0.0,0.0,1,0,0,0,0,1
2026-07-18 08:33:00,ZO-Bengaluru,0.0,100.0,0.0,1.0,0.0,0.0,1,0,0,0,0,1
2026-07-18 08:33:00,BR-Koramangala,0.0,100.0,0.0,1.0,0.0,0.0,1,0,0,0,0,1
2026-07-18 08:33:00,BR-Whitefield,0.0,100.0,0.0,1.0,0.0,0.0,1,0,0,0,0,1
2026-07-18 08:34:00,HO-Chennai,0.0,100.0,0.0,1.0,0.0,0.0,1,0,0,0,0,1
2026-07-18 08:34:00,ZO-Bengaluru,0.0,100.0,0.0,1.0,0.0,0.0,1,0,0,0,0,1
2026-07-18 08:34:00,BR-Koramangala,0.0,100.0,0.0,1.0,0.0,0.0,1,0,0,0,0,1
2026-07-18 08:34:00,BR-Whitefield,0.0,100.0,0.0,1.0,0.0,0.0,1,0,0,0,0,1
2026-07-18 08:35:00,HO-Chennai,0.0,100.0,0.0,1.0,0.0,0.0,1,0,0,0,0,1
2026-07-18 08:35:00,ZO-Bengaluru,0.0,100.0,0.0,1.0,0.0,0.0,1,0,0,0,0,1
2026-07-18 08:35:00,BR-Koramangala,0.0,100.0,0.0,1.0,0.0,0.0,1,0,0,0,0,1
2026-07-18 08:35:00,BR-Whitefield,0.0,100.0,0.0,1.0,0.0,0.0,1,0,0,0,0,1
2026-07-18 08:36:00,HO-Chennai,0.0,100.0,0.0,1.0,0.0,0.0,1,0,0,0,0,1
2026-07-18 08:36:00,ZO-Bengaluru,0.0,100.0,0.0,1.0,0.0,0.0,1,0,0,0,0,1
2026-07-18 08:36:00,BR-Koramangala,0.0,100.0,0.0,1.0,0.0,0.0,1,0,0,0,0,1
2026-07-18 08:36:00,BR-Whitefield,0.0,100.0,0.0,1.0,0.0,0.0,1,0,0,0,0,1
2026-07-18 08:37:00,HO-Chennai,0.0,100.0,0.0,1.0,0.0,0.0,1,0,0,0,0,1
2026-07-18 08:37:00,ZO-Bengaluru,0.0,100.0,0.0,1.0,0.0,0.0,1,0,0,0,0,1
2026-07-18 08:37:00,BR-Koramangala,0.0,100.0,0.0,1.0,0.0,0.0,1,0,0,0,0,1
2026-07-18 08:37:00,BR-Whitefield,0.0,100.0,0.0,1.0,0.0,0.0,1,0,0,0,0,1
2026-07-18 08:38:00,HO-Chennai,0.0,100.0,0.0,1.0,0.0,0.0,1,0,0,0,0,1
2026-07-18 08:38:00,ZO-Bengaluru,0.0,100.0,0.0,1.0,0.0,0.0,1,0,0,0,0,1
2026-07-18 08:38:00,BR-Koramangala,0.0,100.0,0.0,1.0,0.0,0.0,1,0,0,0,0,1
2026-07-18 08:38:00,BR-Whitefield,0.0,100.0,0.0,1.0,0.0,0.0,1,0,0,0,0,1
2026-07-18 08:39:00,HO-Chennai,0.0,100.0,0.0,1.0,0.0,0.0,1,0,0,0,0,1
2026-07-18 08:39:00,ZO-Bengaluru,0.0,100.0,0.0,1.0,0.0,0.0,1,0,0,0,0,1
2026-07-18 08:39:00,BR-Koramangala,0.0,100.0,0.0,1.0,0.0,0.0,1,0,0,0,0,1
2026-07-18 08:39:00,BR-Whitefield,0.0,100.0,0.0,1.0,0.0,0.0,1,0,0,0,0,1
2026-07-18 08:40:00,HO-Chennai,0.0,100.0,0.0,1.0,0.0,0.0,1,0,0,0,0,1
2026-07-18 08:40:00,ZO-Bengaluru,0.0,100.0,0.0,1.0,0.0,0.0,1,0,0,0,0,1
2026-07-18 08:40:00,BR-Koramangala,0.0,100.0,0.0,1.0,0.0,0.0,1,0,0,0,0,1
2026-07-18 08:40:00,BR-Whitefield,0.0,100.0,0.0,1.0,0.0,0.0,1,0,0,0,0,1
2026-07-18 08:41:00,HO-Chennai,0.0,100.0,0.0,1.0,0.0,0.0,1,0,0,0,0,1
2026-07-18 08:41:00,ZO-Bengaluru,0.0,100.0,0.0,1.0,0.0,0.0,1,0,0,0,0,1
2026-07-18 08:41:00,BR-Koramangala,0.0,100.0,0.0,1.0,0.0,0.0,1,0,0,0,0,1
2026-07-18 08:41:00,BR-Whitefield,0.0,100.0,0.0,1.0,0.0,0.0,1,0,0,0,0,1
2026-07-18 08:42:00,HO-Chennai,0.0,100.0,0.0,1.0,0.0,0.0,1,0,0,0,0,1
2026-07-18 08:42:00,ZO-Bengaluru,0.0,100.0,0.0,1.0,0.0,0.0,1,0,0,0,0,1
2026-07-18 08:42:00,BR-Koramangala,0.0,100.0,0.0,1.0,0.0,0.0,1,0,0,0,0,1
2026-07-18 08:42:00,BR-Whitefield,0.0,100.0,0.0,1.0,0.0,0.0,1,0,0,0,0,1
2026-07-18 08:43:00,HO-Chennai,0.0,100.0,0.0,1.0,0.0,0.0,1,0,0,0,0,1
2026-07-18 08:43:00,ZO-Bengaluru,0.0,100.0,0.0,1.0,0.0,0.0,1,0,0,0,0,1
2026-07-18 08:43:00,BR-Koramangala,0.0,100.0,0.0,1.0,0.0,0.0,1,0,0,0,0,1
2026-07-18 08:43:00,BR-Whitefield,0.0,100.0,0.0,1.0,0.0,0.0,1,0,0,0,0,1
2026-07-18 08:44:00,HO-Chennai,0.0,100.0,0.0,1.0,0.0,0.0,1,0,0,0,0,1
2026-07-18 08:44:00,ZO-Bengaluru,0.0,100.0,0.0,1.0,0.0,0.0,1,0,0,0,0,1
2026-07-18 08:44:00,BR-Koramangala,0.0,100.0,0.0,1.0,0.0,0.0,1,0,0,0,0,1
2026-07-18 08:44:00,BR-Whitefield,0.0,100.0,0.0,1.0,0.0,0.0,1,0,0,0,0,1
2026-07-18 08:45:00,HO-Chennai,0.0,100.0,0.0,1.0,0.0,0.0,1,0,0,0,0,1
2026-07-18 08:45:00,ZO-Bengaluru,0.0,100.0,0.0,1.0,0.0,0.0,1,0,0,0,0,1
2026-07-18 08:45:00,BR-Koramangala,0.0,100.0,0.0,1.0,0.0,0.0,1,0,0,0,0,1
2026-07-18 08:45:00,BR-Whitefield,0.0,100.0,0.0,1.0,0.0,0.0,1,0,0,0,0,1
2026-07-18 08:46:00,HO-Chennai,0.0,0.0,0.0,1.0,0.0,0.0,0,0,0,0,0,0
2026-07-18 08:46:00,ZO-Bengaluru,0.0,0.0,0.0,1.0,0.0,0.0,0,0,0,0,0,0
2026-07-18 08:46:00,BR-Koramangala,0.0,0.0,0.0,1.0,0.0,0.0,0,0,0,0,0,0
2026-07-18 08:46:00,BR-Whitefield,0.0,0.0,0.0,1.0,0.0,0.0,0,0,0,0,0,0
2026-07-18 08:47:00,HO-Chennai,0.0,0.0,0.0,1.0,0.0,0.0,0,0,0,0,0,0
2026-07-18 08:47:00,ZO-Bengaluru,0.0,0.0,0.0,1.0,0.0,0.0,0,0,0,0,0,0
2026-07-18 08:47:00,BR-Koramangala,0.0,0.0,0.0,1.0,0.0,0.0,0,0,0,0,0,0
2026-07-18 08:47:00,BR-Whitefield,0.0,0.0,0.0,1.0,0.0,0.0,0,0,0,0,0,0
2026-07-18 08:48:00,HO-Chennai,0.11099999999999999,0.0,0.0,1.0,0.0,0.0,0,0,0,0,0,0
2026-07-18 08:48:00,ZO-Bengaluru,0.13820000000000002,0.0,0.0,1.0,0.0,0.0,0,0,0,0,0,0
2026-07-18 08:48:00,BR-Koramangala,0.1266,0.0,0.0,1.0,0.0,0.0,0,0,0,0,0,0
2026-07-18 08:48:00,BR-Whitefield,0.0,100.0,0.0,1.0,0.0,0.0,1,0,0,0,0,1
2026-07-18 08:49:00,HO-Chennai,0.10833333333333332,0.0,0.0,1.0,0.0,0.0,0,0,0,0,0,0
2026-07-18 08:49:00,ZO-Bengaluru,0.11383333333333333,0.0,0.0,1.0,0.0,0.0,0,0,0,0,0,0
2026-07-18 08:49:00,BR-Koramangala,0.14516666666666667,0.0,0.0,1.0,0.0,0.0,0,0,0,0,0,0
2026-07-18 08:49:00,BR-Whitefield,0.0,100.0,0.0,1.0,0.0,0.0,1,0,0,0,0,1
2026-07-18 08:50:00,HO-Chennai,0.10716666666666667,0.0,0.0,1.0,0.0,0.0,0,0,0,0,0,0
2026-07-18 08:50:00,ZO-Bengaluru,0.118,0.0,0.0,1.0,0.0,0.0,0,0,0,0,0,0
2026-07-18 08:50:00,BR-Koramangala,0.11683333333333333,0.0,0.0,1.0,0.0,0.0,0,0,0,0,0,0
2026-07-18 08:50:00,BR-Whitefield,0.0,100.0,0.0,1.0,0.0,0.0,1,0,0,0,0,1
2026-07-18 08:51:00,HO-Chennai,0.12016666666666669,0.0,0.0,1.0,0.0,0.0,0,0,0,0,0,0
2026-07-18 08:51:00,ZO-Bengaluru,0.1425,0.0,0.0,1.0,0.0,0.0,0,0,0,0,0,0
2026-07-18 08:51:00,BR-Koramangala,0.11933333333333333,0.0,0.0,1.0,0.0,0.0,0,0,0,0,0,0
2026-07-18 08:51:00,BR-Whitefield,0.0,100.0,0.0,1.0,0.0,0.0,1,0,0,0,0,1
2026-07-18 08:52:00,HO-Chennai,0.14066666666666666,0.0,0.0,1.0,0.0,0.0,0,0,0,0,0,0
2026-07-18 08:52:00,ZO-Bengaluru,0.12866666666666668,0.0,0.0,1.0,0.0,0.0,0,0,0,0,0,0
2026-07-18 08:52:00,BR-Koramangala,0.11249999999999999,0.0,0.0,1.0,0.0,0.0,0,0,0,0,0,0
2026-07-18 08:52:00,BR-Whitefield,0.0,100.0,0.0,1.0,0.0,0.0,1,0,0,0,0,1
2026-07-18 08:53:00,HO-Chennai,0.1865,0.0,0.0,1.0,0.0,0.0,0,0,0,0,0,0
2026-07-18 08:53:00,ZO-Bengaluru,0.08983333333333333,0.0,0.0,1.0,0.0,0.0,0,0,0,0,0,0
2026-07-18 08:53:00,BR-Koramangala,0.08600000000000001,0.0,0.0,1.0,0.0,0.0,0,0,0,0,0,0
2026-07-18 08:53:00,BR-Whitefield,0.0,100.0,0.0,1.0,0.0,0.0,1,0,0,0,0,1
2026-07-18 08:54:00,HO-Chennai,0.11216666666666668,0.0,0.0,1.0,0.0,0.0,0,0,0,0,0,0
2026-07-18 08:54:00,ZO-Bengaluru,0.10416666666666667,0.0,0.0,1.0,0.0,0.0,0,0,0,0,0,0
2026-07-18 08:54:00,BR-Koramangala,0.10283333333333333,0.0,0.0,1.0,0.0,0.0,0,0,0,0,0,0
2026-07-18 08:54:00,BR-Whitefield,0.0,100.0,0.0,1.0,0.0,0.0,1,0,0,0,0,1
2026-07-18 08:55:00,HO-Chennai,0.10966666666666668,0.0,0.0,1.0,0.0,0.0,0,0,0,0,0,0
2026-07-18 08:55:00,ZO-Bengaluru,0.123,0.0,0.0,1.0,0.0,0.0,0,0,0,0,0,0
2026-07-18 08:55:00,BR-Koramangala,0.12866666666666668,0.0,0.0,1.0,0.0,0.0,0,0,0,0,0,0
2026-07-18 08:55:00,BR-Whitefield,0.0,100.0,0.0,1.0,0.0,0.0,1,0,0,0,0,1
2026-07-18 08:56:00,HO-Chennai,0.13433333333333333,0.0,0.0,1.0,0.0,0.0,0,0,0,0,0,0
2026-07-18 08:56:00,ZO-Bengaluru,0.123,0.0,0.0,1.0,0.0,0.0,0,0,0,0,0,0
2026-07-18 08:56:00,BR-Koramangala,0.111,0.0,0.0,1.0,0.0,0.0,0,0,0,0,0,0
2026-07-18 08:56:00,BR-Whitefield,0.0,100.0,0.0,1.0,0.0,0.0,1,0,0,0,0,1
2026-07-18 08:57:00,HO-Chennai,0.09433333333333334,0.0,0.0,1.0,0.0,0.0,0,0,0,0,0,0
2026-07-18 08:57:00,ZO-Bengaluru,0.0795,0.0,0.0,1.0,0.0,0.0,0,0,0,0,0,0
2026-07-18 08:57:00,BR-Koramangala,0.08216666666666667,0.0,0.0,1.0,0.0,0.0,0,0,0,0,0,0
2026-07-18 08:57:00,BR-Whitefield,0.0,100.0,0.0,1.0,0.0,0.0,1,0,0,0,0,1
2026-07-18 08:58:00,HO-Chennai,0.09933333333333333,0.0,0.0,1.0,0.0,0.0,0,0,0,0,0,0
2026-07-18 08:58:00,ZO-Bengaluru,0.09699999999999999,0.0,0.0,1.0,0.0,0.0,0,0,0,0,0,0
2026-07-18 08:58:00,BR-Koramangala,0.10866666666666665,0.0,0.0,1.0,0.0,0.0,0,0,0,0,0,0
2026-07-18 08:58:00,BR-Whitefield,0.0,100.0,0.0,1.0,0.0,0.0,1,0,0,0,0,1
2026-07-18 08:59:00,HO-Chennai,0.11850000000000001,0.0,0.0,1.0,0.0,0.0,0,0,0,0,0,0
2026-07-18 08:59:00,ZO-Bengaluru,0.09916666666666667,0.0,0.0,1.0,0.0,0.0,0,0,0,0,0,0
2026-07-18 08:59:00,BR-Koramangala,0.11266666666666665,0.0,0.0,1.0,0.0,0.0,0,0,0,0,0,0
2026-07-18 08:59:00,BR-Whitefield,0.0,100.0,0.0,1.0,0.0,0.0,1,0,0,0,0,1
2026-07-18 09:00:00,HO-Chennai,0.113,0.0,0.0,1.0,0.0,0.0,0,0,0,0,0,0
2026-07-18 09:00:00,ZO-Bengaluru,0.11025,0.0,0.0,1.0,0.0,0.0,0,0,0,0,0,0
2026-07-18 09:00:00,BR-Koramangala,0.1,0.0,0.0,1.0,0.0,0.0,0,0,0,0,0,0
2026-07-18 09:00:00,BR-Whitefield,0.0,100.0,0.0,1.0,0.0,0.0,1,0,0,0,0,1
